review_priority,title_norm,n_postings,example_title,auto_occupation,candidates,status,reviewed_occupation,note
high,music director symphonic orchestra conductor,1,Music Director/Symphonic Orchestra Conductor,,composer,ambiguous,,weak pattern only
high,part-time music director,1,Part-time Music Director,,composer,ambiguous,,weak pattern only
high,videographer,4,Videographer,,filmmaker,ambiguous,,weak pattern only
high,video producer,2,Video Producer,,filmmaker,ambiguous,,weak pattern only
high,basketball videographer monroe nj,1,"Basketball Videographer | Monroe, NJ",,filmmaker,ambiguous,,weak pattern only
high,basketball videographer peachtree city atlanta,1,"Basketball Videographer | Peachtree City, Atlanta",,filmmaker,ambiguous,,weak pattern only
high,basketball videographer spokane wa,1,"Basketball Videographer | Spokane, WA",,filmmaker,ambiguous,,weak pattern only
high,content creator videographer role,1,Content Creator/Videographer Role,,filmmaker,ambiguous,,weak pattern only
high,creative videographer editor,1,Creative Videographer/Editor,,filmmaker,ambiguous,,weak pattern only
high,freelance videographer - miami based,1,Freelance Videographer - Miami based,,filmmaker,ambiguous,,weak pattern only
high,graphic designer videographer,1,Graphic Designer Videographer,,filmmaker,ambiguous,,weak pattern only
high,multimedia video producer,1,Multimedia Video Producer,,filmmaker,ambiguous,,weak pattern only
high,music production content creator writer or video producer,1,Music Production Content Creator (Writer or Video Producer),,filmmaker,ambiguous,,weak pattern only
high,photo + video producer,1,Photo + Video Producer,,filmmaker,ambiguous,,weak pattern only
high,tv film producer,1,TV / Film Producer,,filmmaker,ambiguous,,weak pattern only
high,video editor videographer,1,Video Editor / Videographer,,filmmaker,ambiguous,,weak pattern only
high,video producer director,1,Video Producer/director,,filmmaker,ambiguous,,weak pattern only
high,videographer - marketing manager,1,Videographer - Marketing Manager,,filmmaker,ambiguous,,weak pattern only
high,videographer i editor i production assistant,1,Videographer I Editor I Production Assistant,,filmmaker,ambiguous,,weak pattern only
high,videographer intern,1,Videographer Intern,,filmmaker,ambiguous,,weak pattern only
high,videographer video editor,1,Videographer/Video Editor,,filmmaker,ambiguous,,weak pattern only
high,auto painter helper,6,Auto Painter Helper,,painter,ambiguous,,weak pattern only
high,painter,4,Painter,,painter,ambiguous,,weak pattern only
high,2nd shift painter,1,2nd Shift Painter,,painter,ambiguous,,weak pattern only
high,3rd shift - painter,1,3rd Shift - Painter,,painter,ambiguous,,weak pattern only
high,aircraft painter,1,Aircraft Painter,,painter,ambiguous,,weak pattern only
high,associate or experienced aircraft painter level b or c variable shift,1,Associate or Experienced Aircraft Painter (Level B or C) (Variable Shift),,painter,ambiguous,,weak pattern only
high,auto painter prepper,1,Auto Painter Prepper,,painter,ambiguous,,weak pattern only
high,building operations painter,1,"Building Operations, Painter",,painter,ambiguous,,weak pattern only
high,carpenter painter colonie center - full time,1,"Carpenter/Painter, Colonie Center - Full Time",,painter,ambiguous,,weak pattern only
high,painter - 1st and 2nd shift opportunities,1,Painter - 1st and 2nd Shift opportunities,,painter,ambiguous,,weak pattern only
high,painter - 1st shift,1,Painter - 1st shift,,painter,ambiguous,,weak pattern only
high,painter - 2nd shift regulators,1,Painter - 2nd Shift (Regulators),,painter,ambiguous,,weak pattern only
high,painter 2,1,Painter 2,,painter,ambiguous,,weak pattern only
high,painter 2nd shift,1,Painter 2nd Shift,,painter,ambiguous,,weak pattern only
high,painter blaster - coach weld,1,Painter/Blaster - Coach Weld,,painter,ambiguous,,weak pattern only
high,painter helper,1,PAINTER HELPER,,painter,ambiguous,,weak pattern only
high,painter i,1,Painter I,,painter,ambiguous,,weak pattern only
high,painter iii,1,Painter III,,painter,ambiguous,,weak pattern only
high,painter nccer pr-1,1,Painter NCCER Pr-1,,painter,ambiguous,,weak pattern only
high,painter prime line,1,Painter (Prime Line),,painter,ambiguous,,weak pattern only
high,painter roosevelt field - full time,1,"Painter, Roosevelt Field - Full Time",,painter,ambiguous,,weak pattern only
high,painter- 1st 2nd & weekend shifts,1,"Painter- 1st, 2nd, & Weekend Shifts",,painter,ambiguous,,weak pattern only
high,parts painter,1,Parts Painter,,painter,ambiguous,,weak pattern only
high,powder coat painter,1,Powder Coat Painter,,painter,ambiguous,,weak pattern only
high,powder coater painter,1,Powder Coater / Painter,,painter,ambiguous,,weak pattern only
high,powder painter - 1st shift west bend,1,Powder Painter -  1st shift (West Bend),,painter,ambiguous,,weak pattern only
high,powdercoat painter - 1st shift,1,Powdercoat Painter - 1st Shift,,painter,ambiguous,,weak pattern only
high,ppm painter- rr og 6.9,1,PPM Painter- (RR OG) 6.9,,painter,ambiguous,,weak pattern only
high,sign painter,1,Sign Painter,,painter,ambiguous,,weak pattern only
high,skilled painter for fabrication shop,1,Skilled Painter for Fabrication Shop,,painter,ambiguous,,weak pattern only
high,hospice chaplain,4,HOSPICE CHAPLAIN,,pastor,ambiguous,,weak pattern only
high,chaplain - st. peter's hospital - per diem,1,Chaplain - St. Peter's Hospital - Per Diem,,pastor,ambiguous,,weak pattern only
high,chaplain - woodland ltc al - pt days,1,Chaplain - Woodland LTC/AL - PT Days,,pastor,ambiguous,,weak pattern only
high,chaplain clinician,1,Chaplain Clinician,,pastor,ambiguous,,weak pattern only
high,chaplain fellow - spiritual care services - fixed term 1.0 fte days,1,"Chaplain Fellow - Spiritual Care Services - Fixed Term (1.0 FTE, Days)",,pastor,ambiguous,,weak pattern only
high,chaplain home care,1,Chaplain Home Care,,pastor,ambiguous,,weak pattern only
high,chaplain prn,1,CHAPLAIN PRN,,pastor,ambiguous,,weak pattern only
high,hospice chaplain - grossmont - per diem,1,Hospice Chaplain - Grossmont - Per Diem,,pastor,ambiguous,,weak pattern only
high,on call chaplain,1,On Call Chaplain,,pastor,ambiguous,,weak pattern only
high,per diem chaplain pastoral care and education mount sinai morningside,1,"Per Diem Chaplain, Pastoral Care And Education, Mount Sinai Morningside",,pastor,ambiguous,,weak pattern only
high,regional chaplain region 1- ohop,1,"Regional Chaplain, Region 1- OHOP",,pastor,ambiguous,,weak pattern only
high,staff chaplain non-exempt,1,Staff Chaplain Non-Exempt,,pastor,ambiguous,,weak pattern only
high,youth & young adult minister,1,Youth & Young Adult Minister,,pastor,ambiguous,,weak pattern only
high,senior photo editor,1,Senior Photo Editor,,photographer,ambiguous,,weak pattern only
high,videographer photographer,1,Videographer/Photographer,photographer,photographer|filmmaker,ambiguous,,flagged / weak match: filmmaker
high,creative writer,1,Creative Writer,,poet,ambiguous,,weak pattern only
high,creative writer intern,1,Creative Writer Intern,,poet,ambiguous,,weak pattern only
high,thoracic surgeon - clinical faculty,1,Thoracic Surgeon - Clinical Faculty,,professor|surgeon,ambiguous,,matches several occupations
high,oral surgeon,9,Oral Surgeon,surgeon,surgeon,ambiguous,,flagged / weak match: surgeon
high,oral surgeon - $1 200-$2 000 day,1,"Oral Surgeon - $1,200-$2,000/day",surgeon,surgeon,ambiguous,,flagged / weak match: surgeon
high,oral surgeon - dds dmd,1,Oral Surgeon - DDS/DMD,surgeon,surgeon|dentist,ambiguous,,flagged / weak match: dentist|surgeon
high,beyond yoga assistant store manager bellevue wa,1,Beyond Yoga Assistant Store Manager Bellevue WA,,yoga_teacher,ambiguous,,weak pattern only
high,executive director yoga nonprofit,1,Executive Director Yoga NonProfit,,yoga_teacher,ambiguous,,weak pattern only
high,yoga studio manager,1,Yoga Studio Manager,,yoga_teacher,ambiguous,,weak pattern only
low,accounting specialist,23,Accounting Specialist,,accountant,ambiguous,,weak pattern only
low,accounting associate,12,Accounting Associate,,accountant,ambiguous,,weak pattern only
low,cpa,2,CPA,,accountant,ambiguous,,weak pattern only
low,financial accounting specialist,2,Financial Accounting Specialist,,accountant,ambiguous,,weak pattern only
low,tax senior prominent new york cpa firm $90 000 to $125 000,2,"Tax Senior: Prominent New York CPA Firm: $90,000 to $125,000",,accountant,ambiguous,,weak pattern only
low,accounting associate - accounts payable,1,Accounting Associate - Accounts Payable,,accountant,ambiguous,,weak pattern only
low,accounting associate director,1,"Accounting, Associate Director",,accountant,ambiguous,,weak pattern only
low,accounting specialist - accounting initiatives hybrid remote,1,Accounting Specialist - Accounting Initiatives (Hybrid/Remote),,accountant,ambiguous,,weak pattern only
low,accounting specialist at jewish federation of st. louis,1,Accounting Specialist at Jewish Federation of St. Louis,,accountant,ambiguous,,weak pattern only
low,accounting specialist cash management,1,"Accounting Specialist, Cash Management",,accountant,ambiguous,,weak pattern only
low,accounting specialist i,1,Accounting Specialist I,,accountant,ambiguous,,weak pattern only
low,accounting specialist netsuite,1,"Accounting Specialist, NetSuite",,accountant,ambiguous,,weak pattern only
low,accounting specialist phoenix az,1,"Accounting Specialist (Phoenix, AZ)",,accountant,ambiguous,,weak pattern only
low,administrative accounting specialist,1,Administrative Accounting Specialist,,accountant,ambiguous,,weak pattern only
low,alternative fund accounting associate 2,1,Alternative Fund Accounting Associate 2,,accountant,ambiguous,,weak pattern only
low,client funds accounting specialist,1,Client Funds Accounting Specialist,,accountant,ambiguous,,weak pattern only
low,commercial accounting specialist,1,Commercial Accounting Specialist,,accountant,ambiguous,,weak pattern only
low,control accounting specialist i,1,Control Accounting Specialist I,,accountant,ambiguous,,weak pattern only
low,controller - indy - cpa required,1,Controller - Indy - CPA Required,,accountant,ambiguous,,weak pattern only
low,controller cpa,1,"Controller, CPA",,accountant,ambiguous,,weak pattern only
low,controller to 120k - cpa,1,Controller to 120k - CPA,,accountant,ambiguous,,weak pattern only
low,controllers awm fund accounting associate,1,"Controllers, AWM Fund Accounting, Associate",,accountant,ambiguous,,weak pattern only
low,corporate controller cpa,1,Corporate Controller CPA,,accountant,ambiguous,,weak pattern only
low,entry accounting specialist,1,Entry Accounting Specialist,,accountant,ambiguous,,weak pattern only
low,finance accounting associate,1,Finance Accounting Associate,,accountant,ambiguous,,weak pattern only
low,financial guide - cpa,1,Financial Guide - CPA,,accountant,ambiguous,,weak pattern only
low,implementation consultant - cpa,1,Implementation Consultant - CPA,,accountant,ambiguous,,weak pattern only
low,inventory accounting associate - 24-65600,1,Inventory Accounting Associate - 24-65600,,accountant,ambiguous,,weak pattern only
low,music industry- accounting associate,1,Music Industry- Accounting Associate,,accountant,ambiguous,,weak pattern only
low,part-time student-accounting associate-johnston ia,1,Part-Time Student-Accounting Associate-Johnston IA,,accountant,ambiguous,,weak pattern only
low,payroll and accounting specialist,1,Payroll and Accounting Specialist,,accountant,ambiguous,,weak pattern only
low,regional accounting specialist - accounting,1,Regional Accounting Specialist - Accounting,,accountant,ambiguous,,weak pattern only
low,sales consultant - cpa centric,1,Sales Consultant - CPA Centric,,accountant,ambiguous,,weak pattern only
low,senior accounting associate - milwaukee wi,1,"Senior Accounting Associate - Milwaukee, WI",,accountant,ambiguous,,weak pattern only
low,senior accounting specialist,1,Senior Accounting Specialist,,accountant,ambiguous,,weak pattern only
low,senior accounting specialist - $50-65k salary - lincoln manufacturing business - hemphill exclusive!,1,Senior Accounting Specialist - $50-65k Salary - Lincoln Manufacturing Business - HEMPHILL EXCLUSIVE!,,accountant,ambiguous,,weak pattern only
low,senior associate accounting specialist,1,"Senior Associate, Accounting Specialist",,accountant,ambiguous,,weak pattern only
low,senior audit manager cpa hybrid remote,1,Senior Audit Manager CPA (Hybrid/Remote),,accountant,ambiguous,,weak pattern only
low,tax and accounting manager cpa,1,"Tax and Accounting Manager, CPA",,accountant,ambiguous,,weak pattern only
low,tax manager - cpa,1,Tax Manager - CPA,,accountant,ambiguous,,weak pattern only
low,tax manager tax strategy cpa,1,"Tax Manager/Tax Strategy, CPA",,accountant,ambiguous,,weak pattern only
low,​inventory accounting specialist -24-00287,1,​Inventory Accounting Specialist -24-00287,,accountant,ambiguous,,weak pattern only
low,remote cpa far tutor,1,Remote CPA FAR Tutor,,accountant|teacher,ambiguous,,weak pattern only
low,architectural designer,5,Architectural Designer,,architect,ambiguous,,weak pattern only
low,architectural designer - 3 years exp. - revit required,1,Architectural Designer - 3 Years Exp. - Revit Required,,architect,ambiguous,,weak pattern only
low,architectural designer and project manager,1,Architectural Designer and Project Manager,,architect,ambiguous,,weak pattern only
low,interior architect,1,Interior Architect,architect,architect|interior_designer,ambiguous,,flagged / weak match: interior_designer
low,senior interior architect federal,1,"Senior Interior Architect, Federal",architect,architect|interior_designer,ambiguous,,flagged / weak match: interior_designer
low,android developer architect,1,Android Developer / Architect,architect,architect|software_engineer,ambiguous,,flagged / weak match: software_engineer
low,senior full stack engineer architect,1,Senior Full Stack Engineer/Architect,,architect|software_engineer,ambiguous,,matches several occupations
low,employment counsel,2,Employment Counsel,,attorney,ambiguous,,weak pattern only
low,product counsel,2,Product Counsel,,attorney,ambiguous,,weak pattern only
low,senior privacy counsel,2,Senior Privacy Counsel,,attorney,ambiguous,,weak pattern only
low,assistant counsel contracts,1,Assistant Counsel (Contracts),,attorney,ambiguous,,weak pattern only
low,chief counsel ip protection & security,1,"Chief Counsel, IP Protection & Security",,attorney,ambiguous,,weak pattern only
low,claim counsel epl & d&o,1,Claim Counsel EPL & D&O,,attorney,ambiguous,,weak pattern only
low,commercial contracts counsel,1,Commercial Contracts Counsel,,attorney,ambiguous,,weak pattern only
low,commercial counsel,1,Commercial Counsel,,attorney,ambiguous,,weak pattern only
low,data privacy counsel,1,Data Privacy Counsel,,attorney,ambiguous,,weak pattern only
low,data privacy counsel fintech experience,1,Data Privacy Counsel (FinTech Experience),,attorney,ambiguous,,weak pattern only
low,deputy county counsel ii-iii-iv,1,Deputy County Counsel II-III-IV,,attorney,ambiguous,,weak pattern only
low,director counsel - global energy investment firm,1,Director Counsel - Global Energy Investment Firm,,attorney,ambiguous,,weak pattern only
low,employment law and data privacy counsel,1,Employment Law and Data Privacy Counsel,,attorney,ambiguous,,weak pattern only
low,field trial counsel - macon georgia and surrounding area remote hbw,1,"Field Trial Counsel - Macon, Georgia and surrounding area (Remote/HBW)",,attorney,ambiguous,,weak pattern only
low,in house counsel managed care,1,In House Counsel: Managed Care,,attorney,ambiguous,,weak pattern only
low,in- house counsel -korean bilingual,1,In- House Counsel -Korean Bilingual,,attorney,ambiguous,,weak pattern only
low,interim contracts counsel remote,1,Interim Contracts Counsel (REMOTE),,attorney,ambiguous,,weak pattern only
low,investment counsel inhouse - nyc relocation paid. hybrid,1,"Investment Counsel InHouse – NYC, Relocation Paid. Hybrid",,attorney,ambiguous,,weak pattern only
low,ip alliance and due diligence patent counsel,1,IP Alliance and Due Diligence Patent Counsel,,attorney,ambiguous,,weak pattern only
low,junior litigation counsel,1,Junior Litigation Counsel,,attorney,ambiguous,,weak pattern only
low,labor & employment attornery - associates sr. counsel or partner remote am 100,1,"Labor & Employment Attornery - Associates, Sr. Counsel, or Partner (REMOTE), AM 100",,attorney,ambiguous,,weak pattern only
low,labor & employment counsel,1,Labor & Employment Counsel,,attorney,ambiguous,,weak pattern only
low,lead counsel regulatory,1,"Lead Counsel, Regulatory",,attorney,ambiguous,,weak pattern only
low,litigation compliance counsel for homicide and gang cases,1,Litigation Compliance Counsel for Homicide and Gang Cases,,attorney,ambiguous,,weak pattern only
low,littler casesmart counsel early case evaluation,1,"Littler CaseSmart Counsel, Early Case Evaluation",,attorney,ambiguous,,weak pattern only
low,manager counsel - real estate,1,"Manager, Counsel - Real Estate",,attorney,ambiguous,,weak pattern only
low,network engagement counsel - fully remote,1,Network Engagement Counsel - FULLY REMOTE,,attorney,ambiguous,,weak pattern only
low,policy and practice counsel,1,Policy and Practice Counsel,,attorney,ambiguous,,weak pattern only
low,privacy counsel,1,Privacy Counsel,,attorney,ambiguous,,weak pattern only
low,procurement counsel future opportunities,1,Procurement Counsel [Future Opportunities],,attorney,ambiguous,,weak pattern only
low,product counsel - remote,1,Product Counsel - Remote,,attorney,ambiguous,,weak pattern only
low,product counsel future opportunities,1,Product Counsel [Future Opportunities],,attorney,ambiguous,,weak pattern only
low,professional medical conduct counsel 02464,1,Professional Medical Conduct /Counsel 02464,,attorney,ambiguous,,weak pattern only
low,regulatory counsel automotive environmental,1,"Regulatory Counsel, Automotive Environmental",,attorney,ambiguous,,weak pattern only
low,remote labor and employment senior associate or counsel,1,Remote Labor and Employment Senior Associate or Counsel,,attorney,ambiguous,,weak pattern only
low,risk management counsel manager,1,Risk Management Counsel Manager,,attorney,ambiguous,,weak pattern only
low,senior contracts counsel,1,Senior Contracts Counsel,,attorney,ambiguous,,weak pattern only
low,senior director and counsel employment & public affairs,1,"Senior Director and Counsel, Employment & Public Affairs",,attorney,ambiguous,,weak pattern only
low,senior product counsel,1,Senior Product Counsel,,attorney,ambiguous,,weak pattern only
low,senior real estate counsel - transactions,1,Senior Real Estate Counsel - Transactions,,attorney,ambiguous,,weak pattern only
low,special assistant people's counsel,1,Special Assistant People's Counsel,,attorney,ambiguous,,weak pattern only
low,sr counsel ii,1,Sr Counsel II,,attorney,ambiguous,,weak pattern only
low,sr counsel regulatory compliance,1,Sr Counsel Regulatory Compliance,,attorney,ambiguous,,weak pattern only
low,sr. commercial counsel,1,Sr. Commercial Counsel,,attorney,ambiguous,,weak pattern only
low,sr. counsel business & legal affairs,1,"Sr. Counsel, Business & Legal Affairs",,attorney,ambiguous,,weak pattern only
low,sr. counsel m&a and investments,1,"Sr. Counsel, M&A and Investments",,attorney,ambiguous,,weak pattern only
low,endodontist,5,Endodontist,,dentist,ambiguous,,weak pattern only
low,dds residential counselor -sunny hill road,2,DDS Residential Counselor -Sunny Hill Road,,dentist,ambiguous,,weak pattern only
low,dds residential counselor - eustis street,1,DDS Residential Counselor - Eustis Street,,dentist,ambiguous,,weak pattern only
low,dds residential counselor - northbridge house,1,DDS Residential Counselor - Northbridge House,,dentist,ambiguous,,weak pattern only
low,dds residential counselor - richard road,1,DDS Residential Counselor - Richard Road,,dentist,ambiguous,,weak pattern only
low,family support dds service navigation,1,Family Support DDS Service Navigation,,dentist,ambiguous,,weak pattern only
low,locum endodontist,1,Locum Endodontist,,dentist,ambiguous,,weak pattern only
low,orthodontist,1,Orthodontist,,dentist,ambiguous,,weak pattern only
low,prosthodontist periodontist,1,Prosthodontist/Periodontist,,dentist,ambiguous,,weak pattern only
low,news producer,4,News Producer,,journalist,ambiguous,,weak pattern only
low,news editor,2,News Editor,,journalist,ambiguous,,weak pattern only
low,lifestyle show news producer,1,Lifestyle Show / News Producer,,journalist,ambiguous,,weak pattern only
low,local news producer,1,Local News Producer,,journalist,ambiguous,,weak pattern only
low,news editor page designer print nights weekends,1,"News Editor/Page Designer, Print (Nights/Weekends)",,journalist,ambiguous,,weak pattern only
low,news producer kpax,1,"News Producer, KPAX",,journalist,ambiguous,,weak pattern only
low,nurse practitioner,70,Nurse Practitioner,nurse,nurse,ambiguous,,flagged / weak match: nurse
low,family nurse practitioner,10,Family Nurse Practitioner,nurse,nurse,ambiguous,,flagged / weak match: nurse
low,psychiatric nurse practitioner,7,Psychiatric Nurse Practitioner,nurse,nurse,ambiguous,,flagged / weak match: nurse
low,remote licensed psychiatric nurse practitioner,5,Remote Licensed Psychiatric Nurse Practitioner,nurse,nurse,ambiguous,,flagged / weak match: nurse
low,family nurse practitioner or physician assistant - sign-on bonus available,4,Family Nurse Practitioner or Physician Assistant - Sign-On Bonus Available,nurse,nurse,ambiguous,,flagged / weak match: nurse
low,physician assistant pa or nurse practitioner np,4,Physician Assistant (PA) or Nurse Practitioner (NP),nurse,nurse,ambiguous,,flagged / weak match: nurse
low,advanced practitioner - nurse practitioner or physician assistant,3,Advanced Practitioner - Nurse Practitioner or Physician Assistant,nurse,nurse,ambiguous,,flagged / weak match: nurse
low,clinical nurse manager rn,3,Clinical Nurse Manager (RN),nurse,nurse,ambiguous,,flagged / weak match: nurse
low,dermatology nurse practitioner \ physician assistant,3,Dermatology Nurse Practitioner \ Physician Assistant,nurse,nurse,ambiguous,,flagged / weak match: nurse
low,nurse practitioner or physician assistant,3,Nurse Practitioner or Physician Assistant,nurse,nurse,ambiguous,,flagged / weak match: nurse
low,nurse practitioner or physician assistant -peoria il,3,Nurse Practitioner or Physician Assistant -Peoria IL,nurse,nurse,ambiguous,,flagged / weak match: nurse
low,nurse practitioner physician assistant,3,Nurse Practitioner / Physician Assistant,nurse,nurse,ambiguous,,flagged / weak match: nurse
low,acute care nurse practitioner,2,Acute Care Nurse Practitioner,nurse,nurse,ambiguous,,flagged / weak match: nurse
low,nurse manager,2,Nurse Manager,nurse,nurse,ambiguous,,flagged / weak match: nurse
low,nurse manager rn,2,Nurse Manager (RN),nurse,nurse,ambiguous,,flagged / weak match: nurse
low,nurse practitioner - advanced practice provider,2,Nurse Practitioner - Advanced Practice Provider,nurse,nurse,ambiguous,,flagged / weak match: nurse
low,nurse practitioner - chattanooga tn,2,Nurse Practitioner - Chattanooga TN,nurse,nurse,ambiguous,,flagged / weak match: nurse
low,nurse practitioner - float ft at 3 days per week,2,Nurse Practitioner - Float FT at 3 Days per week,nurse,nurse,ambiguous,,flagged / weak match: nurse
low,nurse practitioner - lone tree family practice,2,Nurse Practitioner - Lone Tree Family Practice,nurse,nurse,ambiguous,,flagged / weak match: nurse
low,nurse practitioner -in vista- new location!!,2,Nurse Practitioner -in Vista- New Location!!,nurse,nurse,ambiguous,,flagged / weak match: nurse
low,nurse practitioner -onpoint family medicine at dtc,2,Nurse Practitioner -OnPoint Family Medicine at DTC,nurse,nurse,ambiguous,,flagged / weak match: nurse
low,nurse practitioner np,2,Nurse Practitioner (NP),nurse,nurse,ambiguous,,flagged / weak match: nurse
low,nurse practitioner ohns,2,Nurse Practitioner OHNS,nurse,nurse,ambiguous,,flagged / weak match: nurse
low,nurse practitioner or physician assistant - sign-on bonus available,2,Nurse Practitioner or Physician Assistant - Sign-On Bonus Available,nurse,nurse,ambiguous,,flagged / weak match: nurse
low,nurse practitioner physician assistant csnp,2,NURSE PRACTITIONER/PHYSICIAN ASSISTANT (CSNP),nurse,nurse,ambiguous,,flagged / weak match: nurse
low,palliative care nurse practitioner,2,Palliative Care Nurse Practitioner,nurse,nurse,ambiguous,,flagged / weak match: nurse
low,pediatric nurse practitioner,2,Pediatric Nurse Practitioner,nurse,nurse,ambiguous,,flagged / weak match: nurse
low,physician assistant nurse practitioner,2,Physician Assistant / Nurse Practitioner,nurse,nurse,ambiguous,,flagged / weak match: nurse
low,primary care app - nurse practitioner #3990,2,Primary Care APP - Nurse Practitioner #3990,nurse,nurse,ambiguous,,flagged / weak match: nurse
low,psychiatric mental health nurse practitioner,2,Psychiatric Mental Health Nurse Practitioner,nurse,nurse,ambiguous,,flagged / weak match: nurse
low,psychiatric nurse practitioner pmhnp,2,Psychiatric Nurse Practitioner (PMHNP),nurse,nurse,ambiguous,,flagged / weak match: nurse
low,registered nurse manager,2,REGISTERED NURSE MANAGER,nurse,nurse,ambiguous,,flagged / weak match: nurse
low,remote psychiatric nurse practitioner,2,Remote Psychiatric Nurse Practitioner,nurse,nurse,ambiguous,,flagged / weak match: nurse
low,'nurse practitioner virtual care' fully remote,1,'Nurse Practitioner Virtual Care' Fully Remote,nurse,nurse,ambiguous,,flagged / weak match: nurse
low,'prn family nurse practitioner fnp - pbm managed care fully remote,1,'PRN Family Nurse Practitioner (FNP) - PBM/Managed Care : Fully Remote,nurse,nurse,ambiguous,,flagged / weak match: nurse
low,7 on 7 off inpatient psychiatric nurse practitioner physician assistant - south east missouri,1,7 on/ 7 off Inpatient Psychiatric Nurse Practitioner/ Physician Assistant - South East Missouri,nurse,nurse,ambiguous,,flagged / weak match: nurse
low,acute care nurse practitioner or masters physician assistant - heme-onc @ hup,1,Acute Care Nurse Practitioner or Masters Physician Assistant - Heme-Onc @ HUP,nurse,nurse,ambiguous,,flagged / weak match: nurse
low,advanced nurse practitioner - pnp,1,Advanced Nurse Practitioner - PNP,nurse,nurse,ambiguous,,flagged / weak match: nurse
low,assistant nurse manager,1,Assistant Nurse Manager,nurse,nurse,ambiguous,,flagged / weak match: nurse
low,assistant nurse manager - 220864,1,Assistant Nurse Manager -  220864,nurse,nurse,ambiguous,,flagged / weak match: nurse
low,assistant nurse manager - emergency department,1,Assistant Nurse Manager – Emergency Department,nurse,nurse,ambiguous,,flagged / weak match: nurse
low,assistant nurse manager - nicu - 1 fte variable,1,Assistant Nurse Manager - NICU - 1 FTE Variable,nurse,nurse,ambiguous,,flagged / weak match: nurse
low,assistant nurse manager complex surgical ***relocation and recruitment incentive eligible***,1,Assistant Nurse Manager (Complex Surgical) ***RELOCATION AND RECRUITMENT INCENTIVE ELIGIBLE***,nurse,nurse,ambiguous,,flagged / weak match: nurse
low,assistant nurse manager day shift rehabilitation,1,"Assistant Nurse Manager, Day Shift, Rehabilitation",nurse,nurse,ambiguous,,flagged / weak match: nurse
low,assistant nurse manager emergency department 11am-11pm,1,"Assistant Nurse Manager, Emergency Department, 11am-11pm",nurse,nurse,ambiguous,,flagged / weak match: nurse
low,assistant nurse manager tdcj jsa infirmary,1,Assistant Nurse Manager TDCJ JSA Infirmary,nurse,nurse,ambiguous,,flagged / weak match: nurse
low,assistant nurse manager- endoscopy- full time day,1,"Assistant Nurse Manager- Endoscopy- Full Time, Day",nurse,nurse,ambiguous,,flagged / weak match: nurse
low,assistant nurse manager- med surg telemetry nights,1,"Assistant Nurse Manager- Med Surg Telemetry, Nights",nurse,nurse,ambiguous,,flagged / weak match: nurse
low,assistant nurse manager- oncology,1,Assistant Nurse Manager- Oncology,nurse,nurse,ambiguous,,flagged / weak match: nurse
low,bilingual nurse practitioner spanish speaking,1,Bilingual Nurse Practitioner (Spanish Speaking),nurse,nurse,ambiguous,,flagged / weak match: nurse
low,breast surgery - nurse practitioner - abington,1,Breast Surgery - Nurse Practitioner - Abington,nurse,nurse,ambiguous,,flagged / weak match: nurse
low,california psychiatric nurse practitioner np dea-licensed multi state-licensed,1,California Psychiatric Nurse Practitioner (NP) (DEA-Licensed) (Multi State-Licensed),nurse,nurse,ambiguous,,flagged / weak match: nurse
low,centerwell - nurse practitioner - richmond road,1,CenterWell - Nurse Practitioner - Richmond Road,nurse,nurse,ambiguous,,flagged / weak match: nurse
low,certified registered nurse practitioner - warren state hospital,1,Certified Registered Nurse Practitioner - Warren State Hospital,nurse,nurse,ambiguous,,flagged / weak match: nurse
low,clinic - nurse practitioner- wound clinic,1,Clinic - Nurse Practitioner- Wound Clinic,nurse,nurse,ambiguous,,flagged / weak match: nurse
low,clinic director - physician assistant pa-c or nurse practitioner np,1,Clinic Director - Physician Assistant (PA-C) or Nurse Practitioner (NP),nurse,nurse,ambiguous,,flagged / weak match: nurse
low,clinic director- nurse practitioner or physician assistant,1,Clinic Director- Nurse Practitioner or Physician Assistant,nurse,nurse,ambiguous,,flagged / weak match: nurse
low,clinical assistant nurse manager,1,Clinical Assistant Nurse Manager,nurse,nurse,ambiguous,,flagged / weak match: nurse
low,clinical nurse manager,1,Clinical Nurse Manager,nurse,nurse,ambiguous,,flagged / weak match: nurse
low,clinical nurse manager cardiac telemetry,1,Clinical Nurse Manager Cardiac Telemetry,nurse,nurse,ambiguous,,flagged / weak match: nurse
low,clinical nurse manager o-6 billet supervisory,1,Clinical Nurse Manager (O-6 Billet) Supervisory,nurse,nurse,ambiguous,,flagged / weak match: nurse
low,clinician - nurse practitioner physician assistant,1,Clinician - Nurse Practitioner / Physician Assistant,nurse,nurse,ambiguous,,flagged / weak match: nurse
low,colorado psychiatric nurse practitioner np dea-licensed multi state-licensed,1,Colorado Psychiatric Nurse Practitioner (NP) (DEA-Licensed) (Multi State-Licensed),nurse,nurse,ambiguous,,flagged / weak match: nurse
low,connecticut psychiatric nurse practitioner np dea-licensed multi state-licensed,1,Connecticut Psychiatric Nurse Practitioner (NP) (DEA-Licensed) (Multi State-Licensed),nurse,nurse,ambiguous,,flagged / weak match: nurse
low,dermatology nurse practitioner,1,Dermatology Nurse Practitioner,nurse,nurse,ambiguous,,flagged / weak match: nurse
low,experienced nurse practitioner observation unit nights 7 pm- 7 am - fort worth tx,1,"Experienced Nurse Practitioner Observation Unit (Nights 7 pm- 7 am)- Fort Worth, TX",nurse,nurse,ambiguous,,flagged / weak match: nurse
low,family medicine without ob nurse practitioner,1,Family Medicine without OB Nurse Practitioner,nurse,nurse,ambiguous,,flagged / weak match: nurse
low,family nurse practitioner - aprn mid-level,1,Family Nurse Practitioner - APRN (Mid-Level),nurse,nurse,ambiguous,,flagged / weak match: nurse
low,family nurse practitioner full time prn,1,Family Nurse Practitioner (Full Time/PRN),nurse,nurse,ambiguous,,flagged / weak match: nurse
low,family nurse practitioner req# 3831,1,Family Nurse Practitioner Req# 3831,nurse,nurse,ambiguous,,flagged / weak match: nurse
low,family nurse practitioner wfh- full time prn,1,Family Nurse Practitioner (WFH- Full Time/PRN),nurse,nurse,ambiguous,,flagged / weak match: nurse
low,field nurse practitioner - orange county california,1,"Field Nurse Practitioner - Orange County, California",nurse,nurse,ambiguous,,flagged / weak match: nurse
low,field nurse practitioner physicians assistant,1,Field Nurse Practitioner/Physicians Assistant,nurse,nurse,ambiguous,,flagged / weak match: nurse
low,functional medicine nurse practitioner,1,Functional Medicine Nurse Practitioner,nurse,nurse,ambiguous,,flagged / weak match: nurse
low,geriatric nurse practitioner,1,Geriatric Nurse Practitioner,nurse,nurse,ambiguous,,flagged / weak match: nurse
low,hospitalist - app physician assistant nurse practitioner,1,Hospitalist - APP (Physician Assistant / Nurse Practitioner),nurse,nurse,ambiguous,,flagged / weak match: nurse
low,internal medicine nurse practitioner-marshalltown ia,1,"Internal Medicine, Nurse Practitioner-Marshalltown, IA",nurse,nurse,ambiguous,,flagged / weak match: nurse
low,lead nurse practitioner physician assistant hybrid-remote,1,Lead Nurse Practitioner/Physician Assistant (Hybrid-Remote),nurse,nurse,ambiguous,,flagged / weak match: nurse
low,local contract - nurse manager - long term care,1,LOCAL CONTRACT - Nurse Manager - Long Term Care,nurse,nurse,ambiguous,,flagged / weak match: nurse
low,locum cardiology nurse practitioner job in cambridge oh - make $85 hr - $100 hr,1,"Locum Cardiology Nurse Practitioner job in Cambridge, OH - Make $85/hr - $100/hr",nurse,nurse,ambiguous,,flagged / weak match: nurse
low,locum dermatology nurse practitioner job in marysville ky - make $95 hr - $110 hr,1,"Locum Dermatology Nurse Practitioner job in Marysville, KY - Make $95/hr - $110/hr",nurse,nurse,ambiguous,,flagged / weak match: nurse
low,locum emergency medicine nurse practitioner job in chattanooga tn - make $95 hr - $105 hr,1,"Locum Emergency Medicine Nurse Practitioner job in Chattanooga, TN - Make $95/hr - $105/hr",nurse,nurse,ambiguous,,flagged / weak match: nurse
low,locum occupational medicine nurse practitioner job in alamosa co - make $80 hr - $90 hr,1,"Locum Occupational Medicine Nurse Practitioner job in Alamosa, CO - Make $80/hr - $90/hr",nurse,nurse,ambiguous,,flagged / weak match: nurse
low,maryland psychiatric nurse practitioner np dea-licensed multi state-licensed,1,Maryland Psychiatric Nurse Practitioner (NP) (DEA-Licensed) (Multi State-Licensed),nurse,nurse,ambiguous,,flagged / weak match: nurse
low,multi-licensed weight loss nurse practitioner,1,Multi-Licensed Weight Loss Nurse Practitioner,nurse,nurse,ambiguous,,flagged / weak match: nurse
low,n00188 - nurse practitioner ma,1,N00188 - Nurse Practitioner (MA),nurse,nurse,ambiguous,,flagged / weak match: nurse
low,neonatal nurse practitioner pt hourly,1,Neonatal Nurse Practitioner (PT/Hourly),nurse,nurse,ambiguous,,flagged / weak match: nurse
low,neonatology nurse practitioner,1,Neonatology Nurse Practitioner,nurse,nurse,ambiguous,,flagged / weak match: nurse
low,neonatology nurse practitioner physician assistant,1,Neonatology Nurse Practitioner/Physician Assistant,nurse,nurse,ambiguous,,flagged / weak match: nurse
low,nephrology advance practice clinician nurse practitioner jefferson einstein,1,Nephrology Advance Practice Clinician Nurse Practitioner Jefferson Einstein,nurse,nurse,ambiguous,,flagged / weak match: nurse
low,neurology - nurse practitioner - jefferson new jersey,1,Neurology - Nurse Practitioner - Jefferson New Jersey,nurse,nurse,ambiguous,,flagged / weak match: nurse
low,nocturnist nurse practitioner physician assistant opporunity - new hospital with baptist health,1,Nocturnist Nurse Practitioner / Physician Assistant Opporunity - New hospital with Baptist Health,nurse,nurse,ambiguous,,flagged / weak match: nurse
low,nurse manager - ambulatory surgery unit,1,Nurse Manager - Ambulatory Surgery Unit,nurse,nurse,ambiguous,,flagged / weak match: nurse
low,nurse manager - emergency department,1,Nurse Manager - Emergency Department,nurse,nurse,ambiguous,,flagged / weak match: nurse
low,nurse manager - emergency room,1,Nurse Manager - Emergency Room,nurse,nurse,ambiguous,,flagged / weak match: nurse
low,nurse manager - endoscopic services,1,Nurse Manager - Endoscopic Services,nurse,nurse,ambiguous,,flagged / weak match: nurse
low,nurse manager - geriatrics infectious disease,1,Nurse Manager - Geriatrics/Infectious Disease,nurse,nurse,ambiguous,,flagged / weak match: nurse
low,nurse manager - pacu,1,Nurse Manager - PACU,nurse,nurse,ambiguous,,flagged / weak match: nurse
low,nurse manager advanced medical surgical intermediate first shift,1,"Nurse Manager, Advanced Medical Surgical Intermediate, First Shift",nurse,nurse,ambiguous,,flagged / weak match: nurse
low,nurse manager cardiovascular operating room,1,"Nurse Manager, Cardiovascular Operating Room",nurse,nurse,ambiguous,,flagged / weak match: nurse
low,nurse manager ft day m b mmc,1,"Nurse Manager, FT Day M/B MMC",nurse,nurse,ambiguous,,flagged / weak match: nurse
low,nurse manager home health,1,"Nurse Manager, Home Health",nurse,nurse,ambiguous,,flagged / weak match: nurse
low,nurse manager ii - icu,1,Nurse Manager II - ICU,nurse,nurse,ambiguous,,flagged / weak match: nurse
low,nurse manager labor & deliver women's services,1,Nurse Manager Labor & Deliver / Women's Services,nurse,nurse,ambiguous,,flagged / weak match: nurse
low,nurse manager long term,1,Nurse Manager Long Term,nurse,nurse,ambiguous,,flagged / weak match: nurse
low,nurse manager nights,1,Nurse Manager (nights),nurse,nurse,ambiguous,,flagged / weak match: nurse
low,nurse manager nm -ambulatory pulmonology baptist ft,1,"Nurse Manager (NM)-Ambulatory, Pulmonology, Baptist, FT",nurse,nurse,ambiguous,,flagged / weak match: nurse
low,nurse manager of staffing operations,1,Nurse Manager of Staffing Operations,nurse,nurse,ambiguous,,flagged / weak match: nurse
low,nurse manager operating room surgery,1,Nurse Manager Operating Room/Surgery,nurse,nurse,ambiguous,,flagged / weak match: nurse
low,nurse manager post anesthesia care unit ambulatory surgery endoscopy,1,"Nurse Manager, Post Anesthesia Care Unit/Ambulatory Surgery/Endoscopy",nurse,nurse,ambiguous,,flagged / weak match: nurse
low,nurse manager rn - irving health center - full time,1,Nurse Manager (RN) - Irving Health Center - Full Time,nurse,nurse,ambiguous,,flagged / weak match: nurse
low,nurse manager- cellular immunotherapies and transplant clinic,1,Nurse Manager- Cellular Immunotherapies and Transplant Clinic,nurse,nurse,ambiguous,,flagged / weak match: nurse
low,nurse manager- palliative care unit,1,Nurse Manager- Palliative Care Unit,nurse,nurse,ambiguous,,flagged / weak match: nurse
low,nurse manager-tuhj-3c-medical surgical-40hrs-day shift 7am to 3pm,1,NURSE MANAGER-TUHJ-3C-Medical Surgical-40HRS-Day Shift (7am to 3pm),nurse,nurse,ambiguous,,flagged / weak match: nurse
low,nurse practitioner - $90 000 -$120 000- new grads accepted - open to relocate within mi,1,"Nurse Practitioner - $90,000 -$120,000- New Grads Accepted - Open to Relocate within MI",nurse,nurse,ambiguous,,flagged / weak match: nurse
low,nurse practitioner - 1206d oncology spec clinic,1,NURSE PRACTITIONER - 1206d ONCOLOGY SPEC CLINIC,nurse,nurse,ambiguous,,flagged / weak match: nurse
low,nurse practitioner - 16064,1,Nurse Practitioner - 16064,nurse,nurse,ambiguous,,flagged / weak match: nurse
low,nurse practitioner - behavioral health,1,Nurse Practitioner - Behavioral Health,nurse,nurse,ambiguous,,flagged / weak match: nurse
low,nurse practitioner - caresight 40557,1,Nurse Practitioner - CareSight (40557),nurse,nurse,ambiguous,,flagged / weak match: nurse
low,nurse practitioner - conviva - east port orange,1,Nurse Practitioner - Conviva - East Port Orange,nurse,nurse,ambiguous,,flagged / weak match: nurse
low,nurse practitioner - days - telemedicine,1,Nurse Practitioner - Days - TeleMedicine,nurse,nurse,ambiguous,,flagged / weak match: nurse
low,nurse practitioner - gastroenterology,1,Nurse Practitioner - Gastroenterology,nurse,nurse,ambiguous,,flagged / weak match: nurse
low,nurse practitioner - hospital medicine prn,1,Nurse Practitioner - Hospital Medicine PRN,nurse,nurse,ambiguous,,flagged / weak match: nurse
low,nurse practitioner - iha 38162,1,Nurse Practitioner - IHA (38162),nurse,nurse,ambiguous,,flagged / weak match: nurse
low,nurse practitioner - interventional pain and spine,1,Nurse Practitioner - Interventional Pain and Spine,nurse,nurse,ambiguous,,flagged / weak match: nurse
low,nurse practitioner - lhi wtc,1,Nurse Practitioner – LHI WTC,nurse,nurse,ambiguous,,flagged / weak match: nurse
low,nurse practitioner - non-acute care- radiation oncology medical center,1,Nurse Practitioner - Non-Acute Care- Radiation Oncology (Medical Center),nurse,nurse,ambiguous,,flagged / weak match: nurse
low,nurse practitioner - part time,1,Nurse Practitioner - Part Time,nurse,nurse,ambiguous,,flagged / weak match: nurse
low,nurse practitioner - part time .5 - family medicine - largo,1,Nurse Practitioner - Part Time (.5) - Family Medicine - Largo,nurse,nurse,ambiguous,,flagged / weak match: nurse
low,nurse practitioner - pediatric gastroenterology,1,Nurse Practitioner - Pediatric Gastroenterology,nurse,nurse,ambiguous,,flagged / weak match: nurse
low,nurse practitioner - pediatrics pulmonary,1,Nurse Practitioner - Pediatrics Pulmonary,nurse,nurse,ambiguous,,flagged / weak match: nurse
low,nurse practitioner - perinton internal medicine,1,Nurse Practitioner - Perinton Internal Medicine,nurse,nurse,ambiguous,,flagged / weak match: nurse
low,nurse practitioner - pod leader,1,Nurse Practitioner - Pod Leader,nurse,nurse,ambiguous,,flagged / weak match: nurse
low,nurse practitioner - primary care,1,Nurse Practitioner - Primary Care,nurse,nurse,ambiguous,,flagged / weak match: nurse
low,nurse practitioner - psychiatry inpatient detox & rehab 5r rv - mount sinai beth israel - part time nights,1,Nurse Practitioner - Psychiatry Inpatient Detox & Rehab 5R RV - Mount Sinai Beth Israel - Part Time nights,nurse,nurse,ambiguous,,flagged / weak match: nurse
low,nurse practitioner - spanish required,1,Nurse Practitioner - Spanish Required,nurse,nurse,ambiguous,,flagged / weak match: nurse
low,nurse practitioner - wound care philadelphia pa,1,"Nurse Practitioner - Wound Care (Philadelphia, PA)",nurse,nurse,ambiguous,,flagged / weak match: nurse
low,nurse practitioner -burrows internal medicine,1,Nurse Practitioner -Burrows Internal Medicine,nurse,nurse,ambiguous,,flagged / weak match: nurse
low,nurse practitioner adolescent pediatric psychiatry - night shift,1,Nurse Practitioner Adolescent/Pediatric Psychiatry - Night Shift,nurse,nurse,ambiguous,,flagged / weak match: nurse
low,nurse practitioner cardiology,1,Nurse Practitioner / Cardiology,nurse,nurse,ambiguous,,flagged / weak match: nurse
low,nurse practitioner cardiology critical care,1,Nurse Practitioner Cardiology Critical Care,nurse,nurse,ambiguous,,flagged / weak match: nurse
low,nurse practitioner critical care - surgery trauma,1,Nurse Practitioner Critical Care - Surgery Trauma,nurse,nurse,ambiguous,,flagged / weak match: nurse
low,nurse practitioner family,1,"Nurse Practitioner, Family",nurse,nurse,ambiguous,,flagged / weak match: nurse
low,nurse practitioner family medicine marion,1,Nurse Practitioner/Family Medicine Marion,nurse,nurse,ambiguous,,flagged / weak match: nurse
low,nurse practitioner float,1,nurse practitioner float,nurse,nurse,ambiguous,,flagged / weak match: nurse
low,nurse practitioner hackensack nj,1,Nurse Practitioner Hackensack NJ,nurse,nurse,ambiguous,,flagged / weak match: nurse
low,nurse practitioner i,1,Nurse Practitioner I,nurse,nurse,ambiguous,,flagged / weak match: nurse
low,nurse practitioner ii,1,Nurse Practitioner II,nurse,nurse,ambiguous,,flagged / weak match: nurse
low,nurse practitioner mna physician assistant - adult urgent care - norwood,1,Nurse Practitioner (MNA)/ Physician Assistant - Adult Urgent Care - Norwood,nurse,nurse,ambiguous,,flagged / weak match: nurse
low,nurse practitioner need in salem or,1,"Nurse Practitioner need in Salem, OR",nurse,nurse,ambiguous,,flagged / weak match: nurse
low,nurse practitioner new grads welcome,1,Nurse Practitioner (new grads welcome),nurse,nurse,ambiguous,,flagged / weak match: nurse
low,nurse practitioner np hospice - part time,1,"Nurse Practitioner (NP), Hospice - Part Time",nurse,nurse,ambiguous,,flagged / weak match: nurse
low,nurse practitioner np or physician assistant pa - ft pt prn,1,Nurse Practitioner (NP) or Physician Assistant (PA) - FT/PT/PRN,nurse,nurse,ambiguous,,flagged / weak match: nurse
low,nurse practitioner np or physician assistant pa - full time - safford,1,Nurse Practitioner / NP or Physician Assistant / PA - Full Time - Safford,nurse,nurse,ambiguous,,flagged / weak match: nurse
low,nurse practitioner np physician assistant pa,1,Nurse Practitioner (NP) / Physician Assistant (PA),nurse,nurse,ambiguous,,flagged / weak match: nurse
low,nurse practitioner np physician assistant pa greenville tx,1,"Nurse Practitioner (NP)/Physician Assistant (PA) (Greenville, TX)",nurse,nurse,ambiguous,,flagged / weak match: nurse
low,nurse practitioner ob gyn - midwifery,1,"Nurse Practitioner, OB/GYN - Midwifery",nurse,nurse,ambiguous,,flagged / weak match: nurse
low,nurse practitioner or pa cardiology employment opportunity - mcallen texas,1,"Nurse Practitioner or PA Cardiology Employment Opportunity - McAllen, Texas",nurse,nurse,ambiguous,,flagged / weak match: nurse
low,nurse practitioner or physician assistant - acute care - mercy virtual care center,1,Nurse Practitioner or Physician Assistant - Acute Care - Mercy Virtual Care Center,nurse,nurse,ambiguous,,flagged / weak match: nurse
low,nurse practitioner or physician assistant - brainerd mn,1,"Nurse Practitioner or Physician Assistant - Brainerd, MN",nurse,nurse,ambiguous,,flagged / weak match: nurse
low,nurse practitioner or physician assistant - enid ok,1,Nurse Practitioner or Physician Assistant - Enid OK,nurse,nurse,ambiguous,,flagged / weak match: nurse
low,nurse practitioner or physician assistant - housecalls 40 hpw - kings queens counties ny,1,"Nurse Practitioner or Physician Assistant - HouseCalls, 40 HPW - Kings, Queens Counties, NY",nurse,nurse,ambiguous,,flagged / weak match: nurse
low,nurse practitioner or physician assistant - killeen tx,1,"Nurse Practitioner or Physician Assistant - Killeen, TX",nurse,nurse,ambiguous,,flagged / weak match: nurse
low,nurse practitioner or physician assistant - knoxville tn,1,Nurse Practitioner or Physician Assistant - Knoxville TN,nurse,nurse,ambiguous,,flagged / weak match: nurse
low,nurse practitioner or physician assistant - neurology,1,Nurse Practitioner or Physician Assistant - Neurology,nurse,nurse,ambiguous,,flagged / weak match: nurse
low,nurse practitioner or physician assistant - ochsner 65 plus - baton rouge,1,Nurse Practitioner or Physician Assistant - Ochsner 65 Plus - Baton Rouge,nurse,nurse,ambiguous,,flagged / weak match: nurse
low,nurse practitioner or physician assistant - phoenix az,1,Nurse Practitioner or Physician Assistant - Phoenix AZ,nurse,nurse,ambiguous,,flagged / weak match: nurse
low,nurse practitioner or physician assistant - primary care - fort smith,1,Nurse Practitioner or Physician Assistant - Primary Care - Fort Smith,nurse,nurse,ambiguous,,flagged / weak match: nurse
low,nurse practitioner or physician assistant - primary care pittsburg ks,1,"Nurse Practitioner or Physician Assistant - Primary Care, Pittsburg, KS",nurse,nurse,ambiguous,,flagged / weak match: nurse
low,nurse practitioner or physician assistant - redding ca,1,Nurse Practitioner or Physician Assistant - Redding CA,nurse,nurse,ambiguous,,flagged / weak match: nurse
low,nurse practitioner or physician assistant - walk-in clinic,1,Nurse Practitioner or Physician Assistant - Walk-In Clinic,nurse,nurse,ambiguous,,flagged / weak match: nurse
low,nurse practitioner or physician assistant - winston-salem nc,1,Nurse Practitioner or Physician Assistant - Winston-Salem NC,nurse,nurse,ambiguous,,flagged / weak match: nurse
low,nurse practitioner or physician assistant - wound care - oklahoma city prn,1,Nurse Practitioner or Physician Assistant - Wound Care - Oklahoma City (PRN),nurse,nurse,ambiguous,,flagged / weak match: nurse
low,nurse practitioner or physician assistant clinical trials,1,"Nurse Practitioner or Physician Assistant, Clinical Trials",nurse,nurse,ambiguous,,flagged / weak match: nurse
low,nurse practitioner or physician assistant critical care prn - austin tx,1,"Nurse Practitioner or Physician Assistant, Critical Care (PRN)- Austin, TX",nurse,nurse,ambiguous,,flagged / weak match: nurse
low,nurse practitioner or physician assistant for little rock ar,1,"Nurse Practitioner or Physician Assistant for Little Rock, AR",nurse,nurse,ambiguous,,flagged / weak match: nurse
low,nurse practitioner or physician assistant hematology,1,Nurse Practitioner or Physician Assistant Hematology,nurse,nurse,ambiguous,,flagged / weak match: nurse
low,nurse practitioner or physician assistant or certified nurse midwife opportunity,1,Nurse Practitioner or Physician Assistant or Certified Nurse Midwife Opportunity,nurse,nurse,ambiguous,,flagged / weak match: nurse
low,nurse practitioner or physician assistant pediatrics,1,"Nurse Practitioner or Physician Assistant, Pediatrics",nurse,nurse,ambiguous,,flagged / weak match: nurse
low,nurse practitioner pa aprn women's health bilingual $30k signing bonus,1,"Nurse Practitioner, PA/APRN Women's Health Bilingual ($30k signing bonus)",nurse,nurse,ambiguous,,flagged / weak match: nurse
low,nurse practitioner part-time,1,Nurse Practitioner (Part-Time),nurse,nurse,ambiguous,,flagged / weak match: nurse
low,nurse practitioner per diem critical care,1,"Nurse Practitioner, Per Diem Critical Care",nurse,nurse,ambiguous,,flagged / weak match: nurse
low,nurse practitioner phys asst-cardiac medical-$4 500 sign-on,1,"Nurse Practitioner/Phys Asst-Cardiac Medical-$4,500 sign-on",nurse,nurse,ambiguous,,flagged / weak match: nurse
low,nurse practitioner physician assistant - accepting new grads,1,Nurse Practitioner/Physician Assistant - (Accepting New Grads),nurse,nurse,ambiguous,,flagged / weak match: nurse
low,nurse practitioner physician assistant - bowie md,1,"Nurse Practitioner / Physician Assistant - Bowie, MD",nurse,nurse,ambiguous,,flagged / weak match: nurse
low,nurse practitioner physician assistant - downey ca,1,"Nurse Practitioner/ Physician Assistant - Downey, CA",nurse,nurse,ambiguous,,flagged / weak match: nurse
low,nurse practitioner physician assistant - martinsburg wv,1,"Nurse Practitioner / Physician Assistant - Martinsburg, WV",nurse,nurse,ambiguous,,flagged / weak match: nurse
low,nurse practitioner physician assistant addiction medicine,1,Nurse Practitioner/Physician Assistant Addiction Medicine,nurse,nurse,ambiguous,,flagged / weak match: nurse
low,nurse practitioner physician assistant asas health falfurrias texas,1,"Nurse Practitioner/Physician Assistant | ASAS Health | Falfurrias, Texas",nurse,nurse,ambiguous,,flagged / weak match: nurse
low,nurse practitioner physician assistant urology,1,"Nurse Practitioner / Physician Assistant, Urology",nurse,nurse,ambiguous,,flagged / weak match: nurse
low,nurse practitioner physician assistant- neurology - ft,1,Nurse Practitioner/Physician Assistant- Neurology - FT,nurse,nurse,ambiguous,,flagged / weak match: nurse
low,nurse practitioner physicians asst,1,Nurse Practitioner/Physicians Asst,nurse,nurse,ambiguous,,flagged / weak match: nurse
low,nurse practitioner psychiatric manhatten psychiatric center p24724,1,"Nurse Practitioner (Psychiatric), Manhatten Psychiatric Center, P24724",nurse,nurse,ambiguous,,flagged / weak match: nurse
low,nurse practitioner salary-specialty neonatology-prn,1,Nurse Practitioner Salary-Specialty Neonatology-PRN,nurse,nurse,ambiguous,,flagged / weak match: nurse
low,nurse practitioner specialty care - allergy,1,Nurse Practitioner Specialty Care - Allergy,nurse,nurse,ambiguous,,flagged / weak match: nurse
low,nurse practitioner specialty care -or- physician assistant specialty care - hematology oncology dual post,1,Nurse Practitioner Specialty Care -or- Physician Assistant Specialty Care – Hematology Oncology [Dual Post],nurse,nurse,ambiguous,,flagged / weak match: nurse
low,nurse practitioner sub-investigator np ap,1,Nurse Practitioner/Sub-Investigator (NP/AP),nurse,nurse,ambiguous,,flagged / weak match: nurse
low,nurse practitioner telehospitalist,1,Nurse Practitioner Telehospitalist,nurse,nurse,ambiguous,,flagged / weak match: nurse
low,nurse practitioner- cardiology stress testing- harlem manhattan,1,Nurse Practitioner- Cardiology Stress Testing- Harlem Manhattan,nurse,nurse,ambiguous,,flagged / weak match: nurse
low,nurse practitioner- crisis stabilization\ engagement center,1,Nurse Practitioner- Crisis Stabilization\/Engagement Center,nurse,nurse,ambiguous,,flagged / weak match: nurse
low,nurse practitioner- gastroenterology - greenville,1,Nurse Practitioner- Gastroenterology - Greenville,nurse,nurse,ambiguous,,flagged / weak match: nurse
low,nurse practitioner- ima gi - greenville,1,Nurse Practitioner- IMA GI - Greenville,nurse,nurse,ambiguous,,flagged / weak match: nurse
low,nurse practitioner- rainbow clinic primary care,1,Nurse Practitioner- Rainbow Clinic/Primary Care,nurse,nurse,ambiguous,,flagged / weak match: nurse
low,nurse practitioner- starting pay -$120k,1,Nurse Practitioner- Starting Pay -$120k,nurse,nurse,ambiguous,,flagged / weak match: nurse
low,nurse practitioner- women's health- uniondale valley stream long island,1,Nurse Practitioner- Women's Health- Uniondale/Valley Stream Long Island,nurse,nurse,ambiguous,,flagged / weak match: nurse
low,nurse practitioner-acute care surgery,1,Nurse Practitioner-Acute Care Surgery,nurse,nurse,ambiguous,,flagged / weak match: nurse
low,nurse practitioner-neuro-immunology,1,Nurse Practitioner-Neuro-Immunology,nurse,nurse,ambiguous,,flagged / weak match: nurse
low,occupational health nurse practitioner,1,Occupational Health Nurse Practitioner,nurse,nurse,ambiguous,,flagged / weak match: nurse
low,occupational health nurse practitioner pa-c,1,Occupational Health Nurse Practitioner/PA-C,nurse,nurse,ambiguous,,flagged / weak match: nurse
low,oncology nurse practitioner,1,Oncology Nurse Practitioner,nurse,nurse,ambiguous,,flagged / weak match: nurse
low,oncology nurse practitioner $4000,1,Oncology Nurse Practitioner $4000,nurse,nurse,ambiguous,,flagged / weak match: nurse
low,oncology nurse practitioner or physician assistant - washington d.c.,1,"Oncology Nurse Practitioner or Physician Assistant - Washington, D.C.",nurse,nurse,ambiguous,,flagged / weak match: nurse
low,operating room nurse manager - allenmore,1,Operating Room Nurse Manager - Allenmore,nurse,nurse,ambiguous,,flagged / weak match: nurse
low,pacu nurse manager $84 hr,1,PACU Nurse Manager $84/hr,nurse,nurse,ambiguous,,flagged / weak match: nurse
low,patient support unit nurse practitioner or physician assistant - wellmed medical group - el paso tx,1,"Patient Support Unit Nurse Practitioner or Physician Assistant – WellMed Medical Group – El Paso, TX",nurse,nurse,ambiguous,,flagged / weak match: nurse
low,physician assistant family nurse practitioner,1,Physician Assistant/ Family Nurse Practitioner,nurse,nurse,ambiguous,,flagged / weak match: nurse
low,physician assistant nurse practitioner emergency department,1,"Physician Assistant / Nurse Practitioner, Emergency Department",nurse,nurse,ambiguous,,flagged / weak match: nurse
low,physician assistant nurse practitioner first assist csfa and lsa spine,1,Physician Assistant/Nurse Practitioner First Assist/CSFA and LSA (Spine),nurse,nurse,ambiguous,,flagged / weak match: nurse
low,physician assistant nurse practitioner urology,1,"Physician Assistant / Nurse Practitioner, Urology",nurse,nurse,ambiguous,,flagged / weak match: nurse
low,physician assistant or nurse practitioner,1,Physician Assistant or Nurse Practitioner,nurse,nurse,ambiguous,,flagged / weak match: nurse
low,physician assistant or nurse practitioner - wound care - alpena,1,Physician Assistant or Nurse Practitioner - Wound Care - Alpena,nurse,nurse,ambiguous,,flagged / weak match: nurse
low,physicians beneva village - nurse practitioner,1,Physicians Beneva Village - Nurse Practitioner,nurse,nurse,ambiguous,,flagged / weak match: nurse
low,primary care nurse practitioner,1,Primary Care Nurse Practitioner,nurse,nurse,ambiguous,,flagged / weak match: nurse
low,primary care nurse practitioner physician assistant,1,Primary Care Nurse Practitioner / Physician Assistant,nurse,nurse,ambiguous,,flagged / weak match: nurse
low,prn nurse practitioner well baby--hup,1,"PRN Nurse Practitioner, Well Baby--HUP",nurse,nurse,ambiguous,,flagged / weak match: nurse
low,psychiatric dd nurse manager,1,Psychiatric/DD Nurse Manager,nurse,nurse,ambiguous,,flagged / weak match: nurse
low,psychiatric mental health nurse practitioner community home base,1,Psychiatric Mental Health Nurse Practitioner/Community Home Base,nurse,nurse,ambiguous,,flagged / weak match: nurse
low,psychiatric nurse practitioner for established community clinic,1,Psychiatric Nurse Practitioner for Established Community Clinic,nurse,nurse,ambiguous,,flagged / weak match: nurse
low,psychiatric nurse practitioner np pa,1,"Psychiatric Nurse Practitioner, NP, PA",nurse,nurse,ambiguous,,flagged / weak match: nurse
low,psychiatric nurse practitioner part-time,1,Psychiatric Nurse Practitioner: Part-Time,nurse,nurse,ambiguous,,flagged / weak match: nurse
low,psychiatric nurse practitioner prn,1,Psychiatric Nurse Practitioner (PRN),nurse,nurse,ambiguous,,flagged / weak match: nurse
low,quality and access nurse practitioner - contract,1,Quality and Access Nurse Practitioner - Contract,nurse,nurse,ambiguous,,flagged / weak match: nurse
low,r90067 assistant nurse manager - uh interventional radiology,1,R90067 Assistant Nurse Manager - UH Interventional Radiology,nurse,nurse,ambiguous,,flagged / weak match: nurse
low,r94846 assistant nurse manager - high risk ob antepartum - university hospital,1,R94846 Assistant Nurse Manager - High Risk OB/Antepartum - University Hospital,nurse,nurse,ambiguous,,flagged / weak match: nurse
low,regional float nurse practitioner,1,Regional Float Nurse Practitioner,nurse,nurse,ambiguous,,flagged / weak match: nurse
low,registered nurse - nurse manager ambulatory surgery,1,"Registered Nurse - Nurse Manager, Ambulatory Surgery",nurse,nurse,ambiguous,,flagged / weak match: nurse
low,registered nurse manager acute care,1,Registered Nurse Manager (Acute Care),nurse,nurse,ambiguous,,flagged / weak match: nurse
low,registered nurse manager med surg *up to $80 000*,1,"Registered Nurse Manager (Med/Surg) *UP TO $80,000*",nurse,nurse,ambiguous,,flagged / weak match: nurse
low,registered nurse manager telemetry,1,Registered Nurse Manager Telemetry,nurse,nurse,ambiguous,,flagged / weak match: nurse
low,remote family nurse practitioner field visits required,1,Remote Family Nurse Practitioner (field visits required),nurse,nurse,ambiguous,,flagged / weak match: nurse
low,research nurse practitioner,1,Research Nurse Practitioner,nurse,nurse,ambiguous,,flagged / weak match: nurse
low,seeking hospitalist app- nurse practitioner or physician assistant for mcleod coastal hospital,1,Seeking Hospitalist APP- Nurse Practitioner or Physician Assistant for McLeod Coastal Hospital,nurse,nurse,ambiguous,,flagged / weak match: nurse
low,staff psychiatric mental health nurse practitioner pmhnp,1,Staff Psychiatric Mental Health Nurse Practitioner (PMHNP),nurse,nurse,ambiguous,,flagged / weak match: nurse
low,telemedicine primary - care nurse practitioner,1,Telemedicine Primary - Care Nurse Practitioner,nurse,nurse,ambiguous,,flagged / weak match: nurse
low,telemedicine primary care nurse practitioner,1,Telemedicine Primary Care Nurse Practitioner,nurse,nurse,ambiguous,,flagged / weak match: nurse
low,travel contract - nurse manager ltc - up to $3 000 week,1,"Travel/Contract - Nurse Manager (LTC) - Up to $3,000/week",nurse,nurse,ambiguous,,flagged / weak match: nurse
low,utah psychiatric nurse practitioner np dea-licensed multi state-licensed,1,Utah Psychiatric Nurse Practitioner (NP) (DEA-Licensed) (Multi State-Licensed),nurse,nurse,ambiguous,,flagged / weak match: nurse
low,wisconsin psychiatric nurse practitioner np dea-licensed multi state-licensed,1,Wisconsin Psychiatric Nurse Practitioner (NP) (DEA-Licensed) (Multi State-Licensed),nurse,nurse,ambiguous,,flagged / weak match: nurse
low,wound care nurse practitioner,1,Wound Care Nurse Practitioner,nurse,nurse,ambiguous,,flagged / weak match: nurse
low,dds day program - registered nurse 35 hours,2,DDS Day Program - Registered Nurse (35 Hours),nurse,nurse|dentist,ambiguous,,flagged / weak match: dentist
low,nurse paralegal,1,Nurse Paralegal,,nurse|paralegal,ambiguous,,matches several occupations
low,family nurse practitioner fl ohio ma md,1,"Family Nurse Practitioner (FL, Ohio, MA, MD)",nurse,nurse|physician,ambiguous,,flagged / weak match: nurse|physician
low,fbh psychiatrist or psychiatric nurse practitioner pmhnp,1,FBH PSYCHIATRIST OR PSYCHIATRIC NURSE PRACTITIONER (PMHNP),,nurse|physician,ambiguous,,matches several occupations
low,nurse practitioner acute care nw sch - hospitalist baytown,1,Nurse Practitioner Acute Care NW Sch - Hospitalist (Baytown),,nurse|physician,ambiguous,,matches several occupations
low,nurse practitioner pa doctor rn,1,"Nurse practitioner, PA, doctor, RN",nurse,nurse|physician,ambiguous,,flagged / weak match: nurse|physician
low,nurse practitioner physician assistants,1,Nurse Practitioner/Physician Assistants,,nurse|physician,ambiguous,,matches several occupations
low,pediatric nurse practitioner - hospitalist,1,Pediatric Nurse Practitioner - Hospitalist,,nurse|physician,ambiguous,,matches several occupations
low,physician practice rn- orthopedics & sports medicine,1,Physician Practice RN- Orthopedics & Sports Medicine,,nurse|physician,ambiguous,,matches several occupations
low,travel nurse rn - er trauma - $1 658 to $1 838 per week in fort washington md,1,"Travel Nurse RN - ER/Trauma - $1,658 to $1,838 per week in Fort Washington, MD",nurse,nurse|physician,ambiguous,,flagged / weak match: physician
low,travel nurse rn - icu critical care - $1 974 to $2 182 per week in baltimore md,1,"Travel Nurse RN - ICU/Critical Care - $1,974 to $2,182 per week in Baltimore, MD",nurse,nurse|physician,ambiguous,,flagged / weak match: physician
low,travel nurse rn - imc - $1 974 to $2 182 per week in baltimore md,1,"Travel Nurse RN - IMC - $1,974 to $2,182 per week in Baltimore, MD",nurse,nurse|physician,ambiguous,,flagged / weak match: physician
low,travel nurse rn - pcu - $2 400 per week in baltimore md,1,"Travel Nurse RN - PCU - $2,400 per week in Baltimore, MD",nurse,nurse|physician,ambiguous,,flagged / weak match: physician
low,assistant professor adult-gerontology clinical nurse specialists,1,"Assistant Professor, Adult-Gerontology Clinical Nurse Specialists",,nurse|professor,ambiguous,,matches several occupations
low,faculty group practice nurse supervisor - howard beach**,1,Faculty Group Practice Nurse Supervisor - Howard Beach**,nurse,nurse|professor,ambiguous,,flagged / weak match: professor
low,lpn instructor,1,LPN Instructor,nurse,nurse|professor,ambiguous,,flagged / weak match: professor
low,nurse faculty,1,Nurse Faculty,nurse,nurse|professor,ambiguous,,flagged / weak match: professor
low,clinical nurse educator field & virtual neurology - los angeles ca,1,"Clinical Nurse Educator (Field & Virtual), Neurology - Los Angeles, CA",nurse,nurse|teacher,ambiguous,,flagged / weak match: nurse|teacher
low,community health educator rn preferred,1,Community Health Educator (RN preferred),nurse,nurse|teacher,ambiguous,,flagged / weak match: teacher
low,educator and infection control rn,1,Educator and Infection Control RN,nurse,nurse|teacher,ambiguous,,flagged / weak match: teacher
low,interim - clinical nurse educator - icu er - 836196,1,Interim - Clinical Nurse Educator - ICU/ER - 836196,nurse,nurse|teacher,ambiguous,,flagged / weak match: nurse|teacher
low,nurse educator,1,Nurse Educator,nurse,nurse|teacher,ambiguous,,flagged / weak match: nurse|teacher
low,nurse educator - level i - for certified home health agency,1,Nurse Educator - Level I - For Certified Home Health Agency,nurse,nurse|teacher,ambiguous,,flagged / weak match: nurse|teacher
low,nurse educator - level i - for certified home health agency chha,1,Nurse Educator - Level I - For Certified Home Health Agency (CHHA),nurse,nurse|teacher,ambiguous,,flagged / weak match: nurse|teacher
low,nurse educator - operating room - ft days,1,Nurse Educator - Operating Room - FT days,nurse,nurse|teacher,ambiguous,,flagged / weak match: nurse|teacher
low,nurse educator full time pediatrics,1,"Nurse Educator, Full Time Pediatrics",nurse,nurse|teacher,ambiguous,,flagged / weak match: nurse|teacher
low,nurse educator infection preventionist rn or lpn,1,Nurse Educator/Infection Preventionist (RN or LPN),nurse,nurse|teacher,ambiguous,,flagged / weak match: nurse|teacher
low,nurse educator rn - community howard regional health 2401419,1,Nurse Educator (RN) - Community Howard Regional Health (2401419),nurse,nurse|teacher,ambiguous,,flagged / weak match: nurse|teacher
low,nurse educator- perioperative and procedural,1,Nurse Educator- Perioperative and Procedural,nurse,nurse|teacher,ambiguous,,flagged / weak match: nurse|teacher
low,nursing educator rn,1,Nursing Educator (RN),nurse,nurse|teacher,ambiguous,,flagged / weak match: teacher
low,registered nurse - perinatal educator - per diem,1,Registered Nurse - Perinatal Educator - Per Diem,nurse,nurse|teacher,ambiguous,,flagged / weak match: teacher
low,registered nurse - rn - nurse practice educator,1,Registered Nurse - RN - Nurse Practice Educator,nurse,nurse|teacher,ambiguous,,flagged / weak match: teacher
low,registered nurse clinical educator ii-nursing education-full time,1,Registered Nurse Clinical Educator II-Nursing Education-Full Time,nurse,nurse|teacher,ambiguous,,flagged / weak match: teacher
low,registered nurse educator,1,Registered Nurse/Educator,nurse,nurse|teacher,ambiguous,,flagged / weak match: nurse|teacher
low,rn - nursing educator 2 um cm pre-certs compliance - remote,1,"RN - Nursing Educator 2 (UM, CM, Pre-Certs, Compliance) - Remote",nurse,nurse|teacher,ambiguous,,flagged / weak match: teacher
low,rn patient educator - nephrology hybrid,1,"RN, Patient Educator - Nephrology (Hybrid)",nurse,nurse|teacher,ambiguous,,flagged / weak match: teacher
low,rn senior clinical educator - policy and procedure,1,"RN, Senior Clinical Educator - Policy and Procedure",nurse,nurse|teacher,ambiguous,,flagged / weak match: teacher
low,specialty nurse educator- ed,1,Specialty Nurse Educator- ED,nurse,nurse|teacher,ambiguous,,flagged / weak match: nurse|teacher
low,group fitness instructor,5,Group Fitness Instructor,,personal_trainer,ambiguous,,weak pattern only
low,lead strength and conditioning coach,3,Lead Strength and Conditioning Coach,,personal_trainer,ambiguous,,weak pattern only
low,strength and conditioning coach,3,Strength and Conditioning Coach,,personal_trainer,ambiguous,,weak pattern only
low,fitness instructor - on call,1,Fitness Instructor - On Call,,personal_trainer,ambiguous,,weak pattern only
low,fitness instructor westfield,1,Fitness Instructor (Westfield),,personal_trainer,ambiguous,,weak pattern only
low,private fitness instructor,1,Private Fitness Instructor,,personal_trainer,ambiguous,,weak pattern only
low,water fitness instructor,1,Water Fitness Instructor,,personal_trainer,ambiguous,,weak pattern only
low,youth fitness instructor,1,Youth Fitness Instructor,,personal_trainer,ambiguous,,weak pattern only
low,medical director,14,Medical Director,,physician,ambiguous,,weak pattern only
low,medical doctor,9,Medical Doctor,,physician,ambiguous,,weak pattern only
low,clinic medical director,2,Clinic Medical Director,,physician,ambiguous,,weak pattern only
low,national account manager - northeast - ahold & wegmans preferred remote location pa md ma nj,2,"National Account Manager - Northeast - Ahold & Wegmans (preferred remote location (PA, MD, MA, NJ)",,physician,ambiguous,,weak pattern only
low,primary care provider for community clinic - app or md do,2,Primary Care Provider for Community Clinic - APP or MD/DO,,physician,ambiguous,,weak pattern only
low,regional medical director,2,Regional Medical Director,,physician,ambiguous,,weak pattern only
low,regional medical director primary care,2,"Regional Medical Director, Primary Care",,physician,ambiguous,,weak pattern only
low,area medical director,1,Area Medical Director,,physician,ambiguous,,weak pattern only
low,asset protection manager - 661 canton crossing rack baltimore md,1,"Asset Protection Manager - 661 Canton Crossing Rack, Baltimore, MD",,physician,ambiguous,,weak pattern only
low,associate executive medical director md do - unc physicians network,1,Associate Executive Medical Director (MD/DO) - UNC Physicians Network,,physician,ambiguous,,weak pattern only
low,associate medical director,1,Associate Medical Director,,physician,ambiguous,,weak pattern only
low,associate medical director - clinical performance team,1,Associate Medical Director - Clinical Performance Team,,physician,ambiguous,,weak pattern only
low,associate medical director population health and quality-md do np pa,1,"Associate Medical Director Population Health and Quality-MD,DO,NP,PA",,physician,ambiguous,,weak pattern only
low,aws cloud it project manager cld-0226a 100% onsite bethesda md,1,"AWS Cloud IT Project Manager (CLD-0226A) // 100% Onsite // Bethesda, MD",,physician,ambiguous,,weak pattern only
low,banking service technician - physical security - baltimore md,1,"Banking Service Technician - Physical Security - Baltimore, MD",,physician,ambiguous,,weak pattern only
low,behavioral health medical director - n. central medicaid,1,Behavioral Health Medical Director - N. Central Medicaid,,physician,ambiguous,,weak pattern only
low,behavioral medical director - louisiana,1,Behavioral Medical Director - Louisiana,,physician,ambiguous,,weak pattern only
low,bilingual spanish branch manager - montgomery county md branches,1,Bilingual Spanish Branch Manager - Montgomery County MD branches,,physician,ambiguous,,weak pattern only
low,bilingual universal banker spanish - downtown baltimore md,1,"Bilingual Universal Banker (Spanish) - Downtown Baltimore, MD",,physician,ambiguous,,weak pattern only
low,biologics operations submission manager- gaithersburg md,1,"Biologics Operations Submission Manager- Gaithersburg, MD",,physician,ambiguous,,weak pattern only
low,boston site medical director needed!,1,Boston Site Medical Director Needed!,,physician,ambiguous,,weak pattern only
low,campaign fundraising manager - visionaries of the year - baltimore md,1,"Campaign Fundraising Manager - Visionaries of the Year - Baltimore, MD",,physician,ambiguous,,weak pattern only
low,care management supervisor md dc northern va hybrid,1,Care Management Supervisor (MD/ DC/ Northern VA) (Hybrid),,physician,ambiguous,,weak pattern only
low,care manager md dc northern va remote,1,Care Manager (MD/DC/Northern VA) (Remote),,physician,ambiguous,,weak pattern only
low,cba- hx21 - aircraft mechanic 1 helper - naval test wing atlantic ntwl patuxent river md,1,"CBA- HX21 - Aircraft Mechanic 1 Helper - Naval Test Wing Atlantic (NTWL) Patuxent River, MD",,physician,ambiguous,,weak pattern only
low,center medical director,1,Center Medical Director,,physician,ambiguous,,weak pattern only
low,clinical territory manager diabetes- frederick md,1,"Clinical Territory Manager, Diabetes- Frederick, MD",,physician,ambiguous,,weak pattern only
low,commercial auto general liability claims supervisor - baltimore md,1,"Commercial Auto/General Liability Claims Supervisor - Baltimore, MD",,physician,ambiguous,,weak pattern only
low,construction equipment business dev manager md va nc,1,"Construction Equipment Business Dev Manager (MD, VA, NC)",,physician,ambiguous,,weak pattern only
low,construction manager - eastern pa md and nj area,1,"Construction Manager - Eastern PA, MD and NJ Area",,physician,ambiguous,,weak pattern only
low,cybersecurity sme senior ts sci ci poly 3499 - fort meade md,1,"Cybersecurity SME Senior (TS/SCI CI Poly) (3499) - Fort Meade, MD",,physician,ambiguous,,weak pattern only
low,data replication specialist at woodlawn md,1,"Data Replication Specialist at Woodlawn, MD",,physician,ambiguous,,weak pattern only
low,district manager - baltimore md,1,"District Manager - Baltimore, MD",,physician,ambiguous,,weak pattern only
low,doctor,1,Doctor,,physician,ambiguous,,weak pattern only
low,doctor's technician,1,Doctor's Technician,,physician,ambiguous,,weak pattern only
low,doctor's technician peg,1,Doctor's Technician (PEG),,physician,ambiguous,,weak pattern only
low,emergency medicine medical director - 41470br,1,Emergency Medicine Medical Director - 41470BR,,physician,ambiguous,,weak pattern only
low,emergency medicine medical director in fishers indiana - 41438br,1,"Emergency Medicine Medical Director in Fishers, Indiana - 41438BR",,physician,ambiguous,,weak pattern only
low,entry level automotive technician - capitol heights md,1,"Entry Level Automotive Technician - Capitol Heights, MD",,physician,ambiguous,,weak pattern only
low,family medicine md do,1,"Family Medicine, MD/DO",,physician,ambiguous,,weak pattern only
low,field applications specialist- md - virginia,1,Field Applications Specialist- MD - Virginia,,physician,ambiguous,,weak pattern only
low,field auto adjuster - hagerstown md,1,"Field Auto Adjuster - Hagerstown, MD",,physician,ambiguous,,weak pattern only
low,field auto adjuster - rockville md,1,"Field Auto Adjuster - Rockville, MD",,physician,ambiguous,,weak pattern only
low,field medical director ohio & kentucky,1,Field Medical Director (Ohio & Kentucky),,physician,ambiguous,,weak pattern only
low,field medical director pediatric gene editing,1,"Field Medical Director, Pediatric Gene Editing",,physician,ambiguous,,weak pattern only
low,field service technician i - columbia md,1,"Field Service Technician I - COLUMBIA MD,",,physician,ambiguous,,weak pattern only
low,field technical support- fort mead md- ts sci with full scope poly required,1,"Field Technical Support- Fort Mead, MD- TS Sci with Full Scope Poly Required",,physician,ambiguous,,weak pattern only
low,global medical director amlitelimab,1,"Global Medical Director, Amlitelimab",,physician,ambiguous,,weak pattern only
low,global safety senior medical director obesity - us remote,1,"Global Safety Senior Medical Director, Obesity - US Remote",,physician,ambiguous,,weak pattern only
low,head talent acquisition -cco cpo ssga & global markets - md,1,"Head, Talent Acquisition –CCO, CPO, SSGA & Global Markets - MD",,physician,ambiguous,,weak pattern only
low,hematology oncology medical director,1,Hematology Oncology Medical Director,,physician,ambiguous,,weak pattern only
low,home lending officer safe act dc md va,1,"Home Lending Officer (Safe Act) DC, MD, VA",,physician,ambiguous,,weak pattern only
low,hospice medical director south carolina,1,Hospice Medical Director (South Carolina),,physician,ambiguous,,weak pattern only
low,hospital medicine medical director,1,Hospital Medicine Medical Director,,physician,ambiguous,,weak pattern only
low,hospital specialty representative - northeast ny nj md,1,"Hospital Specialty Representative - Northeast (NY, NJ, MD)",,physician,ambiguous,,weak pattern only
low,installation project manager - jessup md,1,"Installation Project Manager - Jessup, MD",,physician,ambiguous,,weak pattern only
low,junior it project manager din-03hf 100% onsite bethesda md,1,"Junior IT Project Manager (DIN-03HF) // 100% Onsite Bethesda, MD",,physician,ambiguous,,weak pattern only
low,md auto field claims representative i ii sr.,1,"MD/AUTO FIELD CLAIMS REPRESENTATIVE I, II, SR.",,physician,ambiguous,,weak pattern only
low,md field claims representative i ii sr,1,"MD Field Claims Representative I, II, Sr",,physician,ambiguous,,weak pattern only
low,md portfolio manager asset based lending,1,MD Portfolio Manager / Asset Based Lending,,physician,ambiguous,,weak pattern only
low,md real estate debt asset manager,1,"MD, Real Estate Debt Asset Manager",,physician,ambiguous,,weak pattern only
low,md telephone adjuster trainee i ii sr.,1,"MD Telephone Adjuster Trainee I, II, Sr.",,physician,ambiguous,,weak pattern only
low,md uswa commercial strategy and planning,1,"MD, USWA Commercial Strategy and Planning",,physician,ambiguous,,weak pattern only
low,medical director - emergency medicine - ascension st. vincent indianapolis south,1,Medical Director - Emergency Medicine - Ascension St. Vincent Indianapolis South,,physician,ambiguous,,weak pattern only
low,medical director - hospital & ancillary relations,1,Medical Director - Hospital & Ancillary Relations,,physician,ambiguous,,weak pattern only
low,medical director - mid west region,1,Medical Director - Mid West Region,,physician,ambiguous,,weak pattern only
low,medical director - principal investigator,1,Medical Director - Principal Investigator,,physician,ambiguous,,weak pattern only
low,medical director - southeast region,1,Medical Director - Southeast Region,,physician,ambiguous,,weak pattern only
low,medical director california,1,Medical Director (California),,physician,ambiguous,,weak pattern only
low,medical director clinical development # 3729,1,"Medical Director, Clinical Development # 3729",,physician,ambiguous,,weak pattern only
low,medical director drug safety,1,"Medical Director, Drug Safety",,physician,ambiguous,,weak pattern only
low,medical director fertility,1,"Medical Director, Fertility",,physician,ambiguous,,weak pattern only
low,medical director late clinical development,1,"Medical Director, Late Clinical Development",,physician,ambiguous,,weak pattern only
low,medical director md or do hybrid,1,Medical Director (MD or DO) Hybrid,,physician,ambiguous,,weak pattern only
low,medical director of ophthalmology,1,Medical Director of Ophthalmology,,physician,ambiguous,,weak pattern only
low,medical director oncology asset development team,1,"Medical Director, Oncology Asset Development Team",,physician,ambiguous,,weak pattern only
low,medical director pharmacovigilance,1,"Medical Director, Pharmacovigilance",,physician,ambiguous,,weak pattern only
low,medical director promo advertising,1,Medical Director (Promo/Advertising),,physician,ambiguous,,weak pattern only
low,medical director student health services - washington university school of medicine,1,Medical Director Student Health Services - Washington University School of Medicine,,physician,ambiguous,,weak pattern only
low,medical director surgical services - 1936443,1,"Medical Director, Surgical Services - 1936443",,physician,ambiguous,,weak pattern only
low,medical director us,1,"Medical Director, US",,physician,ambiguous,,weak pattern only
low,medical director-diabetes,1,Medical Director-Diabetes,,physician,ambiguous,,weak pattern only
low,medical director-emergency department opportunity in port charlotte florida,1,"Medical Director-Emergency Department Opportunity in Port Charlotte, Florida",,physician,ambiguous,,weak pattern only
low,medical director-medical oncology,1,Medical Director-Medical Oncology,,physician,ambiguous,,weak pattern only
low,medical director-rumford me,1,"Medical Director-Rumford, ME",,physician,ambiguous,,weak pattern only
low,medical doctor - telehealth platform - california - remote,1,Medical Doctor - Telehealth Platform - California - Remote,,physician,ambiguous,,weak pattern only
low,medical social worker - lmsw lcsw towson md - $50 hr,1,"Medical Social Worker - (LMSW/LCSW) Towson, MD - $50/hr",,physician,ambiguous,,weak pattern only
low,multiple jobs within the aims independent schools in md & dc,1,Multiple jobs within the AIMS independent schools in MD & DC,,physician,ambiguous,,weak pattern only
low,occupational therapist - salisbury md,1,"Occupational Therapist - Salisbury, MD",,physician,ambiguous,,weak pattern only
low,office manager hybrid - columbia md,1,"Office Manager (Hybrid - Columbia, MD)",,physician,ambiguous,,weak pattern only
low,optometrist maple lawn eye care center - fulton md,1,"Optometrist (Maple Lawn Eye Care Center) - Fulton, MD",,physician,ambiguous,,weak pattern only
low,part time retail merchandiser - capital heights md 20743,1,Part Time Retail Merchandiser - Capital Heights MD 20743,,physician,ambiguous,,weak pattern only
low,pediatric nursery medical director-newark ny,1,"Pediatric Nursery Medical Director-Newark, NY",,physician,ambiguous,,weak pattern only
low,peer support specialist assertive community treatment - baltimore md,1,"Peer Support Specialist, Assertive Community Treatment - Baltimore, MD",,physician,ambiguous,,weak pattern only
low,penta - fiber splice technician md,1,"Penta - Fiber Splice Technician, MD",,physician,ambiguous,,weak pattern only
low,physical medicine and rehabilitation md-redding ca,1,Physical Medicine and Rehabilitation MD-Redding CA,,physician,ambiguous,,weak pattern only
low,physical therapist- op ortho montgomery county md prn,1,Physical Therapist- OP Ortho Montgomery County MD (PRN),,physician,ambiguous,,weak pattern only
low,product lifecycle manager hybrid md dc va,1,Product Lifecycle Manager (Hybrid MD/DC/VA),,physician,ambiguous,,weak pattern only
low,quality assurance specialist - drug pharma biotech medical devices - frederick md wilson nc,1,"Quality Assurance Specialist - DRUG (Pharma/Biotech/Medical Devices) - Frederick, MD/Wilson, NC",,physician,ambiguous,,weak pattern only
low,radiation oncology medical director - remote,1,Radiation Oncology Medical Director - Remote,,physician,ambiguous,,weak pattern only
low,senior aws cloud ops engineer cldops-03 100% on-site bethesda md,1,"Senior AWS Cloud Ops Engineer (CLDOPS-03) // 100% On-Site Bethesda, MD",,physician,ambiguous,,weak pattern only
low,senior it project manager cldops-01 us or gc 100% on-site bethesda md 1099,1,"Senior IT Project Manager (CLDOPS-01) // US or GC // 100% On-Site Bethesda, MD // 1099",,physician,ambiguous,,weak pattern only
low,senior medical director,1,Senior Medical Director,,physician,ambiguous,,weak pattern only
low,senior medical director clinical development- rheumatology,1,"Senior Medical Director, Clinical Development-(Rheumatology)",,physician,ambiguous,,weak pattern only
low,senior medical director clinical um operations,1,"Senior Medical Director, Clinical UM Operations",,physician,ambiguous,,weak pattern only
low,senior medical director elder services plan,1,"Senior Medical Director, Elder Services Plan",,physician,ambiguous,,weak pattern only
low,senior medical director of community health centers,1,Senior Medical Director of Community Health Centers,,physician,ambiguous,,weak pattern only
low,senior relationship banker - dual highway branch hagerstown md,1,Senior Relationship Banker - Dual Highway Branch/ Hagerstown MD,,physician,ambiguous,,weak pattern only
low,site medical director senior & complex care,1,"Site Medical Director, Senior & Complex Care",,physician,ambiguous,,weak pattern only
low,site medical director-neuroimaging opportunity in port st. lucie fl,1,"Site Medical Director-NeuroImaging Opportunity in Port St. Lucie, FL",,physician,ambiguous,,weak pattern only
low,site shift supervisor residential rehabilitation - frederick md,1,"Site Shift Supervisor, Residential Rehabilitation - Frederick, MD",,physician,ambiguous,,weak pattern only
low,skilled nursing facility medical director in johnson city tn - 41448br,1,"Skilled Nursing Facility Medical Director in Johnson City, TN - 41448BR",,physician,ambiguous,,weak pattern only
low,snf post acute md,1,SNF Post Acute MD,,physician,ambiguous,,weak pattern only
low,social worker professional counselor adult residential treatment center - frederick md,1,"Social Worker / Professional Counselor, Adult Residential Treatment Center - Frederick, MD",,physician,ambiguous,,weak pattern only
low,sr medical director,1,Sr Medical Director,,physician,ambiguous,,weak pattern only
low,sr medical director us emerging portfolio and metabolism,1,"Sr Medical Director, US Emerging Portfolio and Metabolism",,physician,ambiguous,,weak pattern only
low,sr. clinical development medical director,1,Sr. Clinical Development Medical Director,,physician,ambiguous,,weak pattern only
low,sr. medical affairs medical director,1,Sr. Medical Affairs Medical Director,,physician,ambiguous,,weak pattern only
low,sr. medical director benlysta,1,"Sr. Medical Director, Benlysta",,physician,ambiguous,,weak pattern only
low,sr. medical director medical director neurology,1,"Sr. Medical Director/Medical Director, Neurology",,physician,ambiguous,,weak pattern only
low,store general manager - rockville md area,1,"Store General Manager - Rockville, MD Area",,physician,ambiguous,,weak pattern only
low,substation trainee - 90373996 - odenton md,1,"Substation Trainee - 90373996 - Odenton, MD",,physician,ambiguous,,weak pattern only
low,substation trainee new hire - 90373999 - baltimore md,1,"Substation Trainee New Hire - 90373999 - Baltimore, MD",,physician,ambiguous,,weak pattern only
low,system administrator level - 2 ts sci w poly - fort meade md,1,"System Administrator Level - 2 (TS/SCI w/ Poly) - Fort Meade, MD",,physician,ambiguous,,weak pattern only
low,system medical director research,1,System Medical Director Research,,physician,ambiguous,,weak pattern only
low,system technologist - beltsville md,1,"System Technologist - Beltsville, MD",,physician,ambiguous,,weak pattern only
low,telemedicine opportunity for md do np pa join ksp health in missouri!,1,Telemedicine  Opportunity for MD/DO/NP/PA: Join KSP Health in Missouri!,,physician,ambiguous,,weak pattern only
low,travel rad tech - $2 333 per week in baltimore md,1,"Travel Rad Tech - $2,333 per week in Baltimore, MD",,physician,ambiguous,,weak pattern only
low,us medical director - healthcare innovation and clinical transformation - cvrm,1,US Medical Director - Healthcare Innovation and Clinical Transformation - CVRM,,physician,ambiguous,,weak pattern only
low,vaccines health & science professional - annapolis md,1,"Vaccines Health & Science Professional - Annapolis, MD",,physician,ambiguous,,weak pattern only
low,value based care medical director - new jersey hybrid,1,Value Based Care Medical Director - New Jersey (Hybrid),,physician,ambiguous,,weak pattern only
low,vp ehealth clinical operations medical doctor required,1,VP eHealth Clinical Operations (Medical Doctor required),,physician,ambiguous,,weak pattern only
low,part-time faculty doctoral mentor doctor of education guidedpath,1,"Part-Time Faculty (Doctoral Mentor), Doctor of Education, GuidedPath",,physician|professor,ambiguous,,weak pattern only
low,physician-st. elizabeth family medicine residency faculty,1,Physician-St. Elizabeth Family Medicine Residency Faculty,physician,physician|professor,ambiguous,,flagged / weak match: professor
low,amazing therapist psychiatrist or psychologist,1,"Amazing Therapist, Psychiatrist, or Psychologist",,physician|psychologist,ambiguous,,matches several occupations
low,medical ai tutor md required,1,Medical AI Tutor (MD Required),,physician|teacher,ambiguous,,weak pattern only
low,instructor,5,Instructor,,professor,ambiguous,,weak pattern only
low,welding instructor,3,Welding Instructor,,professor,ambiguous,,weak pattern only
low,bsn instructor - med surge,2,BSN Instructor - Med Surge,,professor,ambiguous,,weak pattern only
low,emergency management coordinator instructor ii,2,EMERGENCY MANAGEMENT COORDINATOR/INSTRUCTOR II,,professor,ambiguous,,weak pattern only
low,faculty group practice medical assistant 35,2,Faculty Group Practice Medical Assistant (35),,professor,ambiguous,,weak pattern only
low,faculty group practice sec i,2,Faculty Group Practice Sec I,,professor,ambiguous,,weak pattern only
low,peoplesoft human capital management hcm instructor trainer,2,PeopleSoft Human Capital Management HCM Instructor Trainer,,professor,ambiguous,,weak pattern only
low,surgical technology instructor,2,Surgical Technology Instructor,,professor,ambiguous,,weak pattern only
low,training instructor vocational training instructor - culinary arts,2,Training Instructor (Vocational Training Instructor - Culinary Arts),,professor,ambiguous,,weak pattern only
low,abe ged instructor,1,ABE/GED instructor,,professor,ambiguous,,weak pattern only
low,academic instructor - mathematics,1,Academic Instructor - Mathematics,,professor,ambiguous,,weak pattern only
low,academic instructor float,1,Academic Instructor Float,,professor,ambiguous,,weak pattern only
low,academic support faculty ft,1,Academic Support FACULTY FT,,professor,ambiguous,,weak pattern only
low,adjunct english instructor,1,Adjunct English Instructor,,professor,ambiguous,,weak pattern only
low,adjunct instructor - bsnu capstone,1,Adjunct Instructor - BSNU Capstone,,professor,ambiguous,,weak pattern only
low,adjunct instructor barbering - h,1,"Adjunct Instructor, Barbering - (H)",,professor,ambiguous,,weak pattern only
low,adjunct instructor pool - pediatric acute care np program,1,Adjunct Instructor Pool - Pediatric Acute Care NP Program,,professor,ambiguous,,weak pattern only
low,administrative assistant faculty support 87666br,1,"Administrative Assistant, Faculty Support (87666BR)",,professor,ambiguous,,weak pattern only
low,administrative assistant faculty support 87667br,1,"Administrative Assistant, Faculty Support (87667BR)",,professor,ambiguous,,weak pattern only
low,adobe software instructor,1,Adobe Software Instructor,,professor,ambiguous,,weak pattern only
low,ai enthusiast software engineers full stack backend instructor,1,AI Enthusiast Software Engineers (Full Stack / Backend) Instructor,,professor,ambiguous,,weak pattern only
low,air traffic control instructor at d01,1,Air Traffic Control Instructor at D01,,professor,ambiguous,,weak pattern only
low,air traffic control instructor at iah,1,Air Traffic Control Instructor at IAH,,professor,ambiguous,,weak pattern only
low,aircraft maintenance training instructor,1,Aircraft Maintenance Training Instructor,,professor,ambiguous,,weak pattern only
low,aircraft structures instructor,1,Aircraft Structures Instructor,,professor,ambiguous,,weak pattern only
low,antenna engineer faculty,1,Antenna Engineer (Faculty),,professor,ambiguous,,weak pattern only
low,asset management systems instructor eams instructor,1,Asset Management Systems Instructor (EAMS Instructor),,professor,ambiguous,,weak pattern only
low,assistant technical instructor- mine operations,1,Assistant Technical Instructor- Mine Operations,,professor,ambiguous,,weak pattern only
low,associate dean of nursing faculty - sacramento,1,Associate Dean of Nursing Faculty - Sacramento,,professor,ambiguous,,weak pattern only
low,associate faculty - psychology research and ethics graduate - part-time virtual,1,Associate Faculty - Psychology Research and Ethics Graduate - Part-Time (Virtual),,professor,ambiguous,,weak pattern only
low,auto instructor,1,Auto Instructor,,professor,ambiguous,,weak pattern only
low,automotive services technology instructor,1,Automotive Services Technology Instructor,,professor,ambiguous,,weak pattern only
low,automotive technician instructor,1,Automotive Technician Instructor,,professor,ambiguous,,weak pattern only
low,aviation ground school instructor,1,Aviation Ground School Instructor,,professor,ambiguous,,weak pattern only
low,barre instructor part-time,1,Barre Instructor (part-time),,professor,ambiguous,,weak pattern only
low,basic life support instructor,1,Basic Life Support Instructor,,professor,ambiguous,,weak pattern only
low,business of art and design department full-time faculty,1,"Business of Art and Design Department, Full-Time Faculty",,professor,ambiguous,,weak pattern only
low,casual hire part time intensive english program instructor,1,"Casual hire, part time, Intensive English Program instructor",,professor,ambiguous,,weak pattern only
low,cdl instructor,1,CDL Instructor,,professor,ambiguous,,weak pattern only
low,cdl-a instructor,1,CDL-A Instructor,,professor,ambiguous,,weak pattern only
low,certified children's snowsports instructor winter 2024 2025,1,Certified Children's SnowSports Instructor Winter 2024/2025,,professor,ambiguous,,weak pattern only
low,certified snowsports instructor winter 2024 2025,1,Certified SnowSports Instructor Winter 2024/2025,,professor,ambiguous,,weak pattern only
low,chef instructor pastry sur la table,1,"Chef Instructor, Pastry (Sur La Table)",,professor,ambiguous,,weak pattern only
low,chef instructor savory,1,"Chef Instructor, Savory",,professor,ambiguous,,weak pattern only
low,chef instructor savory sur la table,1,"Chef Instructor, Savory (Sur La Table)",,professor,ambiguous,,weak pattern only
low,chemistry instructor - palisades mi,1,"Chemistry Instructor - Palisades, MI",,professor,ambiguous,,weak pattern only
low,chinese language instructor,1,Chinese Language Instructor,,professor,ambiguous,,weak pattern only
low,clinical coordinator & faculty rad tech,1,"Clinical Coordinator & Faculty, Rad Tech",,professor,ambiguous,,weak pattern only
low,clinical instructor adjunct,1,"Clinical Instructor, Adjunct",,professor,ambiguous,,weak pattern only
low,clinical instructor of surgery fellow =chla plastics,1,Clinical Instructor of Surgery (Fellow)=CHLA Plastics,,professor,ambiguous,,weak pattern only
low,cna course instructor,1,CNA Course Instructor,,professor,ambiguous,,weak pattern only
low,community habilitation instructor,1,Community Habilitation Instructor,,professor,ambiguous,,weak pattern only
low,core faculty counseling and psychology open rank,1,"Core Faculty, Counseling and Psychology (Open Rank)",,professor,ambiguous,,weak pattern only
low,corrections food service instructor - sci muncy,1,Corrections Food Service Instructor - SCI Muncy,,professor,ambiguous,,weak pattern only
low,corrections food service instructor - sci smithfield,1,Corrections Food Service Instructor - SCI Smithfield,,professor,ambiguous,,weak pattern only
low,counseling faculty tenure track,1,Counseling Faculty (Tenure Track),,professor,ambiguous,,weak pattern only
low,cyber security instructor,1,Cyber Security Instructor,,professor,ambiguous,,weak pattern only
low,dangerous goods instructor,1,Dangerous Goods Instructor,,professor,ambiguous,,weak pattern only
low,delta professional services non-seniority list instructor,1,Delta Professional Services Non-Seniority List Instructor,,professor,ambiguous,,weak pattern only
low,design instructor,1,Design Instructor,,professor,ambiguous,,weak pattern only
low,development assistant office of gift planning faculty of arts and sciences 65526br,1,"Development Assistant, Office of Gift Planning, Faculty of Arts and Sciences (65526BR)",,professor,ambiguous,,weak pattern only
low,director faculty affairs,1,"Director, Faculty Affairs",,professor,ambiguous,,weak pattern only
low,director of diversity equity & inclusion for faculty and staff engagement,1,"Director of Diversity, Equity & Inclusion for Faculty and Staff Engagement",,professor,ambiguous,,weak pattern only
low,division of general pediatrics - adjunct clinical x hs clinical and in residence faculty series,1,"Division of General Pediatrics – Adjunct, Clinical X, HS Clinical, and In Residence Faculty Series",,professor,ambiguous,,weak pattern only
low,early education youth soccer instructor,1,Early Education Youth Soccer Instructor,,professor,ambiguous,,weak pattern only
low,ehr learning instructor ii,1,EHR Learning Instructor II,,professor,ambiguous,,weak pattern only
low,emergency medical technician emt paramedic instructor - onsite lead,1,Emergency Medical Technician (EMT) / Paramedic Instructor - Onsite Lead,,professor,ambiguous,,weak pattern only
low,ems instructor north region facilities,1,"EMS Instructor, North Region Facilities",,professor,ambiguous,,weak pattern only
low,engineering faculty,1,Engineering Faculty,,professor,ambiguous,,weak pattern only
low,english language instructor,1,English Language Instructor,,professor,ambiguous,,weak pattern only
low,equipment operator instructor ny helps region 5,1,Equipment Operator Instructor NY HELPS (Region 5),,professor,ambiguous,,weak pattern only
low,f a-18 senior instructor pilot,1,F/A-18 Senior Instructor Pilot,,professor,ambiguous,,weak pattern only
low,faculty assistant administrative,1,"Faculty Assistant, Administrative",,professor,ambiguous,,weak pattern only
low,faculty development coach,1,Faculty Development Coach,,professor,ambiguous,,weak pattern only
low,faculty for nursing college - advance med - surg - jacksonville fl.,1,"Faculty for Nursing College - Advance Med - Surg - Jacksonville, Fl.",,professor,ambiguous,,weak pattern only
low,faculty for nursing college - anatomy and physiology,1,Faculty for Nursing College - Anatomy and Physiology,,professor,ambiguous,,weak pattern only
low,faculty for nursing college - foundations - largo fl,1,Faculty for Nursing College - Foundations - Largo FL,,professor,ambiguous,,weak pattern only
low,faculty for nursing college - fundamentals of nursing - brooksville fl,1,Faculty for Nursing College - Fundamentals of Nursing - Brooksville FL,,professor,ambiguous,,weak pattern only
low,faculty for nursing college - fundamentals of nursing - theory - brooksville,1,Faculty for Nursing College - Fundamentals of Nursing - Theory - Brooksville,,professor,ambiguous,,weak pattern only
low,faculty for nursing college - jacksonville fl.,1,"Faculty for Nursing College - Jacksonville, Fl.",,professor,ambiguous,,weak pattern only
low,faculty for nursing college - largo fl,1,Faculty for Nursing College - Largo FL,,professor,ambiguous,,weak pattern only
low,faculty for nursing college - ob\ peds clinicals - jacksonville fl,1,"Faculty for Nursing College - OB\/PEDS Clinicals - Jacksonville, FL",,professor,ambiguous,,weak pattern only
low,faculty for nursing college - port charlotte fl,1,"Faculty for Nursing College - Port Charlotte, FL",,professor,ambiguous,,weak pattern only
low,faculty group practice office manager **howard beach**,1,Faculty Group Practice Office Manager **Howard Beach**,,professor,ambiguous,,weak pattern only
low,faculty group practice radiologic patient flow associate **manhattan** monday - friday 9am - 5pm,1,Faculty Group Practice Radiologic Patient Flow Associate **Manhattan** Monday - Friday; 9AM - 5PM,,professor,ambiguous,,weak pattern only
low,faculty group practice sec i-intake sched 35,1,Faculty Group Practice Sec I-Intake/Sched (35),,professor,ambiguous,,weak pattern only
low,faculty instructor - criminal justice and political science instructors,1,Faculty Instructor - Criminal Justice and Political Science Instructors,,professor,ambiguous,,weak pattern only
low,field instructor,1,Field Instructor,,professor,ambiguous,,weak pattern only
low,foreign language instructor - multiple languages,1,Foreign Language Instructor - Multiple languages,,professor,ambiguous,,weak pattern only
low,french instructor and tester,1,French Instructor and Tester,,professor,ambiguous,,weak pattern only
low,ft faculty dental hygiene,1,FT Faculty Dental Hygiene,,professor,ambiguous,,weak pattern only
low,full time faculty physician assistant,1,"Full Time Faculty, Physician Assistant",,professor,ambiguous,,weak pattern only
low,full-time nursing instructor - shadyside school of nursing,1,Full-Time Nursing Instructor - Shadyside School of Nursing,,professor,ambiguous,,weak pattern only
low,gc retail instructor store 227,1,GC Retail Instructor Store 227,,professor,ambiguous,,weak pattern only
low,gc retail instructor store 229,1,GC Retail Instructor Store 229,,professor,ambiguous,,weak pattern only
low,gc retail instructor store 615,1,GC Retail Instructor Store 615,,professor,ambiguous,,weak pattern only
low,general instructor position-fairpark family center,1,General Instructor Position-Fairpark Family Center,,professor,ambiguous,,weak pattern only
low,generative ai instructor,1,Generative AI Instructor,,professor,ambiguous,,weak pattern only
low,group class instructor - substitute,1,Group Class Instructor - Substitute,,professor,ambiguous,,weak pattern only
low,group exercise instructor,1,Group Exercise Instructor,,professor,ambiguous,,weak pattern only
low,group exercise instructor - healthy living ii,1,Group Exercise Instructor - Healthy Living II,,professor,ambiguous,,weak pattern only
low,heating ventilation and air conditioning instructor,1,"Heating, Ventilation, and Air Conditioning Instructor",,professor,ambiguous,,weak pattern only
low,humint instructor,1,HUMINT Instructor,,professor,ambiguous,,weak pattern only
low,independent aviation security instructor,1,Independent Aviation Security Instructor,,professor,ambiguous,,weak pattern only
low,instructor - auto,1,Instructor - Auto,,professor,ambiguous,,weak pattern only
low,instructor - marketing and communications,1,Instructor - Marketing and Communications,,professor,ambiguous,,weak pattern only
low,instructor - multimedia,1,INSTRUCTOR - MULTIMEDIA,,professor,ambiguous,,weak pattern only
low,instructor - nutrition part-time,1,Instructor - Nutrition (Part-time),,professor,ambiguous,,weak pattern only
low,instructor - philosophy,1,Instructor - Philosophy,,professor,ambiguous,,weak pattern only
low,instructor automotive service technology ford asset,1,"Instructor, Automotive Service Technology Ford Asset",,professor,ambiguous,,weak pattern only
low,instructor college & career kipp sharpstown,1,"Instructor, College & Career (KIPP Sharpstown)",,professor,ambiguous,,weak pattern only
low,instructor computer information technology,1,"Instructor, Computer Information Technology",,professor,ambiguous,,weak pattern only
low,instructor i nursing,1,"Instructor I, Nursing",,professor,ambiguous,,weak pattern only
low,instructor of chemistry and biology academy,1,Instructor of Chemistry and Biology (Academy),,professor,ambiguous,,weak pattern only
low,instructor pools 24-25,1,Instructor Pools 24-25,,professor,ambiguous,,weak pattern only
low,instructor prelicensure clinical,1,"Instructor, Prelicensure Clinical",,professor,ambiguous,,weak pattern only
low,instructor s.e.p seasonal,1,Instructor S.E.P (Seasonal),,professor,ambiguous,,weak pattern only
low,instructor trainer,1,Instructor Trainer,,professor,ambiguous,,weak pattern only
low,instructor trainer curriculum designer,1,Instructor /Trainer /Curriculum Designer,,professor,ambiguous,,weak pattern only
low,instructor-bs,1,Instructor-BS,,professor,ambiguous,,weak pattern only
low,integral counseling psychology core faculty full-time,1,Integral Counseling Psychology Core Faculty (Full-Time),,professor,ambiguous,,weak pattern only
low,intern golf instructor,1,"Intern, Golf Instructor",,professor,ambiguous,,weak pattern only
low,ipc trainer certified j-std-001 soldering credential aerospace electrical instructor trainer,1,IPC Trainer Certified (J-STD-001 Soldering Credential) Aerospace Electrical Instructor/Trainer,,professor,ambiguous,,weak pattern only
low,it instructor trainer,1,IT Instructor Trainer,,professor,ambiguous,,weak pattern only
low,it support technical instructor,1,IT Support Technical Instructor,,professor,ambiguous,,weak pattern only
low,kids instructor,1,Kids Instructor,,professor,ambiguous,,weak pattern only
low,laboratory instructor,1,Laboratory Instructor,,professor,ambiguous,,weak pattern only
low,lead instructor - biomedical careers program,1,Lead Instructor - Biomedical Careers Program,,professor,ambiguous,,weak pattern only
low,lead instructor computer science summer camp,1,Lead Instructor: Computer Science Summer Camp,,professor,ambiguous,,weak pattern only
low,lsat prep instructor arizona state university,1,"LSAT Prep Instructor, Arizona State University",,professor,ambiguous,,weak pattern only
low,maintenance supervisor signals ii instructor,1,Maintenance Supervisor (Signals) II (Instructor),,professor,ambiguous,,weak pattern only
low,makerspace instructor,1,Makerspace Instructor,,professor,ambiguous,,weak pattern only
low,math instructor,1,Math Instructor,,professor,ambiguous,,weak pattern only
low,mcat prep instructor - michigan state university,1,MCAT Prep Instructor - Michigan State University,,professor,ambiguous,,weak pattern only
low,mcat prep instructor - university of colorado boulder,1,"MCAT Prep Instructor - University of Colorado, Boulder",,professor,ambiguous,,weak pattern only
low,mcat prep instructor - university of maryland,1,MCAT Prep Instructor - University of Maryland,,professor,ambiguous,,weak pattern only
low,mcpa law enforcement instructor,1,MCPA Law Enforcement Instructor,,professor,ambiguous,,weak pattern only
low,medical admin assistant instructor - sacramento,1,Medical Admin Assistant Instructor - Sacramento,,professor,ambiguous,,weak pattern only
low,medical administrative asst. maa instructor,1,Medical Administrative Asst. (MAA) Instructor,,professor,ambiguous,,weak pattern only
low,medical assistant instructor- evening,1,Medical Assistant Instructor- Evening,,professor,ambiguous,,weak pattern only
low,music instructor - harp,1,Music Instructor – Harp,,professor,ambiguous,,weak pattern only
low,nclex instructor - cleveland oh on-site,1,"NCLEX Instructor - Cleveland, OH (On-Site)",,professor,ambiguous,,weak pattern only
low,nclex instructor - lima oh on-site,1,"NCLEX Instructor - Lima, OH (On-Site)",,professor,ambiguous,,weak pattern only
low,nclex instructor - mocksville nc on-site,1,"NCLEX Instructor - Mocksville, NC (On-Site)",,professor,ambiguous,,weak pattern only
low,nclex instructor - richmond va on-site,1,"NCLEX Instructor - Richmond, VA (On-Site)",,professor,ambiguous,,weak pattern only
low,nclex instructor - syracuse ny on-site,1,"NCLEX Instructor - Syracuse, NY (On-Site)",,professor,ambiguous,,weak pattern only
low,nursing assistant home health aide instructor,1,Nursing Assistant/Home Health Aide Instructor,,professor,ambiguous,,weak pattern only
low,nursing faculty - pearland tx campus,1,Nursing Faculty - Pearland TX Campus,,professor,ambiguous,,weak pattern only
low,nursing faculty full time,1,Nursing Faculty (FULL TIME),,professor,ambiguous,,weak pattern only
low,nursing instructor advanced med surg geriatrics - maurine church coburn school of nursing,1,Nursing Instructor (Advanced Med Surg/Geriatrics)- Maurine Church Coburn School of Nursing,,professor,ambiguous,,weak pattern only
low,nursing instructor mental health - theory adjunct,1,"Nursing Instructor, Mental Health - Theory Adjunct",,professor,ambiguous,,weak pattern only
low,outdoor recreation and alternative sports instructor,1,Outdoor Recreation and Alternative Sports Instructor,,professor,ambiguous,,weak pattern only
low,paramedic instructor,1,Paramedic Instructor,,professor,ambiguous,,weak pattern only
low,part time faculty physician assistant,1,"Part Time Faculty, Physician Assistant",,professor,ambiguous,,weak pattern only
low,part-time faculty - mba program marketing management supply chain and data analytics,1,"Part-Time Faculty - MBA Program: Marketing, Management, Supply Chain and Data Analytics",,professor,ambiguous,,weak pattern only
low,part-time faculty introduction to theory and critique 71103,1,Part-Time Faculty: Introduction to Theory and Critique (71103),,professor,ambiguous,,weak pattern only
low,part-time online english and coding instructor,1,Part-Time Online English and Coding Instructor,,professor,ambiguous,,weak pattern only
low,part-time real estate instructor minnesota,1,Part-time Real Estate Instructor (Minnesota),,professor,ambiguous,,weak pattern only
low,peoplesoft hcm instructor trainer,1,PeopleSoft HCM Instructor Trainer,,professor,ambiguous,,weak pattern only
low,pharmacology faculty,1,Pharmacology Faculty,,professor,ambiguous,,weak pattern only
low,phenom 100 300 ground school instructor,1,Phenom 100/300 Ground School Instructor,,professor,ambiguous,,weak pattern only
low,physical therapist - instructor,1,Physical Therapist - Instructor,,professor,ambiguous,,weak pattern only
low,pickleball instructor,1,Pickleball Instructor,,professor,ambiguous,,weak pattern only
low,pilates instructor,1,Pilates Instructor,,professor,ambiguous,,weak pattern only
low,pilates instructor sports core - copy,1,"Pilates Instructor, Sports Core - copy",,professor,ambiguous,,weak pattern only
low,practical nursing instructor,1,Practical Nursing Instructor,,professor,ambiguous,,weak pattern only
low,pre-college instructor introduction to finance & investment management summer 2024,1,"Pre-College Instructor, Introduction to Finance & Investment Management, Summer 2024",,professor,ambiguous,,weak pattern only
low,pre-college instructor introduction to neuroscience understanding the brain summer 2024,1,"Pre-College Instructor, Introduction to Neuroscience: Understanding the Brain, Summer 2024",,professor,ambiguous,,weak pattern only
low,pre-college instructor the origin and evolution of the universe summer 2024,1,"Pre-College Instructor, The Origin and Evolution of the Universe, Summer 2024",,professor,ambiguous,,weak pattern only
low,preclinical faculty,1,Preclinical Faculty,,professor,ambiguous,,weak pattern only
low,product and application instructor-west,1,Product and Application Instructor-West,,professor,ambiguous,,weak pattern only
low,professional development instructor,1,Professional Development Instructor,,professor,ambiguous,,weak pattern only
low,program instructor - stone canyon outdoor edventures fall 2024,1,Program Instructor - Stone Canyon Outdoor EdVentures (Fall 2024),,professor,ambiguous,,weak pattern only
low,radiation protection instructor - palisades mi,1,"Radiation Protection Instructor - Palisades, MI",,professor,ambiguous,,weak pattern only
low,reading instructor,1,Reading Instructor,,professor,ambiguous,,weak pattern only
low,recreation aid power boat instructor,1,Recreation Aid (Power Boat Instructor),,professor,ambiguous,,weak pattern only
low,recreation instructor,1,Recreation Instructor,,professor,ambiguous,,weak pattern only
low,rehabilitation instructor,1,REHABILITATION INSTRUCTOR,,professor,ambiguous,,weak pattern only
low,robotics and automation instructor,1,Robotics and Automation Instructor,,professor,ambiguous,,weak pattern only
low,robotics instructor,1,Robotics Instructor,,professor,ambiguous,,weak pattern only
low,salesforce ba instructor,1,Salesforce BA Instructor,,professor,ambiguous,,weak pattern only
low,school of technology full-time computer science instructor,1,School of Technology: Full-Time Computer Science Instructor,,professor,ambiguous,,weak pattern only
low,scuba instructor assistant - task worker,1,SCUBA Instructor/Assistant - TASK Worker,,professor,ambiguous,,weak pattern only
low,security & protect srvs instructor - saj,1,Security & Protect Srvs Instructor - SAJ,,professor,ambiguous,,weak pattern only
low,senior leadership training instructor,1,Senior Leadership Training Instructor,,professor,ambiguous,,weak pattern only
low,sessional faculty master of arts in counselling psychology,1,"Sessional Faculty, Master of Arts in Counselling Psychology",,professor,ambiguous,,weak pattern only
low,software test engineer instructor,1,Software Test Engineer Instructor,,professor,ambiguous,,weak pattern only
low,spanish instructor,1,Spanish Instructor,,professor,ambiguous,,weak pattern only
low,special instructor- early intervention,1,Special Instructor- Early Intervention,,professor,ambiguous,,weak pattern only
low,special warfare - touchstone lead instructor,1,Special Warfare – Touchstone Lead Instructor,,professor,ambiguous,,weak pattern only
low,sr m&t instructor,1,Sr M&T Instructor,,professor,ambiguous,,weak pattern only
low,sr. gas instructor,1,Sr. Gas Instructor,,professor,ambiguous,,weak pattern only
low,stem summer camp instructor,1,STEM Summer Camp Instructor,,professor,ambiguous,,weak pattern only
low,sterile processing instructor - per diem,1,Sterile Processing Instructor - Per Diem,,professor,ambiguous,,weak pattern only
low,sticu advanced practice provider instructor np pa,1,"STICU Advanced Practice Provider, Instructor (NP/PA)",,professor,ambiguous,,weak pattern only
low,summer instructor lynwood,1,"Summer Instructor, Lynwood",,professor,ambiguous,,weak pattern only
low,supervisory training instructor with security clearance,1,Supervisory Training Instructor with Security Clearance,,professor,ambiguous,,weak pattern only
low,surgical tech instructor - part-time,1,Surgical Tech Instructor - Part-Time,,professor,ambiguous,,weak pattern only
low,swahili instructor,1,Swahili Instructor,,professor,ambiguous,,weak pattern only
low,tdy air traffic control sme-instructor at phl,1,TDY Air Traffic Control SME-Instructor at PHL,,professor,ambiguous,,weak pattern only
low,technical instructor traveling,1,Technical Instructor Traveling,,professor,ambiguous,,weak pattern only
low,theatre instructor for speech communication & theatre department,1,THEATRE Instructor for Speech Communication & Theatre Department,,professor,ambiguous,,weak pattern only
low,thrive scholar summer academy web lead instructor full time summer contract,1,"Thrive Scholar Summer Academy Web Lead Instructor [Full Time, Summer Contract]",,professor,ambiguous,,weak pattern only
low,thrive scholar summer academy web lead instructor part time summer contract,1,"Thrive Scholar Summer Academy Web Lead Instructor [Part Time, Summer Contract]",,professor,ambiguous,,weak pattern only
low,training and compliance instructor - first aid and safety,1,Training and Compliance Instructor - First Aid and Safety,,professor,ambiguous,,weak pattern only
low,training instructor,1,Training Instructor,,professor,ambiguous,,weak pattern only
low,training instructor i mlo,1,Training Instructor I/MLO,,professor,ambiguous,,weak pattern only
low,training instructor longbow crew trainer with security clearance,1,Training Instructor (Longbow Crew Trainer) with Security Clearance,,professor,ambiguous,,weak pattern only
low,training instructor vocational training instructor - cdl,1,Training Instructor (Vocational Training Instructor - CDL),,professor,ambiguous,,weak pattern only
low,training instructor vocational training instructor - plumbing,1,Training Instructor (Vocational Training Instructor - Plumbing),,professor,ambiguous,,weak pattern only
low,transcriptionist - faculty group practice,1,Transcriptionist - Faculty Group Practice,,professor,ambiguous,,weak pattern only
low,transit training instructor,1,Transit Training Instructor,,professor,ambiguous,,weak pattern only
low,visual art instructor,1,Visual Art Instructor,,professor,ambiguous,,weak pattern only
low,vocational nursing instructor,1,Vocational Nursing Instructor,,professor,ambiguous,,weak pattern only
low,vocational nursing instructor - part time,1,Vocational Nursing Instructor - Part Time,,professor,ambiguous,,weak pattern only
low,vocational nursing instructor - per diem - ssf,1,Vocational Nursing Instructor - Per Diem - SSF,,professor,ambiguous,,weak pattern only
low,volleyball instructor,1,Volleyball Instructor,,professor,ambiguous,,weak pattern only
low,wellness instructor,1,Wellness Instructor,,professor,ambiguous,,weak pattern only
low,wind instructor,1,Wind Instructor,,professor,ambiguous,,weak pattern only
low,workforce training instructor,1,Workforce Training Instructor,,professor,ambiguous,,weak pattern only
low,youth sports instructor,1,Youth Sports Instructor,,professor,ambiguous,,weak pattern only
low,java developer,41,Java Developer,,software_engineer,ambiguous,,weak pattern only
low,python developer,36,Python Developer,,software_engineer,ambiguous,,weak pattern only
low,application developer,19,Application Developer,,software_engineer,ambiguous,,weak pattern only
low,android developer,18,Android Developer,,software_engineer,ambiguous,,weak pattern only
low,ios developer,17,iOS Developer,,software_engineer,ambiguous,,weak pattern only
low,lead java developer,16,Lead Java Developer,,software_engineer,ambiguous,,weak pattern only
low,senior java developer,13,Senior Java Developer,,software_engineer,ambiguous,,weak pattern only
low,web developer,13,Web Developer,,software_engineer,ambiguous,,weak pattern only
low,full stack java developer,7,Full Stack Java Developer,,software_engineer,ambiguous,,weak pattern only
low,mobile application developer,5,Mobile Application Developer,,software_engineer,ambiguous,,weak pattern only
low,java application developer,4,Java Application Developer,,software_engineer,ambiguous,,weak pattern only
low,junior java developer,4,Junior Java Developer,,software_engineer,ambiguous,,weak pattern only
low,senior application developer,4,Senior Application Developer,,software_engineer,ambiguous,,weak pattern only
low,sr. java developer,4,Sr. Java Developer,,software_engineer,ambiguous,,weak pattern only
low,mobile developer,3,Mobile Developer,,software_engineer,ambiguous,,weak pattern only
low,senior web developer,3,Senior Web Developer,,software_engineer,ambiguous,,weak pattern only
low,associate application developer,2,Associate Application Developer,,software_engineer,ambiguous,,weak pattern only
low,core java developer,2,Core Java Developer,,software_engineer,ambiguous,,weak pattern only
low,java developer contract,2,Java Developer Contract,,software_engineer,ambiguous,,weak pattern only
low,java developer with aws,2,Java Developer with AWS,,software_engineer,ambiguous,,weak pattern only
low,java developer with kafka,2,Java developer with Kafka,,software_engineer,ambiguous,,weak pattern only
low,lead application developer,2,Lead Application Developer,,software_engineer,ambiguous,,weak pattern only
low,oracle application developer,2,Oracle Application Developer,,software_engineer,ambiguous,,weak pattern only
low,python developer with aws,2,Python Developer with AWS,,software_engineer,ambiguous,,weak pattern only
low,senior android developer,2,Senior Android Developer,,software_engineer,ambiguous,,weak pattern only
low,senior application developer - sharepoint,2,Senior Application Developer - Sharepoint,,software_engineer,ambiguous,,weak pattern only
low,senior fullstack java developer,2,Senior Fullstack Java Developer,,software_engineer,ambiguous,,weak pattern only
low,senior python developer,2,Senior Python Developer,,software_engineer,ambiguous,,weak pattern only
low,sr python developer,2,Sr Python Developer,,software_engineer,ambiguous,,weak pattern only
low,sr. android developer,2,Sr. Android Developer,,software_engineer,ambiguous,,weak pattern only
low,web application developer,2,Web Application Developer,,software_engineer,ambiguous,,weak pattern only
low,wordpress web developer,2,Wordpress Web Developer,,software_engineer,ambiguous,,weak pattern only
low,.net application developer,1,.Net Application Developer,,software_engineer,ambiguous,,weak pattern only
low,.net application developer only locals,1,.Net Application Developer (ONLY LOCALS),,software_engineer,ambiguous,,weak pattern only
low,.net web developer,1,.NET Web Developer,,software_engineer,ambiguous,,weak pattern only
low,.net web developer iii,1,.NET Web Developer III,,software_engineer,ambiguous,,weak pattern only
low,26202 kc life - mobile developer,1,26202 KC Life - Mobile Developer,,software_engineer,ambiguous,,weak pattern only
low,android developer intern unpaid,1,Android Developer Intern (Unpaid),,software_engineer,ambiguous,,weak pattern only
low,android developer ios developer,1,Android Developer/iOS Developer,,software_engineer,ambiguous,,weak pattern only
low,android ios developer,1,Android / IOS Developer,,software_engineer,ambiguous,,weak pattern only
low,application developer - ai - information services,1,Application Developer - AI – Information Services,,software_engineer,ambiguous,,weak pattern only
low,application developer hybrid,1,Application Developer (Hybrid),,software_engineer,ambiguous,,weak pattern only
low,application developer java javascript sql,1,Application Developer (Java/Javascript/SQL),,software_engineer,ambiguous,,weak pattern only
low,application developer lead assistant vice president,1,"Application Developer Lead, Assistant Vice President",,software_engineer,ambiguous,,weak pattern only
low,application developer mgr.- informatica etl,1,Application Developer/Mgr.- Informatica/ETL,,software_engineer,ambiguous,,weak pattern only
low,application developer supervisor - hybrid,1,Application Developer Supervisor - HYBRID,,software_engineer,ambiguous,,weak pattern only
low,application developer support of file transfer systems,1,Application Developer (Support of File Transfer Systems),,software_engineer,ambiguous,,weak pattern only
low,application developer unix c sql,1,Application Developer (UNIX/C/SQL),,software_engineer,ambiguous,,weak pattern only
low,associate web developer,1,"Associate Web Developer,",,software_engineer,ambiguous,,weak pattern only
low,aws lex and python developer !!! usc gc gc-ead,1,AWS Lex and Python developer !!! USC/GC/GC-EAD,,software_engineer,ambiguous,,weak pattern only
low,backend java developer,1,backend Java developer,,software_engineer,ambiguous,,weak pattern only
low,brand marketing web developer intern,1,Brand Marketing Web Developer Intern,,software_engineer,ambiguous,,weak pattern only
low,cib technology-application developer - associate,1,CIB Technology-Application Developer - Associate,,software_engineer,ambiguous,,weak pattern only
low,cloud native- full stack java developer,1,Cloud Native- Full Stack Java Developer,,software_engineer,ambiguous,,weak pattern only
low,core java developer - w2 - onsite in reston va,1,"Core Java Developer - W2 - onsite in Reston, VA",,software_engineer,ambiguous,,weak pattern only
low,core python developer,1,Core Python Developer,,software_engineer,ambiguous,,weak pattern only
low,dot net application developer,1,Dot Net Application Developer,,software_engineer,ambiguous,,weak pattern only
low,enterprise application developer or senior enterprise application developer,1,Enterprise Application Developer or Senior Enterprise Application Developer,,software_engineer,ambiguous,,weak pattern only
low,entry level ios developer training placement,1,Entry Level iOS Developer / training placement,,software_engineer,ambiguous,,weak pattern only
low,ex capital one only - java developer - onsite to richmond va new york city ny philadelphia pa or mclean va,1,"EX : Capital One only -  Java Developer - onsite to Richmond, VA; New York City, NY; Philadelphia, PA OR Mclean, VA",,software_engineer,ambiguous,,weak pattern only
low,flutter with ios and android developer,1,Flutter with ioS and Android Developer,,software_engineer,ambiguous,,weak pattern only
low,front web developer - .net and ecmascript,1,Front Web Developer - .net and EcmaScript,,software_engineer,ambiguous,,weak pattern only
low,front-end web application developer @ us remote,1,Front-End Web Application Developer @ US Remote,,software_engineer,ambiguous,,weak pattern only
low,front-office python developer,1,Front-Office Python Developer,,software_engineer,ambiguous,,weak pattern only
low,full stack java developer @ fort worth tx - 9 months with ext - hybrid role only on w2 with in-person interview,1,"Full Stack Java Developer @ Fort Worth, TX - 9 Months with EXT - Hybrid Role ONLY ON W2 WITH IN-PERSON INTERVIEW",,software_engineer,ambiguous,,weak pattern only
low,full stack java developer ss,1,Full Stack Java Developer SS,,software_engineer,ambiguous,,weak pattern only
low,graphic designer and web developer,1,Graphic Designer and Web Developer,,software_engineer,ambiguous,,weak pattern only
low,hybrid mobile developer,1,Hybrid Mobile Developer,,software_engineer,ambiguous,,weak pattern only
low,ios developer ttraining,1,iOS Developer Ttraining,,software_engineer,ambiguous,,weak pattern only
low,ios developer- w2 position,1,IOS Developer- W2 position,,software_engineer,ambiguous,,weak pattern only
low,java architect lead java developer,1,Java architect / Lead Java developer,,software_engineer,ambiguous,,weak pattern only
low,java developer - solution specialist usdc,1,Java Developer - Solution Specialist USDC,,software_engineer,ambiguous,,weak pattern only
low,java developer capital markets fixed income trade,1,Java Developer (Capital Markets/Fixed Income/Trade),,software_engineer,ambiguous,,weak pattern only
low,java developer clearance needed ts sci w full scope poly,1,Java Developer (Clearance needed: TS/SCI w/ Full Scope Poly),,software_engineer,ambiguous,,weak pattern only
low,java developer full-stack,1,Java Developer (Full-Stack),,software_engineer,ambiguous,,weak pattern only
low,java developer iii,1,Java Developer III,,software_engineer,ambiguous,,weak pattern only
low,java developer lll,1,Java Developer lll,,software_engineer,ambiguous,,weak pattern only
low,java developer no c2c,1,Java Developer (NO C2C),,software_engineer,ambiguous,,weak pattern only
low,java developer only looking ucs gc gcead,1,java developer// Only looking (UCS/GC/GCEAD),,software_engineer,ambiguous,,weak pattern only
low,java developer w2 only,1,Java Developer (W2 only),,software_engineer,ambiguous,,weak pattern only
low,java developer with cassandra,1,Java Developer with Cassandra,,software_engineer,ambiguous,,weak pattern only
low,java developer with chatbot,1,Java Developer with Chatbot,,software_engineer,ambiguous,,weak pattern only
low,java developer with micro services,1,Java Developer with micro services,,software_engineer,ambiguous,,weak pattern only
low,java developer with mongo db,1,Java Developer with Mongo DB,,software_engineer,ambiguous,,weak pattern only
low,java developer with rest api,1,Java Developer with REST API,,software_engineer,ambiguous,,weak pattern only
low,java developer with saml oauth2 nosql db andgenerative ai,1,"Java Developer with SAML, oAuth2, noSQL DB andgenerative AI",,software_engineer,ambiguous,,weak pattern only
low,java developer with sql snowflake microservices aws azure - w2 position,1,"Java Developer with SQL, Snowflake, Microservices, AWS, AZure - (W2 Position)",,software_engineer,ambiguous,,weak pattern only
low,java developer with z os and mainframe exp,1,Java Developer with z/OS and Mainframe exp,,software_engineer,ambiguous,,weak pattern only
low,java developer- full time - gc & usc,1,Java Developer- Full Time - GC & USC,,software_engineer,ambiguous,,weak pattern only
low,java developer- python,1,Java developer- python,,software_engineer,ambiguous,,weak pattern only
low,java developer--- w2 only,1,Java Developer--- W2 Only,,software_engineer,ambiguous,,weak pattern only
low,java developer-analyst,1,Java Developer-Analyst,,software_engineer,ambiguous,,weak pattern only
low,jr java developer entry level,1,Jr Java Developer (Entry Level),,software_engineer,ambiguous,,weak pattern only
low,jr. ios mobile developer,1,Jr. iOS Mobile Developer,,software_engineer,ambiguous,,weak pattern only
low,jr. python developer for cyber program ts sci required,1,Jr. Python Developer for Cyber Program (TS/SCI Required),,software_engineer,ambiguous,,weak pattern only
low,lead android developer,1,Lead Android Developer,,software_engineer,ambiguous,,weak pattern only
low,lead full stack web developer,1,Lead Full Stack Web Developer,,software_engineer,ambiguous,,weak pattern only
low,lead fullstack java developer,1,Lead Fullstack Java Developer,,software_engineer,ambiguous,,weak pattern only
low,lead java developer - no c2c,1,Lead Java Developer - No C2C,,software_engineer,ambiguous,,weak pattern only
low,lead java developer healthcare,1,Lead Java Developer (Healthcare),,software_engineer,ambiguous,,weak pattern only
low,lead java developer only looking ucs gc gcead,1,Lead java developer// Only looking (UCS/GC/GCEAD),,software_engineer,ambiguous,,weak pattern only
low,lead java developer with api service and governance,1,Lead Java Developer with API Service and Governance,,software_engineer,ambiguous,,weak pattern only
low,lead java developer with solr and zookeeper,1,Lead Java Developer with SOLR and Zookeeper,,software_engineer,ambiguous,,weak pattern only
low,lead mobile application developer - remote california,1,Lead Mobile Application Developer - Remote (California),,software_engineer,ambiguous,,weak pattern only
low,lead python developer - aws grafana,1,"Lead Python Developer - AWS, Grafana",,software_engineer,ambiguous,,weak pattern only
low,lead rapid application developer,1,Lead Rapid Application Developer,,software_engineer,ambiguous,,weak pattern only
low,low latency java developer,1,Low Latency Java Developer,,software_engineer,ambiguous,,weak pattern only
low,machine learning engineer python developer,1,Machine Learning Engineer/Python Developer,,software_engineer,ambiguous,,weak pattern only
low,microsoft .net web developer,1,Microsoft .NET Web Developer,,software_engineer,ambiguous,,weak pattern only
low,mid level python developer- immediate need,1,Mid Level Python Developer- IMMEDIATE NEED,,software_engineer,ambiguous,,weak pattern only
low,middle senior java developer,1,Middle/Senior Java Developer,,software_engineer,ambiguous,,weak pattern only
low,mobile application developer ** remote for ca residents w2 only **,1,Mobile Application Developer ** Remote for CA residents / W2 Only **,,software_engineer,ambiguous,,weak pattern only
low,mobile developer - react native,1,Mobile Developer - React Native,,software_engineer,ambiguous,,weak pattern only
low,mobile developer ios & android hybrid atlanta ga w2 only,1,"Mobile Developer (iOS & Android) || HYBRID/ Atlanta, GA || W2 Only",,software_engineer,ambiguous,,weak pattern only
low,mobile developer react native,1,Mobile Developer (REACT NATIVE),,software_engineer,ambiguous,,weak pattern only
low,mobile developer with react,1,Mobile Developer with React,,software_engineer,ambiguous,,weak pattern only
low,mobile java developer,1,Mobile Java Developer,,software_engineer,ambiguous,,weak pattern only
low,need local to id _.net developer _3+month contract position _nampa id,1,"(Need local to ID) _.NET Developer _3+month contract position _Nampa, ID",,software_engineer,ambiguous,,weak pattern only
low,oracle application developer- mid-level,1,Oracle Application Developer- Mid-Level,,software_engineer,ambiguous,,weak pattern only
low,principal application engineer ios developer,1,Principal Application Engineer (iOS Developer),,software_engineer,ambiguous,,weak pattern only
low,principal java developer,1,Principal Java Developer,,software_engineer,ambiguous,,weak pattern only
low,python application developer,1,Python Application Developer,,software_engineer,ambiguous,,weak pattern only
low,python developer - hybrid onsite dallas tx tampa fl jersey city nj,1,"Python developer - Hybrid Onsite (Dallas TX, Tampa FL, Jersey city NJ)",,software_engineer,ambiguous,,weak pattern only
low,python developer - intern,1,Python Developer - Intern,,software_engineer,ambiguous,,weak pattern only
low,python developer - w2 contract,1,Python Developer - W2 Contract,,software_engineer,ambiguous,,weak pattern only
low,python developer - w2 only,1,Python Developer - W2 ONLY,,software_engineer,ambiguous,,weak pattern only
low,python developer for google,1,Python Developer for (Google),,software_engineer,ambiguous,,weak pattern only
low,python developer locals only,1,Python Developer (Locals only),,software_engineer,ambiguous,,weak pattern only
low,python developer looking for local candidates to az,1,Python Developer (looking for local candidates to AZ),,software_engineer,ambiguous,,weak pattern only
low,python developer phoenix az only locals long-term contract,1,"Python Developer : Phoenix, AZ (Only Locals) : Long-Term Contract",,software_engineer,ambiguous,,weak pattern only
low,python developer python 3.0 or above django flask angular react vue javascript python libraries panda numpy sci-kit sql and pl sql,1,"Python Developer (Python 3.0 or above, Django, Flask, Angular/React/Vue/JavaScript, Python Libraries (Panda/NumPy/Sci-kit), SQL and PL/SQL)",,software_engineer,ambiguous,,weak pattern only
low,python developer research infrastructure,1,Python Developer | Research Infrastructure,,software_engineer,ambiguous,,weak pattern only
low,python developer with ai ml,1,Python Developer with AI/ML,,software_engineer,ambiguous,,weak pattern only
low,python developer with ai ml skills,1,Python Developer with AI/ML Skills,,software_engineer,ambiguous,,weak pattern only
low,python developer with aws & lambda,1,Python Developer with AWS & Lambda,,software_engineer,ambiguous,,weak pattern only
low,python developer with aws and devops,1,Python Developer with AWS and Devops,,software_engineer,ambiguous,,weak pattern only
low,python developer with django flask,1,"Python Developer with Django, Flask",,software_engineer,ambiguous,,weak pattern only
low,rm- application developer,1,RM- Application Developer,,software_engineer,ambiguous,,weak pattern only
low,sap btp java developer!! austin 3 days onsite tx,1,"SAP BTP Java Developer!!  Austin,(3 days onsite) TX",,software_engineer,ambiguous,,weak pattern only
low,senior .net application developer architect only locals,1,Senior .Net Application Developer / Architect (ONLY LOCALS),,software_engineer,ambiguous,,weak pattern only
low,senior android developer - remote telecommute,1,Senior Android Developer - Remote / Telecommute,,software_engineer,ambiguous,,weak pattern only
low,senior business application developer,1,Senior Business Application Developer,,software_engineer,ambiguous,,weak pattern only
low,senior front-end web developer,1,Senior Front-End Web Developer,,software_engineer,ambiguous,,weak pattern only
low,senior full stack web developer - flutter,1,Senior Full Stack Web Developer - Flutter,,software_engineer,ambiguous,,weak pattern only
low,senior full-stack web developer,1,Senior Full-Stack Web Developer,,software_engineer,ambiguous,,weak pattern only
low,senior ios developer,1,Senior IOS Developer,,software_engineer,ambiguous,,weak pattern only
low,senior java developer environmental markets,1,"Senior Java Developer, Environmental Markets",,software_engineer,ambiguous,,weak pattern only
low,senior java developer full stack - $120k,1,Senior Java Developer (Full Stack) - $120K,,software_engineer,ambiguous,,weak pattern only
low,senior java developer w2 only,1,Senior Java Developer (W2 Only),,software_engineer,ambiguous,,weak pattern only
low,senior java developer with gcp experience,1,Senior Java Developer with GCP experience,,software_engineer,ambiguous,,weak pattern only
low,senior java web developer,1,Senior Java Web Developer,,software_engineer,ambiguous,,weak pattern only
low,senior mobile developer,1,Senior Mobile Developer,,software_engineer,ambiguous,,weak pattern only
low,senior python developer remote ok,1,Senior Python Developer (Remote OK),,software_engineer,ambiguous,,weak pattern only
low,senior python developer with security clearance,1,Senior Python Developer with Security Clearance,,software_engineer,ambiguous,,weak pattern only
low,senior software application developer,1,Senior Software Application Developer,,software_engineer,ambiguous,,weak pattern only
low,senior spring java developer,1,Senior Spring Java Developer,,software_engineer,ambiguous,,weak pattern only
low,senior web application developer,1,Senior Web Application Developer,,software_engineer,ambiguous,,weak pattern only
low,snowflake java developer,1,Snowflake Java Developer,,software_engineer,ambiguous,,weak pattern only
low,sr fullstack java developer,1,Sr Fullstack Java Developer,,software_engineer,ambiguous,,weak pattern only
low,sr java developer,1,Sr Java Developer,,software_engineer,ambiguous,,weak pattern only
low,sr java developer on w2,1,Sr Java Developer on w2,,software_engineer,ambiguous,,weak pattern only
low,sr mobile android developer,1,Sr Mobile/Android Developer,,software_engineer,ambiguous,,weak pattern only
low,sr. application developer,1,Sr. Application Developer,,software_engineer,ambiguous,,weak pattern only
low,sr. business application developer maximo,1,Sr. Business Application Developer (Maximo),,software_engineer,ambiguous,,weak pattern only
low,sr. gcp java developer memphis tennessee 11+months webex interview w2 position usc and gc,1,"Sr. GCP Java Developer :: Memphis, Tennessee :: 11+Months :: Webex Interview :: W2 Position (USC and GC)",,software_engineer,ambiguous,,weak pattern only
low,sr. gcp java developer- only w2,1,Sr. GCP Java Developer- ONLY W2,,software_engineer,ambiguous,,weak pattern only
low,sr. ios developer,1,Sr. iOS Developer,,software_engineer,ambiguous,,weak pattern only
low,sr. java developer + site reliability engineer,1,Sr. Java Developer + Site Reliability Engineer,,software_engineer,ambiguous,,weak pattern only
low,sr. java developer - w2 only,1,Sr. Java Developer - W2 only,,software_engineer,ambiguous,,weak pattern only
low,sr. java developer addison chandler seattle,1,"Sr. Java Developer (Addison, Chandler, Seattle)",,software_engineer,ambiguous,,weak pattern only
low,sr. java developer with cassandra,1,Sr. Java Developer with Cassandra,,software_engineer,ambiguous,,weak pattern only
low,sr. python developer,1,Sr. Python Developer,,software_engineer,ambiguous,,weak pattern only
low,sr. python developer with devops exp- w2 only,1,Sr. Python Developer with Devops exp- W2 only,,software_engineer,ambiguous,,weak pattern only
low,staff application developer,1,Staff Application Developer,,software_engineer,ambiguous,,weak pattern only
low,trading application developer c# dot net developer,1,Trading Application Developer/ C# Dot Net Developer,,software_engineer,ambiguous,,weak pattern only
low,vba.net developer,1,VBA.Net Developer,,software_engineer,ambiguous,,weak pattern only
low,vice president java developer,1,"Vice President, Java Developer",,software_engineer,ambiguous,,weak pattern only
low,w2 only _ java developer,1,W2 only _ Java Developer,,software_engineer,ambiguous,,weak pattern only
low,web developer - level 3,1,Web Developer - level 3,,software_engineer,ambiguous,,weak pattern only
low,web developer and designer senior with security clearance,1,"Web Developer and Designer, Senior with Security Clearance",,software_engineer,ambiguous,,weak pattern only
low,web developer designer,1,Web Developer/Designer,,software_engineer,ambiguous,,weak pattern only
low,wordpress e-commerce web developer,1,WORDPRESS E-COMMERCE Web Developer,,software_engineer,ambiguous,,weak pattern only
low,workday financial application developer,1,Workday Financial Application Developer,,software_engineer,ambiguous,,weak pattern only
low,🚀 join our team as a senior ios developer at abhi it systems inc 🌐 🚀,1,🚀 Join Our Team as a Senior iOS Developer at ABHI IT SYSTEMS INC 🌐 🚀,,software_engineer,ambiguous,,weak pattern only
low,sr java full stack developer - va dc md tx,1,Sr Java Full Stack Developer - VA/DC/MD/TX,software_engineer,software_engineer|physician,ambiguous,,flagged / weak match: physician
low,plc programmer instructor,1,PLC Programmer Instructor,software_engineer,software_engineer|professor,ambiguous,,flagged / weak match: professor
low,clinical educator,4,Clinical Educator,,teacher,ambiguous,,weak pattern only
low,tutor,4,Tutor,,teacher,ambiguous,,weak pattern only
low,clinical documentation educator - remote,2,CLINICAL DOCUMENTATION EDUCATOR - REMOTE,,teacher,ambiguous,,weak pattern only
low,coding educator,2,Coding Educator,,teacher,ambiguous,,weak pattern only
low,alexandria cfa tutor,1,Alexandria CFA Tutor,,teacher,ambiguous,,weak pattern only
low,americorps school programs educator,1,AmeriCorps School Programs Educator,,teacher,ambiguous,,weak pattern only
low,ap 2-d art - tutor,1,AP 2-D Art - Tutor,,teacher,ambiguous,,weak pattern only
low,area coach hair stylist educator,1,Area Coach/Hair Stylist Educator,,teacher,ambiguous,,weak pattern only
low,austin comlex tutor,1,Austin COMLEX Tutor,,teacher,ambiguous,,weak pattern only
low,ballwin cbest tutor,1,Ballwin CBEST Tutor,,teacher,ambiguous,,weak pattern only
low,bilingual educator - jor,1,Bilingual Educator - JOR,,teacher,ambiguous,,weak pattern only
low,bilingual lead educator - jor,1,Bilingual Lead Educator - JOR,,teacher,ambiguous,,weak pattern only
low,birmingham organic chemistry 2 tutor,1,Birmingham Organic Chemistry 2 Tutor,,teacher,ambiguous,,weak pattern only
low,classified para educator ii stein tracy young adult program job #2768 - bilingual preferred not required,1,"Classified: Para Educator II, Stein/Tracy Young Adult Program Job #2768 - Bilingual preferred, not required",,teacher,ambiguous,,weak pattern only
low,clinical case educator,1,Clinical Case Educator,,teacher,ambiguous,,weak pattern only
low,clinical educator northern nursing,1,"Clinical Educator, Northern Nursing",,teacher,ambiguous,,weak pattern only
low,clinical educator- inpatient full time,1,Clinical Educator- Inpatient Full Time,,teacher,ambiguous,,weak pattern only
low,clinical informatics educator,1,Clinical Informatics Educator,,teacher,ambiguous,,weak pattern only
low,clinical staff educator analyst,1,Clinical Staff Educator Analyst,,teacher,ambiguous,,weak pattern only
low,dallas lsat tutor,1,Dallas LSAT Tutor,,teacher,ambiguous,,weak pattern only
low,defi analyst and educator,1,DeFi Analyst and Educator,,teacher,ambiguous,,weak pattern only
low,dental admissions test dat tutor,1,Dental Admissions Test (DAT) Tutor,,teacher,ambiguous,,weak pattern only
low,diabetes educator i - per diem - float,1,Diabetes Educator I - Per Diem - Float,,teacher,ambiguous,,weak pattern only
low,disability educator and advocate,1,Disability Educator and Advocate,,teacher,ambiguous,,weak pattern only
low,durham tableau tutor,1,Durham Tableau Tutor,,teacher,ambiguous,,weak pattern only
low,dyslexia tutor,1,Dyslexia Tutor,,teacher,ambiguous,,weak pattern only
low,educator - diabetes - south central pennsylvania,1,Educator - Diabetes - South Central Pennsylvania,,teacher,ambiguous,,weak pattern only
low,educator behavioral health,1,"Educator, Behavioral Health",,teacher,ambiguous,,weak pattern only
low,educator boston seaport,1,Educator | Boston Seaport,,teacher,ambiguous,,weak pattern only
low,educator brickell city centre,1,Educator | Brickell City Centre,,teacher,ambiguous,,weak pattern only
low,educator el paso local,1,Educator | El Paso Local,,teacher,ambiguous,,weak pattern only
low,educator kop,1,Educator | KOP,,teacher,ambiguous,,weak pattern only
low,educator palmer square princeton,1,Educator | Palmer Square Princeton,,teacher,ambiguous,,weak pattern only
low,esl esol virtual educator new york certification required,1,ESL/ESOL Virtual Educator (New York certification required),,teacher,ambiguous,,weak pattern only
low,extension educator agriculture and agribusiness horticulture,1,"Extension Educator, Agriculture and Agribusiness (Horticulture)",,teacher,ambiguous,,weak pattern only
low,federal work study-tutor,1,Federal Work Study-Tutor,,teacher,ambiguous,,weak pattern only
low,financial educator licensed,1,Financial Educator (Licensed),,teacher,ambiguous,,weak pattern only
low,fullmind virtual educator certification required,1,Fullmind Virtual Educator (certification required),,teacher,ambiguous,,weak pattern only
low,gdy pro educator,1,GDY PRO Educator,,teacher,ambiguous,,weak pattern only
low,glendale honors geometry tutor,1,Glendale Honors Geometry Tutor,,teacher,ambiguous,,weak pattern only
low,grand rapids operating systems tutor,1,Grand Rapids Operating Systems Tutor,,teacher,ambiguous,,weak pattern only
low,hialeah nclex-pn prep course tutor,1,Hialeah NCLEX-PN Prep Course Tutor,,teacher,ambiguous,,weak pattern only
low,hoboken nclex tutor,1,Hoboken NCLEX Tutor,,teacher,ambiguous,,weak pattern only
low,huntsville act tutor,1,Huntsville ACT Tutor,,teacher,ambiguous,,weak pattern only
low,indianapolis ap computer science principles tutor,1,Indianapolis AP Computer Science Principles Tutor,,teacher,ambiguous,,weak pattern only
low,k-12 tutor,1,K-12 Tutor,,teacher,ambiguous,,weak pattern only
low,kidney smart educator,1,Kidney Smart Educator,,teacher,ambiguous,,weak pattern only
low,legal ai tutor jd required,1,Legal AI Tutor (JD Required),,teacher,ambiguous,,weak pattern only
low,lincoln javascript tutor,1,Lincoln JavaScript Tutor,,teacher,ambiguous,,weak pattern only
low,marietta middle school english tutor,1,Marietta Middle School English Tutor,,teacher,ambiguous,,weak pattern only
low,math in french tutor - remote work from home,1,Math (in French) Tutor - Remote/Work from Home,,teacher,ambiguous,,weak pattern only
low,mckinney series 86 tutor,1,McKinney Series 86 Tutor,,teacher,ambiguous,,weak pattern only
low,miami ap physics 1 tutor,1,Miami AP Physics 1 Tutor,,teacher,ambiguous,,weak pattern only
low,miami oae tutor,1,Miami OAE Tutor,,teacher,ambiguous,,weak pattern only
low,museum educator,1,Museum Educator,,teacher,ambiguous,,weak pattern only
low,nashville philosophy tutor,1,Nashville Philosophy Tutor,,teacher,ambiguous,,weak pattern only
low,nursing educator,1,Nursing Educator,,teacher,ambiguous,,weak pattern only
low,nursing educator - $3 000 sign-on bonus*,1,"Nursing Educator - $3,000 Sign-On Bonus*",,teacher,ambiguous,,weak pattern only
low,nursing educator msn full time - $3 000 sign-on bonus!*,1,"Nursing Educator, MSN, Full Time - $3,000 Sign-On Bonus!*",,teacher,ambiguous,,weak pattern only
low,online math tutor,1,Online Math Tutor,,teacher,ambiguous,,weak pattern only
low,orlando pre-calculus tutor,1,Orlando Pre-Calculus Tutor,,teacher,ambiguous,,weak pattern only
low,perioperative educator,1,Perioperative Educator,,teacher,ambiguous,,weak pattern only
low,prairie village ap statistics tutor,1,Prairie Village AP Statistics Tutor,,teacher,ambiguous,,weak pattern only
low,precision medicine peer educator - americorps member,1,Precision Medicine Peer Educator - AmeriCorps Member,,teacher,ambiguous,,weak pattern only
low,professional educator,1,Professional Educator,,teacher,ambiguous,,weak pattern only
low,r96087 perioperative educator -ross or educator,1,R96087 Perioperative Educator -Ross OR educator,,teacher,ambiguous,,weak pattern only
low,remote ap computer science a tutor,1,Remote AP Computer Science A Tutor,,teacher,ambiguous,,weak pattern only
low,remote biomechanics tutor,1,Remote Biomechanics Tutor,,teacher,ambiguous,,weak pattern only
low,remote orton gillingham tutor,1,Remote Orton Gillingham Tutor,,teacher,ambiguous,,weak pattern only
low,respiratory therapy staff educator - adults days,1,Respiratory Therapy Staff Educator - Adults Days,,teacher,ambiguous,,weak pattern only
low,sandy springs ib french tutor,1,Sandy Springs IB French Tutor,,teacher,ambiguous,,weak pattern only
low,skokie ib chemistry tutor,1,Skokie IB Chemistry Tutor,,teacher,ambiguous,,weak pattern only
low,skokie series 65 tutor,1,Skokie Series 65 Tutor,,teacher,ambiguous,,weak pattern only
low,somerville elementary school english tutor,1,Somerville Elementary School English Tutor,,teacher,ambiguous,,weak pattern only
low,st. paul middle school tutor,1,St. Paul Middle School Tutor,,teacher,ambiguous,,weak pattern only
low,stamford see - special enrollment exam tutor,1,Stamford SEE - Special Enrollment Exam Tutor,,teacher,ambiguous,,weak pattern only
low,statistics tutor,1,Statistics Tutor,,teacher,ambiguous,,weak pattern only
low,summer seasonal educator rockingham mall,1,Summer Seasonal Educator | Rockingham Mall,,teacher,ambiguous,,weak pattern only
low,tampa hspt tutor,1,Tampa HSPT Tutor,,teacher,ambiguous,,weak pattern only
low,tempe middle school reading comprehension tutor,1,Tempe Middle School Reading Comprehension Tutor,,teacher,ambiguous,,weak pattern only
low,temporary tutor computer science,1,"Temporary Tutor, Computer Science",,teacher,ambiguous,,weak pattern only
low,tutor mentor coordinator,1,Tutor Mentor Coordinator,,teacher,ambiguous,,weak pattern only
low,unit educator,1,Unit Educator,,teacher,ambiguous,,weak pattern only
low,virginia beach spanish tutor,1,Virginia Beach Spanish Tutor,,teacher,ambiguous,,weak pattern only
low,virtual earth science educator new york state certified,1,Virtual Earth Science Educator (New York State Certified),,teacher,ambiguous,,weak pattern only
low,virtual electives educator new york state certified,1,Virtual Electives Educator (New York State Certified),,teacher,ambiguous,,weak pattern only
low,wichita ib mathematics analysis and approaches tutor,1,Wichita IB Mathematics: Analysis and Approaches Tutor,,teacher,ambiguous,,weak pattern only
low,writing reading tutor,1,Writing/Reading Tutor,,teacher,ambiguous,,weak pattern only
low,instructor educational assessment curriculum instruction full-time faculty salaried - k12 teacher preparatory,1,"Instructor, Educational Assessment/Curriculum/Instruction | Full-time Faculty/Salaried – K12 Teacher Preparatory",teacher,teacher|professor,ambiguous,,flagged / weak match: professor
low,instructor educational psychology k-12 full-time faculty salaried - teacher preparatory,1,"Instructor, Educational Psychology K-12 | Full-time Faculty/Salaried – Teacher Preparatory",teacher,teacher|professor,ambiguous,,flagged / weak match: professor
,senior accountant,240,Senior Accountant,accountant,accountant,auto,,
,staff accountant,200,Staff Accountant,accountant,accountant,auto,,
,accountant,122,Accountant,accountant,accountant,auto,,
,project accountant,22,Project Accountant,accountant,accountant,auto,,
,cost accountant,20,Cost Accountant,accountant,accountant,auto,,
,senior staff accountant,20,Senior Staff Accountant,accountant,accountant,auto,,
,property accountant,18,Property Accountant,accountant,accountant,auto,,
,senior tax accountant,16,Senior Tax Accountant,accountant,accountant,auto,,
,sr. accountant,16,Sr. Accountant,accountant,accountant,auto,,
,tax accountant,12,Tax Accountant,accountant,accountant,auto,,
,senior cost accountant,11,Senior Cost Accountant,accountant,accountant,auto,,
,fund accountant,10,Fund Accountant,accountant,accountant,auto,,
,senior property accountant,10,Senior Property Accountant,accountant,accountant,auto,,
,corporate accountant,9,Corporate Accountant,accountant,accountant,auto,,
,accountant ii,8,Accountant II,accountant,accountant,auto,,
,senior fund accountant,8,Senior Fund Accountant,accountant,accountant,auto,,
,payroll accountant,7,Payroll Accountant,accountant,accountant,auto,,
,senior corporate accountant,7,Senior Corporate Accountant,accountant,accountant,auto,,
,accountant i,6,Accountant I,accountant,accountant,auto,,
,senior project accountant,6,Senior Project Accountant,accountant,accountant,auto,,
,senior revenue accountant,6,Senior Revenue Accountant,accountant,accountant,auto,,
,construction accountant,5,Construction Accountant,accountant,accountant,auto,,
,financial accountant,5,Financial Accountant,accountant,accountant,auto,,
,junior accountant,5,Junior Accountant,accountant,accountant,auto,,
,revenue accountant,5,Revenue Accountant,accountant,accountant,auto,,
,certified public accountant,4,Certified Public Accountant,accountant,accountant,auto,,
,general accountant,4,General Accountant,accountant,accountant,auto,,
,general ledger accountant,4,General Ledger Accountant,accountant,accountant,auto,,
,grant accountant,4,Grant Accountant,accountant,accountant,auto,,
,plant accountant,4,Plant Accountant,accountant,accountant,auto,,
,senior accountant accounting manager,4,Senior Accountant / Accounting Manager,accountant,accountant,auto,,
,sr accountant,4,Sr Accountant,accountant,accountant,auto,,
,accountant iii,3,Accountant III,accountant,accountant,auto,,
,accounts payable accountant,3,Accounts Payable Accountant,accountant,accountant,auto,,
,ap accountant,3,AP Accountant,accountant,accountant,auto,,
,corporate staff accountant,3,Corporate Staff Accountant,accountant,accountant,auto,,
,financial reporting accountant,3,Financial Reporting Accountant,accountant,accountant,auto,,
,inventory accountant,3,Inventory Accountant,accountant,accountant,auto,,
,junior staff accountant,3,Junior Staff Accountant,accountant,accountant,auto,,
,lead accountant,3,Lead Accountant,accountant,accountant,auto,,
,portfolio accountant,3,Portfolio Accountant,accountant,accountant,auto,,
,sr staff accountant,3,Sr Staff Accountant,accountant,accountant,auto,,
,sr. cost accountant,3,Sr. Cost Accountant,accountant,accountant,auto,,
,accountant - manufacturing,2,Accountant - Manufacturing,accountant,accountant,auto,,
,accountant accounting manager,2,Accountant / Accounting Manager,accountant,accountant,auto,,
,accountant hybrid,2,Accountant (Hybrid),accountant,accountant,auto,,
,accountant trainee,2,Accountant Trainee,accountant,accountant,auto,,
,bookkeeper accountant,2,Bookkeeper/Accountant,accountant,accountant,auto,,
,financial accountant i,2,Financial Accountant I,accountant,accountant,auto,,
,grants accountant,2,Grants Accountant,accountant,accountant,auto,,
,group systems accountant,2,Group Systems Accountant,accountant,accountant,auto,,
,payroll tax accountant,2,Payroll Tax Accountant,accountant,accountant,auto,,
,project accountant 2,2,Project Accountant 2,accountant,accountant,auto,,
,research accountant,2,Research Accountant,accountant,accountant,auto,,
,sales tax accountant,2,Sales Tax Accountant,accountant,accountant,auto,,
,senior accountant - west omaha headquarters - one of nebraska’s best corporations - hemphill exclusive!,2,Senior Accountant - West Omaha Headquarters - One of Nebraska’s Best Corporations - HEMPHILL EXCLUSIVE!,accountant,accountant,auto,,
,senior accountant manager,2,Senior Accountant/Manager,accountant,accountant,auto,,
,sr. tax accountant,2,Sr. Tax Accountant,accountant,accountant,auto,,
,staff accountant - excellent career growth - west omaha ne,2,"Staff Accountant - Excellent Career Growth - West Omaha, NE",accountant,accountant,auto,,
,staff accountant i,2,Staff Accountant I,accountant,accountant,auto,,
,staff accountant-field,2,Staff Accountant-Field,accountant,accountant,auto,,
,tax senior supervisor accountant cpa,2,Tax Senior/Supervisor Accountant CPA,accountant,accountant,auto,,
,accountant & office manager,1,Accountant & Office Manager,accountant,accountant,auto,,
,accountant - 12796,1,Accountant - 12796,accountant,accountant,auto,,
,accountant - bilingual,1,Accountant - Bilingual,accountant,accountant,auto,,
,accountant - broken bow oklahoma,1,"Accountant - Broken Bow, Oklahoma",accountant,accountant,auto,,
,accountant - management companny,1,Accountant - Management Companny,accountant,accountant,auto,,
,accountant - manufacturing - plant,1,Accountant - Manufacturing - Plant,accountant,accountant,auto,,
,accountant - mission ks,1,"Accountant - Mission, KS",accountant,accountant,auto,,
,accountant - successful company with global presence - hemphill exclusive!,1,Accountant - Successful Company with Global Presence - HEMPHILL EXCLUSIVE!,accountant,accountant,auto,,
,accountant 140859,1,Accountant (140859),accountant,accountant,auto,,
,accountant 3+ years ap ar exp. req.,1,Accountant (3+ years AP/AR exp. req.),accountant,accountant,auto,,
,accountant and bookkeeper,1,Accountant and Bookkeeper,accountant,accountant,auto,,
,accountant associate,1,Accountant Associate,accountant,accountant,auto,,
,accountant bookkeeper,1,Accountant/Bookkeeper,accountant,accountant,auto,,
,accountant business manager,1,Accountant/Business Manager,accountant,accountant,auto,,
,accountant canadian portfolio,1,Accountant (Canadian Portfolio),accountant,accountant,auto,,
,accountant cpa,1,Accountant (CPA),accountant,accountant,auto,,
,accountant development,1,"Accountant, Development",accountant,accountant,auto,,
,accountant i corporate reporting,1,Accountant I Corporate Reporting,accountant,accountant,auto,,
,accountant i specialist,1,ACCOUNTANT I (SPECIALIST),accountant,accountant,auto,,
,accountant ii - fixed assets,1,Accountant II - Fixed Assets,accountant,accountant,auto,,
,accountant ii - irving,1,Accountant II - Irving,accountant,accountant,auto,,
,accountant ii-financial reporting,1,Accountant II-Financial Reporting,accountant,accountant,auto,,
,accountant iii -financial reporting,1,Accountant III -Financial Reporting,accountant,accountant,auto,,
,accountant iii hybrid,1,Accountant III (Hybrid),accountant,accountant,auto,,
,accountant iii pcs,1,"Accountant III, PCS",accountant,accountant,auto,,
,accountant iv # 24-02653,1,Accountant IV #: 24-02653,accountant,accountant,auto,,
,accountant payable trainee,1,Accountant Payable Trainee,accountant,accountant,auto,,
,accountant senior - irving,1,Accountant Senior - Irving,accountant,accountant,auto,,
,accountant sr,1,"Accountant, Sr",accountant,accountant,auto,,
,accountant staff,1,"Accountant, Staff",accountant,accountant,auto,,
,accountant with epic systems experience,1,Accountant with Epic Systems Experience,accountant,accountant,auto,,
,accountant- accounts payable specialist,1,Accountant- Accounts Payable Specialist,accountant,accountant,auto,,
,accountant- wisehaupt bray asset management,1,Accountant- Wisehaupt Bray Asset Management,accountant,accountant,auto,,
,accounting iii- senior accountant,1,Accounting III- Senior Accountant,accountant,accountant,auto,,
,accounting services accountant - cpa firm,1,Accounting Services Accountant - CPA Firm,accountant,accountant,auto,,
,accounts payable accountant - 24307,1,Accounts Payable Accountant - 24307,accountant,accountant,auto,,
,accounts receivable accountant,1,Accounts Receivable Accountant,accountant,accountant,auto,,
,accounts receivable accountant sr.,1,Accounts Receivable Accountant Sr.,accountant,accountant,auto,,
,ap accountant staff accountant,1,AP Accountant / Staff Accountant,accountant,accountant,auto,,
,ar accountant,1,AR Accountant,accountant,accountant,auto,,
,associate accountant,1,Associate Accountant,accountant,accountant,auto,,
,associate accountant - temp to hire,1,Associate Accountant - Temp to Hire,accountant,accountant,auto,,
,associate accountant payroll tax,1,"Associate Accountant, Payroll Tax",accountant,accountant,auto,,
,associate fund accountant,1,Associate Fund Accountant,accountant,accountant,auto,,
,associate plant accountant - tampa,1,ASSOCIATE PLANT ACCOUNTANT - TAMPA,accountant,accountant,auto,,
,associate renewable diesel accountant,1,Associate Renewable Diesel Accountant,accountant,accountant,auto,,
,associate staff accountant hybrid,1,Associate Staff Accountant (Hybrid),accountant,accountant,auto,,
,assurance staff accountant - october 2024 or january 2025 milwaukee wi,1,"Assurance Staff Accountant - October 2024 or January 2025 (Milwaukee, WI)",accountant,accountant,auto,,
,athletics accountant and procurement specialist,1,Athletics Accountant and Procurement Specialist,accountant,accountant,auto,,
,audit accountant,1,Audit Accountant,accountant,accountant,auto,,
,audit staff accountant entry level - 2025 nashville tn,1,"Audit Staff Accountant, Entry level - 2025 (Nashville, TN)",accountant,accountant,auto,,
,bank reconciliation accountant,1,Bank Reconciliation Accountant,accountant,accountant,auto,,
,billing general ledger accountant,1,Billing/General Ledger Accountant,accountant,accountant,auto,,
,cas staff accountant,1,CAS Staff Accountant,accountant,accountant,auto,,
,collection cash posting accountant - 24338,1,Collection Cash Posting Accountant - 24338,accountant,accountant,auto,,
,community accountant,1,Community Accountant,accountant,accountant,auto,,
,consulting staff accountant,1,Consulting Staff Accountant,accountant,accountant,auto,,
,contract accountant 9 month duration,1,Contract Accountant // 9 Month Duration,accountant,accountant,auto,,
,contracts and grants accountant i,1,Contracts and Grants Accountant I,accountant,accountant,auto,,
,contracts and grants accountant iii,1,Contracts and Grants Accountant III,accountant,accountant,auto,,
,controller gm & accountant,1,Controller/GM & Accountant,accountant,accountant,auto,,
,controls compliance lead accountant,1,Controls Compliance Lead Accountant,accountant,accountant,auto,,
,corporate accountant - bowling green ky,1,"Corporate Accountant - Bowling Green, KY",accountant,accountant,auto,,
,corporate accountant - large and successful omaha company - hemphill exclusive!,1,Corporate Accountant - Large and Successful Omaha Company - HEMPHILL EXCLUSIVE!,accountant,accountant,auto,,
,corporate accountant - unique industry - west omaha - hemphill exclusive!,1,Corporate Accountant - Unique Industry - West Omaha - HEMPHILL EXCLUSIVE!,accountant,accountant,auto,,
,corporate accountant degreed,1,Corporate Accountant (Degreed),accountant,accountant,auto,,
,corporate accountant i or ii - financial accounting & analysis - west omaha - hemphill exclusive!,1,Corporate Accountant I or II - Financial Accounting & Analysis - West Omaha - HEMPHILL EXCLUSIVE!,accountant,accountant,auto,,
,corporate senior tax accountant,1,Corporate Senior Tax  Accountant,accountant,accountant,auto,,
,cost & reporting accountant,1,Cost & Reporting Accountant,accountant,accountant,auto,,
,cost accountant # 24-02539,1,Cost Accountant #: 24-02539,accountant,accountant,auto,,
,cost accountant - cedar rapids ia,1,"Cost Accountant - Cedar Rapids, IA",accountant,accountant,auto,,
,cost accountant - hybrid,1,Cost Accountant - HYBRID,accountant,accountant,auto,,
,cost accountant - manufacturing - hillsdale mi,1,"Cost Accountant - Manufacturing - Hillsdale, MI",accountant,accountant,auto,,
,cost accountant ii,1,Cost Accountant II,accountant,accountant,auto,,
,cpa - certified public accountant,1,CPA - Certified Public Accountant,accountant,accountant,auto,,
,db ar staff accountant,1,DB AR Staff Accountant,accountant,accountant,auto,,
,entry level junior accountant,1,Entry Level/Junior Accountant,accountant,accountant,auto,,
,equity accountant,1,Equity Accountant,accountant,accountant,auto,,
,estate specialist tax accountant - private client services,1,Estate Specialist/Tax Accountant - Private Client Services,accountant,accountant,auto,,
,finance & accounting - staff accountant,1,Finance & Accounting - Staff Accountant,accountant,accountant,auto,,
,finance accountant upstream oil and gas,1,Finance Accountant (Upstream oil and gas),accountant,accountant,auto,,
,finance subsidiary accountant,1,Finance Subsidiary Accountant,accountant,accountant,auto,,
,financial accountant ii,1,FINANCIAL ACCOUNTANT II,accountant,accountant,auto,,
,financial analyst fund accountant,1,Financial Analyst / Fund Accountant,accountant,accountant,auto,,
,financial reporting accountant - hybrid,1,Financial Reporting Accountant - Hybrid,accountant,accountant,auto,,
,financial system analyst accountant - uat oms,1,"Financial System Analyst/Accountant - UAT, OMS",accountant,accountant,auto,,
,fixed asset accountant,1,Fixed Asset Accountant,accountant,accountant,auto,,
,fund accountant - private equity,1,Fund Accountant - Private Equity,accountant,accountant,auto,,
,fund accountant 80k-85k+bonus hybrid,1,"Fund Accountant, 80K-85K+Bonus (Hybrid)",accountant,accountant,auto,,
,fund accountant i,1,Fund Accountant I,accountant,accountant,auto,,
,funds collection tax accountant,1,Funds Collection Tax Accountant,accountant,accountant,auto,,
,gaming tax accountant,1,Gaming Tax Accountant,accountant,accountant,auto,,
,general accountant supervisor,1,General Accountant Supervisor,accountant,accountant,auto,,
,governmental accountant,1,Governmental Accountant,accountant,accountant,auto,,
,grants and contracts accountant,1,Grants and Contracts Accountant,accountant,accountant,auto,,
,grower accountant,1,Grower Accountant,accountant,accountant,auto,,
,hedge fund accountant,1,Hedge Fund Accountant,accountant,accountant,auto,,
,indirect tax accountant,1,Indirect Tax Accountant,accountant,accountant,auto,,
,interim staff accountant,1,Interim Staff Accountant,accountant,accountant,auto,,
,interim technical accountant,1,Interim Technical Accountant,accountant,accountant,auto,,
,intermediate accountant,1,Intermediate Accountant,accountant,accountant,auto,,
,investment accountant,1,Investment Accountant,accountant,accountant,auto,,
,investment fund accountant,1,Investment Fund Accountant,accountant,accountant,auto,,
,irc24001 accountant 2,1,IRC24001 Accountant 2,accountant,accountant,auto,,
,jib accountant,1,JIB Accountant,accountant,accountant,auto,,
,jib ap accountant,1,JIB/AP Accountant,accountant,accountant,auto,,
,job cost accountant- construction,1,Job Cost Accountant- Construction,accountant,accountant,auto,,
,jr. property tax accountant,1,Jr. Property Tax Accountant,accountant,accountant,auto,,
,junior accountant 140503,1,Junior Accountant (140503),accountant,accountant,auto,,
,junior managerial accountant,1,Junior Managerial Accountant,accountant,accountant,auto,,
,law firm accountant bookkeeper,1,Law Firm Accountant / Bookkeeper,accountant,accountant,auto,,
,lead accountant - investment accounting and reporting,1,Lead Accountant - Investment Accounting and Reporting,accountant,accountant,auto,,
,lead accountant - west omaha - $90 - $110k+,1,Lead Accountant - West Omaha - $90 - $110k+,accountant,accountant,auto,,
,lead corporate accountant hybrid,1,Lead  Corporate Accountant (Hybrid),accountant,accountant,auto,,
,lead project accountant client billing professional,1,Lead Project Accountant/Client Billing Professional,accountant,accountant,auto,,
,lease accountant,1,Lease Accountant,accountant,accountant,auto,,
,ln concerts sr. accountant ll,1,"LN Concerts, Sr. Accountant ll",accountant,accountant,auto,,
,management company accountant,1,Management Company Accountant,accountant,accountant,auto,,
,management company senior accountant,1,Management Company Senior Accountant,accountant,accountant,auto,,
,managerial accountant,1,Managerial Accountant,accountant,accountant,auto,,
,manufacturing accountant,1,Manufacturing Accountant,accountant,accountant,auto,,
,manufacturing company accountant,1,Manufacturing Company Accountant,accountant,accountant,auto,,
,mbh - senior financial accountant,1,MBH - Senior Financial Accountant,accountant,accountant,auto,,
,mid-level ap entry-level staff accountant,1,Mid-level AP : Entry-Level Staff Accountant,accountant,accountant,auto,,
,midstream accountant,1,Midstream Accountant,accountant,accountant,auto,,
,netsuite accountant,1,NetSuite Accountant,accountant,accountant,auto,,
,netsuite cost accountant,1,NetSuite Cost Accountant,accountant,accountant,auto,,
,non-profit tax accountant,1,Non-profit Tax Accountant,accountant,accountant,auto,,
,office accountant manager,1,Office Accountant/Manager,accountant,accountant,auto,,
,ohana design & build accountant construction and design,1,"Ohana Design & Build Accountant, Construction and Design",accountant,accountant,auto,,
,ohana real estate investors accountant construction and design,1,"Ohana Real Estate Investors Accountant, Construction and Design",accountant,accountant,auto,,
,oil and gas accountant,1,Oil and Gas Accountant,accountant,accountant,auto,,
,onsite accountant - living at santa monica,1,Onsite Accountant - Living at Santa Monica,accountant,accountant,auto,,
,operations accountant,1,Operations Accountant,accountant,accountant,auto,,
,part time staff accountant,1,Part Time Staff Accountant,accountant,accountant,auto,,
,partnership staff accountant,1,Partnership Staff Accountant,accountant,accountant,auto,,
,payroll processing staff accountant,1,Payroll Processing Staff Accountant,accountant,accountant,auto,,
,payroll tax accountant 1041326,1,Payroll Tax Accountant (1041326),accountant,accountant,auto,,
,plant accountant - $5 000 sign on bonus,1,"Plant Accountant - ($5,000 Sign On Bonus)",accountant,accountant,auto,,
,program accountant,1,Program Accountant,accountant,accountant,auto,,
,project accountant accounts payable,1,Project Accountant/Accounts Payable,accountant,accountant,auto,,
,project accountant bookkeeper,1,Project Accountant / Bookkeeper,accountant,accountant,auto,,
,project accountant cost accountant,1,Project Accountant/Cost Accountant,accountant,accountant,auto,,
,project accountant intern,1,Project Accountant Intern,accountant,accountant,auto,,
,project accountant onsite,1,Project Accountant (Onsite),accountant,accountant,auto,,
,project accountant senior project accountant,1,Project Accountant / Senior Project Accountant,accountant,accountant,auto,,
,project accountant- construction,1,Project Accountant- Construction,accountant,accountant,auto,,
,property accountant $75-85k,1,Property Accountant ($75-85k),accountant,accountant,auto,,
,property accountant - commercial,1,Property Accountant - Commercial,accountant,accountant,auto,,
,property accountant hybrid,1,Property Accountant (hybrid),accountant,accountant,auto,,
,property accountant hybrid 80k-85k+bonus,1,"Property Accountant, Hybrid (80K-85K+Bonus)",accountant,accountant,auto,,
,property financial accountant,1,Property Financial Accountant,accountant,accountant,auto,,
,property senior staff accountant,1,Property Senior/Staff Accountant,accountant,accountant,auto,,
,real estate accountant,1,Real Estate Accountant,accountant,accountant,auto,,
,refinery analyst accountant,1,Refinery Analyst Accountant,accountant,accountant,auto,,
,relocate - cost accountant,1,RELOCATE - Cost Accountant,accountant,accountant,auto,,
,retail accountant,1,Retail Accountant,accountant,accountant,auto,,
,revenue & compensation accountant,1,Revenue & Compensation Accountant,accountant,accountant,auto,,
,revenue accountant - afterpay,1,Revenue Accountant - Afterpay,accountant,accountant,auto,,
,revenue recognition accountant 4,1,Revenue Recognition Accountant 4,accountant,accountant,auto,,
,sales & use tax accountant,1,Sales & Use Tax Accountant,accountant,accountant,auto,,
,sales and use tax accountant,1,Sales and Use Tax Accountant,accountant,accountant,auto,,
,senior accountant $90k-120k,1,Senior Accountant $90k-120K,accountant,accountant,auto,,
,senior accountant - $90 000 year,1,"Senior Accountant - $90,000 /year",accountant,accountant,auto,,
,senior accountant - 99% remote - growing tech org!,1,Senior Accountant - 99% Remote - Growing Tech Org!,accountant,accountant,auto,,
,senior accountant - bsc hybrid,1,Senior Accountant - BSC (Hybrid),accountant,accountant,auto,,
,senior accountant - finance,1,Senior Accountant - Finance,accountant,accountant,auto,,
,senior accountant - financial data governance,1,Senior Accountant – Financial Data Governance,accountant,accountant,auto,,
,senior accountant - financial reporting,1,Senior Accountant - Financial Reporting,accountant,accountant,auto,,
,senior accountant - financial reporting & post-close analysis - $70-80k + bonus,1,Senior Accountant - Financial Reporting & Post-Close Analysis - $70-80k + Bonus,accountant,accountant,auto,,
,senior accountant - fixed assets capital project accounting - hemphill exclusive!,1,"Senior Accountant - Fixed Assets, Capital Project Accounting - HEMPHILL EXCLUSIVE!",accountant,accountant,auto,,
,senior accountant - flexible hybrid model,1,Senior Accountant - Flexible Hybrid Model,accountant,accountant,auto,,
,senior accountant - fort worth,1,Senior Accountant - Fort Worth,accountant,accountant,auto,,
,senior accountant - healthcare,1,Senior Accountant - Healthcare,accountant,accountant,auto,,
,senior accountant - hq of large manufacturer offering continued career growth - hemphill exclusive!,1,Senior Accountant - HQ of Large Manufacturer Offering Continued Career Growth - HEMPHILL EXCLUSIVE!,accountant,accountant,auto,,
,senior accountant - indy - growing company great culture,1,Senior Accountant - Indy - Growing Company; Great Culture,accountant,accountant,auto,,
,senior accountant - inshur us,1,Senior Accountant - INSHUR (US),accountant,accountant,auto,,
,senior accountant - international finance,1,Senior Accountant - International Finance,accountant,accountant,auto,,
,senior accountant - inventory & job costing,1,Senior Accountant – Inventory & Job Costing,accountant,accountant,auto,,
,senior accountant - leases,1,Senior Accountant - Leases,accountant,accountant,auto,,
,senior accountant - mesa gilbert chandler tempe east valley,1,"Senior Accountant - Mesa, Gilbert, Chandler, Tempe (East Valley)",accountant,accountant,auto,,
,senior accountant - metroplex cash,1,Senior Accountant - Metroplex Cash,accountant,accountant,auto,,
,senior accountant - non profit,1,Senior Accountant - Non Profit,accountant,accountant,auto,,
,senior accountant - nonprofit,1,Senior Accountant - Nonprofit,accountant,accountant,auto,,
,senior accountant - private equity venture capital,1,Senior Accountant - Private Equity / Venture Capital,accountant,accountant,auto,,
,senior accountant - professional growth opportunity!,1,Senior Accountant - Professional GROWTH opportunity!,accountant,accountant,auto,,
,senior accountant - receivables specialist,1,Senior Accountant - Receivables Specialist,accountant,accountant,auto,,
,senior accountant - statutory reporting stat,1,Senior Accountant - Statutory Reporting (STAT),accountant,accountant,auto,,
,senior accountant - tax and bookkeeping,1,Senior Accountant - Tax and Bookkeeping,accountant,accountant,auto,,
,senior accountant - temp to hire,1,Senior Accountant - Temp to Hire,accountant,accountant,auto,,
,senior accountant -local to nashville tn,1,"Senior Accountant -Local to Nashville, TN",accountant,accountant,auto,,
,senior accountant 1036395,1,Senior Accountant (1036395),accountant,accountant,auto,,
,senior accountant 32725,1,Senior Accountant (32725),accountant,accountant,auto,,
,senior accountant accounting manager - cpa ea,1,Senior Accountant/Accounting Manager - CPA/EA,accountant,accountant,auto,,
,senior accountant audit for-profit,1,Senior Accountant (Audit For-Profit),accountant,accountant,auto,,
,senior accountant carollton 95k-100k,1,"Senior Accountant, Carollton  (95K-100K)",accountant,accountant,auto,,
,senior accountant carrollton 90k-100k,1,"Senior Accountant, Carrollton (90K-100K)",accountant,accountant,auto,,
,senior accountant chinese speaking,1,Senior Accountant (Chinese Speaking),accountant,accountant,auto,,
,senior accountant corp174,1,Senior Accountant (Corp174),accountant,accountant,auto,,
,senior accountant costing & inventory,1,"Senior Accountant, Costing & Inventory",accountant,accountant,auto,,
,senior accountant costing & inventory relocation to paso robles optional,1,"Senior Accountant, Costing & Inventory (relocation to Paso Robles optional)",accountant,accountant,auto,,
,senior accountant cpa,1,"Senior Accountant, CPA",accountant,accountant,auto,,
,senior accountant external reporting,1,"Senior Accountant, External Reporting",accountant,accountant,auto,,
,senior accountant financial reporting,1,Senior Accountant Financial Reporting,accountant,accountant,auto,,
,senior accountant healthcare 85k-90k,1,"Senior Accountant, Healthcare 85K-90K",accountant,accountant,auto,,
,senior accountant hybrid advancement,1,Senior Accountant / Hybrid / Advancement,accountant,accountant,auto,,
,senior accountant ii - sec reporting & corporate accounting,1,Senior Accountant II - SEC Reporting & Corporate Accounting,accountant,accountant,auto,,
,senior accountant international accounting & consolidations hybrid 3 days in palo alto ca office,1,"Senior Accountant, International Accounting & Consolidations (Hybrid, 3 days in Palo Alto, CA Office)",accountant,accountant,auto,,
,senior accountant inventory,1,Senior Accountant (Inventory),accountant,accountant,auto,,
,senior accountant irving hybrid schedule,1,"Senior Accountant, Irving (Hybrid Schedule)",accountant,accountant,auto,,
,senior accountant lewisville hybrid 90k-95k,1,"Senior Accountant, Lewisville (Hybrid) 90K-95K",accountant,accountant,auto,,
,senior accountant phoenix az hybrid,1,"Senior Accountant Phoenix, AZ (Hybrid)",accountant,accountant,auto,,
,senior accountant property - real estate,1,"Senior Accountant, Property - Real Estate",accountant,accountant,auto,,
,senior accountant remote flexible,1,Senior Accountant (Remote / Flexible),accountant,accountant,auto,,
,senior accountant revenue,1,"Senior Accountant, Revenue",accountant,accountant,auto,,
,senior accountant revenue accounting,1,"Senior Accountant, Revenue Accounting",accountant,accountant,auto,,
,senior accountant sec reporting,1,"Senior Accountant, SEC Reporting",accountant,accountant,auto,,
,senior accountant senior financial analyst,1,Senior Accountant/Senior Financial Analyst,accountant,accountant,auto,,
,senior accountant sports & entertainment!!,1,Senior Accountant (Sports & Entertainment!!),accountant,accountant,auto,,
,senior accountant trainee 1 trainee 2 ny helps,1,Senior Accountant/Trainee 1/Trainee 2 (NY HELPS),accountant,accountant,auto,,
,senior accountant us controllership tops,1,"Senior Accountant, US Controllership, TOPS",accountant,accountant,auto,,
,senior accountant ↑ growth $30m svc co wfh - ambitious dynamic & bright,1,"Senior Accountant (↑ growth $30M svc co | WFH - ambitious, dynamic, & bright)",accountant,accountant,auto,,
,"senior accountant""",1,"Senior Accountant""",accountant,accountant,auto,,
,senior accountant- alternative investment fund,1,Senior Accountant- Alternative Investment fund,accountant,accountant,auto,,
,senior accountant- hybrid,1,Senior Accountant- Hybrid,accountant,accountant,auto,,
,senior accountant- management company,1,Senior Accountant- Management Company,accountant,accountant,auto,,
,senior accountant-thomas weisel investment management - temporary position,1,Senior Accountant-Thomas Weisel Investment Management - Temporary Position,accountant,accountant,auto,,
,senior accounting policy accountant,1,Senior Accounting Policy Accountant,accountant,accountant,auto,,
,senior accounts payable accountant,1,Senior Accounts Payable Accountant,accountant,accountant,auto,,
,senior accounts receivable accountant,1,Senior Accounts Receivable Accountant,accountant,accountant,auto,,
,senior construction accountant,1,Senior Construction Accountant,accountant,accountant,auto,,
,senior construction accountant - buda tx,1,"Senior Construction Accountant - Buda, TX",accountant,accountant,auto,,
,senior corporate accountant - private equity credit,1,Senior Corporate Accountant - Private Equity / Credit,accountant,accountant,auto,,
,senior corporate accountant 1815351,1,Senior Corporate Accountant (1815351),accountant,accountant,auto,,
,senior corporate accountant job #106049,1,Senior Corporate Accountant (Job #106049),accountant,accountant,auto,,
,senior corporate accountant plano 90k-95k+bonus,1,"Senior Corporate Accountant, Plano (90K-95K+Bonus)",accountant,accountant,auto,,
,senior cost accountant 85k-95k+bonus,1,Senior Cost Accountant (85K-95K+Bonus),accountant,accountant,auto,,
,senior development accountant - hybrid,1,Senior Development Accountant - Hybrid,accountant,accountant,auto,,
,senior financial accountant,1,Senior Financial Accountant,accountant,accountant,auto,,
,senior fund accountant 100k-110k+large bonus,1,"Senior Fund Accountant, (100K-110K+Large Bonus)",accountant,accountant,auto,,
,senior fund accountant-contract to hire!!#232311,1,Senior Fund Accountant-Contract to Hire!!#232311,accountant,accountant,auto,,
,senior grant accountant,1,Senior Grant Accountant,accountant,accountant,auto,,
,senior grant accountant - nonprofit,1,Senior Grant Accountant - Nonprofit,accountant,accountant,auto,,
,senior grants & contracts accountant,1,Senior Grants & Contracts Accountant,accountant,accountant,auto,,
,senior indirect tax accountant,1,Senior Indirect Tax Accountant,accountant,accountant,auto,,
,senior inventory accountant,1,Senior Inventory Accountant,accountant,accountant,auto,,
,senior marketing financial analysis accountant,1,Senior Marketing Financial Analysis Accountant,accountant,accountant,auto,,
,senior payroll accountant,1,Senior Payroll Accountant,accountant,accountant,auto,,
,senior plant accountant,1,Senior Plant Accountant,accountant,accountant,auto,,
,senior property accountant - industrial,1,Senior Property Accountant - Industrial,accountant,accountant,auto,,
,senior property accountant- renaissance minneapolis hotel the depot,1,"Senior Property Accountant- Renaissance Minneapolis Hotel, The Depot",accountant,accountant,auto,,
,senior purchase price accountant,1,Senior Purchase Price Accountant,accountant,accountant,auto,,
,senior regulatory accountant,1,Senior Regulatory Accountant,accountant,accountant,auto,,
,senior staff accountant # 24-02538,1,Senior Staff Accountant #: 24-02538,accountant,accountant,auto,,
,senior staff accountant - music entertainment,1,Senior Staff Accountant - Music/Entertainment,accountant,accountant,auto,,
,senior staff accountant 26391,1,Senior Staff Accountant (26391),accountant,accountant,auto,,
,senior tax accountant - corporate,1,Senior Tax Accountant - Corporate,accountant,accountant,auto,,
,senior tax accountant - hybrid role,1,Senior Tax Accountant - Hybrid Role,accountant,accountant,auto,,
,senior tax accountant - indy - great compensation benefits,1,Senior Tax Accountant - Indy - Great Compensation/Benefits,accountant,accountant,auto,,
,senior tax accountant -hybrid,1,Senior Tax Accountant –Hybrid,accountant,accountant,auto,,
,senior tax accountant cg-0510-14,1,"Senior Tax Accountant, CG-0510-14",accountant,accountant,auto,,
,senior technical accountant,1,Senior Technical Accountant,accountant,accountant,auto,,
,senior technical accountant 120k-130k+10% bonus,1,"Senior Technical Accountant, (120K-130K+10% Bonus)",accountant,accountant,auto,,
,senior. accountant cpa,1,"Senior. Accountant, CPA",accountant,accountant,auto,,
,sr accountant rapidly expanding 3pl huge growth opportunity!!!,1,Sr Accountant | Rapidly Expanding 3PL | Huge Growth Opportunity!!!,accountant,accountant,auto,,
,sr accountant staff accountant,1,Sr Accountant / Staff Accountant,accountant,accountant,auto,,
,sr accountant- remote,1,Sr Accountant- Remote,accountant,accountant,auto,,
,sr cost accountant,1,Sr Cost Accountant,accountant,accountant,auto,,
,sr reinsurance accountant remote,1,Sr Reinsurance Accountant (REMOTE),accountant,accountant,auto,,
,sr tax accountant,1,Sr Tax Accountant,accountant,accountant,auto,,
,sr. accountant - freight hybrid,1,Sr. Accountant - Freight (hybrid),accountant,accountant,auto,,
,sr. accountant family office,1,"Sr. Accountant, Family Office",accountant,accountant,auto,,
,sr. accountant manufacturing,1,Sr. Accountant (Manufacturing),accountant,accountant,auto,,
,sr. accountant us controllership - wwrd,1,"Sr. Accountant, US Controllership - WWRD",accountant,accountant,auto,,
,sr. financial reporting accountant,1,Sr. Financial Reporting Accountant,accountant,accountant,auto,,
,sr. financial reporting accountant 1040667,1,Sr. Financial Reporting Accountant (1040667),accountant,accountant,auto,,
,sr. inventory accountant,1,Sr. Inventory Accountant,accountant,accountant,auto,,
,sr. inventory- general ledger accountant manager,1,Sr. Inventory- General Ledger Accountant/Manager,accountant,accountant,auto,,
,sr. investment accountant,1,Sr. Investment Accountant,accountant,accountant,auto,,
,sr. project accountant,1,Sr. Project Accountant,accountant,accountant,auto,,
,sr. property accountant,1,Sr. Property Accountant,accountant,accountant,auto,,
,sr. staff accountant,1,Sr. Staff Accountant,accountant,accountant,auto,,
,staff accountant $60-68k,1,Staff Accountant ($60-68k),accountant,accountant,auto,,
,staff accountant $60-70k,1,Staff Accountant ($60-70k),accountant,accountant,auto,,
,staff accountant $65-70k,1,Staff Accountant ($65-70k),accountant,accountant,auto,,
,staff accountant - 24335,1,Staff Accountant - 24335,accountant,accountant,auto,,
,staff accountant - 24340,1,Staff Accountant - 24340,accountant,accountant,auto,,
,staff accountant - 78369,1,Staff Accountant - 78369,accountant,accountant,auto,,
,staff accountant - accounts receivable - hybrid,1,Staff Accountant - Accounts Receivable - Hybrid,accountant,accountant,auto,,
,staff accountant - construction,1,Staff Accountant - Construction,accountant,accountant,auto,,
,staff accountant - fun & engaging culture - west omaha ne - hemphill exclusive!,1,"Staff Accountant - Fun & Engaging Culture - West Omaha, NE - HEMPHILL EXCLUSIVE!",accountant,accountant,auto,,
,staff accountant - growing indianapolis company,1,Staff Accountant - Growing Indianapolis Company,accountant,accountant,auto,,
,staff accountant - growth potential,1,Staff Accountant - Growth Potential,accountant,accountant,auto,,
,staff accountant - life sciences,1,Staff Accountant – life sciences,accountant,accountant,auto,,
,staff accountant - part time,1,Staff Accountant - Part Time,accountant,accountant,auto,,
,staff accountant - placement,1,Staff Accountant - Placement,accountant,accountant,auto,,
,staff accountant - private equity,1,Staff Accountant - Private Equity,accountant,accountant,auto,,
,staff accountant - real estate,1,Staff Accountant - Real Estate,accountant,accountant,auto,,
,staff accountant - real estate - $100k+,1,Staff Accountant - Real Estate - $100K+,accountant,accountant,auto,,
,staff accountant 140531,1,Staff Accountant (140531),accountant,accountant,auto,,
,staff accountant 140764,1,Staff Accountant (140764),accountant,accountant,auto,,
,staff accountant 140813,1,Staff Accountant (140813),accountant,accountant,auto,,
,staff accountant auditor,1,Staff Accountant/Auditor,accountant,accountant,auto,,
,staff accountant baldwin risk partners,1,"Staff Accountant, Baldwin Risk Partners",accountant,accountant,auto,,
,staff accountant contractor,1,Staff Accountant (Contractor),accountant,accountant,auto,,
,staff accountant cornerstone club,1,Staff Accountant | Cornerstone Club,accountant,accountant,auto,,
,staff accountant dallas 75k-80k,1,"Staff Accountant, Dallas (75K-80K)",accountant,accountant,auto,,
,staff accountant direct hire a1845,1,Staff Accountant (Direct Hire) (A1845),accountant,accountant,auto,,
,staff accountant frisco 65k-75k,1,"Staff Accountant, Frisco (65K-75K)",accountant,accountant,auto,,
,staff accountant hybrid 80k-85k+bonus,1,"Staff Accountant, Hybrid (80K-85K+Bonus)",accountant,accountant,auto,,
,staff accountant i ii or iii,1,"Staff Accountant I, II or III",accountant,accountant,auto,,
,staff accountant junior,1,Staff Accountant( Junior),accountant,accountant,auto,,
,staff accountant license and compliance,1,Staff Accountant License and Compliance,accountant,accountant,auto,,
,staff accountant ll,1,Staff Accountant ll,accountant,accountant,auto,,
,staff accountant onsite north miami $70-80k,1,Staff Accountant ONSITE  North Miami  $70-80K,accountant,accountant,auto,,
,staff accountant remote opportunity,1,Staff Accountant (Remote Opportunity),accountant,accountant,auto,,
,staff accountant revenue accounting,1,"Staff Accountant, Revenue Accounting",accountant,accountant,auto,,
,staff accountant sports & entertainment!!,1,Staff Accountant (Sports & Entertainment!!),accountant,accountant,auto,,
,staff accountant tax,1,"Staff Accountant, Tax",accountant,accountant,auto,,
,staff accountant to $55k with company paid child care and 4 weeks vacation!,1,Staff Accountant to $55K with company paid child care and 4 weeks vacation!,accountant,accountant,auto,,
,staff accountant w microsoft dynamics great plains,1,Staff Accountant w/Microsoft Dynamics Great Plains,accountant,accountant,auto,,
,staff accountant- hybrid,1,Staff Accountant- Hybrid,accountant,accountant,auto,,
,staff or sr. accountant cash and consolidations,1,"Staff or Sr. Accountant, Cash and Consolidations",accountant,accountant,auto,,
,staff senior accountant,1,Staff / Senior Accountant (,accountant,accountant,auto,,
,staff tax accountant,1,Staff Tax Accountant,accountant,accountant,auto,,
,staff tax accountant corporate,1,Staff Tax Accountant (Corporate),accountant,accountant,auto,,
,statutory accountant,1,Statutory Accountant,accountant,accountant,auto,,
,supervising senior accountant 95k-100k hybrid,1,"Supervising Senior Accountant, (95K-100K), Hybrid",accountant,accountant,auto,,
,tax accountant - int. tax services - transfer pricing - manager - multiple positions - 1498237,1,Tax Accountant - Int. Tax Services - Transfer Pricing - Manager - Multiple Positions - 1498237,accountant,accountant,auto,,
,tax accountant 140296,1,Tax Accountant (140296),accountant,accountant,auto,,
,tax accountant dallas 75k-85k,1,"Tax Accountant, Dallas (75K-85K)",accountant,accountant,auto,,
,tax accountant us ir&w,1,"Tax Accountant, US IR&W",accountant,accountant,auto,,
,tax and compliance accountant,1,Tax and Compliance Accountant,accountant,accountant,auto,,
,tax senior accountant,1,Tax Senior Accountant,accountant,accountant,auto,,
,trade accountant,1,Trade Accountant,accountant,accountant,auto,,
,transfer agent accountant,1,Transfer Agent Accountant,accountant,accountant,auto,,
,treasury accountant,1,Treasury Accountant,accountant,accountant,auto,,
,treasury operations accountant,1,Treasury Operations Accountant,accountant,accountant,auto,,
,project architect,20,Project Architect,architect,architect,auto,,
,architect,12,Architect,architect,architect,auto,,
,director event monitoring and optimization architect,12,"Director, Event Monitoring and Optimization Architect",architect,architect,auto,,
,power bi architect,7,Power BI Architect,architect,architect,auto,,
,user interface architect,7,User Interface Architect,architect,architect,auto,,
,iam architect,6,IAM Architect,architect,architect,auto,,
,databricks architect,5,Databricks Architect,architect,architect,auto,,
,cybersecurity architect,4,Cybersecurity Architect,architect,architect,auto,,
,principal architect,4,Principal Architect,architect,architect,auto,,
,.net architect,3,.Net Architect,architect,architect,auto,,
,senior architect,3,Senior Architect,architect,architect,auto,,
,windchill architect,3,Windchill architect,architect,architect,auto,,
,.net lead architect,2,.Net Lead/ Architect,architect,architect,auto,,
,adobe architect,2,Adobe Architect,architect,architect,auto,,
,apigee architect,2,APIGEE Architect,architect,architect,auto,,
,appian architect,2,Appian Architect,architect,architect,auto,,
,bigcommerce architect,2,BigCommerce Architect,architect,architect,auto,,
,cad architect,2,CAD Architect,architect,architect,auto,,
,callidus cpq business architect,2,Callidus CPQ Business Architect,architect,architect,auto,,
,dynamics 365 financial architect,2,Dynamics 365 Financial Architect,architect,architect,auto,,
,kafka architect,2,Kafka Architect,architect,architect,auto,,
,linux architect,2,Linux Architect,architect,architect,auto,,
,migration architect,2,Migration Architect,architect,architect,auto,,
,mysql architect,2,MySQL Architect,architect,architect,auto,,
,openshift architect 10+ years experience required,2,OpenShift Architect(10+ years experience required),architect,architect,auto,,
,pega senior business architect,2,PEGA Senior Business Architect,architect,architect,auto,,
,senior mdm architect,2,Senior MDM Architect,architect,architect,auto,,
,senior project architect,2,Senior Project Architect,architect,architect,auto,,
,shopify architect,2,Shopify Architect,architect,architect,auto,,
,.net architect - seattle wa hybrid,1,".Net Architect - Seattle, WA (Hybrid)",architect,architect,auto,,
,.net architect only local candidate,1,.Net Architect (only local candidate),architect,architect,auto,,
,"11274 - iam identity architect- ""remote"" in troy mi. area",1,"11274 - IAM/Identity Architect- ""Remote"" in Troy, MI. Area",architect,architect,auto,,
,active directory architect,1,Active Directory Architect,architect,architect,auto,,
,adobe aem architect,1,Adobe AEM Architect,architect,architect,auto,,
,adobe campaign team lead and architect,1,Adobe Campaign Team Lead and Architect,architect,architect,auto,,
,adobe experience manager architect,1,Adobe Experience Manager Architect,architect,architect,auto,,
,adobe experience manager cms architect,1,Adobe Experience Manager CMS Architect,architect,architect,auto,,
,aem architect,1,AEM Architect,architect,architect,auto,,
,anaplan architect,1,Anaplan Architect,architect,architect,auto,,
,apache cloudstack architect,1,Apache CloudStack Architect,architect,architect,auto,,
,appian architect- need on w2 or 1099,1,Appian Architect- Need on W2 or 1099,architect,architect,auto,,
,appian bpm architect,1,APPIAN BPM Architect,architect,architect,auto,,
,ar graphics hw sw co-design architect,1,AR Graphics HW/SW Co-Design Architect,architect,architect,auto,,
,architect & designer segment marketing intern - summer 2024,1,Architect & Designer Segment Marketing Intern - Summer 2024,architect,architect,auto,,
,architect - dxl,1,Architect - DXL,architect,architect,auto,,
,architect 1_usd,1,Architect 1_USD,architect,architect,auto,,
,architect 3,1,Architect 3,architect,architect,auto,,
,architect 7626,1,Architect (7626),architect,architect,auto,,
,architect functional safety,1,"Architect, Functional Safety",architect,architect,auto,,
,architect i,1,Architect I,architect,architect,auto,,
,architect ii,1,Architect II,architect,architect,auto,,
,architect iv,1,Architect IV,architect,architect,auto,,
,architect machine learning field cto,1,"Architect, Machine Learning, Field CTO",architect,architect,auto,,
,architect project manager,1,Architect/Project Manager,architect,architect,auto,,
,architect sr. project manager,1,Architect/Sr. Project Manager,architect,architect,auto,,
,architect with windchill,1,Architect with Windchill,architect,architect,auto,,
,architectural project manager or project architect,1,Architectural Project Manager or Project Architect,architect,architect,auto,,
,as400 architect,1,As400 Architect,architect,architect,auto,,
,as400 architect manager,1,AS400 Architect/Manager,architect,architect,auto,,
,assistant consultant architect,1,"Assistant Consultant, Architect",architect,architect,auto,,
,building enclosure engineer architect,1,Building Enclosure Engineer/Architect,architect,architect,auto,,
,business architect - change control remote,1,Business Architect - Change Control (Remote),architect,architect,auto,,
,business intelligence architect,1,Business Intelligence Architect,architect,architect,auto,,
,c# .net developer architect,1,C# .Net Developer/Architect,architect,architect,auto,,
,chief architect,1,Chief Architect,architect,architect,auto,,
,chip architect power management,1,"Chip Architect, Power Management",architect,architect,auto,,
,cisco stealth watch engineer architect,1,Cisco Stealth Watch Engineer/Architect,architect,architect,auto,,
,cms architect - w2 requirement,1,CMS Architect - W2 Requirement,architect,architect,auto,,
,commercial architect project manager-florida!,1,Commercial Architect/Project Manager―Florida!,architect,architect,auto,,
,construction architect,1,Construction Architect,architect,architect,auto,,
,contact center architect,1,Contact Center Architect,architect,architect,auto,,
,cpu architecture and performance architect,1,CPU Architecture and Performance Architect,architect,architect,auto,,
,cpu micro-architect rtl designer,1,CPU Micro-architect/RTL Designer,architect,architect,auto,,
,customer cdm bsa architect,1,Customer CDM BSA Architect,architect,architect,auto,,
,customer delivery architect,1,Customer Delivery Architect,architect,architect,auto,,
,cybersecurity architect-forgerock consultant,1,Cybersecurity Architect-ForgeRock Consultant,architect,architect,auto,,
,cybersecurity sme architect- remote,1,Cybersecurity SME/Architect- Remote,architect,architect,auto,,
,d365 architect,1,D365 Architect,architect,architect,auto,,
,d365 f&o pre-sales architect,1,D365 F&O Pre-Sales Architect,architect,architect,auto,,
,d365 f&o presales architect,1,D365 F&O PreSales Architect,architect,architect,auto,,
,databricks architect-looking for-mst pst,1,Databricks Architect-Looking For-MST/PST,architect,architect,auto,,
,datasphere architect,1,Datasphere Architect,architect,architect,auto,,
,desktop virtualization architect citrix,1,Desktop Virtualization Architect (Citrix),architect,architect,auto,,
,development connectivity design architect,1,Development Connectivity Design Architect,architect,architect,auto,,
,director cybersecurity architect l forensic and litigation consulting,1,"Director, Cybersecurity Architect l Forensic and Litigation Consulting",architect,architect,auto,,
,domain architect,1,Domain Architect,architect,architect,auto,,
,dotnet architect,1,DOTNET Architect,architect,architect,auto,,
,dynamics 365 - financial architect,1,Dynamics 365 – Financial Architect,architect,architect,auto,,
,dynamics 365 scm architect,1,Dynamics 365 SCM Architect,architect,architect,auto,,
,ecommerce architect - san francisco ca only w2 - remote,1,"Ecommerce Architect - San Francisco, CA (Only W2)- Remote",architect,architect,auto,,
,edw architect i - is edw and analytics - full time 8 hour days exempt non-union,1,EDW Architect I - IS EDW and Analytics - Full Time 8 Hour Days (Exempt) (Non-Union),architect,architect,auto,,
,embedded architect with pm,1,Embedded Architect with PM,architect,architect,auto,,
,empi architect,1,EMPI Architect,architect,architect,auto,,
,entry level architect civil or structural engineering,1,"Entry Level Architect, Civil or Structural Engineering",architect,architect,auto,,
,erp architect - hybrid in chicago or beloit area,1,ERP Architect - Hybrid In Chicago Or Beloit Area,architect,architect,auto,,
,etl architect,1,ETL Architect,architect,architect,auto,,
,etl architect talend,1,ETL Architect Talend,architect,architect,auto,,
,financial architect,1,Financial Architect,architect,architect,auto,,
,forgerock ciam engineer architect,1,ForgeRock CIAM Engineer/Architect,architect,architect,auto,,
,frontend lead architect w2 15+exp,1,Frontend Lead/Architect(W2) 15+Exp,architect,architect,auto,,
,frontend ux architect,1,Frontend UX Architect,architect,architect,auto,,
,fullstack architect,1,FullStack Architect,architect,architect,auto,,
,gcp architect,1,GCP Architect,architect,architect,auto,,
,hadoop architect,1,Hadoop Architect,architect,architect,auto,,
,hr workday workday reporting & analytics architect remote,1,HR Workday Workday Reporting & Analytics Architect (REMOTE),architect,architect,auto,,
,iam architect - senior,1,IAM Architect - Senior,architect,architect,auto,,
,iam architect 100% remote,1,IAM Architect(100% Remote),architect,architect,auto,,
,iam lead architect.,1,IAM Lead Architect.,architect,architect,auto,,
,identity and access management architect - 1420947,1,Identity and Access Management Architect - 1420947,architect,architect,auto,,
,imanage end user architect,1,iManage End User Architect,architect,architect,auto,,
,implementation strategy architect global payroll,1,Implementation Strategy Architect Global Payroll,architect,architect,auto,,
,intermediate architect,1,Intermediate Architect,architect,architect,auto,,
,itsm process architect,1,ITSM Process Architect,architect,architect,auto,,
,jaspersoft developer architect 100% remote,1,Jaspersoft Developer / Architect (100% Remote),architect,architect,auto,,
,kafka architect developer,1,Kafka Architect/ Developer,architect,architect,auto,,
,kronos architect,1,Kronos Architect,architect,architect,auto,,
,kubernetes architect,1,Kubernetes Architect,architect,architect,auto,,
,lead citrix desktop virtualization architect,1,Lead Citrix Desktop Virtualization Architect,architect,architect,auto,,
,lead desktop virtualization architect citrix,1,Lead Desktop Virtualization Architect (Citrix),architect,architect,auto,,
,logicmonitor architect team lead,1,"LogicMonitor Architect, Team Lead",architect,architect,auto,,
,m365 architect,1,M365 Architect,architect,architect,auto,,
,mac engineer architect,1,Mac Engineer / Architect,architect,architect,auto,,
,machine learning performance architect,1,Machine Learning Performance Architect,architect,architect,auto,,
,mainframe architect,1,Mainframe Architect,architect,architect,auto,,
,mcafee epo architect sme,1,McAfee ePO Architect/SME,architect,architect,auto,,
,mdm architect,1,MDM Architect,architect,architect,auto,,
,mes traksys architect,1,MES Traksys Architect,architect,architect,auto,,
,microstrategy architect,1,MicroStrategy Architect,architect,architect,auto,,
,mid-level architect,1,Mid-Level Architect,architect,architect,auto,,
,middleware architect,1,Middleware Architect,architect,architect,auto,,
,migration lead architect healthcare domain,1,Migration Lead/Architect (Healthcare domain),architect,architect,auto,,
,mobile architect,1,Mobile Architect,architect,architect,auto,,
,mobile lead architect with ionic,1,Mobile Lead/Architect with Ionic,architect,architect,auto,,
,mongodb architect,1,MongoDB Architect,architect,architect,auto,,
,mulesoft architect,1,Mulesoft Architect,architect,architect,auto,,
,mysql aurora db architect,1,MySQL Aurora DB Architect,architect,architect,auto,,
,openshift architect,1,OpenShift Architect,architect,architect,auto,,
,payments architect - iso 20022,1,Payments Architect - ISO 20022,architect,architect,auto,,
,pega architect,1,Pega Architect,architect,architect,auto,,
,pega architect - only w2,1,Pega Architect - Only W2,architect,architect,auto,,
,pega business architect,1,Pega Business Architect,architect,architect,auto,,
,pega lead architect,1,Pega Lead Architect,architect,architect,auto,,
,performance architect - silicon design engineer,1,Performance Architect - Silicon Design Engineer,architect,architect,auto,,
,pos architect,1,POS Architect,architect,architect,auto,,
,power platforms architect,1,Power platforms Architect,architect,architect,auto,,
,powerapps architect,1,Powerapps Architect,architect,architect,auto,,
,powerapps architect - ad level,1,PowerApps Architect - AD level,architect,architect,auto,,
,powerbi lead architect,1,PowerBI Lead/ Architect,architect,architect,auto,,
,pricing design architect iii,1,Pricing Design Architect III,architect,architect,auto,,
,principal anaplan architect engineer,1,Principal Anaplan Architect/Engineer,architect,architect,auto,,
,principal architect architecture and planning,1,Principal Architect (Architecture and Planning),architect,architect,auto,,
,principal architect healthcare,1,Principal Architect (Healthcare),architect,architect,auto,,
,principal architect visa independent,1,Principal Architect (Visa Independent),architect,architect,auto,,
,principal iot architect,1,Principal IoT Architect,architect,architect,auto,,
,process architect,1,Process Architect,architect,architect,auto,,
,product architect,1,Product Architect,architect,architect,auto,,
,product architect - product engineering services practice,1,Product Architect - Product Engineering Services Practice,architect,architect,auto,,
,project architect & designer,1,Project Architect & Designer,architect,architect,auto,,
,project architect - higher education,1,Project Architect - Higher Education,architect,architect,auto,,
,project architect - lexington,1,Project Architect - Lexington,architect,architect,auto,,
,project architect commercial office corporate office testing research & development sites,1,"Project Architect (Commercial Office, Corporate Office, Testing, Research & Development Sites)",architect,architect,auto,,
,project architect health,1,Project Architect | Health,architect,architect,auto,,
,project architect justice+civic,1,"Project Architect, Justice+Civic",architect,architect,auto,,
,project architect mixed-use,1,"Project Architect, Mixed-Use",architect,architect,auto,,
,project delivery manager ii - wynsure architect - tsp,1,Project Delivery Manager II - Wynsure Architect - TSP,architect,architect,auto,,
,project engineer architect - investigative forensic - chicago il,1,"Project Engineer/Architect - Investigative/Forensic - Chicago, IL",architect,architect,auto,,
,project manager - forensic engineer architect,1,Project Manager - Forensic Engineer/Architect,architect,architect,auto,,
,qa architect,1,QA Architect,architect,architect,auto,,
,qe architect lead,1,QE Architect/Lead,architect,architect,auto,,
,qe architect local in texas only,1,QE Architect (Local in Texas Only),architect,architect,auto,,
,qe architect- hands on,1,QE Architect- Hands On,architect,architect,auto,,
,qe domain architect,1,QE Domain Architect,architect,architect,auto,,
,qe domain architect with life annuity mckinney tx - hybrid,1,"QE Domain Architect with Life Annuity (McKinney, TX - Hybrid)",architect,architect,auto,,
,rdkb architect or lead,1,RDKB Architect or Lead,architect,architect,auto,,
,rpa architect,1,RPA Architect,architect,architect,auto,,
,sac fp&a architect - new york hybrid - contract,1,SAC FP&A Architect – New York (Hybrid) – Contract,architect,architect,auto,,
,saleforce architect,1,Saleforce Architect,architect,architect,auto,,
,scientific project manager for food beverage and consumer packaged goods industries project architect pa,1,"Scientific Project Manager for Food, Beverage, and Consumer Packaged Goods Industries (Project Architect | PA)",architect,architect,auto,,
,senior aaa design engineer architect,1,Senior AAA Design Engineer Architect,architect,architect,auto,,
,senior anaplan architect,1,Senior Anaplan Architect,architect,architect,auto,,
,senior architect - 46001,1,Senior Architect - 46001,architect,architect,auto,,
,senior architect project manager,1,Senior Architect / Project Manager,architect,architect,auto,,
,senior architect swib,1,"Senior Architect, SWIB",architect,architect,auto,,
,senior cognos tm1 architect,1,Senior Cognos TM1 Architect,architect,architect,auto,,
,senior commercial architect,1,Senior Commercial Architect,architect,architect,auto,,
,senior competitive analysis power architect pixel,1,"Senior Competitive Analysis Power Architect, Pixel",architect,architect,auto,,
,senior datawarehouse architect - snowflake,1,Senior Datawarehouse Architect - Snowflake,architect,architect,auto,,
,senior go developer go architect,1,Senior Go Developer / Go Architect,architect,architect,auto,,
,senior identity architect,1,Senior Identity Architect,architect,architect,auto,,
,senior manager consulting - business architect duck creek p&c insurance,1,"Senior Manager Consulting - Business Architect, Duck Creek (P&C Insurance)",architect,architect,auto,,
,senior middleware architect,1,Senior Middleware Architect,architect,architect,auto,,
,senior project engineer architect,1,Senior Project Engineer/Architect,architect,architect,auto,,
,senior service oriented architect - soa on-site,1,Senior Service Oriented Architect - SOA (On-Site),architect,architect,auto,,
,server performance architect,1,Server Performance Architect,architect,architect,auto,,
,service now architect,1,service now architect,architect,architect,auto,,
,sharepoint architect,1,Sharepoint Architect,architect,architect,auto,,
,sharepoint migration architect lead jive to sharepoint -remote rancho cucamonga ca,1,"SharePoint Migration Architect/Lead (Jive to SharePoint) -Remote/Rancho Cucamonga, CA",architect,architect,auto,,
,snowflake architect,1,Snowflake Architect,architect,architect,auto,,
,specialist engineer - product architect,1,Specialist Engineer - Product Architect,architect,architect,auto,,
,spotfire developer architect,1,Spotfire Developer Architect,architect,architect,auto,,
,spotfire developer architect w2 only,1,Spotfire Developer Architect  (W2 Only),architect,architect,auto,,
,sql server architect,1,SQL Server architect,architect,architect,auto,,
,sr ux architect,1,Sr UX Architect,architect,architect,auto,,
,sr. architect,1,Sr. Architect,architect,architect,auto,,
,sr. business architect,1,Sr. Business Architect,architect,architect,auto,,
,sr. electrification fusa architect,1,Sr. Electrification FuSa Architect,architect,architect,auto,,
,sr. etl architect,1,Sr. ETL Architect,architect,architect,auto,,
,sr. information architect ia,1,Sr. Information Architect (IA),architect,architect,auto,,
,sr. mulesoft architect pre-sales,1,Sr. Mulesoft Architect (Pre-sales),architect,architect,auto,,
,sr. project architect health,1,Sr. Project Architect | Health,architect,architect,auto,,
,sr. project manager architect,1,Sr. Project Manager/Architect,architect,architect,auto,,
,sre architect,1,SRE Architect,architect,architect,auto,,
,staff architect,1,Staff Architect,architect,architect,auto,,
,supply chain architect,1,Supply Chain Architect,architect,architect,auto,,
,sustainable design architect,1,Sustainable Design Architect,architect,architect,auto,,
,tableau architect,1,Tableau Architect,architect,architect,auto,,
,test architect,1,Test Architect,architect,architect,auto,,
,tibco architect,1,Tibco Architect,architect,architect,auto,,
,ui architect,1,UI Architect,architect,architect,auto,,
,usa senior distinguished i architect,1,"(USA) Senior Distinguished I, Architect",architect,architect,auto,,
,ux ui architect,1,UX UI Architect,architect,architect,auto,,
,website information architect,1,Website Information Architect,architect,architect,auto,,
,windchill architect conusltant,1,Windchill Architect/Conusltant,architect,architect,auto,,
,windchill architect- fulltime,1,Windchill Architect- Fulltime,architect,architect,auto,,
,windows architect,1,Windows Architect,architect,architect,auto,,
,workday - functional architect financial accounting,1,"Workday - Functional Architect, Financial Accounting",architect,architect,auto,,
,workday test lead architect,1,Workday Test Lead / Architect,architect,architect,auto,,
,associate attorney,103,Associate Attorney,attorney,attorney,auto,,
,attorney,44,Attorney,attorney,attorney,auto,,
,litigation attorney,18,Litigation Attorney,attorney,attorney,auto,,
,family law attorney,15,Family Law Attorney,attorney,attorney,auto,,
,labor and employment attorney,12,Labor And Employment Attorney,attorney,attorney,auto,,
,corporate counsel,10,Corporate Counsel,attorney,attorney,auto,,
,trial attorney,10,Trial Attorney,attorney,attorney,auto,,
,in-house counsel,9,In-House Counsel,attorney,attorney,auto,,
,patent attorney,9,Patent Attorney,attorney,attorney,auto,,
,staff attorney,9,Staff Attorney,attorney,attorney,auto,,
,real estate attorney,8,Real Estate Attorney,attorney,attorney,auto,,
,assistant general counsel,7,Assistant General Counsel,attorney,attorney,auto,,
,immigration attorney,7,Immigration Attorney,attorney,attorney,auto,,
,insurance defense attorney,7,Insurance Defense Attorney,attorney,attorney,auto,,
,general counsel,6,General Counsel,attorney,attorney,auto,,
,general liability associate attorney,6,General Liability Associate Attorney,attorney,attorney,auto,,
,labor & employment associate attorney,6,Labor & Employment Associate Attorney,attorney,attorney,auto,,
,litigation associate attorney,6,Litigation Associate Attorney,attorney,attorney,auto,,
,personal injury attorney,6,Personal Injury Attorney,attorney,attorney,auto,,
,senior legal counsel,6,Senior Legal Counsel,attorney,attorney,auto,,
,associate general counsel,5,Associate General Counsel,attorney,attorney,auto,,
,counsel,5,Counsel,attorney,attorney,auto,,
,litigation attorney - hybrid,5,Litigation Attorney - Hybrid,attorney,attorney,auto,,
,senior attorney,5,Senior Attorney,attorney,attorney,auto,,
,workers' compensation associate attorney,5,Workers' Compensation Associate Attorney,attorney,attorney,auto,,
,conflicts attorney,4,Conflicts Attorney,attorney,attorney,auto,,
,criminal defense attorney,4,Criminal Defense Attorney,attorney,attorney,auto,,
,labor & employment attorney,4,Labor & Employment Attorney,attorney,attorney,auto,,
,senior counsel,4,Senior Counsel,attorney,attorney,auto,,
,senior counsel - public affairs,4,Senior Counsel - Public Affairs,attorney,attorney,auto,,
,senior trial attorney,4,Senior Trial Attorney,attorney,attorney,auto,,
,assistant general counsel - corporate and securities,3,Assistant General Counsel - Corporate and Securities,attorney,attorney,auto,,
,attorney lawyer,3,Attorney/Lawyer,attorney,attorney,auto,,
,commercial litigation attorney,3,Commercial Litigation Attorney,attorney,attorney,auto,,
,corporate attorney,3,Corporate Attorney,attorney,attorney,auto,,
,global insurance law attorney,3,Global Insurance Law Attorney,attorney,attorney,auto,,
,intellectual property attorney,3,Intellectual Property Attorney,attorney,attorney,auto,,
,junior associate attorney,3,Junior Associate Attorney,attorney,attorney,auto,,
,legal counsel,3,Legal Counsel,attorney,attorney,auto,,
,professional liability associate attorney,3,Professional Liability Associate Attorney,attorney,attorney,auto,,
,senior associate attorney,3,Senior Associate Attorney,attorney,attorney,auto,,
,amlaw real estate attorney,2,AmLaw Real Estate Attorney,attorney,attorney,auto,,
,associate attorney - commercial litigation,2,Associate Attorney - Commercial Litigation,attorney,attorney,auto,,
,associate attorney - insurance defense,2,Associate Attorney - Insurance Defense,attorney,attorney,auto,,
,associate attorney - personal injury,2,Associate Attorney - Personal Injury,attorney,attorney,auto,,
,associate counsel,2,Associate Counsel,attorney,attorney,auto,,
,bankruptcy attorney,2,Bankruptcy Attorney,attorney,attorney,auto,,
,civil litigation attorney,2,Civil Litigation Attorney,attorney,attorney,auto,,
,commercial business litigation attorney,2,Commercial / Business Litigation Attorney,attorney,attorney,auto,,
,commercial lawyer,2,Commercial Lawyer,attorney,attorney,auto,,
,commercial litigation associate attorney,2,Commercial Litigation Associate Attorney,attorney,attorney,auto,,
,construction litigation attorney,2,Construction Litigation Attorney,attorney,attorney,auto,,
,contract attorney,2,Contract Attorney,attorney,attorney,auto,,
,contract corporate litigation attorney,2,Contract Corporate Litigation Attorney,attorney,attorney,auto,,
,corporate lawyer,2,Corporate Lawyer,attorney,attorney,auto,,
,entry level litigation attorney,2,Entry Level Litigation Attorney,attorney,attorney,auto,,
,estate planning attorney,2,Estate Planning Attorney,attorney,attorney,auto,,
,executive compensation attorney,2,Executive Compensation Attorney,attorney,attorney,auto,,
,family law associate attorney,2,Family Law Associate Attorney,attorney,attorney,auto,,
,junior in-house counsel bua,2,"Junior In-House Counsel, BUA",attorney,attorney,auto,,
,real estate litigation associate attorney,2,Real Estate Litigation Associate Attorney,attorney,attorney,auto,,
,senior litigation attorney,2,Senior Litigation Attorney,attorney,attorney,auto,,
,tax attorney,2,Tax Attorney,attorney,attorney,auto,,
,transactional attorney,2,Transactional Attorney,attorney,attorney,auto,,
,worker's compensation attorney,2,Worker's Compensation Attorney,attorney,attorney,auto,,
,workers compensation attorney,2,Workers Compensation Attorney,attorney,attorney,auto,,
,workers' compensation attorney,2,Workers' Compensation Attorney,attorney,attorney,auto,,
,2+ years attorney,1,2+ years Attorney,attorney,attorney,auto,,
,2024 summer attorney internship,1,2024 Summer Attorney Internship,attorney,attorney,auto,,
,2nd to 5th year business litigation associate attorney remote,1,2nd to 5th Year Business Litigation Associate Attorney (Remote),attorney,attorney,auto,,
,asbestos litigation associate attorney,1,Asbestos Litigation Associate Attorney,attorney,attorney,auto,,
,assistant attorney,1,Assistant Attorney,attorney,attorney,auto,,
,assistant attorney general - division of consumer affairs,1,Assistant Attorney General – Division of Consumer Affairs,attorney,attorney,auto,,
,assistant city attorney,1,Assistant City Attorney,attorney,attorney,auto,,
,assistant corporate counsel - commercial contracts,1,Assistant Corporate Counsel – Commercial Contracts,attorney,attorney,auto,,
,assistant district attorney violent criminal enterprises bureau,1,"Assistant District Attorney, Violent Criminal Enterprises Bureau",attorney,attorney,auto,,
,assistant general counsel - bsc hybrid,1,Assistant General Counsel - BSC (Hybrid),attorney,attorney,auto,,
,assistant general counsel - cantex,1,Assistant General Counsel - Cantex,attorney,attorney,auto,,
,assistant general counsel - general litigation,1,Assistant General Counsel - General Litigation,attorney,attorney,auto,,
,assistant general counsel global contracts,1,Assistant General Counsel (Global Contracts),attorney,attorney,auto,,
,assistant general counsel p&c insurance,1,Assistant General Counsel (P&C Insurance),attorney,attorney,auto,,
,assistant prosecuting attorney,1,Assistant Prosecuting Attorney,attorney,attorney,auto,,
,associate attorney - estate planning,1,Associate Attorney - Estate Planning,attorney,attorney,auto,,
,associate attorney - estate planning and probate,1,Associate Attorney - Estate Planning and Probate,attorney,attorney,auto,,
,associate attorney - insurance litigation defense,1,Associate Attorney - Insurance Litigation Defense,attorney,attorney,auto,,
,associate attorney - litigation,1,Associate Attorney - Litigation,attorney,attorney,auto,,
,associate attorney - personal injury plaintiff,1,Associate Attorney - Personal Injury (Plaintiff),attorney,attorney,auto,,
,associate attorney - trust and estates,1,Associate Attorney - Trust and Estates,attorney,attorney,auto,,
,associate attorney -- labor & employment defense 2-10 years,1,Associate Attorney -- Labor & Employment Defense (2-10 years),attorney,attorney,auto,,
,associate attorney civil-employment san diego,1,Associate Attorney Civil-Employment SAN DIEGO,attorney,attorney,auto,,
,associate attorney for collection and bankruptcy practice,1,Associate Attorney for Collection and Bankruptcy Practice,attorney,attorney,auto,,
,associate attorney hybrid,1,Associate Attorney (Hybrid),attorney,attorney,auto,,
,associate attorney hybrid - east meadow ny,1,"Associate Attorney (Hybrid - East Meadow, NY)",attorney,attorney,auto,,
,associate attorney labor & employment - 1789877,1,"Associate Attorney, Labor & Employment - 1789877",attorney,attorney,auto,,
,associate attorney litigation,1,Associate Attorney (Litigation),attorney,attorney,auto,,
,associate attorney or entry level attorney- 1 to 5 years experience- plaintiff litigation,1,Associate Attorney or Entry Level Attorney- 1 to 5 years experience- plaintiff litigation,attorney,attorney,auto,,
,associate attorney p&c insurance counsel,1,Associate Attorney (P&C Insurance Counsel),attorney,attorney,auto,,
,associate attorney private equity debt finance,1,ASSOCIATE ATTORNEY/PRIVATE EQUITY/DEBT FINANCE,attorney,attorney,auto,,
,associate attorney workers’ compensation,1,Associate Attorney (Workers’ Compensation),attorney,attorney,auto,,
,associate attorney- insurance defense remote,1,Associate Attorney- Insurance Defense (Remote),attorney,attorney,auto,,
,associate attorney- litigation,1,Associate Attorney- litigation,attorney,attorney,auto,,
,associate corporate counsel,1,Associate Corporate Counsel,attorney,attorney,auto,,
,associate corporate counsel regulatory project kuiper satellites kuiper legal,1,"Associate Corporate Counsel, Regulatory, Project Kuiper (Satellites), Kuiper Legal",attorney,attorney,auto,,
,associate counsel - affiliate distribution and affairs,1,Associate Counsel - Affiliate Distribution and Affairs,attorney,attorney,auto,,
,associate counsel marketing & trademarks us & international,1,"Associate Counsel, Marketing & Trademarks, US & International",attorney,attorney,auto,,
,associate counsel p&c insurance fronting contract drafting negotiating remote east coast preferred,1,"Associate Counsel, P&C Insurance Fronting Contract Drafting/Negotiating (Remote, East Coast preferred))",attorney,attorney,auto,,
,associate counsel workers compensation claim,1,"Associate Counsel, Workers Compensation Claim",attorney,attorney,auto,,
,associate counsel-employment,1,Associate Counsel-Employment,attorney,attorney,auto,,
,associate family law attorney,1,Associate Family Law Attorney,attorney,attorney,auto,,
,associate general counsel - dc12741,1,Associate General Counsel  - DC12741,attorney,attorney,auto,,
,associate general counsel - registered funds equitable investment management,1,"Associate General Counsel - Registered Funds, Equitable Investment Management",attorney,attorney,auto,,
,associate general counsel and managing director cib markets,1,"Associate General Counsel and Managing Director, CIB Markets",attorney,attorney,auto,,
,associate general counsel data governance,1,"Associate General Counsel, Data Governance",attorney,attorney,auto,,
,associate general counsel litigation and employment law,1,"Associate General Counsel, Litigation and Employment Law",attorney,attorney,auto,,
,associate general counsel privacy & data protection,1,"Associate General Counsel, Privacy & Data Protection",attorney,attorney,auto,,
,associate general counsel product youth,1,"Associate General Counsel, Product (Youth)",attorney,attorney,auto,,
,associate immigration attorney,1,Associate Immigration Attorney,attorney,attorney,auto,,
,associate managing attorney,1,Associate Managing Attorney,attorney,attorney,auto,,
,associate trial attorney - los angeles,1,Associate Trial Attorney - Los Angeles,attorney,attorney,auto,,
,asylum evidence gathering attorney,1,Asylum: Evidence Gathering Attorney,attorney,attorney,auto,,
,attorney - appellate and motions,1,Attorney - Appellate and Motions,attorney,attorney,auto,,
,attorney - associate estate planning,1,Attorney - Associate/Estate Planning,attorney,attorney,auto,,
,attorney - civil defense trial attorney - national law firm - hybrid remote,1,Attorney - Civil Defense Trial Attorney - National Law Firm - Hybrid Remote,attorney,attorney,auto,,
,attorney - commercial litigation,1,Attorney - Commercial Litigation,attorney,attorney,auto,,
,attorney - corporate advice,1,Attorney - Corporate Advice,attorney,attorney,auto,,
,attorney - employment defense litigation - boutique law firm,1,Attorney - Employment Defense Litigation - Boutique Law Firm,attorney,attorney,auto,,
,attorney - general liability litigation - prominent regional law firm,1,Attorney - General Liability Litigation - Prominent Regional Law Firm,attorney,attorney,auto,,
,attorney - insurance defense partner - prominent regional law firm - hybrid remote,1,Attorney - Insurance Defense Partner - Prominent Regional Law Firm - Hybrid Remote,attorney,attorney,auto,,
,attorney - judge advocate,1,Attorney -  Judge Advocate,attorney,attorney,auto,,
,attorney - liberty,1,Attorney - Liberty,attorney,attorney,auto,,
,attorney - medical legal partnership,1,Attorney - Medical Legal Partnership,attorney,attorney,auto,,
,attorney - medical malpractice counsel- prominent law firm - westchester,1,Attorney - Medical Malpractice Counsel- Prominent Law Firm - Westchester,attorney,attorney,auto,,
,attorney - medical malpractice defense litigation associate - prominent regional law firm - hybrid remote,1,Attorney - Medical Malpractice Defense Litigation Associate - Prominent Regional Law Firm - Hybrid Remote,attorney,attorney,auto,,
,attorney - must be local to phoenix az,1,"Attorney - Must be local to Phoenix, AZ",attorney,attorney,auto,,
,attorney - osha environmental associate,1,Attorney - OSHA/Environmental Associate,attorney,attorney,auto,,
,attorney - toxic tort litigation defense - prominent law firm,1,Attorney - Toxic Tort Litigation Defense - Prominent Law Firm,attorney,attorney,auto,,
,attorney - trial lawyer - boutique ny law firm - general liability,1,Attorney - Trial Lawyer - Boutique NY Law Firm - General Liability,attorney,attorney,auto,,
,attorney at law,1,Attorney At Law,attorney,attorney,auto,,
,attorney at law - personal injury bilingual,1,Attorney at Law - Personal Injury (Bilingual),attorney,attorney,auto,,
,attorney complex business litigation civil litigation,1,Attorney (Complex Business Litigation / Civil Litigation),attorney,attorney,auto,,
,attorney complex civil litigation,1,Attorney (Complex Civil Litigation),attorney,attorney,auto,,
,attorney corporate & real estate,1,"Attorney, Corporate & Real Estate",attorney,attorney,auto,,
,attorney development manager - hybrid,1,Attorney Development Manager - Hybrid,attorney,attorney,auto,,
,attorney ii & attorney iii - austin,1,Attorney II & Attorney III - Austin,attorney,attorney,auto,,
,attorney integration & professional development manager,1,Attorney Integration & Professional Development Manager,attorney,attorney,auto,,
,attorney lawyer- litigation,1,Attorney/Lawyer- Litigation,attorney,attorney,auto,,
,attorney medmal,1,Attorney (MedMal),attorney,attorney,auto,,
,attorney missouri,1,Attorney (Missouri),attorney,attorney,auto,,
,attorney non-shareholder track,1,Attorney (Non-Shareholder Track),attorney,attorney,auto,,
,attorney nonprofit and association,1,Attorney (Nonprofit and Association),attorney,attorney,auto,,
,attorney practice coordinator - detroit,1,Attorney Practice Coordinator - Detroit,attorney,attorney,auto,,
,attorney real estate litigation,1,Attorney | Real Estate | Litigation,attorney,attorney,auto,,
,attorney senior counsel,1,Attorney Senior Counsel,attorney,attorney,auto,,
,attorney specialist,1,ATTORNEY SPECIALIST,attorney,attorney,auto,,
,attorney w2 and phoenix candidates,1,Attorney (W2 and Phoenix candidates),attorney,attorney,auto,,
,attorney with unlawful detainer experience remote and contract,1,Attorney with Unlawful Detainer Experience (Remote and Contract),attorney,attorney,auto,,
,attorney- civil litigation- associate attorney,1,Attorney- Civil Litigation- Associate Attorney,attorney,attorney,auto,,
,attorney- family law,1,Attorney- Family Law,attorney,attorney,auto,,
,attorney- general liability defense lawyer,1,Attorney- General Liability Defense Lawyer,attorney,attorney,auto,,
,attorney-adviser,1,Attorney-Adviser,attorney,attorney,auto,,
,attorney-adviser general with security clearance,1,ATTORNEY-ADVISER (GENERAL) with Security Clearance,attorney,attorney,auto,,
,bank regulatory attorney,1,Bank Regulatory Attorney,attorney,attorney,auto,,
,bilingual lawyer referral and information service lris staff attorney,1,Bilingual Lawyer Referral and Information Service (LRIS) Staff Attorney,attorney,attorney,auto,,
,bilingual staff attorney farmworker program,1,"Bilingual Staff Attorney, Farmworker Program",attorney,attorney,auto,,
,broker-dealer investment adviser attorney,1,Broker-Dealer / Investment Adviser Attorney,attorney,attorney,auto,,
,business attorney,1,Business Attorney,attorney,attorney,auto,,
,business litigation attorney,1,Business Litigation Attorney,attorney,attorney,auto,,
,california licensed litigation attorney completely remote,1,California Licensed Litigation Attorney (Completely Remote),attorney,attorney,auto,,
,case management attorney,1,Case Management Attorney,attorney,attorney,auto,,
,child welfare associate attorney,1,Child Welfare Associate Attorney,attorney,attorney,auto,,
,chinese labor lawyer,1,Chinese Labor  Lawyer,attorney,attorney,auto,,
,city attorney,1,City Attorney,attorney,attorney,auto,,
,civil attorney,1,Civil Attorney,attorney,attorney,auto,,
,civil defense litigation attorney,1,Civil Defense Litigation Attorney,attorney,attorney,auto,,
,civil litigation associate attorney,1,Civil Litigation Associate Attorney,attorney,attorney,auto,,
,civil litigation associate attorney 30+ hrs wk contract,1,"Civil Litigation Associate Attorney (30+ hrs/wk, Contract)",attorney,attorney,auto,,
,civil litigation lawyer junior senior level,1,Civil Litigation Lawyer (Junior/Senior level),attorney,attorney,auto,,
,claims contract attorney,1,Claims Contract Attorney,attorney,attorney,auto,,
,claims lawyer,1,Claims Lawyer,attorney,attorney,auto,,
,class action contract attorney,1,Class Action Contract Attorney,attorney,attorney,auto,,
,commercial litigation white collar defense attorney mid-level,1,Commercial Litigation/White Collar Defense Attorney (Mid-Level),attorney,attorney,auto,,
,commercial real estate attorney,1,Commercial Real Estate Attorney,attorney,attorney,auto,,
,commercial real estate attorney 4+ years - chicago il,1,"Commercial Real Estate Attorney (4+ years) - Chicago, IL",attorney,attorney,auto,,
,commercial real estate attorney temp,1,Commercial Real Estate Attorney (TEMP),attorney,attorney,auto,,
,commercial real estate attorney temp ny bar,1,Commercial Real Estate Attorney (TEMP/NY BAR),attorney,attorney,auto,,
,commercial real estate litigation associate attorney - hybrid,1,Commercial/Real Estate Litigation Associate Attorney - Hybrid,attorney,attorney,auto,,
,complex litigation attorney,1,Complex Litigation Attorney,attorney,attorney,auto,,
,complex trial senior counsel,1,Complex Trial Senior Counsel,attorney,attorney,auto,,
,construction defect associate attorney,1,Construction Defect Associate Attorney,attorney,attorney,auto,,
,consumer warranty & lemon law associate attorney,1,Consumer Warranty & Lemon Law Associate Attorney,attorney,attorney,auto,,
,contract corporate attorney,1,Contract Corporate Attorney,attorney,attorney,auto,,
,contracts attorney - pt,1,Contracts Attorney - PT,attorney,attorney,auto,,
,corporate associate attorney - 1826149,1,Corporate Associate Attorney - 1826149,attorney,attorney,auto,,
,corporate associate corporate counsel and corporate partner level opportunities,1,"Corporate Associate , Corporate Counsel and Corporate Partner Level Opportunities",attorney,attorney,auto,,
,corporate attorney remote,1,Corporate Attorney (Remote),attorney,attorney,auto,,
,corporate counsel - bankruptcy & litigation,1,Corporate Counsel - Bankruptcy & Litigation,attorney,attorney,auto,,
,corporate counsel - commercial contracts,1,Corporate Counsel - Commercial Contracts,attorney,attorney,auto,,
,corporate counsel - energy and finance,1,Corporate Counsel – Energy and Finance,attorney,attorney,auto,,
,corporate counsel - global generative ai company,1,Corporate Counsel - Global Generative AI Company,attorney,attorney,auto,,
,corporate counsel - transactions and mergers and acquisitions,1,Corporate Counsel - Transactions and Mergers and Acquisitions,attorney,attorney,auto,,
,corporate counsel aws legal,1,"Corporate Counsel, AWS Legal",attorney,attorney,auto,,
,corporate counsel corporate & securities,1,"Corporate Counsel, Corporate & Securities",attorney,attorney,auto,,
,corporate counsel director,1,Corporate Counsel/Director,attorney,attorney,auto,,
,corporate counsel hybrid austin san antonio,1,Corporate Counsel (Hybrid Austin/San Antonio),attorney,attorney,auto,,
,corporate finance associate attorney,1,Corporate Finance Associate Attorney,attorney,attorney,auto,,
,corporate legal counsel,1,Corporate Legal Counsel,attorney,attorney,auto,,
,corporate litigation attorney,1,Corporate Litigation Attorney,attorney,attorney,auto,,
,corporate oil & gas attorney,1,Corporate Oil & Gas Attorney,attorney,attorney,auto,,
,counsel - intellectual property,1,Counsel - Intellectual Property,attorney,attorney,auto,,
,counsel - patent intellectual property attorney - onsite,1,Counsel - Patent/Intellectual Property Attorney - Onsite,attorney,attorney,auto,,
,counsel ads legal,1,"Counsel, Ads Legal",attorney,attorney,auto,,
,counsel claim,1,"Counsel, Claim",attorney,attorney,auto,,
,counsel commercial transactions,1,"Counsel, Commercial Transactions",attorney,attorney,auto,,
,counsel corporate transactions,1,"Counsel, Corporate Transactions",attorney,attorney,auto,,
,counsel employment law,1,"Counsel, Employment Law",attorney,attorney,auto,,
,counsel institutional commercial contracting,1,"Counsel, Institutional Commercial Contracting",attorney,attorney,auto,,
,counsel litigation,1,"Counsel, Litigation",attorney,attorney,auto,,
,counsel plasma-derived therapies business unit,1,"Counsel, Plasma-Derived Therapies Business Unit",attorney,attorney,auto,,
,counsel safety & insurance litigation us new york,1,"Counsel, Safety & Insurance Litigation, US New York",attorney,attorney,auto,,
,counsel vice president,1,"Counsel, Vice President",attorney,attorney,auto,,
,counsel washington dc,1,"Counsel, Washington, DC",attorney,attorney,auto,,
,courtroom attorney,1,Courtroom Attorney,attorney,attorney,auto,,
,defense litigation associate attorney,1,Defense Litigation Associate Attorney,attorney,attorney,auto,,
,deputy attorney general,1,Deputy Attorney General,attorney,attorney,auto,,
,deputy city attorney - workers’ compensation,1,Deputy City Attorney - WORKERS’ COMPENSATION,attorney,attorney,auto,,
,deputy city attorney civil advisory division environment and land use - i2332 unclassified,1,"Deputy City Attorney (Civil Advisory Division, Environment and Land Use) – I2332 (Unclassified)",attorney,attorney,auto,,
,deputy city attorney i ii senior litigation,1,DEPUTY CITY ATTORNEY I/II/SENIOR (Litigation),attorney,attorney,auto,,
,deputy general counsel,1,Deputy General Counsel,attorney,attorney,auto,,
,deputy prosecuting attorney part time i,1,DEPUTY PROSECUTING ATTORNEY PART TIME I,attorney,attorney,auto,,
,discovery attorney,1,Discovery Attorney,attorney,attorney,auto,,
,divorce & family law attorney,1,Divorce & Family Law Attorney,attorney,attorney,auto,,
,document review attorney,1,Document Review Attorney,attorney,attorney,auto,,
,document review attorney freshly barred,1,Document Review Attorney (Freshly Barred),attorney,attorney,auto,,
,document review attorney-north jersey,1,Document Review Attorney-North Jersey,attorney,attorney,auto,,
,emerging technology attorney,1,Emerging Technology Attorney,attorney,attorney,auto,,
,employment & hr litigation attorney,1,Employment & HR Litigation Attorney,attorney,attorney,auto,,
,employment attorney opening,1,Employment Attorney Opening,attorney,attorney,auto,,
,employment law trial attorney,1,"Employment Law, Trial Attorney",attorney,attorney,auto,,
,employment lawyer,1,Employment Lawyer,attorney,attorney,auto,,
,employment litigation attorney,1,Employment Litigation Attorney,attorney,attorney,auto,,
,employment litigation attorney completely remote opportunity,1,Employment Litigation Attorney (Completely Remote Opportunity),attorney,attorney,auto,,
,entry level document review attorney - any bar!,1,Entry Level Document Review Attorney - Any Bar!,attorney,attorney,auto,,
,environmental attorney,1,Environmental Attorney,attorney,attorney,auto,,
,esg lawyer,1,ESG Lawyer,attorney,attorney,auto,,
,estate attorney,1,Estate Attorney,attorney,attorney,auto,,
,estate planning and administration attorney,1,Estate Planning and Administration Attorney,attorney,attorney,auto,,
,family law attorney - partner,1,Family Law Attorney - Partner,attorney,attorney,auto,,
,family law attorney va barred,1,Family Law Attorney (VA Barred),attorney,attorney,auto,,
,family law matrimonial associate attorney - hybrid,1,Family Law/Matrimonial Associate Attorney - Hybrid,attorney,attorney,auto,,
,federal regulatory attorney,1,Federal Regulatory Attorney,attorney,attorney,auto,,
,financial services class action associate attorney,1,Financial Services/Class Action Associate Attorney,attorney,attorney,auto,,
,financial services senior associate counsel - aviation finance,1,Financial Services Senior Associate/Counsel – Aviation Finance,attorney,attorney,auto,,
,first party property associate attorney,1,First Party Property Associate Attorney,attorney,attorney,auto,,
,fl bar associate attorney tax trusts and estates,1,"FL Bar Associate Attorney Tax, Trusts, and Estates",attorney,attorney,auto,,
,fund formation attorney,1,Fund Formation Attorney,attorney,attorney,auto,,
,fund securities transactional attorney,1,Fund/Securities Transactional Attorney,attorney,attorney,auto,,
,general counsel and compliance officer,1,General Counsel and Compliance Officer,attorney,attorney,auto,,
,general counsel associate general counsel,1,General Counsel/ Associate General Counsel,attorney,attorney,auto,,
,general counsel bureau for social services,1,"General Counsel, Bureau for Social Services",attorney,attorney,auto,,
,general counsel for corporate law,1,General Counsel for Corporate law,attorney,attorney,auto,,
,general counsel's office - departmental assistant corporate,1,"General Counsel's Office - Departmental Assistant, Corporate",attorney,attorney,auto,,
,generalist education attorney,1,Generalist Education Attorney,attorney,attorney,auto,,
,government and commercial contracts attorney,1,Government and Commercial Contracts Attorney,attorney,attorney,auto,,
,government and commercial contracts attorney - saas and telecommunications,1,Government and Commercial Contracts Attorney – SaaS and Telecommunications,attorney,attorney,auto,,
,head of legal general counsel,1,Head of Legal/General Counsel,attorney,attorney,auto,,
,health care litigation attorney,1,Health Care Litigation Attorney,attorney,attorney,auto,,
,healthcare & medical malpractice associate attorney,1,Healthcare & Medical Malpractice Associate Attorney,attorney,attorney,auto,,
,hiring a contract lawyer with probate experience,1,Hiring a Contract Lawyer with Probate Experience,attorney,attorney,auto,,
,housing attorney,1,Housing Attorney,attorney,attorney,auto,,
,immigration litigation attorney,1,Immigration Litigation Attorney,attorney,attorney,auto,,
,immigration staff attorney,1,Immigration Staff Attorney,attorney,attorney,auto,,
,in-house attorney,1,In-House Attorney,attorney,attorney,auto,,
,in-house attorney - insurance defense - hybrid remote,1,In-House Attorney - Insurance Defense - Hybrid Remote,attorney,attorney,auto,,
,in-house counsel at d. e. shaw research,1,In-House Counsel at D. E. Shaw Research,attorney,attorney,auto,,
,in-house counsel chief compliance officer,1,In-House Counsel / Chief Compliance Officer,attorney,attorney,auto,,
,in-house counsel pipeline - life sciences,1,In-house Counsel Pipeline - Life Sciences,attorney,attorney,auto,,
,in-house legal counsel,1,In-House Legal Counsel,attorney,attorney,auto,,
,initial appearance attorney-nighttime,1,Initial Appearance Attorney-Nighttime,attorney,attorney,auto,,
,insurance attorney,1,Insurance Attorney,attorney,attorney,auto,,
,insurance coverage associate attorney,1,Insurance Coverage Associate Attorney,attorney,attorney,auto,,
,insurance defense associate attorney - hybrid schedule,1,Insurance Defense Associate Attorney - Hybrid Schedule,attorney,attorney,auto,,
,insurance defense litigation associate attorney,1,Insurance Defense Litigation Associate Attorney,attorney,attorney,auto,,
,insurance defense litigation attorney,1,Insurance Defense Litigation Attorney,attorney,attorney,auto,,
,interim corporate contract attorney,1,Interim Corporate Contract Attorney,attorney,attorney,auto,,
,interim m&a attorney,1,Interim M&A Attorney,attorney,attorney,auto,,
,junior attorney - real estate transactions,1,Junior Attorney - Real Estate Transactions,attorney,attorney,auto,,
,junior in-house counsel bua little rock,1,"Junior In-House Counsel, BUA (Little Rock)",attorney,attorney,auto,,
,labor & employment attorney - part time remote,1,Labor & Employment Attorney - Part Time Remote,attorney,attorney,auto,,
,labor & employment law attorney,1,Labor & Employment Law Attorney,attorney,attorney,auto,,
,labor & employment litigation attorney completely remote,1,Labor & Employment Litigation Attorney (Completely Remote),attorney,attorney,auto,,
,labor & employment litigation attorney contract and remote,1,Labor & Employment Litigation Attorney (Contract and Remote),attorney,attorney,auto,,
,land operations attorney,1,Land Operations Attorney,attorney,attorney,auto,,
,land use attorney,1,Land Use Attorney,attorney,attorney,auto,,
,land use zoning attorney,1,Land Use Zoning Attorney,attorney,attorney,auto,,
,lateral partner attorney,1,Lateral Partner Attorney,attorney,attorney,auto,,
,law & motion attorney,1,Law & Motion Attorney,attorney,attorney,auto,,
,lawyer,1,Lawyer,attorney,attorney,auto,,
,legal attorney vice president,1,"Legal Attorney, Vice President",attorney,attorney,auto,,
,legal counsel - customers & commercial,1,Legal Counsel - Customers & Commercial,attorney,attorney,auto,,
,legal counsel - tech regulatory,1,Legal Counsel – Tech Regulatory,attorney,attorney,auto,,
,legal counsel commercial,1,"Legal Counsel, Commercial",attorney,attorney,auto,,
,legal counsel commercial transactions,1,"Legal Counsel, Commercial Transactions",attorney,attorney,auto,,
,legal counsel healthcare regulatory,1,Legal Counsel (Healthcare/Regulatory),attorney,attorney,auto,,
,legal counsel region na,1,Legal Counsel Region NA,attorney,attorney,auto,,
,licensing patent attorney patent agent,1,Licensing Patent Attorney / Patent Agent,attorney,attorney,auto,,
,litigation attorney - commercial or employment,1,Litigation Attorney - Commercial or Employment,attorney,attorney,auto,,
,litigation attorney - general and professional liability,1,Litigation Attorney - General and Professional Liability,attorney,attorney,auto,,
,litigation attorney - hybrid nyc & westchester,1,Litigation Attorney - Hybrid (NYC & Westchester),attorney,attorney,auto,,
,litigation attorney - specializing in personal injury cases,1,Litigation Attorney - Specializing In Personal Injury Cases,attorney,attorney,auto,,
,litigation attorney - temporary,1,Litigation Attorney - Temporary,attorney,attorney,auto,,
,litigation attorney 2+ years,1,Litigation Attorney (2+ years),attorney,attorney,auto,,
,litigation attorney contract and remote,1,Litigation Attorney (Contract and Remote),attorney,attorney,auto,,
,litigation attorney senior associate,1,Litigation Attorney / Senior Associate,attorney,attorney,auto,,
,litigation corporate counsel,1,Litigation Corporate Counsel,attorney,attorney,auto,,
,litigation services attorney,1,Litigation Services Attorney,attorney,attorney,auto,,
,local government attorney,1,Local Government Attorney,attorney,attorney,auto,,
,los angeles plaintiffs' attorney,1,Los Angeles Plaintiffs' Attorney,attorney,attorney,auto,,
,m&a pe associate attorney - various locations,1,M&A/PE Associate (Attorney) - Various Locations,attorney,attorney,auto,,
,marketing & advertising lawyer future opportunities,1,Marketing & Advertising Lawyer [Future Opportunities],attorney,attorney,auto,,
,mechanical patent attorney,1,Mechanical Patent Attorney,attorney,attorney,auto,,
,medical malpractice attorney,1,Medical Malpractice Attorney,attorney,attorney,auto,,
,mergers and acquisitions associate attorney,1,Mergers and Acquisitions Associate Attorney,attorney,attorney,auto,,
,mid-level attorney,1,Mid-Level Attorney,attorney,attorney,auto,,
,mid-level attorney - education & litigation employment,1,Mid-Level Attorney - Education & Litigation/Employment,attorney,attorney,auto,,
,migrant farmworker bilingual attorney,1,Migrant/ Farmworker Bilingual Attorney,attorney,attorney,auto,,
,municipal attorney,1,Municipal Attorney,attorney,attorney,auto,,
,municipal attorney - lateral,1,Municipal Attorney - Lateral,attorney,attorney,auto,,
,natural resources law attorney,1,Natural Resources Law Attorney,attorney,attorney,auto,,
,new business intake conflicts attorney,1,New Business Intake Conflicts Attorney,attorney,attorney,auto,,
,oil and gas attorney- appalachia partner,1,Oil and Gas Attorney- Appalachia Partner,attorney,attorney,auto,,
,oklahoma oil & gas attorney,1,Oklahoma Oil & Gas Attorney,attorney,attorney,auto,,
,outside general counsel - law firm,1,Outside General Counsel - Law Firm,attorney,attorney,auto,,
,part-time - staff attorney - housing - detroit mi,1,"PART-TIME - STAFF ATTORNEY – Housing – Detroit, MI",attorney,attorney,auto,,
,part-time remote attorney - brief writing & litigation support,1,Part-Time Remote Attorney - Brief Writing & Litigation Support,attorney,attorney,auto,,
,partner attorney for flexible firm platform to build your practice,1,Partner Attorney for Flexible Firm Platform to Build Your Practice,attorney,attorney,auto,,
,partner level attorney,1,Partner Level Attorney,attorney,attorney,auto,,
,partner-level attorney - corporate transactional commercial litigation,1,Partner-Level Attorney - Corporate Transactional/Commercial Litigation,attorney,attorney,auto,,
,patent agent engineer attorney remote - mechanical,1,Patent Agent/Engineer/Attorney (Remote) – Mechanical,attorney,attorney,auto,,
,patent prosecution attorney - health sciences,1,Patent Prosecution Attorney - Health Sciences,attorney,attorney,auto,,
,perm attorney,1,PERM Attorney,attorney,attorney,auto,,
,personal injury litigation attorney,1,Personal Injury Litigation Attorney,attorney,attorney,auto,,
,personal injury trial attorney,1,Personal Injury Trial Attorney,attorney,attorney,auto,,
,plaintiff trial attorney,1,Plaintiff Trial Attorney,attorney,attorney,auto,,
,plaintiff's attorney mesothelioma,1,Plaintiff's Attorney (Mesothelioma),attorney,attorney,auto,,
,plaintiffs' civil litigation attorney,1,Plaintiffs' Civil Litigation Attorney,attorney,attorney,auto,,
,privacy attorney,1,Privacy Attorney,attorney,attorney,auto,,
,privacy lawyer future opportunities,1,Privacy Lawyer [Future Opportunities],attorney,attorney,auto,,
,private clients trusts & estates associate attorney,1,"Private Clients, Trusts & Estates Associate Attorney",attorney,attorney,auto,,
,probate litigation attorney in arlington tx,1,"Probate Litigation Attorney in Arlington, TX",attorney,attorney,auto,,
,products liability associate attorney,1,Products Liability Associate Attorney,attorney,attorney,auto,,
,products liability class actions associate attorney,1,Products Liability/Class Actions Associate Attorney,attorney,attorney,auto,,
,public entity associate attorney,1,Public Entity Associate Attorney,attorney,attorney,auto,,
,public finance - mid-level associate attorney - den,1,Public Finance - Mid-Level Associate Attorney - DEN,attorney,attorney,auto,,
,real estate closing attorney,1,Real Estate Closing Attorney,attorney,attorney,auto,,
,real estate leasing commercial financing attorney,1,Real Estate / Leasing / Commercial Financing Attorney,attorney,attorney,auto,,
,real estate lending & investment attorney,1,Real Estate Lending & Investment Attorney,attorney,attorney,auto,,
,real estate litigation attorney,1,Real Estate Litigation Attorney,attorney,attorney,auto,,
,remote associate attorney 4+ yrs of securities litigation exp. req.,1,REMOTE Associate Attorney (4+ yrs of Securities Litigation exp. req.),attorney,attorney,auto,,
,remote associate attorney securities litigation exp. req.,1,REMOTE Associate Attorney (Securities Litigation exp. req.),attorney,attorney,auto,,
,remote conflicts attorney,1,Remote Conflicts Attorney,attorney,attorney,auto,,
,remote litigation attorney on contract basis - california bar,1,Remote Litigation Attorney on Contract Basis - California Bar,attorney,attorney,auto,,
,remote long-term contract litigation attorney,1,Remote Long-Term Contract Litigation Attorney,attorney,attorney,auto,,
,senior assistant general counsel employment law,1,"Senior Assistant General Counsel, Employment Law",attorney,attorney,auto,,
,senior assistant general counsel hybrid work model,1,Senior Assistant General Counsel (hybrid work model),attorney,attorney,auto,,
,senior associate attorney 100% remote,1,Senior Associate Attorney (100% REMOTE),attorney,attorney,auto,,
,senior associate attorney trusts & estates,1,"Senior Associate Attorney, Trusts & Estates",attorney,attorney,auto,,
,senior attorney - business law contracts,1,Senior Attorney - Business Law Contracts,attorney,attorney,auto,,
,senior attorney assistant attorney 1 2 and 3 traineeships ny helps,1,"Senior Attorney / Assistant Attorney 1,2, and 3 Traineeships/ NY HELPS",attorney,attorney,auto,,
,senior attorney ny helps,1,Senior Attorney (NY HELPS),attorney,attorney,auto,,
,senior attorney oil & gas - 100% remote,1,Senior Attorney (Oil & Gas) - 100% REMOTE,attorney,attorney,auto,,
,senior corporate attorney - contracts,1,Senior Corporate Attorney - Contracts,attorney,attorney,auto,,
,senior corporate counsel,1,Senior Corporate Counsel,attorney,attorney,auto,,
,senior corporate counsel - u.s. bancorp impact finance,1,Senior Corporate Counsel - U.S. Bancorp Impact Finance,attorney,attorney,auto,,
,senior corporate counsel m&a,1,"Senior Corporate Counsel, M&A",attorney,attorney,auto,,
,senior counsel - agricultural investments,1,Senior Counsel - Agricultural Investments,attorney,attorney,auto,,
,senior counsel - assistant general counsel,1,Senior Counsel - Assistant General Counsel,attorney,attorney,auto,,
,senior counsel - commercial & transactional attorney technology - remote,1,Senior Counsel - Commercial & Transactional Attorney (Technology) - Remote,attorney,attorney,auto,,
,senior counsel - corporate and securities,1,Senior Counsel - Corporate and Securities,attorney,attorney,auto,,
,senior counsel - corporate and subsidiary governance,1,Senior Counsel - Corporate and Subsidiary Governance,attorney,attorney,auto,,
,senior counsel - employee retirement system,1,Senior Counsel - Employee Retirement System,attorney,attorney,auto,,
,senior counsel - global labor and employment,1,Senior Counsel - Global Labor and Employment,attorney,attorney,auto,,
,senior counsel - growing technology company,1,Senior Counsel - Growing Technology Company,attorney,attorney,auto,,
,senior counsel - top tier renewable energy company,1,Senior Counsel - Top Tier Renewable Energy Company,attorney,attorney,auto,,
,senior counsel 2 - bank regulatory legal hybrid,1,Senior Counsel 2 - Bank Regulatory Legal (Hybrid),attorney,attorney,auto,,
,senior counsel cybersecurity,1,"Senior Counsel, Cybersecurity",attorney,attorney,auto,,
,senior counsel dir - private equity,1,Senior Counsel Dir – Private Equity,attorney,attorney,auto,,
,senior counsel employment,1,"Senior Counsel, Employment",attorney,attorney,auto,,
,senior counsel ge corporate holdings,1,"Senior Counsel, GE Corporate Holdings",attorney,attorney,auto,,
,senior counsel global therapeutics patient services,1,"Senior Counsel, Global Therapeutics, Patient Services",attorney,attorney,auto,,
,senior counsel platform and enterprise products,1,"Senior Counsel, Platform and Enterprise Products",attorney,attorney,auto,,
,senior elder law trusts and estates associate attorney,1,Senior Elder Law / Trusts and Estates Associate Attorney,attorney,attorney,auto,,
,senior estate planning attorney 5+ years - chicago il,1,"Senior Estate Planning Attorney (5+ years) - Chicago, IL",attorney,attorney,auto,,
,senior general liability associate attorney,1,Senior General Liability Associate Attorney,attorney,attorney,auto,,
,senior immigration attorney,1,Senior Immigration Attorney,attorney,attorney,auto,,
,senior insurance coverage attorney,1,Senior Insurance Coverage Attorney,attorney,attorney,auto,,
,senior labor & employment attorney,1,Senior Labor & Employment Attorney,attorney,attorney,auto,,
,senior lawyer,1,Senior Lawyer,attorney,attorney,auto,,
,senior legal counsel commercial,1,"Senior Legal Counsel, Commercial",attorney,attorney,auto,,
,senior legal counsel international programs one-year fellowship,1,"Senior Legal Counsel, International Programs (One-Year Fellowship)",attorney,attorney,auto,,
,senior litigation attorney - general liability new york labor law,1,Senior Litigation Attorney – General Liability/New York Labor Law,attorney,attorney,auto,,
,senior litigation attorney - hybrid 10+ years,1,Senior Litigation Attorney - Hybrid (10+ years),attorney,attorney,auto,,
,senior litigation attorney - hybrid nyc or westchester,1,Senior Litigation Attorney - Hybrid (NYC or Westchester),attorney,attorney,auto,,
,senior project finance attorney,1,Senior Project Finance Attorney,attorney,attorney,auto,,
,senior tax attorney,1,Senior Tax Attorney,attorney,attorney,auto,,
,senior work comp staff attorney remote!,1,"Senior Work Comp Staff Attorney, Remote!",attorney,attorney,auto,,
,senior workers' compensation defense attorney,1,Senior Workers' Compensation Defense Attorney,attorney,attorney,auto,,
,social security disability attorney,1,Social Security Disability Attorney,attorney,attorney,auto,,
,sr admin asst general counsel 87538br,1,Sr Admin Asst General Counsel (87538BR),attorney,attorney,auto,,
,sr attorney employment law,1,"Sr Attorney, Employment Law",attorney,attorney,auto,,
,sr. assistant city attorney,1,Sr. Assistant City Attorney,attorney,attorney,auto,,
,sr. attorney,1,Sr. Attorney,attorney,attorney,auto,,
,sr. corporate counsel,1,Sr. Corporate Counsel,attorney,attorney,auto,,
,sr. corporate counsel - cybersecurity legal compliance,1,Sr. Corporate Counsel - Cybersecurity Legal Compliance,attorney,attorney,auto,,
,sr. life sciences regulatory attorney,1,Sr. Life Sciences / Regulatory Attorney,attorney,attorney,auto,,
,staff attorney - child in need of assistance cina,1,Staff Attorney - Child In Need of Assistance (CINA),attorney,attorney,auto,,
,staff attorney - civil law,1,Staff Attorney - Civil Law,attorney,attorney,auto,,
,staff attorney - housing,1,Staff Attorney - Housing,attorney,attorney,auto,,
,staff attorney - housing - detroit mi,1,"STAFF ATTORNEY – Housing – Detroit, MI",attorney,attorney,auto,,
,staff attorney - real estate transactions,1,Staff Attorney - Real Estate Transactions,attorney,attorney,auto,,
,staff attorney - rural justice unit,1,Staff Attorney - Rural Justice Unit,attorney,attorney,auto,,
,staff attorney - rural justice unit hybrid,1,Staff Attorney - Rural Justice Unit (Hybrid),attorney,attorney,auto,,
,staff attorney - special education clinic,1,Staff Attorney - Special Education Clinic,attorney,attorney,auto,,
,staff attorney elder law,1,"Staff Attorney, Elder Law",attorney,attorney,auto,,
,staff attorney eviction defense - douglas county office,1,"Staff Attorney, Eviction Defense – Douglas County Office",attorney,attorney,auto,,
,staff attorney i,1,Staff Attorney I,attorney,attorney,auto,,
,staff attorney litigation,1,"Staff Attorney, Litigation",attorney,attorney,auto,,
,staff attorney senior staff attorney,1,Staff Attorney/Senior Staff Attorney,attorney,attorney,auto,,
,staff attorney temporary position,1,Staff Attorney (Temporary Position),attorney,attorney,auto,,
,supervising attorney - criminal appeals bureau cab,1,Supervising Attorney – Criminal Appeals Bureau (CAB),attorney,attorney,auto,,
,supervisory trial attorney,1,SUPERVISORY TRIAL ATTORNEY,attorney,attorney,auto,,
,svp senior counsel - operations,1,"SVP, Senior Counsel - Operations",attorney,attorney,auto,,
,tax & estate planning attorney,1,Tax & Estate Planning Attorney,attorney,attorney,auto,,
,tax attorney - 1927911,1,Tax Attorney - 1927911,attorney,attorney,auto,,
,temporary life science contracts attorney,1,TEMPORARY LIFE SCIENCE CONTRACTS ATTORNEY,attorney,attorney,auto,,
,title ix investigations attorney,1,Title IX/Investigations Attorney,attorney,attorney,auto,,
,toxic tort attorney,1,Toxic Tort Attorney,attorney,attorney,auto,,
,trademark attorney,1,Trademark Attorney,attorney,attorney,auto,,
,transportation associate attorney,1,Transportation Associate Attorney,attorney,attorney,auto,,
,transportation attorney,1,Transportation Attorney,attorney,attorney,auto,,
,trial attorney - plaintiff,1,Trial Attorney - Plaintiff,attorney,attorney,auto,,
,trial attorney bi um,1,Trial Attorney BI/UM,attorney,attorney,auto,,
,trial attorney business litigation,1,Trial Attorney/Business Litigation,attorney,attorney,auto,,
,trust & estate administration attorney,1,Trust & Estate Administration Attorney,attorney,attorney,auto,,
,trust & estate litigation attorney -,1,Trust & Estate Litigation Attorney -,attorney,attorney,auto,,
,trust & estates attorney,1,Trust & Estates Attorney,attorney,attorney,auto,,
,trust and estate attorney,1,Trust and Estate Attorney,attorney,attorney,auto,,
,trust and estate attorney - counsel jr. partner level,1,Trust and Estate Attorney  - Counsel/Jr. Partner Level,attorney,attorney,auto,,
,trusts & estates senior attorney partner,1,Trusts & Estates Senior Attorney/Partner,attorney,attorney,auto,,
,trusts and estates attorney,1,Trusts and Estates Attorney,attorney,attorney,auto,,
,university legal counsel,1,University Legal Counsel,attorney,attorney,auto,,
,vice president digital assets and etf legal counsel,1,"Vice President, Digital Assets and ETF Legal Counsel",attorney,attorney,auto,,
,vice president fund formation legal counsel,1,"Vice President, Fund Formation Legal Counsel",attorney,attorney,auto,,
,vice president ii deputy general counsel,1,Vice President II Deputy General Counsel,attorney,attorney,auto,,
,vp assistant general counsel,1,"VP, Assistant General Counsel",attorney,attorney,auto,,
,vp associate general counsel - litigation and investigations,1,"VP, Associate General Counsel - Litigation and Investigations",attorney,attorney,auto,,
,water law attorney,1,Water Law Attorney,attorney,attorney,auto,,
,worker's compensation attorney - in house,1,Worker's Compensation Attorney - In House,attorney,attorney,auto,,
,workers' compensation litigation attorney,1,Workers' Compensation Litigation Attorney,attorney,attorney,auto,,
,workers' compensation litigation attorney southern california,1,Workers' Compensation Litigation Attorney (Southern California),attorney,attorney,auto,,
,chiropractor,3,Chiropractor,chiropractor,chiropractor,auto,,
,associate chiropractor,2,Associate Chiropractor,chiropractor,chiropractor,auto,,
,associate chiropractor relocation assistance,2,Associate Chiropractor Relocation Assistance,chiropractor,chiropractor,auto,,
,dentist,33,Dentist,dentist,dentist,auto,,
,general dentist,12,General Dentist,dentist,dentist,auto,,
,pediatric dentist,9,Pediatric Dentist,dentist,dentist,auto,,
,associate dentist,7,Associate Dentist,dentist,dentist,auto,,
,dentist- 4 days week ppo ffs office - sign on bonus!,3,"Dentist- 4 Days/Week, PPO/FFS Office - Sign on Bonus!",dentist,dentist,auto,,
,dentist - dds dmd,2,Dentist - DDS/DMD,dentist,dentist,auto,,
,dentist mcd,2,Dentist MCD,dentist,dentist,auto,,
,general dentist - 4 days week - no weekends no evenings!,2,"General Dentist - 4 Days/Week - No Weekends, No Evenings!",dentist,dentist,auto,,
,associate dentist - choose your schedule,1,Associate Dentist - Choose your schedule,dentist,dentist,auto,,
,associate dentist - east village,1,Associate Dentist - East Village,dentist,dentist,auto,,
,associate dentist- north delta dental professionals,1,Associate Dentist- North Delta Dental Professionals,dentist,dentist,auto,,
,associate general dentist,1,Associate General Dentist,dentist,dentist,auto,,
,dentist #3515,1,Dentist [ #3515 ],dentist,dentist,auto,,
,dentist $160k-$200k $20k signing bonus + $50k loan payoff relo. & sponsorship avail,1,"Dentist ($160K-$200K, $20K Signing Bonus + $50K Loan Payoff, Relo. & Sponsorship Avail)",dentist,dentist,auto,,
,dentist - $600-$700 day,1,Dentist - $600-$700/day,dentist,dentist,auto,,
,dentist - $700-$1 000 day,1,"Dentist - $700-$1,000/day",dentist,dentist,auto,,
,dentist - $750 day,1,Dentist - $750/day,dentist,dentist,auto,,
,dentist - expansion of middleburgh heights,1,Dentist - Expansion of Middleburgh Heights,dentist,dentist,auto,,
,dentist - full time,1,Dentist - Full Time,dentist,dentist,auto,,
,dentist - full-time - dental associates of florida - sun city center fl,1,"Dentist - Full-Time - Dental Associates of Florida - Sun City Center, FL",dentist,dentist,auto,,
,dentist - glenville expansion,1,Dentist - Glenville Expansion,dentist,dentist,auto,,
,dentist - prn,1,Dentist - PRN,dentist,dentist,auto,,
,dentist - reno nv,1,"Dentist - Reno, NV",dentist,dentist,auto,,
,dentist - sci coal township,1,Dentist - SCI Coal Township,dentist,dentist,auto,,
,dentist 2-8 hours shifts a month,1,Dentist (2-8 hours shifts a month),dentist,dentist,auto,,
,dentist 37788,1,Dentist (37788),dentist,dentist,auto,,
,dentist hourly,1,Dentist Hourly,dentist,dentist,auto,,
,dentist- 4 days week ppo ffs office,1,"Dentist- 4 Days/Week, PPO/FFS Office",dentist,dentist,auto,,
,general dentist - $200 000-$400 000 year,1,"General Dentist - $200,000-$400,000/year",dentist,dentist,auto,,
,general dentist - $700-$1 200 day,1,"General Dentist - $700-$1,200/day",dentist,dentist,auto,,
,general dentist - dental care of michigan shelby twp p t,1,General Dentist - Dental Care Of Michigan Shelby Twp (P/T),dentist,dentist,auto,,
,general dentist - full time - less than 60 min from nyc!,1,General Dentist - Full Time - Less than 60 Min from NYC!,dentist,dentist,auto,,
,general dentist - full time - partnership opportunity,1,General Dentist - Full Time - Partnership Opportunity,dentist,dentist,auto,,
,general dentist - jacksonville fl,1,General Dentist - Jacksonville FL,dentist,dentist,auto,,
,general dentist - one hour from nyc- no weekends - 25k sign on bonus,1,General Dentist - One Hour From NYC- No Weekends - 25k Sign On Bonus,dentist,dentist,auto,,
,general dentist - part time 1-2 days week,1,General Dentist - Part Time 1-2 Days/Week,dentist,dentist,auto,,
,general dentist - snodgrass-king dental,1,General Dentist - Snodgrass-King Dental,dentist,dentist,auto,,
,general dentist part-time,1,General Dentist Part-Time,dentist,dentist,auto,,
,general dentist- full time- no nights no weekends!,1,General Dentist- Full Time- No Nights No Weekends!,dentist,dentist,auto,,
,life long dental care - general dentist - milford ct,1,"Life Long Dental Care - General Dentist - Milford, CT",dentist,dentist,auto,,
,pediatric dentist - winning smiles,1,Pediatric Dentist - Winning Smiles,dentist,dentist,auto,,
,senior dentist,1,Senior Dentist,dentist,dentist,auto,,
,supervisory dentist,1,Supervisory Dentist,dentist,dentist,auto,,
,registered dietitian,23,Registered Dietitian,dietitian,dietitian,auto,,
,dietitian,9,Dietitian,dietitian,dietitian,auto,,
,registered dietician,3,Registered Dietician,dietitian,dietitian,auto,,
,clinical dietician,2,Clinical Dietician,dietitian,dietitian,auto,,
,clinical dietitian,2,Clinical Dietitian,dietitian,dietitian,auto,,
,dietitian per diem,2,"Dietitian, Per Diem",dietitian,dietitian,auto,,
,nutritionist,2,Nutritionist,dietitian,dietitian,auto,,
,registered dietitian rd,2,Registered Dietitian (RD),dietitian,dietitian,auto,,
,$46 hr registered dietitian,1,$46 / hr | Registered Dietitian,dietitian,dietitian,auto,,
,clinical dietitian adult inpatient,1,Clinical Dietitian Adult Inpatient,dietitian,dietitian,auto,,
,clinical dietitian full time day shift,1,Clinical Dietitian Full Time Day Shift,dietitian,dietitian,auto,,
,clinical dietitian i,1,Clinical Dietitian I,dietitian,dietitian,auto,,
,clinical dietitian prn,1,Clinical Dietitian PRN,dietitian,dietitian,auto,,
,clinical dietitian specialist,1,Clinical Dietitian Specialist,dietitian,dietitian,auto,,
,dietician - licensed and registered,1,Dietician - Licensed and Registered,dietitian,dietitian,auto,,
,dietitian **5k sign on bonus!**,1,Dietitian **5k Sign on Bonus!**,dietitian,dietitian,auto,,
,dietitian - clinical nutrition - sharp chula vista - day shift - per diem,1,Dietitian - Clinical Nutrition - Sharp Chula Vista - Day Shift - Per Diem,dietitian,dietitian,auto,,
,dietitian - dietary manager - full time,1,Dietitian - Dietary Manager - Full Time,dietitian,dietitian,auto,,
,dietitian - lvl iv,1,Dietitian - Lvl IV,dietitian,dietitian,auto,,
,dietitian - part-time,1,Dietitian - Part-time,dietitian,dietitian,auto,,
,dietitian i - housewide dietitians,1,Dietitian I - Housewide Dietitians,dietitian,dietitian,auto,,
,dietitian ii - upmc east,1,Dietitian II - UPMC East,dietitian,dietitian,auto,,
,dietitian lvl. iv gotham health east new york,1,"Dietitian Lvl. IV, Gotham Health East New York",dietitian,dietitian,auto,,
,dietitian nutritionist,1,Dietitian/Nutritionist,dietitian,dietitian,auto,,
,dietitian prn - housewide dietitians,1,Dietitian (PRN) - Housewide Dietitians,dietitian,dietitian,auto,,
,dietitian specialist 1*,1,Dietitian Specialist 1*,dietitian,dietitian,auto,,
,dietitian specialist 1*- this is a test also,1,Dietitian Specialist 1*- This is a Test Also,dietitian,dietitian,auto,,
,dietitian specialist 3*-rd ch nicu,1,"Dietitian Specialist 3*-RD (CH,NICU)",dietitian,dietitian,auto,,
,dietitian wellness manager,1,Dietitian/Wellness Manager,dietitian,dietitian,auto,,
,nutritionist 2- chatham,1,Nutritionist 2- Chatham,dietitian,dietitian,auto,,
,pediatric dietitian i - cardiac transplant cardiology,1,Pediatric Dietitian I - Cardiac Transplant / Cardiology,dietitian,dietitian,auto,,
,program specialist food dietitian,1,Program Specialist (Food Dietitian),dietitian,dietitian,auto,,
,public health nutritionist ii,1,Public Health Nutritionist II,dietitian,dietitian,auto,,
,registered dietician consultant,1,Registered Dietician Consultant,dietitian,dietitian,auto,,
,registered dietitian $45 hr,1,Registered Dietitian | $45/hr,dietitian,dietitian,auto,,
,registered dietitian - 1941108,1,Registered Dietitian - 1941108,dietitian,dietitian,auto,,
,registered dietitian clinical nutrition manager - 1927661,1,"Registered Dietitian, Clinical Nutrition Manager - 1927661",dietitian,dietitian,auto,,
,registered dietitian pediatric endocrinology ft days,1,"Registered Dietitian, Pediatric Endocrinology, FT, Days",dietitian,dietitian,auto,,
,registered dietitian rd must be a registered dietitian $10 000 sign on bonus,1,"Registered Dietitian (RD) ( Must be a Registered Dietitian) $10,000 Sign on Bonus",dietitian,dietitian,auto,,
,remote registered dietitian,1,Remote Registered Dietitian,dietitian,dietitian,auto,,
,supervising nutritionist i - ruhs public health,1,Supervising Nutritionist I - RUHS Public Health,dietitian,dietitian,auto,,
,team performance dietitian,1,Team Performance Dietitian,dietitian,dietitian,auto,,
,youtube filmmaker,1,Youtube Filmmaker,filmmaker,filmmaker,auto,,
,interior designer,18,Interior Designer,interior_designer,interior_designer,auto,,
,interior design assistant,6,Interior Design Assistant,interior_designer,interior_designer,auto,,
,senior interior designer,4,Senior Interior Designer,interior_designer,interior_designer,auto,,
,junior interior designer,3,Junior Interior Designer,interior_designer,interior_designer,auto,,
,interior design & sales - cabinets,2,Interior Design & Sales - Cabinets,interior_designer,interior_designer,auto,,
,interior designer - public buildings service,2,Interior Designer - Public Buildings Service,interior_designer,interior_designer,auto,,
,freelance senior signage & interior designer 74450,1,Freelance Senior Signage & Interior Designer [74450],interior_designer,interior_designer,auto,,
,interior design assistant w autocad,1,Interior Design Assistant w/Autocad,interior_designer,interior_designer,auto,,
,interior design consultant,1,Interior Design Consultant,interior_designer,interior_designer,auto,,
,interior design intern,1,Interior Design Intern,interior_designer,interior_designer,auto,,
,interior design junior designer,1,Interior Design Junior Designer,interior_designer,interior_designer,auto,,
,interior design manager,1,Interior Design Manager,interior_designer,interior_designer,auto,,
,interior design professional,1,Interior Design Professional,interior_designer,interior_designer,auto,,
,interior design project manager workplace interiors,1,Interior Design Project Manager | Workplace Interiors,interior_designer,interior_designer,auto,,
,interior design sales specialist full-time part-time,1,Interior Design Sales Specialist (full-time/part-time),interior_designer,interior_designer,auto,,
,interior design selections coordinator,1,Interior Design Selections Coordinator,interior_designer,interior_designer,auto,,
,interior design trade manager - melrose,1,Interior Design Trade Manager - Melrose,interior_designer,interior_designer,auto,,
,interior designer - community projects,1,Interior Designer - Community Projects,interior_designer,interior_designer,auto,,
,interior designer - hospitality,1,Interior Designer - Hospitality,interior_designer,interior_designer,auto,,
,interior designer - kitchen and bath,1,Interior Designer - Kitchen and Bath,interior_designer,interior_designer,auto,,
,interior designer entry-level,1,"Interior Designer, Entry-Level",interior_designer,interior_designer,auto,,
,interior designer for a real estate investment company,1,Interior Designer for a Real Estate Investment Company,interior_designer,interior_designer,auto,,
,interior designer workplace interiors,1,Interior Designer | Workplace Interiors,interior_designer,interior_designer,auto,,
,manager interior design virtual,1,"Manager, Interior Design Virtual",interior_designer,interior_designer,auto,,
,senior interior designer federal,1,"Senior Interior Designer, Federal",interior_designer,interior_designer,auto,,
,senior interior designer- commercial projects,1,Senior Interior Designer- Commercial Projects,interior_designer,interior_designer,auto,,
,sr project interior designer,1,Sr Project Interior Designer,interior_designer,interior_designer,auto,,
,sr. signage & interior designer,1,Sr. Signage & Interior Designer,interior_designer,interior_designer,auto,,
,news reporter,3,News Reporter,journalist,journalist,auto,,
,digital reporter,2,Digital Reporter,journalist,journalist,auto,,
,multimedia journalist kgtv,2,"Multimedia Journalist, KGTV",journalist,journalist,auto,,
,reporter,2,Reporter,journalist,journalist,auto,,
,accountability reporter,1,Accountability Reporter,journalist,journalist,auto,,
,beauty business reporter glossy,1,"Beauty Business Reporter, Glossy",journalist,journalist,auto,,
,business reporter,1,Business Reporter,journalist,journalist,auto,,
,content manager journalist,1,Content Manager/ Journalist,journalist,journalist,auto,,
,express desk reporter ri,1,"Express Desk Reporter, RI",journalist,journalist,auto,,
,fact-checking producer level 1 journalist - temp,1,Fact-Checking Producer (Level 1 Journalist - Temp),journalist,journalist,auto,,
,farm reporter radio broadcaster,1,Farm Reporter Radio Broadcaster,journalist,journalist,auto,,
,freelance news reporter,1,Freelance News Reporter,journalist,journalist,auto,,
,freelance reporter,1,Freelance Reporter,journalist,journalist,auto,,
,freelance writer reporter - automotive repair sector,1,Freelance Writer / Reporter - Automotive Repair Sector,journalist,journalist,auto,,
,journalist segment producer bbc news - washington,1,"Journalist (Segment Producer), BBC News - Washington",journalist,journalist,auto,,
,local news reporter,1,Local News Reporter,journalist,journalist,auto,,
,market reporter - americas chemical and polymer,1,Market Reporter - Americas Chemical and Polymer,journalist,journalist,auto,,
,mlb news writer freelance,1,MLB News Writer (Freelance),journalist,journalist,auto,,
,morning reporter mmj wkbw,1,"Morning Reporter / MMJ, WKBW",journalist,journalist,auto,,
,mountain multimedia journalist kmgh,1,"Mountain Multimedia Journalist, KMGH",journalist,journalist,auto,,
,multi-media reporter,1,Multi-Media Reporter,journalist,journalist,auto,,
,multi-skilled journalist,1,Multi-Skilled Journalist,journalist,journalist,auto,,
,multimedia journalist,1,Multimedia Journalist,journalist,journalist,auto,,
,multimedia journalist ksby,1,"Multimedia Journalist, KSBY",journalist,journalist,auto,,
,news writer editor,1,News Writer/Editor,journalist,journalist,auto,,
,northern colorado multimedia journalist kmgh,1,"Northern Colorado Multimedia Journalist, KMGH",journalist,journalist,auto,,
,part-time reporter nbc & telemundo san diego,1,"Part-Time Reporter, NBC & Telemundo San Diego",journalist,journalist,auto,,
,reporter - connect team,1,Reporter - Connect Team,journalist,journalist,auto,,
,reporter - harrisburg pa,1,"Reporter - Harrisburg, PA",journalist,journalist,auto,,
,reporter health & wellness,1,"Reporter, Health & Wellness",journalist,journalist,auto,,
,reporter i news anchor,1,"Reporter I, News Anchor",journalist,journalist,auto,,
,reporter i sports,1,"Reporter I, Sports",journalist,journalist,auto,,
,reporter mmj,1,Reporter / MMJ,journalist,journalist,auto,,
,reporter-seasonal,1,Reporter-Seasonal,journalist,journalist,auto,,
,science news reporter writer,1,Science News Reporter/Writer,journalist,journalist,auto,,
,senior correspondent,1,Senior Correspondent,journalist,journalist,auto,,
,sports anchor reporter,1,Sports Anchor/Reporter,journalist,journalist,auto,,
,sports reporter,1,Sports Reporter,journalist,journalist,auto,,
,temporary multimedia journalist knxv,1,"Temporary Multimedia Journalist, KNXV",journalist,journalist,auto,,
,temporary visual journalist,1,Temporary Visual Journalist,journalist,journalist,auto,,
,texas political economy reporter,1,Texas Political Economy Reporter,journalist,journalist,auto,,
,wildfire reporter,1,Wildfire Reporter,journalist,journalist,auto,,
,writer reporter - home & appliances,1,Writer/Reporter - Home & Appliances,journalist,journalist,auto,,
,fit model women's,1,"Fit Model, Women's",model,model,auto,,
,registered nurse,203,Registered Nurse,nurse,nurse,auto,,
,registered nurse - rn - ltac,130,Registered Nurse - RN - LTAC,nurse,nurse,auto,,
,registered nurse rn,58,Registered Nurse (RN),nurse,nurse,auto,,
,licensed practical nurse,52,Licensed Practical Nurse,nurse,nurse,auto,,
,licensed practical nurse lpn,49,Licensed Practical Nurse (LPN),nurse,nurse,auto,,
,hospice registered nurse,46,HOSPICE REGISTERED NURSE,nurse,nurse,auto,,
,lpn licensed practical nurse,43,LPN Licensed Practical Nurse,nurse,nurse,auto,,
,travel rn - med surg,34,Travel RN - Med Surg,nurse,nurse,auto,,
,nurse - lpn - ltc,32,Nurse - LPN - LTC,nurse,nurse,auto,,
,registered nurse - rn - skilled nursing facility,31,REGISTERED NURSE - RN - SKILLED NURSING FACILITY,nurse,nurse,auto,,
,registered nurse - rn - rehab,24,Registered Nurse - RN - Rehab,nurse,nurse,auto,,
,nurse - rn - med surg,23,Nurse - RN - Med Surg,nurse,nurse,auto,,
,rn registered nurse,23,RN Registered Nurse,nurse,nurse,auto,,
,registered nurse - rn - medical surgical,20,Registered Nurse - RN - Medical Surgical,nurse,nurse,auto,,
,registered nursing- rn - long term care skilled nursing facility,20,Registered Nursing- RN - Long Term Care/Skilled Nursing Facility,nurse,nurse,auto,,
,home care registered nurse,19,HOME CARE REGISTERED NURSE,nurse,nurse,auto,,
,licensed practical nurse - bermuda commons,17,LICENSED PRACTICAL NURSE - BERMUDA COMMONS,nurse,nurse,auto,,
,licensed practical nurse - pinehurst healthcare & rehabilitation center,17,LICENSED PRACTICAL NURSE - PINEHURST HEALTHCARE & REHABILITATION CENTER,nurse,nurse,auto,,
,medical-surgical registered nurse,17,Medical-Surgical Registered Nurse,nurse,nurse,auto,,
,travel rn - telemetry,16,Travel RN - Telemetry,nurse,nurse,auto,,
,licensed practical nurse - the pavilion health center,15,LICENSED PRACTICAL NURSE - THE PAVILION HEALTH CENTER,nurse,nurse,auto,,
,nurse - rn - ltac,14,Nurse - RN - LTAC,nurse,nurse,auto,,
,nurse - rn - med surg tele,14,Nurse - RN - Med Surg Tele,nurse,nurse,auto,,
,licensed practical nurse - liberty commons of columbus county,13,LICENSED PRACTICAL NURSE - LIBERTY COMMONS OF COLUMBUS COUNTY,nurse,nurse,auto,,
,med surg rn,12,Med Surg RN,nurse,nurse,auto,,
,nurse - rn - icu,12,Nurse - RN - ICU,nurse,nurse,auto,,
,registered nurse - mary gran,12,REGISTERED NURSE - MARY GRAN,nurse,nurse,auto,,
,registered nurse - the pavilion health center,12,REGISTERED NURSE - THE PAVILION HEALTH CENTER,nurse,nurse,auto,,
,emergency room registered nurse,11,Emergency Room Registered Nurse,nurse,nurse,auto,,
,licensed practical nurse - woodlands nursing and rehabilitation center,11,LICENSED PRACTICAL NURSE - WOODLANDS NURSING AND REHABILITATION CENTER,nurse,nurse,auto,,
,licensed practical nurse lpn - yadkin nursing care center,11,LICENSED PRACTICAL NURSE (LPN) - YADKIN NURSING CARE CENTER,nurse,nurse,auto,,
,nurse - rn - pcu,11,Nurse - RN - PCU,nurse,nurse,auto,,
,licensed practical nurse - kempton of hermitage,10,LICENSED PRACTICAL NURSE - KEMPTON OF HERMITAGE,nurse,nurse,auto,,
,licensed practical nurse - liberty commons of lee county,10,LICENSED PRACTICAL NURSE - LIBERTY COMMONS OF LEE COUNTY,nurse,nurse,auto,,
,lpn,10,LPN,nurse,nurse,auto,,
,registered nurse - liberty commons nursing & rehab center of rowan county,10,REGISTERED NURSE - LIBERTY COMMONS  NURSING & REHAB CENTER OF ROWAN COUNTY,nurse,nurse,auto,,
,registered nurse - rn - home health,10,Registered Nurse - RN - Home Health,nurse,nurse,auto,,
,rn,10,RN,nurse,nurse,auto,,
,licensed practical nurse - capital nursing and rehabilitation center,9,LICENSED PRACTICAL NURSE - CAPITAL NURSING AND REHABILITATION CENTER,nurse,nurse,auto,,
,licensed practical nurse - oak forest health & rehab center,9,LICENSED PRACTICAL NURSE - OAK FOREST HEALTH & REHAB CENTER,nurse,nurse,auto,,
,licensed practical nurse - royal park rehabilitation and health center,9,LICENSED PRACTICAL NURSE - ROYAL PARK REHABILITATION AND HEALTH CENTER,nurse,nurse,auto,,
,nurse - rn - telemetry,9,Nurse - RN - Telemetry,nurse,nurse,auto,,
,nurse clinical ukhc,9,Nurse Clinical/UKHC,nurse,nurse,auto,,
,operating room registered nurse,9,Operating Room Registered Nurse,nurse,nurse,auto,,
,registered nurse - elizabethtown healthcare & rehab center,9,REGISTERED NURSE - ELIZABETHTOWN HEALTHCARE & REHAB CENTER,nurse,nurse,auto,,
,travel nurse rn cvicu cardiovascular intensive care unit,9,Travel Nurse (RN) CVICU (Cardiovascular Intensive Care Unit),nurse,nurse,auto,,
,travel rn - med surg telemetry,9,Travel RN - Med Surg / Telemetry,nurse,nurse,auto,,
,acute care rn,8,Acute Care RN,nurse,nurse,auto,,
,icu rn,8,ICU RN,nurse,nurse,auto,,
,licensed practical nurse - liberty commons of johnston county,8,LICENSED PRACTICAL NURSE - LIBERTY COMMONS OF JOHNSTON COUNTY,nurse,nurse,auto,,
,licensed practical nurse - mary gran,8,LICENSED PRACTICAL NURSE - MARY GRAN,nurse,nurse,auto,,
,licensed practical nurse - southwood,8,LICENSED PRACTICAL NURSE - SOUTHWOOD,nurse,nurse,auto,,
,licensed practical nurse -woodhaven,8,LICENSED PRACTICAL NURSE -WOODHAVEN,nurse,nurse,auto,,
,licensed practical nurse lpn - the foley center at chestnut ridge,8,LICENSED PRACTICAL NURSE (LPN) - THE FOLEY CENTER AT CHESTNUT RIDGE,nurse,nurse,auto,,
,licensed vocational nurse,8,Licensed Vocational Nurse,nurse,nurse,auto,,
,nurse - rn - ltc,8,Nurse - RN - LTC,nurse,nurse,auto,,
,registered nurse - rn - correctional facility,8,Registered Nurse - RN - Correctional Facility,nurse,nurse,auto,,
,registered nurse - woodlands nursing and rehabilitation center,8,REGISTERED NURSE - WOODLANDS NURSING AND REHABILITATION CENTER,nurse,nurse,auto,,
,registered nurse home health full time,8,Registered Nurse Home Health Full Time,nurse,nurse,auto,,
,registered nurse rn - oak forest health & rehab center,8,REGISTERED NURSE (RN) - OAK FOREST HEALTH & REHAB CENTER,nurse,nurse,auto,,
,registered nurse rn - yadkin nursing care center,8,REGISTERED NURSE (RN) - YADKIN NURSING CARE CENTER,nurse,nurse,auto,,
,registered nurse supervisor rn - pinehurst healthcare & rehabilitation center,8,REGISTERED NURSE SUPERVISOR (RN) - PINEHURST HEALTHCARE & REHABILITATION CENTER,nurse,nurse,auto,,
,registered nurse supervisor rn - roxboro healthcare & rehabilitation center,8,REGISTERED NURSE SUPERVISOR (RN) - ROXBORO HEALTHCARE & REHABILITATION CENTER,nurse,nurse,auto,,
,travel rn - pcu - progressive care unit,8,Travel RN - PCU - Progressive Care Unit,nurse,nurse,auto,,
,er rn,7,ER RN,nurse,nurse,auto,,
,licensed practical nurse lpn - highland house,7,LICENSED PRACTICAL NURSE (LPN) - HIGHLAND HOUSE,nurse,nurse,auto,,
,nurse - rn - labor and delivery l&d,7,Nurse - RN - Labor and Delivery / L&D,nurse,nurse,auto,,
,or rn,7,OR RN,nurse,nurse,auto,,
,registered nurse - capital nursing and rehabilitation center,7,REGISTERED NURSE - CAPITAL NURSING AND REHABILITATION CENTER,nurse,nurse,auto,,
,registered nurse - emergency department,7,Registered Nurse - Emergency Department,nurse,nurse,auto,,
,registered nurse - oak forest health & rehab center,7,REGISTERED NURSE - OAK FOREST HEALTH & REHAB CENTER,nurse,nurse,auto,,
,registered nurse - rn - er emergency room,7,Registered Nurse - RN - ER (Emergency Room),nurse,nurse,auto,,
,registered nurse - southwood,7,REGISTERED NURSE - SOUTHWOOD,nurse,nurse,auto,,
,rn case manager,7,RN Case Manager,nurse,nurse,auto,,
,rn med surg,7,RN Med Surg,nurse,nurse,auto,,
,travel rn - ed - emergency department,7,Travel RN - ED - Emergency Department,nurse,nurse,auto,,
,travel rn - icu - intensive care unit,7,Travel RN - ICU - Intensive Care Unit,nurse,nurse,auto,,
,certified registered nurse anesthetist,6,Certified Registered Nurse Anesthetist,nurse,nurse,auto,,
,emergency department rn,6,Emergency Department RN,nurse,nurse,auto,,
,licensed practical nurse - liberty commons nursing and rehab of rowan county,6,LICENSED PRACTICAL NURSE - LIBERTY COMMONS NURSING AND REHAB OF ROWAN COUNTY,nurse,nurse,auto,,
,licensed practical nurse - southport health and rehabilitation center,6,LICENSED PRACTICAL NURSE - SOUTHPORT HEALTH AND REHABILITATION CENTER,nurse,nurse,auto,,
,registered nurse - pisgah manor,6,REGISTERED NURSE - PISGAH MANOR,nurse,nurse,auto,,
,registered nurse - rn - unit manager,6,Registered Nurse - RN - Unit Manager,nurse,nurse,auto,,
,registered nurse 1 ny helps,6,Registered Nurse 1 (NY HELPS),nurse,nurse,auto,,
,registered nurse rn - liberty commons of columbus county,6,REGISTERED NURSE (RN) - LIBERTY COMMONS OF COLUMBUS COUNTY,nurse,nurse,auto,,
,registered nurse rn - southport health and rehabilitation center,6,REGISTERED NURSE (RN) - SOUTHPORT HEALTH AND REHABILITATION CENTER,nurse,nurse,auto,,
,registered nurse rn operating room,6,"Registered Nurse (RN), Operating Room",nurse,nurse,auto,,
,rn clinical manager home health,6,"RN Clinical Manager, Home Health",nurse,nurse,auto,,
,telemetry registered nurse,6,Telemetry Registered Nurse,nurse,nurse,auto,,
,travel - ltc - nurse job - $1 736 wk - $1 962 wk,6,"Travel - LTC - Nurse Job - $1,736/wk - $1,962/wk",nurse,nurse,auto,,
,travel - pcu - nurse job - $2 791 wk - $2 980 wk,6,"Travel - PCU - Nurse Job - $2,791/wk - $2,980/wk",nurse,nurse,auto,,
,case management nurse,5,Case Management Nurse,nurse,nurse,auto,,
,flight nurse,5,Flight Nurse,nurse,nurse,auto,,
,home health lpn,5,HOME HEALTH LPN,nurse,nurse,auto,,
,hospice registered nurse rn,5,Hospice Registered Nurse (RN),nurse,nurse,auto,,
,intensive care unit registered nurse,5,Intensive Care Unit Registered Nurse,nurse,nurse,auto,,
,licensed practical nurse - liberty commons of alamance county,5,LICENSED PRACTICAL NURSE - LIBERTY COMMONS OF ALAMANCE COUNTY,nurse,nurse,auto,,
,licensed practical nurse - parkview health and rehabilitation center,5,LICENSED PRACTICAL NURSE - PARKVIEW HEALTH AND REHABILITATION CENTER,nurse,nurse,auto,,
,licensed practical nurse - the oaks,5,LICENSED PRACTICAL NURSE - THE OAKS,nurse,nurse,auto,,
,licensed practical nurse - three rivers health and rehabilitation center,5,LICENSED PRACTICAL NURSE - THREE RIVERS HEALTH AND REHABILITATION CENTER,nurse,nurse,auto,,
,licensed practical nurse - westfield rehabilitation and health center,5,LICENSED PRACTICAL NURSE - WESTFIELD REHABILITATION AND HEALTH CENTER,nurse,nurse,auto,,
,licensed practical nurse ny helps,5,Licensed Practical Nurse (NY HELPS),nurse,nurse,auto,,
,licensed vocational nurse lvn,5,Licensed Vocational Nurse (LVN),nurse,nurse,auto,,
,lpn - home health,5,LPN - Home Health,nurse,nurse,auto,,
,nurse - rn - emergency medicine,5,Nurse - RN - Emergency Medicine,nurse,nurse,auto,,
,occupational health nurse,5,Occupational Health Nurse,nurse,nurse,auto,,
,registered nurse - woodhaven,5,REGISTERED NURSE - WOODHAVEN,nurse,nurse,auto,,
,registered nurse emergency department,5,"Registered Nurse, Emergency Department",nurse,nurse,auto,,
,registered nurse med surg unit,5,REGISTERED NURSE Med /Surg Unit,nurse,nurse,auto,,
,registered nurse rn - full time night,5,Registered Nurse (RN) - Full Time Night,nurse,nurse,auto,,
,registered nurse rn - full-time all shifts,5,Registered Nurse (RN) - Full-Time All Shifts,nurse,nurse,auto,,
,registered nurse rn home health prn,5,Registered Nurse RN Home Health PRN,nurse,nurse,auto,,
,registered nurse rn or licensed practical nurse lpn,5,Registered Nurse (RN) or Licensed Practical Nurse (LPN),nurse,nurse,auto,,
,registered nurse rn telemetry tele - contract - days,5,Registered Nurse (RN) | Telemetry (Tele) - Contract - Days,nurse,nurse,auto,,
,registered nurse supervisor - rn - long term care skilled nursing facility,5,Registered Nurse Supervisor - RN - Long Term Care/Skilled Nursing Facility,nurse,nurse,auto,,
,travel - med surg - nurse job - $1 746 wk - $1 956 wk,5,"Travel - Med Surg - Nurse Job - $1,746/wk - $1,956/wk",nurse,nurse,auto,,
,virtual rn registered nurse,5,Virtual RN; Registered Nurse,nurse,nurse,auto,,
,advanced practice nurse,4,Advanced Practice Nurse,nurse,nurse,auto,,
,care manager rn,4,Care Manager RN,nurse,nurse,auto,,
,case manager rn,4,Case Manager RN,nurse,nurse,auto,,
,endoscopy registered nurse,4,Endoscopy Registered Nurse,nurse,nurse,auto,,
,home care clinical manager - rn,4,HOME CARE CLINICAL MANAGER - RN,nurse,nurse,auto,,
,labor and delivery registered nurse,4,Labor and Delivery Registered Nurse,nurse,nurse,auto,,
,licensed practical nurse - bradley creek health center,4,LICENSED PRACTICAL NURSE - BRADLEY CREEK HEALTH CENTER,nurse,nurse,auto,,
,licensed practical nurse - elizabethtown healthcare & rehab center,4,LICENSED PRACTICAL NURSE - ELIZABETHTOWN HEALTHCARE & REHAB CENTER,nurse,nurse,auto,,
,licensed practical nurse - full-time all shifts,4,Licensed Practical Nurse - Full-Time All Shifts,nurse,nurse,auto,,
,licensed practical nurse - golden years nursing home,4,LICENSED PRACTICAL NURSE - GOLDEN YEARS NURSING HOME,nurse,nurse,auto,,
,licensed practical nurse - liberty commons,4,LICENSED PRACTICAL NURSE - LIBERTY COMMONS,nurse,nurse,auto,,
,licensed practical nurse - lpn - barclay at southpark,4,LICENSED PRACTICAL NURSE - LPN - BARCLAY AT SOUTHPARK,nurse,nurse,auto,,
,licensed practical nurse - lpn - home health,4,Licensed Practical Nurse - LPN - Home Health,nurse,nurse,auto,,
,licensed practical nurse - roxboro healthcare & rehabilitation center,4,LICENSED PRACTICAL NURSE - ROXBORO HEALTHCARE & REHABILITATION CENTER,nurse,nurse,auto,,
,licensed practical nurse - shoreland healthcare center,4,LICENSED PRACTICAL NURSE - SHORELAND HEALTHCARE CENTER,nurse,nurse,auto,,
,licensed practical nurse - snf,4,Licensed Practical Nurse - SNF,nurse,nurse,auto,,
,licensed practical nurse level 1,4,LICENSED PRACTICAL NURSE LEVEL 1,nurse,nurse,auto,,
,licensed practical nurse lpn - mary gran,4,LICENSED PRACTICAL NURSE (LPN) - MARY GRAN,nurse,nurse,auto,,
,licensed practical nurse lpn - oak forest,4,LICENSED PRACTICAL NURSE (LPN) - OAK FOREST,nurse,nurse,auto,,
,licensed practical nurse lpn - roxboro healthcare & rehabilitation center,4,LICENSED PRACTICAL NURSE (LPN) - ROXBORO HEALTHCARE & REHABILITATION CENTER,nurse,nurse,auto,,
,licensed practical nurse lpn - southwood,4,LICENSED PRACTICAL NURSE (LPN) - SOUTHWOOD,nurse,nurse,auto,,
,lpn home health full time,4,LPN Home Health Full Time,nurse,nurse,auto,,
,lpn licensed practical nurse $3000 sign on,4,LPN Licensed Practical Nurse $3000 Sign On,nurse,nurse,auto,,
,medical surgical nurse,4,Medical Surgical Nurse,nurse,nurse,auto,,
,medical surgical telemetry registered nurse,4,Medical/Surgical/Telemetry Registered Nurse,nurse,nurse,auto,,
,nurse - rn - operating room,4,Nurse - RN - Operating Room,nurse,nurse,auto,,
,registered nurse - intensive care unit,4,Registered Nurse - Intensive Care Unit,nurse,nurse,auto,,
,registered nurse - liberty commons of lee county,4,REGISTERED NURSE - LIBERTY COMMONS  OF LEE COUNTY,nurse,nurse,auto,,
,registered nurse - medical - surgical telemetry,4,Registered Nurse - Medical - Surgical (Telemetry),nurse,nurse,auto,,
,registered nurse - medsurg telemetry,4,Registered Nurse - MedSurg / Telemetry,nurse,nurse,auto,,
,registered nurse - rn,4,Registered Nurse - RN,nurse,nurse,auto,,
,registered nurse - rn - intensive care unit - icu,4,Registered Nurse - RN - Intensive Care Unit - ICU,nurse,nurse,auto,,
,registered nurse - rn - ltc snf,4,Registered Nurse - RN - LTC/SNF,nurse,nurse,auto,,
,registered nurse - royal park rehabilitation and health center,4,REGISTERED NURSE - ROYAL PARK REHABILITATION AND HEALTH CENTER,nurse,nurse,auto,,
,registered nurse - summerstone health and rehab center,4,REGISTERED NURSE - SUMMERSTONE HEALTH AND REHAB CENTER,nurse,nurse,auto,,
,registered nurse - the foley center at chestnut ridge,4,REGISTERED NURSE - THE FOLEY CENTER AT CHESTNUT RIDGE,nurse,nurse,auto,,
,registered nurse - three rivers health and rehabilitation center,4,REGISTERED NURSE - THREE RIVERS HEALTH AND REHABILITATION CENTER,nurse,nurse,auto,,
,registered nurse acute,4,Registered Nurse Acute,nurse,nurse,auto,,
,registered nurse adult foster care program,4,Registered Nurse Adult Foster Care Program,nurse,nurse,auto,,
,registered nurse rn - full-time part-time casual all shifts,4,Registered Nurse (RN) - Full-Time/Part-Time/Casual All Shifts,nurse,nurse,auto,,
,registered nurse rn - the pavilion health center,4,REGISTERED NURSE (RN) - THE PAVILION HEALTH CENTER,nurse,nurse,auto,,
,registered nurse rn emergency department,4,Registered Nurse (RN) Emergency Department,nurse,nurse,auto,,
,registered nurse supervisor rn - louisburg health & rehab center,4,REGISTERED NURSE SUPERVISOR (RN) - LOUISBURG HEALTH & REHAB CENTER,nurse,nurse,auto,,
,registered nurse supervisor rn - royal park rehabilitation and health center,4,REGISTERED NURSE SUPERVISOR (RN) - ROYAL PARK REHABILITATION AND HEALTH CENTER,nurse,nurse,auto,,
,registered nurse supervisor rn - westfield healthcare & rehabilitation center,4,REGISTERED NURSE SUPERVISOR (RN) - WESTFIELD HEALTHCARE & REHABILITATION CENTER,nurse,nurse,auto,,
,registered nurses rn - oak forest,4,REGISTERED NURSES (RN) - OAK FOREST,nurse,nurse,auto,,
,registered nurses rn - roxboro healthcare & rehabilitation center,4,REGISTERED NURSES (RN) - ROXBORO HEALTHCARE & REHABILITATION CENTER,nurse,nurse,auto,,
,rehab rn,4,Rehab RN,nurse,nurse,auto,,
,rn - icu,4,RN - ICU,nurse,nurse,auto,,
,rn progressive care unit,4,RN Progressive Care Unit,nurse,nurse,auto,,
,staff nurse i ii,4,STAFF NURSE I/II,nurse,nurse,auto,,
,student nurse intern,4,Student Nurse (Intern),nurse,nurse,auto,,
,support nurse lpn - bradley creek health center,4,SUPPORT NURSE (LPN) - BRADLEY CREEK HEALTH CENTER,nurse,nurse,auto,,
,travel - med surg - nurse job - $2 637 wk - $2 827 wk,4,"Travel - Med Surg - Nurse Job - $2,637/wk - $2,827/wk",nurse,nurse,auto,,
,travel rn - case management,4,Travel RN - Case Management,nurse,nurse,auto,,
,travel rn - enterprise central resource pool - full time,4,Travel RN - Enterprise Central Resource Pool - Full Time,nurse,nurse,auto,,
,wellness nurse,4,Wellness Nurse,nurse,nurse,auto,,
,app nurse anesthetist ukhc,3,APP Nurse Anesthetist/UKHC,nurse,nurse,auto,,
,care manager i rn,3,Care Manager I (RN),nurse,nurse,auto,,
,case manager registered nurse,3,Case Manager Registered Nurse,nurse,nurse,auto,,
,ccn rn supervisor,3,CCN RN SUPERVISOR,nurse,nurse,auto,,
,ccu registered nurse,3,CCU Registered Nurse,nurse,nurse,auto,,
,chronic care rn,3,Chronic Care RN,nurse,nurse,auto,,
,clinic lpn,3,Clinic LPN,nurse,nurse,auto,,
,emergency room er nurse,3,Emergency Room ER Nurse,nurse,nurse,auto,,
,emergency room nurse,3,Emergency Room Nurse,nurse,nurse,auto,,
,firstchoice or- rn,3,FirstChoice OR- RN,nurse,nurse,auto,,
,firstchoice rn,3,FirstChoice RN,nurse,nurse,auto,,
,hospice rn,3,Hospice RN,nurse,nurse,auto,,
,labor and delivery nurse,3,Labor and Delivery Nurse,nurse,nurse,auto,,
,licensed practical nurse - pisgah manor,3,LICENSED PRACTICAL NURSE - PISGAH MANOR,nurse,nurse,auto,,
,licensed practical nurse - summerstone health and rehab center,3,LICENSED PRACTICAL NURSE - SUMMERSTONE HEALTH AND REHAB CENTER,nurse,nurse,auto,,
,licensed practical nurse lpn - quail haven,3,LICENSED PRACTICAL NURSE (LPN) - QUAIL HAVEN,nurse,nurse,auto,,
,licensed vocational nurse- primary care -community clinic,3,Licensed Vocational NURSE- Primary Care -Community Clinic,nurse,nurse,auto,,
,lpn - nurse residency program,3,LPN - Nurse Residency Program,nurse,nurse,auto,,
,lpn home health per diem,3,"LPN, Home Health Per Diem",nurse,nurse,auto,,
,lpn licensed practical nurse $3 500 sign-on bonus - agency free facility,3,"LPN Licensed Practical Nurse $3,500 Sign-on Bonus - Agency Free Facility",nurse,nurse,auto,,
,lvn or lpn,3,LVN or LPN,nurse,nurse,auto,,
,nurse,3,Nurse,nurse,nurse,auto,,
,nurse - lpn,3,Nurse - LPN,nurse,nurse,auto,,
,nurse - rn - pacu,3,Nurse - RN - PACU,nurse,nurse,auto,,
,nurse - rn - psychology,3,Nurse - RN - Psychology,nurse,nurse,auto,,
,pediatric rn,3,Pediatric RN,nurse,nurse,auto,,
,progressive care unit registered nurse,3,Progressive Care Unit Registered Nurse,nurse,nurse,auto,,
,registered nurse & licensed practical nurse,3,REGISTERED NURSE & LICENSED PRACTICAL NURSE,nurse,nurse,auto,,
,registered nurse - 2 c observation overflow,3,Registered Nurse - 2 C Observation Overflow,nurse,nurse,auto,,
,registered nurse - adt same day care,3,Registered Nurse - ADT Same Day Care,nurse,nurse,auto,,
,registered nurse - emergency room,3,Registered Nurse - Emergency Room,nurse,nurse,auto,,
,registered nurse - home care,3,Registered Nurse - Home Care,nurse,nurse,auto,,
,registered nurse - medical surgical,3,Registered Nurse - Medical / Surgical,nurse,nurse,auto,,
,registered nurse - operating room,3,Registered Nurse - Operating Room,nurse,nurse,auto,,
,registered nurse - radiology,3,Registered Nurse - Radiology,nurse,nurse,auto,,
,registered nurse - rn - case management,3,Registered Nurse - RN - Case Management,nurse,nurse,auto,,
,registered nurse - rn - icu intensive care unit,3,Registered Nurse - RN - ICU (Intensive Care Unit),nurse,nurse,auto,,
,registered nurse - rn - psychiatric,3,Registered Nurse - RN - Psychiatric,nurse,nurse,auto,,
,registered nurse - rn emergency,3,Registered Nurse - RN Emergency,nurse,nurse,auto,,
,registered nurse atlantic visiting nurse full-time,3,"Registered Nurse, Atlantic Visiting Nurse, Full-Time",nurse,nurse,auto,,
,registered nurse licensed practical nurse,3,Registered Nurse/Licensed Practical Nurse,nurse,nurse,auto,,
,registered nurse rn - 8th floor,3,Registered Nurse ( RN ) - 8th Floor,nurse,nurse,auto,,
,registered nurse rn - emergency,3,Registered Nurse (RN) - Emergency,nurse,nurse,auto,,
,registered nurse rn - golden years nursing home,3,REGISTERED NURSE (RN) - GOLDEN YEARS NURSING HOME,nurse,nurse,auto,,
,registered nurse rn - intensive care unit icu,3,Registered Nurse (RN) – Intensive Care Unit (ICU),nurse,nurse,auto,,
,registered nurse rn - mary gran,3,REGISTERED NURSE (RN) - MARY GRAN,nurse,nurse,auto,,
,registered nurse rn cardio thoracic icu cvicu,3,"Registered Nurse (RN), Cardio Thoracic ICU (CVICU)",nurse,nurse,auto,,
,registered nurse rn infection preventionist,3,Registered Nurse (RN) Infection Preventionist,nurse,nurse,auto,,
,registered nurse rn medical surgical - contract - days,3,Registered Nurse (RN) | Medical Surgical - Contract - Days,nurse,nurse,auto,,
,registered nurse rn neonatal icu,3,"Registered Nurse (RN), Neonatal ICU",nurse,nurse,auto,,
,registered nurse rn nights,3,Registered Nurse (RN) Nights,nurse,nurse,auto,,
,registered nurse rn prn,3,Registered Nurse (RN) PRN,nurse,nurse,auto,,
,registered nurse supervisor rn - templeton of cary,3,REGISTERED NURSE SUPERVISOR (RN) - TEMPLETON OF CARY,nurse,nurse,auto,,
,registered nurse-medical surgical,3,Registered Nurse-Medical Surgical,nurse,nurse,auto,,
,registered nurse-rn,3,Registered Nurse-RN,nurse,nurse,auto,,
,rn - home health,3,RN - Home Health,nurse,nurse,auto,,
,rn - kettering - acute care urology and general surgery - ft nights,3,RN - Kettering - Acute Care Urology and General Surgery - FT/Nights,nurse,nurse,auto,,
,rn - medical surgical,3,RN - Medical Surgical,nurse,nurse,auto,,
,rn emergency department,3,RN Emergency Department,nurse,nurse,auto,,
,rn home health,3,RN Home Health,nurse,nurse,auto,,
,rn home health full time,3,RN Home Health Full Time,nurse,nurse,auto,,
,rn long term acute care ltac,3,RN Long Term Acute Care LTAC,nurse,nurse,auto,,
,rn presurgery assessment,3,"RN, PreSurgery Assessment",nurse,nurse,auto,,
,rn psychiatric,3,RN Psychiatric,nurse,nurse,auto,,
,rn registered nurse $4 000 sign-on bonus,3,"RN Registered Nurse $4,000 Sign-on Bonus",nurse,nurse,auto,,
,rn registered nurse - medical intermediate care unit,3,"RN, Registered Nurse - Medical Intermediate Care unit",nurse,nurse,auto,,
,rn- cvicu- ft nights - st peters hospital,3,RN- CVICU- FT Nights - ST Peters Hospital,nurse,nurse,auto,,
,staff development coordinator rn,3,Staff Development Coordinator RN,nurse,nurse,auto,,
,staff nurse,3,Staff Nurse,nurse,nurse,auto,,
,staff nurse - behavioral health services,3,Staff Nurse - Behavioral Health Services,nurse,nurse,auto,,
,staff nurse - medicine surgery,3,Staff Nurse - Medicine/Surgery,nurse,nurse,auto,,
,staff nurse-medicine surgery,3,Staff Nurse-Medicine/Surgery,nurse,nurse,auto,,
,staff rn,3,Staff RN,nurse,nurse,auto,,
,telemetry rn,3,Telemetry RN,nurse,nurse,auto,,
,travel - pcu - nurse job - $2 411 wk - $2 600 wk,3,"Travel - PCU - Nurse Job - $2,411/wk - $2,600/wk",nurse,nurse,auto,,
,travel nurse rn tele telemetry,3,Travel Nurse (RN) Tele (Telemetry),nurse,nurse,auto,,
,travel rn - labor and delivery,3,Travel RN - Labor and Delivery,nurse,nurse,auto,,
,treatment nurse - louisburg health & rehab center,3,TREATMENT NURSE - LOUISBURG HEALTH & REHAB CENTER,nurse,nurse,auto,,
,unit manager rn,3,Unit Manager RN,nurse,nurse,auto,,
,utilization review nurse,3,Utilization Review Nurse,nurse,nurse,auto,,
,acute care registered nurse rn,2,Acute Care Registered Nurse RN,nurse,nurse,auto,,
,acute registered nurse,2,Acute Registered Nurse,nurse,nurse,auto,,
,ahd staff nurse ii,2,AHD Staff Nurse II,nurse,nurse,auto,,
,ambulatory care nurse - rn,2,Ambulatory Care Nurse - RN,nurse,nurse,auto,,
,ambulatory lpn,2,Ambulatory LPN,nurse,nurse,auto,,
,ambulatory surgery center nurse part time,2,Ambulatory Surgery Center Nurse Part Time,nurse,nurse,auto,,
,assistant director of nursing rn,2,Assistant Director of Nursing ( RN ),nurse,nurse,auto,,
,assistant manager nursing rn - otolaryngology clinic,2,Assistant Manager Nursing (RN) - Otolaryngology Clinic,nurse,nurse,auto,,
,cardiac cath lab rn,2,Cardiac Cath Lab RN,nurse,nurse,auto,,
,case manager prn rn rt sw lpn,2,Case Manager / PRN ( RN / RT / SW / LPN ),nurse,nurse,auto,,
,cath lab rn,2,Cath Lab RN,nurse,nurse,auto,,
,certified nurse midwife,2,Certified Nurse Midwife,nurse,nurse,auto,,
,certified nurse midwife - full time in north san diego,2,Certified Nurse Midwife - Full Time in North San Diego,nurse,nurse,auto,,
,clinic rn - student health center,2,Clinic RN - Student Health Center,nurse,nurse,auto,,
,clinic rn - swedish patient access - seattle wa,2,Clinic RN - Swedish Patient Access - Seattle WA,nurse,nurse,auto,,
,clinic rn - urology,2,Clinic RN - Urology,nurse,nurse,auto,,
,clinical lead- rn- ft mn- emergency- trinity health livonia,2,Clinical Lead- RN- FT/MN- Emergency- Trinity Health Livonia,nurse,nurse,auto,,
,clinical nurse - acute medicine,2,Clinical Nurse - Acute Medicine,nurse,nurse,auto,,
,clinical nurse - ambulatory,2,Clinical Nurse - Ambulatory,nurse,nurse,auto,,
,clinical nurse 1- inpatient - penn presbyterian hvicu,2,Clinical Nurse 1- Inpatient - Penn Presbyterian HVICU,nurse,nurse,auto,,
,clinical nurse ii,2,Clinical Nurse II,nurse,nurse,auto,,
,clinical nurse iii - birthing suites - ldrp,2,CLINICAL NURSE III - BIRTHING SUITES - LDRP,nurse,nurse,auto,,
,clinical nurse medicine unit,2,Clinical Nurse Medicine Unit,nurse,nurse,auto,,
,clinical nurse rn sharp memorial hospital 4north ortho neuro acute care full time day shift currently offering up to $10k bonus for rn hires new to sharp,2,Clinical Nurse RN Sharp Memorial Hospital 4North Ortho/Neuro Acute Care Full Time Day shift; Currently offering up to $10k bonus for RN hires new to Sharp,nurse,nurse,auto,,
,clinical research nurse,2,Clinical Research Nurse,nurse,nurse,auto,,
,clinical review nurse - concurrent review,2,Clinical Review Nurse - Concurrent Review,nurse,nurse,auto,,
,cma cst or lpn ortho,2,CMA CST or LPN (Ortho),nurse,nurse,auto,,
,cma rma cst or lpn urology,2,CMA RMA CST or LPN (Urology),nurse,nurse,auto,,
,corrections rn,2,Corrections RN,nurse,nurse,auto,,
,director - nurse anesthesia program,2,Director - Nurse Anesthesia Program,nurse,nurse,auto,,
,ed rn clinical supervisor emergency services - 1p - 1a,2,ED RN Clinical Supervisor (Emergency Services) - 1p - 1a,nurse,nurse,auto,,
,emergency room rn,2,Emergency Room RN,nurse,nurse,auto,,
,endoscopy nurse,2,Endoscopy Nurse,nurse,nurse,auto,,
,fertility rn nurse coordinator hybrid,2,Fertility (RN) Nurse Coordinator (Hybrid),nurse,nurse,auto,,
,float pool nurse,2,Float Pool Nurse,nurse,nurse,auto,,
,ft registered nurse case manager - neurology spine,2,FT Registered Nurse Case Manager - Neurology/Spine,nurse,nurse,auto,,
,home care registered nurse rn,2,HOME CARE REGISTERED NURSE (RN),nurse,nurse,auto,,
,home health licensed practical nurse,2,Home Health Licensed Practical Nurse,nurse,nurse,auto,,
,home health nurse,2,Home Health Nurse,nurse,nurse,auto,,
,home health registered nurse,2,Home Health registered nurse,nurse,nurse,auto,,
,hospice clinical manager - rn,2,HOSPICE CLINICAL MANAGER - RN,nurse,nurse,auto,,
,hospice nurse rn,2,Hospice Nurse RN,nurse,nurse,auto,,
,hospice registered nurse case manager,2,Hospice Registered Nurse Case Manager,nurse,nurse,auto,,
,hospice registered nurse rn - prn,2,Hospice Registered Nurse (RN) - PRN,nurse,nurse,auto,,
,hospice travel registered nurse rn,2,HOSPICE TRAVEL REGISTERED NURSE (RN),nurse,nurse,auto,,
,house supervisor rn,2,House Supervisor RN,nurse,nurse,auto,,
,intensive care nurse,2,Intensive Care Nurse,nurse,nurse,auto,,
,intermediate medical care registered nurse,2,Intermediate Medical Care Registered Nurse,nurse,nurse,auto,,
,interventional radiology nurse rn,2,Interventional Radiology Nurse RN,nurse,nurse,auto,,
,interventional radiology rn,2,Interventional Radiology RN,nurse,nurse,auto,,
,licensed practical nurse - brightmore of east memphis,2,LICENSED PRACTICAL NURSE - BRIGHTMORE OF EAST MEMPHIS,nurse,nurse,auto,,
,licensed practical nurse - cardiac,2,Licensed Practical Nurse - Cardiac,nurse,nurse,auto,,
,licensed practical nurse - full-time part-time casual all shifts,2,Licensed Practical Nurse - Full-Time/Part-Time/Casual All Shifts,nurse,nurse,auto,,
,licensed practical nurse - liberty commons of halifax county,2,LICENSED PRACTICAL NURSE - LIBERTY COMMONS OF HALIFAX COUNTY,nurse,nurse,auto,,
,licensed practical nurse - lpn - quail haven,2,LICENSED PRACTICAL NURSE - LPN - QUAIL HAVEN,nurse,nurse,auto,,
,licensed practical nurse - telemetry,2,Licensed Practical Nurse - Telemetry,nurse,nurse,auto,,
,licensed practical nurse - templeton of cary,2,LICENSED PRACTICAL NURSE - TEMPLETON OF CARY,nurse,nurse,auto,,
,licensed practical nurse - the foley center at chestnut ridge,2,LICENSED PRACTICAL NURSE - THE FOLEY CENTER AT CHESTNUT RIDGE,nurse,nurse,auto,,
,licensed practical nurse - yadkin nursing care center,2,LICENSED PRACTICAL NURSE - YADKIN NURSING CARE CENTER,nurse,nurse,auto,,
,licensed practical nurse -lpn,2,Licensed Practical Nurse -LPN,nurse,nurse,auto,,
,licensed practical nurse ii - mshc - main,2,Licensed Practical Nurse II - MSHC - Main,nurse,nurse,auto,,
,licensed practical nurse lpn - homecare,2,"Licensed Practical Nurse, LPN - Homecare",nurse,nurse,auto,,
,licensed practical nurse lpn - liberty commons,2,LICENSED PRACTICAL NURSE (LPN) - LIBERTY COMMONS,nurse,nurse,auto,,
,licensed practical nurse lpn - liberty commons of lee county,2,LICENSED PRACTICAL NURSE (LPN) - LIBERTY COMMONS OF LEE COUNTY,nurse,nurse,auto,,
,licensed practical nurse lpn - oak forest health & rehab center,2,LICENSED PRACTICAL NURSE (LPN) - OAK FOREST HEALTH & REHAB CENTER,nurse,nurse,auto,,
,licensed practical nurse lpn - pisgah manor,2,LICENSED PRACTICAL NURSE (LPN) - PISGAH MANOR,nurse,nurse,auto,,
,licensed practical nurse lpn - warren hills nursing and rehabilitation center,2,LICENSED PRACTICAL NURSE (LPN) - WARREN HILLS NURSING AND REHABILITATION CENTER,nurse,nurse,auto,,
,licensed practical nurse lpn - woodlands nursing and rehabilitation center,2,LICENSED PRACTICAL NURSE (LPN) - WOODLANDS NURSING AND REHABILITATION CENTER,nurse,nurse,auto,,
,licensed practical nurse lpn - wow,2,Licensed Practical Nurse (LPN) - WOW,nurse,nurse,auto,,
,licensed practical nurse lpn home health prn,2,Licensed Practical Nurse LPN Home Health PRN,nurse,nurse,auto,,
,licensed practical nurse lpn med surg,2,Licensed Practical Nurse LPN Med Surg,nurse,nurse,auto,,
,licensed practical nurse personal care management evaluation,2,Licensed Practical Nurse Personal Care Management Evaluation,nurse,nurse,auto,,
,licensed practical nurse- per diem,2,Licensed Practical Nurse- Per Diem,nurse,nurse,auto,,
,licensed vocational nurse - med surg 3rd,2,Licensed Vocational Nurse - Med/Surg 3rd,nurse,nurse,auto,,
,licensed vocational nurse - nursing admin,2,Licensed Vocational Nurse - Nursing Admin,nurse,nurse,auto,,
,licensed vocational nurse lvn & lpt,2,Licensed Vocational Nurse LVN & LPT,nurse,nurse,auto,,
,licensed vocational nurse lvn - heart & vascular specialists,2,Licensed Vocational Nurse/LVN – Heart & Vascular Specialists,nurse,nurse,auto,,
,licensed vocational nurse lvn - telemetry,2,Licensed Vocational Nurse (LVN) - Telemetry,nurse,nurse,auto,,
,local contract - ltc registered nurse **up to 2 200 wk** rn,2,"LOCAL CONTRACT - LTC Registered Nurse **up to 2,200/wk** (RN)",nurse,nurse,auto,,
,local contract rn - long term acute care,2,Local Contract RN - Long Term Acute Care,nurse,nurse,auto,,
,local contract rn - med surg telemetry,2,Local Contract RN - Med Surg / Telemetry,nurse,nurse,auto,,
,long term care registered nurse,2,Long Term Care Registered Nurse,nurse,nurse,auto,,
,lpn - licensed practical nurse,2,LPN - Licensed Practical Nurse,nurse,nurse,auto,,
,lpn home and community - home health,2,LPN Home and Community - Home Health,nurse,nurse,auto,,
,lpn kenwood endocrinology mercy health,2,LPN Kenwood Endocrinology Mercy Health,nurse,nurse,auto,,
,lpn licensed practical nurse $3 500 sign-on bonus,2,"LPN Licensed Practical Nurse $3,500 Sign-on Bonus",nurse,nurse,auto,,
,lpn licensed practical nurse agency free facility,2,LPN Licensed Practical Nurse Agency Free Facility,nurse,nurse,auto,,
,lpn lvn long term care ltc,2,LPN/LVN Long Term Care (LTC),nurse,nurse,auto,,
,ltc rn,2,LTC RN,nurse,nurse,auto,,
,ltss service coordinator-rn clinician,2,LTSS Service Coordinator-RN Clinician,nurse,nurse,auto,,
,manager of memory support namaste lpn,2,Manager of Memory Support/Namaste (LPN),nurse,nurse,auto,,
,mds consultant - rn,2,MDS CONSULTANT - RN,nurse,nurse,auto,,
,mds coordinator - lpn - mary gran,2,MDS COORDINATOR -  LPN - MARY GRAN,nurse,nurse,auto,,
,medical assistant - lpn,2,Medical Assistant - LPN,nurse,nurse,auto,,
,medical device rn icu,2,Medical Device RN (ICU),nurse,nurse,auto,,
,mental health rn,2,Mental Health RN,nurse,nurse,auto,,
,mmc - travel rn - med surg,2,MMC - Travel: RN - Med/Surg,nurse,nurse,auto,,
,nurse - lpn - corrections,2,Nurse - LPN - Corrections,nurse,nurse,auto,,
,nurse - rn,2,Nurse - RN,nurse,nurse,auto,,
,nurse - rn - cardiac tele,2,Nurse - RN - Cardiac Tele,nurse,nurse,auto,,
,nurse - rn - critical care,2,Nurse - RN - Critical Care,nurse,nurse,auto,,
,nurse - rn - cvicu,2,Nurse - RN - CVICU,nurse,nurse,auto,,
,nurse - rn - cvor,2,Nurse - RN - CVOR,nurse,nurse,auto,,
,nurse - rn - dialysis,2,Nurse - RN - Dialysis,nurse,nurse,auto,,
,nurse - rn - emergency department ed,2,Nurse - RN - Emergency Department / ED,nurse,nurse,auto,,
,nurse - rn - ep,2,Nurse - RN - EP,nurse,nurse,auto,,
,nurse - rn - ltc - supervisor,2,Nurse - RN - LTC - Supervisor,nurse,nurse,auto,,
,nurse - rn - micu,2,Nurse - RN - MICU,nurse,nurse,auto,,
,nurse - rn - nicu,2,Nurse - RN - NICU,nurse,nurse,auto,,
,nurse - rn - outpatient,2,Nurse - RN - Outpatient,nurse,nurse,auto,,
,nurse - rn - postpartum,2,Nurse - RN - Postpartum,nurse,nurse,auto,,
,nurse administrator home health,2,Nurse Administrator (Home Health),nurse,nurse,auto,,
,nurse assistant - observation,2,Nurse Assistant - Observation,nurse,nurse,auto,,
,nurse extern - prn,2,Nurse Extern - PRN,nurse,nurse,auto,,
,nurse injector,2,Nurse Injector,nurse,nurse,auto,,
,nurse reviewer i,2,Nurse Reviewer I,nurse,nurse,auto,,
,oncology registered nurse,2,Oncology Registered Nurse,nurse,nurse,auto,,
,oncology rn,2,Oncology RN,nurse,nurse,auto,,
,operating room nurse,2,Operating Room Nurse,nurse,nurse,auto,,
,orthopedic registered nurse,2,Orthopedic Registered Nurse,nurse,nurse,auto,,
,per diem registered nurse,2,Per Diem Registered Nurse,nurse,nurse,auto,,
,per diem rn -unit a2-bu - interventional radiology - sharp memorial hospital - variable shift,2,Per Diem RN -Unit A2-BU - Interventional Radiology - Sharp Memorial Hospital - Variable Shift,nurse,nurse,auto,,
,permanent rn - med surg,2,Permanent RN - Med Surg,nurse,nurse,auto,,
,permanent staff operating room rn job in high point nc - make $32 to $48 hour,2,"Permanent Staff Operating Room RN job in High Point, NC - Make $32 to $48/hour",nurse,nurse,auto,,
,plasma center nurse rn,2,"Plasma Center Nurse, RN",nurse,nurse,auto,,
,practice nurse lpn downtown family medicine full time,2,Practice Nurse (LPN) Downtown Family Medicine (Full Time),nurse,nurse,auto,,
,progressive care nurse,2,Progressive Care Nurse,nurse,nurse,auto,,
,psychiatric nurse,2,PSYCHIATRIC NURSE,nurse,nurse,auto,,
,registered nurse - 11 s oncology,2,Registered Nurse - 11 S Oncology,nurse,nurse,auto,,
,registered nurse - 6 s critical care unit,2,Registered Nurse - 6 S Critical Care Unit,nurse,nurse,auto,,
,registered nurse - 8 s orthopedics,2,Registered Nurse - 8 S Orthopedics,nurse,nurse,auto,,
,registered nurse - adult family care,2,Registered Nurse - Adult Family Care,nurse,nurse,auto,,
,registered nurse - bradley creek health center,2,REGISTERED NURSE - BRADLEY CREEK HEALTH CENTER,nurse,nurse,auto,,
,registered nurse - community based mental health programs,2,Registered Nurse - Community Based Mental Health Programs,nurse,nurse,auto,,
,registered nurse - critical care neurosciences - days,2,Registered Nurse - Critical Care Neurosciences - Days,nurse,nurse,auto,,
,registered nurse - er,2,Registered Nurse - ER,nurse,nurse,auto,,
,registered nurse - gastroenterology,2,REGISTERED NURSE – GASTROENTEROLOGY,nurse,nurse,auto,,
,registered nurse - hematology stem cell transplant,2,Registered Nurse - Hematology/Stem Cell Transplant,nurse,nurse,auto,,
,registered nurse - highland house,2,REGISTERED NURSE - HIGHLAND HOUSE,nurse,nurse,auto,,
,registered nurse - icu,2,Registered Nurse - ICU,nurse,nurse,auto,,
,registered nurse - liberty commons,2,REGISTERED NURSE - LIBERTY COMMONS,nurse,nurse,auto,,
,registered nurse - liberty commons of alamance county,2,REGISTERED NURSE - LIBERTY COMMONS OF ALAMANCE COUNTY,nurse,nurse,auto,,
,registered nurse - neuro ortho,2,Registered Nurse - Neuro / Ortho,nurse,nurse,auto,,
,registered nurse - relocation and bonus,2,Registered Nurse - Relocation and Bonus,nurse,nurse,auto,,
,registered nurse - residential youth and recovery programs,2,Registered Nurse - Residential Youth and Recovery Programs,nurse,nurse,auto,,
,registered nurse - rn - cardiac cath,2,Registered Nurse - RN - Cardiac Cath,nurse,nurse,auto,,
,registered nurse - rn - emergency department - ed,2,Registered Nurse - RN - Emergency Department - ED,nurse,nurse,auto,,
,registered nurse - rn - emergency room - er,2,Registered Nurse - RN - Emergency Room - ER,nurse,nurse,auto,,
,registered nurse - rn - m s tele,2,Registered Nurse - RN - M/S Tele,nurse,nurse,auto,,
,registered nurse - shoreland healthcare center,2,REGISTERED NURSE - SHORELAND HEALTHCARE CENTER,nurse,nurse,auto,,
,registered nurse 1st shift council bluffs ia,2,"Registered Nurse 1st Shift Council Bluffs, IA",nurse,nurse,auto,,
,registered nurse care manager,2,Registered Nurse Care Manager,nurse,nurse,auto,,
,registered nurse case manager,2,REGISTERED NURSE CASE MANAGER,nurse,nurse,auto,,
,registered nurse clinical surgical $15 000 bonus bethesda east ft 7a- 7 30p specialty non-procedural,2,"Registered Nurse, Clinical Surgical, $15,000 Bonus, Bethesda East, FT, 7A- 7:30P, Specialty Non-Procedural",nurse,nurse,auto,,
,registered nurse float,2,Registered Nurse Float,nurse,nurse,auto,,
,registered nurse home health per diem,2,"Registered Nurse, Home Health Per Diem",nurse,nurse,auto,,
,registered nurse icu,2,"Registered Nurse, ICU",nurse,nurse,auto,,
,registered nurse labor and delivery,2,Registered Nurse Labor and Delivery,nurse,nurse,auto,,
,registered nurse new graduate paid program,2,"Registered Nurse, New Graduate, Paid Program",nurse,nurse,auto,,
,registered nurse operating room,2,Registered Nurse Operating Room,nurse,nurse,auto,,
,registered nurse pacu,2,REGISTERED NURSE PACU,nurse,nurse,auto,,
,registered nurse resource pool,2,Registered Nurse Resource Pool,nurse,nurse,auto,,
,registered nurse rn + $10k bonus,2,Registered Nurse (RN) + $10K Bonus,nurse,nurse,auto,,
,registered nurse rn - emergency department,2,Registered Nurse (RN) – Emergency Department,nurse,nurse,auto,,
,registered nurse rn - emergency department ed - full time nights,2,Registered Nurse (RN) - Emergency Department (ED) - Full Time/Nights,nurse,nurse,auto,,
,registered nurse rn - full-time part-time 1st shift,2,Registered Nurse (RN) - Full-Time/Part-Time 1st Shift,nurse,nurse,auto,,
,registered nurse rn - heart and vascular,2,Registered Nurse (RN) - Heart and Vascular,nurse,nurse,auto,,
,registered nurse rn - home health,2,Registered Nurse (RN) - Home Health,nurse,nurse,auto,,
,registered nurse rn - icu,2,Registered Nurse RN - ICU,nurse,nurse,auto,,
,registered nurse rn - icu micu 1-year acute care exp req,2,Registered Nurse RN - ICU (MICU) (1-year Acute Care Exp Req),nurse,nurse,auto,,
,registered nurse rn - mother baby - nights,2,Registered Nurse (RN) - Mother Baby - Nights,nurse,nurse,auto,,
,registered nurse rn - royal park rehabilitation and health center,2,REGISTERED NURSE (RN) - ROYAL PARK REHABILITATION AND HEALTH CENTER,nurse,nurse,auto,,
,registered nurse rn - shoreland healthcare center,2,REGISTERED NURSE (RN) - SHORELAND HEALTHCARE CENTER,nurse,nurse,auto,,
,registered nurse rn cardiac cath lab - contract - days,2,Registered Nurse (RN) | Cardiac Cath Lab - Contract - Days,nurse,nurse,auto,,
,registered nurse rn emergency department per diem,2,Registered Nurse (RN) Emergency Department Per Diem,nurse,nurse,auto,,
,registered nurse rn endoscopy,2,Registered Nurse (RN) Endoscopy,nurse,nurse,auto,,
,registered nurse rn endoscopy - contract - days,2,Registered Nurse (RN) | Endoscopy - Contract - Days,nurse,nurse,auto,,
,registered nurse rn general med surg - days,2,Registered Nurse (RN) General Med Surg - Days,nurse,nurse,auto,,
,registered nurse rn intensive care unit,2,Registered Nurse RN Intensive Care Unit,nurse,nurse,auto,,
,registered nurse rn intensive care unit icu - contract - nights,2,Registered Nurse (RN) | Intensive Care Unit (ICU) - Contract - Nights,nurse,nurse,auto,,
,registered nurse rn intravenous iv therapy,2,Registered Nurse (RN) Intravenous (IV) Therapy,nurse,nurse,auto,,
,registered nurse rn maternity,2,Registered Nurse RN Maternity,nurse,nurse,auto,,
,registered nurse rn med surg,2,"Registered Nurse (RN), Med Surg",nurse,nurse,auto,,
,registered nurse rn operating room or - contract - days,2,Registered Nurse (RN) | Operating Room (OR) - Contract - Days,nurse,nurse,auto,,
,registered nurse rn per diem,2,"Registered Nurse (RN), per diem",nurse,nurse,auto,,
,registered nurse rn supervisor,2,Registered Nurse (RN) Supervisor,nurse,nurse,auto,,
,registered nurse rn telemetry tele - contract - nights,2,Registered Nurse (RN) | Telemetry (Tele) - Contract - Nights,nurse,nurse,auto,,
,registered nurse rn wound care,2,Registered Nurse RN Wound Care,nurse,nurse,auto,,
,registered nurse supervisor rn - golden years nursing home,2,REGISTERED NURSE SUPERVISOR (RN) - GOLDEN YEARS NURSING HOME,nurse,nurse,auto,,
,registered nurse supervisor rn - liberty commons of johnston county,2,REGISTERED NURSE SUPERVISOR (RN) - LIBERTY COMMONS OF JOHNSTON COUNTY,nurse,nurse,auto,,
,registered nurse supervisor rn - liberty commons of lee county,2,REGISTERED NURSE SUPERVISOR (RN) - LIBERTY COMMONS OF LEE COUNTY,nurse,nurse,auto,,
,registered nurse supervisor rn - mary gran,2,REGISTERED NURSE SUPERVISOR (RN) - MARY GRAN,nurse,nurse,auto,,
,registered nurse supervisor rn - parkview health and rehabilitation center,2,REGISTERED NURSE SUPERVISOR (RN) - PARKVIEW HEALTH AND REHABILITATION CENTER,nurse,nurse,auto,,
,registered nurse supervisor rn - southport health and rehabilitation center,2,REGISTERED NURSE SUPERVISOR (RN) - SOUTHPORT HEALTH AND REHABILITATION CENTER,nurse,nurse,auto,,
,registered nurse supervisor rn - the oaks,2,REGISTERED NURSE SUPERVISOR (RN) - THE OAKS,nurse,nurse,auto,,
,registered nurse supervisor- family medicine,2,Registered Nurse Supervisor- Family Medicine,nurse,nurse,auto,,
,registered nurse-f t-intensive care nursery,2,REGISTERED NURSE-F/T-INTENSIVE CARE NURSERY,nurse,nurse,auto,,
,registered nurses rn - yadkin nursing care center,2,REGISTERED NURSES (RN) - YADKIN NURSING CARE CENTER,nurse,nurse,auto,,
,registered nurses rn license required - roxboro healthcare & rehabilitation center,2,REGISTERED NURSES (RN LICENSE REQUIRED) - ROXBORO HEALTHCARE & REHABILITATION CENTER,nurse,nurse,auto,,
,registered nursing- rn - long-term acute care ltac,2,Registered Nursing- RN - Long-term Acute Care (LTAC),nurse,nurse,auto,,
,registered nursing- rn - skilled nursing facility,2,Registered Nursing- RN - Skilled Nursing Facility,nurse,nurse,auto,,
,rn &#8211 home health full time,2,RN &#8211; Home Health Full Time,nurse,nurse,auto,,
,rn - adult and pediatric home care,2,RN - Adult and Pediatric Home Care,nurse,nurse,auto,,
,rn - beavercreek - acute care oncology and neuro 4 west - ft nights,2,RN - Beavercreek - Acute Care Oncology and Neuro 4 West - FT/Nights,nurse,nurse,auto,,
,rn - beavercreek - icu - ft nights,2,RN - Beavercreek - ICU - FT/Nights,nurse,nurse,auto,,
,rn - dayton - 4100 telemetry - ft nights,2,RN - Dayton - 4100 Telemetry - FT/Nights,nurse,nurse,auto,,
,rn - dayton - 5100 cardiac step down - ft nights,2,RN - Dayton - 5100 Cardiac Step Down - FT/Nights,nurse,nurse,auto,,
,rn - dayton - 6100 med surg - ft nights,2,RN - Dayton - 6100 Med Surg - FT/Nights,nurse,nurse,auto,,
,rn - dayton - surgical intensive care - ft nights,2,RN - Dayton - Surgical Intensive Care - FT/Nights,nurse,nurse,auto,,
,rn - emergency department,2,RN - Emergency Department,nurse,nurse,auto,,
,rn - emergency services,2,RN - Emergency Services,nurse,nurse,auto,,
,rn - intensive care unit,2,RN - Intensive Care Unit,nurse,nurse,auto,,
,rn - iv therapy,2,RN - IV Therapy,nurse,nurse,auto,,
,rn - kettering - 5n icu step down - ft nights,2,RN - Kettering - 5N ICU Step Down - FT/Nights,nurse,nurse,auto,,
,rn - kettering - 5nw icu step down - ft nights,2,RN - Kettering - 5NW ICU Step Down - FT/Nights,nurse,nurse,auto,,
,rn - kettering - acute care neuroscience - ft nights,2,RN - Kettering - Acute Care Neuroscience - FT/Nights,nurse,nurse,auto,,
,rn - kettering - acute care oncology - ft nights,2,RN - Kettering - Acute Care Oncology - FT/Nights,nurse,nurse,auto,,
,rn - kettering - progressive care cardiac telemetry - ft nights,2,RN - Kettering - Progressive Care Cardiac Telemetry - FT/Nights,nurse,nurse,auto,,
,rn - kettering - progressive care trauma - ft days,2,RN - Kettering - Progressive Care Trauma - FT/Days,nurse,nurse,auto,,
,rn - med surg prn,2,RN - Med Surg (PRN),nurse,nurse,auto,,
,rn - miamisburg - u1w clinical decision unit - ft nights,2,RN - Miamisburg - U1W Clinical Decision Unit - FT/Nights,nurse,nurse,auto,,
,rn - miamisburg - u3w acute care ortho bariatric - ft nights,2,RN - Miamisburg - U3W Acute Care Ortho/Bariatric - FT/Nights,nurse,nurse,auto,,
,rn - observation unit,2,RN - Observation Unit,nurse,nurse,auto,,
,rn - pediatric surgery and recovery,2,RN - Pediatric Surgery and Recovery,nurse,nurse,auto,,
,rn - respiratory care,2,RN - Respiratory Care,nurse,nurse,auto,,
,rn branch director home health,2,"RN Branch Director, Home Health",nurse,nurse,auto,,
,rn break relief float pool,2,RN Break Relief Float Pool,nurse,nurse,auto,,
,rn care manager,2,RN Care Manager,nurse,nurse,auto,,
,rn charge - transitional care,2,RN Charge - Transitional Care,nurse,nurse,auto,,
,rn clinical nurse ii- neuroscience icu nsicu,2,RN Clinical Nurse II- Neuroscience ICU (NSICU),nurse,nurse,auto,,
,rn critical care resource team full time,2,RN Critical Care Resource Team Full Time,nurse,nurse,auto,,
,rn emergency room,2,RN Emergency Room,nurse,nurse,auto,,
,rn fellow - emergency services *sje - june 2024*,2,RN Fellow - Emergency Services *SJE - June 2024*,nurse,nurse,auto,,
,rn for residential home needed,2,RN for Residential Home Needed,nurse,nurse,auto,,
,rn house supervisor,2,RN House Supervisor,nurse,nurse,auto,,
,rn i,2,RN I,nurse,nurse,auto,,
,rn icu,2,RN ICU,nurse,nurse,auto,,
,rn manager,2,RN Manager,nurse,nurse,auto,,
,rn nicu prn,2,RN NICU PRN,nurse,nurse,auto,,
,rn pacu nurse - surgery center,2,RN PACU Nurse - Surgery Center,nurse,nurse,auto,,
,rn pacu prn,2,RN PACU PRN,nurse,nurse,auto,,
,rn registered nurse $7 500 sign-on bonus,2,"RN Registered Nurse $7,500 Sign-on Bonus",nurse,nurse,auto,,
,rn registered nurse - post surgical pacu,2,"RN, Registered Nurse - Post Surgical PACU",nurse,nurse,auto,,
,rn service line coordinator vascular endovascular surgery,2,RN Service Line Coordinator Vascular/Endovascular Surgery,nurse,nurse,auto,,
,rn staff nurse - medical specialties,2,RN Staff Nurse - Medical Specialties,nurse,nurse,auto,,
,rn supervisor - capital nursing and rehabilitation center,2,RN SUPERVISOR - CAPITAL NURSING AND REHABILITATION CENTER,nurse,nurse,auto,,
,rn supervisor - warren hills rehabilitation & nursing center,2,RN SUPERVISOR - WARREN HILLS REHABILITATION & NURSING CENTER,nurse,nurse,auto,,
,rn telemetry,2,RN Telemetry,nurse,nurse,auto,,
,rn unit manager,2,"RN, Unit Manager",nurse,nurse,auto,,
,rn unit manager um,2,RN Unit Manager (UM),nurse,nurse,auto,,
,rn-3rd party case mgr,2,RN-3rd Party Case Mgr,nurse,nurse,auto,,
,rn-cardiac rehabilitation,2,RN-Cardiac Rehabilitation,nurse,nurse,auto,,
,rn-case coordinator-slh,2,RN-Case Coordinator-SLH,nurse,nurse,auto,,
,rn-clinic - family medicine - university town centre,2,RN-Clinic - Family Medicine - University Town Centre,nurse,nurse,auto,,
,salem hospital nsmc -s-emergency adult clinical sh1364 -rn emergency room,2,Salem Hospital(NSMC)-S-Emergency Adult Clinical (SH1364)-RN Emergency Room,nurse,nurse,auto,,
,school lpn,2,School LPN,nurse,nurse,auto,,
,staff development coordinator - rn - pinehurst healthcare & rehabilitation center,2,STAFF DEVELOPMENT COORDINATOR - RN - PINEHURST HEALTHCARE & REHABILITATION CENTER,nurse,nurse,auto,,
,staff development coordinator - rn - the oaks,2,STAFF DEVELOPMENT COORDINATOR - RN - THE OAKS,nurse,nurse,auto,,
,staff development coordinator rn - liberty commons of alamance county,2,STAFF DEVELOPMENT COORDINATOR (RN) - LIBERTY COMMONS OF ALAMANCE COUNTY,nurse,nurse,auto,,
,staff development director - rn - liberty commons,2,STAFF DEVELOPMENT DIRECTOR - RN - LIBERTY COMMONS,nurse,nurse,auto,,
,staff development rn salary,2,Staff Development RN Salary,nurse,nurse,auto,,
,staff nurse - nicu,2,Staff Nurse - NICU,nurse,nurse,auto,,
,staff nurse ii medical surgical,2,"Staff Nurse II, Medical Surgical",nurse,nurse,auto,,
,staff nurse ii neonatal icu,2,"Staff Nurse II, Neonatal ICU",nurse,nurse,auto,,
,staff nurse rn or lpn mental health facility,2,Staff Nurse RN or LPN (Mental Health Facility),nurse,nurse,auto,,
,staff nurse-behavioral health services,2,Staff Nurse-Behavioral Health Services,nurse,nurse,auto,,
,step down unit registered nurse,2,Step Down Unit Registered Nurse,nurse,nurse,auto,,
,support nurse - lpn - capital nursing and rehabilitation center,2,SUPPORT NURSE - LPN - CAPITAL NURSING AND REHABILITATION CENTER,nurse,nurse,auto,,
,support nurse lpn - louisburg health & rehab center,2,SUPPORT NURSE (LPN) - LOUISBURG HEALTH & REHAB CENTER,nurse,nurse,auto,,
,transitional care nurse,2,Transitional Care Nurse,nurse,nurse,auto,,
,transitions of care rn,2,Transitions of Care RN,nurse,nurse,auto,,
,travel - med surg - nurse job - $1 294 wk - $1 519 wk,2,"Travel - Med Surg - Nurse Job - $1,294/wk - $1,519/wk",nurse,nurse,auto,,
,travel - med surg - nurse job - $1 993 wk - $2 182 wk,2,"Travel - Med Surg - Nurse Job - $1,993/wk - $2,182/wk",nurse,nurse,auto,,
,travel - ms tele - nurse job - $2 045 wk - $2 234 wk,2,"Travel - MS/Tele - Nurse Job - $2,045/wk - $2,234/wk",nurse,nurse,auto,,
,travel - ms tele - nurse job - $2 374 wk - $2 563 wk,2,"Travel - MS/Tele - Nurse Job - $2,374/wk - $2,563/wk",nurse,nurse,auto,,
,travel - ms tele - nurse job - $2 378 wk - $2 567 wk,2,"Travel - MS/Tele - Nurse Job - $2,378/wk - $2,567/wk",nurse,nurse,auto,,
,travel - ms tele - nurse job - $2 573 wk - $2 762 wk,2,"Travel - MS/Tele - Nurse Job - $2,573/wk - $2,762/wk",nurse,nurse,auto,,
,travel - pcu - nurse job - $1 839 wk - $2 035 wk,2,"Travel - PCU - Nurse Job - $1,839/wk - $2,035/wk",nurse,nurse,auto,,
,travel - pcu - nurse job - $1 962 wk - $2 152 wk,2,"Travel - PCU - Nurse Job - $1,962/wk - $2,152/wk",nurse,nurse,auto,,
,travel - pcu - nurse job - $2 296 wk - $2 486 wk,2,"Travel - PCU - Nurse Job - $2,296/wk - $2,486/wk",nurse,nurse,auto,,
,travel er rn job in patchogue ny - make $2 556 to $2 745 week,2,"Travel ER RN job in Patchogue, NY - Make $2,556 to $2,745/week",nurse,nurse,auto,,
,travel nurse,2,Travel Nurse,nurse,nurse,auto,,
,travel registered nurse,2,Travel Registered Nurse,nurse,nurse,auto,,
,travel rn - or - operating room,2,Travel RN - OR - Operating Room,nurse,nurse,auto,,
,triage nurse,2,Triage Nurse,nurse,nurse,auto,,
,unit care coordinator registered nurse rn,2,Unit Care Coordinator (Registered Nurse/RN),nurse,nurse,auto,,
,unit manager - rn - woodhaven,2,UNIT MANAGER - RN - WOODHAVEN,nurse,nurse,auto,,
,unit manager rn - full-time 1st shift,2,Unit Manager (RN) - Full-Time 1st Shift,nurse,nurse,auto,,
,utilization management nurse 2,2,Utilization Management Nurse 2,nurse,nurse,auto,,
,wound ostomy nurse,2,Wound Ostomy Nurse,nurse,nurse,auto,,
,$1 733 housing provided - lpn skilled ltc,1,"$1,733 Housing Provided - LPN Skilled/LTC",nurse,nurse,auto,,
,$55 hr - registered nurse in kc ks!,1,"$55/HR - Registered Nurse in KC, KS!",nurse,nurse,auto,,
,'prior auth utilization review nurse - rn - pbm managed care' fully remote,1,'Prior Auth Utilization Review Nurse - RN - PBM/Managed Care' : Fully Remote,nurse,nurse,auto,,
,***staff registered nurse - med surg acute,1,***Staff Registered Nurse - Med/Surg Acute,nurse,nurse,auto,,
,*licensed practical nurse - prn days heritage valley ltach,1,*Licensed Practical Nurse - PRN Days| Heritage Valley LTACH,nurse,nurse,auto,,
,*licensed practical nurse - prn nights heritage valley ltach,1,*Licensed Practical Nurse - PRN Nights | Heritage Valley LTACH,nurse,nurse,auto,,
,*licensed practical nurse - prn nights pittsburgh ltach,1,*Licensed Practical Nurse - PRN Nights| Pittsburgh LTACH,nurse,nurse,auto,,
,*licensed practical nurse lpn - ft day las vegas ltach,1,*Licensed Practical Nurse (LPN) - FT Day | Las Vegas LTACH,nurse,nurse,auto,,
,*registered nurse - dialysis ft days heritage valley ltach,1,*Registered Nurse - Dialysis FT Days | Heritage Valley LTACH,nurse,nurse,auto,,
,*registered nurse - dialysis ft days pittsburgh ltach,1,*Registered Nurse - Dialysis FT Days | Pittsburgh LTACH,nurse,nurse,auto,,
,*registered nurse - ft night surprise rehab,1,*Registered Nurse - FT Night | Surprise Rehab,nurse,nurse,auto,,
,*registered nurse - ft nights heritage valley ltach,1,*Registered Nurse - FT Nights| Heritage Valley LTACH,nurse,nurse,auto,,
,*registered nurse - pt reno ltach,1,*Registered Nurse - PT | Reno LTACH,nurse,nurse,auto,,
,*registered nurse prn - dialysis pittsburgh ltach,1,*Registered Nurse PRN - Dialysis | Pittsburgh LTACH,nurse,nurse,auto,,
,1 er ed rn opening at arthur g. james cancer hospital for $2275.08 gross weekly,1,1 ER/ED RN opening at Arthur G. James Cancer Hospital for $2275.08 gross weekly,nurse,nurse,auto,,
,1.1 school nurse,1,1.1 School Nurse,nurse,nurse,auto,,
,2 west stepdown rn casual,1,2 West Stepdown RN Casual,nurse,nurse,auto,,
,2024-25 registered nurse rn district,1,"2024-25 Registered Nurse (RN), District",nurse,nurse,auto,,
,23 hour rn - prn,1,23 Hour RN - PRN,nurse,nurse,auto,,
,32 hpw registered nurse endoscopy,1,"32 hpw Registered Nurse, Endoscopy",nurse,nurse,auto,,
,3rd shift - occupational health nurse,1,3rd shift - Occupational Health Nurse,nurse,nurse,auto,,
,424103 clinical nurse 2- pmhh,1,424103 Clinical Nurse 2- PMHH,nurse,nurse,auto,,
,5k sign-on bonus! rn med surg - pt days 12hr shifts - nazareth hospital,1,5K Sign-on Bonus! RN Med/Surg - PT Days 12HR Shifts - Nazareth Hospital,nurse,nurse,auto,,
,6w burn trauma stepdown rn ii,1,6W Burn Trauma Stepdown RN II,nurse,nurse,auto,,
,acute care - rn,1,Acute Care - RN,nurse,nurse,auto,,
,acute care nurse,1,Acute Care Nurse,nurse,nurse,auto,,
,acute care rn - cardiac progressive care,1,Acute Care RN – Cardiac Progressive Care,nurse,nurse,auto,,
,acute care rn - emergency services,1,Acute Care RN - Emergency Services,nurse,nurse,auto,,
,acute care rn - endoscopy,1,Acute Care RN - Endoscopy,nurse,nurse,auto,,
,acute care rn - medical surgical,1,Acute Care RN - Medical Surgical,nurse,nurse,auto,,
,acute care rn - outpatient surgery,1,Acute Care RN - Outpatient Surgery,nurse,nurse,auto,,
,acute care rn - surgery,1,Acute Care RN - Surgery,nurse,nurse,auto,,
,acute care rn- mother baby,1,Acute Care RN- Mother Baby,nurse,nurse,auto,,
,acute dialysis rn-katy tx,1,"Acute Dialysis RN-Katy, TX",nurse,nurse,auto,,
,acute hospital registered nurse,1,Acute Hospital Registered Nurse,nurse,nurse,auto,,
,acute registered nurse - float rn,1,Acute Registered Nurse - Float RN,nurse,nurse,auto,,
,acute registered nurse griffin ga,1,"Acute Registered Nurse (Griffin, GA)",nurse,nurse,auto,,
,acute rehabilitation registered nurse,1,Acute Rehabilitation Registered Nurse,nurse,nurse,auto,,
,administrative nursing supervisor rn,1,"Administrative Nursing Supervisor, RN",nurse,nurse,auto,,
,admission nurse registered nurse rn,1,Admission Nurse  Registered Nurse RN,nurse,nurse,auto,,
,admission rn,1,Admission RN,nurse,nurse,auto,,
,admissions assistant non nurse,1,Admissions Assistant (Non Nurse),nurse,nurse,auto,,
,advanced clinician rn - gi gu pcu telemetry 3e - sharp grossmont hospital - night - full time,1,Advanced Clinician RN - GI/GU PCU Telemetry 3E - Sharp Grossmont Hospital - Night - Full Time,nurse,nurse,auto,,
,advanced clinician rn - neuroscience pcu - sharp grossmont hospital neuroscience building - nights - full time,1,Advanced Clinician RN - Neuroscience PCU - Sharp Grossmont Hospital Neuroscience Building - Nights - Full Time,nurse,nurse,auto,,
,advanced practice nurse anesthetist gs-11 12 13,1,"Advanced Practice Nurse (Anesthetist), GS-11/12/13",nurse,nurse,auto,,
,advanced practice nurse prn - home visit,1,ADVANCED PRACTICE NURSE PRN - HOME VISIT,nurse,nurse,auto,,
,advanced practice nurse-pd-days-monmouth heart & vascular,1,Advanced Practice Nurse-PD-Days-Monmouth Heart & Vascular,nurse,nurse,auto,,
,agency - registered nurse - perinatal,1,Agency - Registered Nurse - Perinatal,nurse,nurse,auto,,
,ambulatory care nurse,1,Ambulatory Care Nurse,nurse,nurse,auto,,
,ambulatory care nurse - nyu langone ambulatory care garden city - pulmonary,1,Ambulatory Care Nurse - NYU Langone Ambulatory Care Garden City - Pulmonary,nurse,nurse,auto,,
,ambulatory care nurse - outpatient radiology - garden city,1,Ambulatory Care Nurse - Outpatient Radiology - Garden City,nurse,nurse,auto,,
,ambulatory care nurse - perlmutter cancer center at nyu langone lake success hematology oncology,1,Ambulatory Care Nurse - Perlmutter Cancer Center at NYU Langone Lake Success Hematology Oncology,nurse,nurse,auto,,
,ambulatory care nurse 37.5,1,Ambulatory Care Nurse (37.5),nurse,nurse,auto,,
,ambulatory rn 2 - gastroenterology,1,Ambulatory RN 2 - Gastroenterology,nurse,nurse,auto,,
,ambulatory rn care manager puyallup internal medicine,1,Ambulatory RN Care Manager Puyallup Internal Medicine,nurse,nurse,auto,,
,ambulatory surgery center nurse per diem,1,Ambulatory Surgery Center Nurse Per Diem,nurse,nurse,auto,,
,amc - travel rn - neuro icu sicu - nights,1,AMC - Travel RN - Neuro ICU/SICU - Nights,nurse,nurse,auto,,
,assistant director of nursing adon rn,1,Assistant Director of Nursing (ADON) RN,nurse,nurse,auto,,
,assistant director of nursing rn *competitive pay*,1,Assistant Director of Nursing (RN) *Competitive Pay*,nurse,nurse,auto,,
,assistant executive director rn preferred,1,Assistant Executive Director (RN Preferred),nurse,nurse,auto,,
,assistant head nurse - emergency services,1,Assistant Head Nurse - Emergency Services,nurse,nurse,auto,,
,assistant nurse mgr clinical,1,Assistant Nurse Mgr Clinical,nurse,nurse,auto,,
,assistant registered nurse rn - med surg - $32-52 per hour - r106886,1,Assistant Registered Nurse (RN) - Med Surg - $32-52 per hour - R106886,nurse,nurse,auto,,
,assistant registered nurse rn - med surg - $32-52 per hour - r106887,1,Assistant Registered Nurse (RN) - Med Surg - $32-52 per hour - R106887,nurse,nurse,auto,,
,assistant registered nurse rn - med surg - $32-52 per hour - r108194,1,Assistant Registered Nurse (RN) - Med Surg - $32-52 per hour - R108194,nurse,nurse,auto,,
,assistant registered nurse rn - med surg - $32-52 per hour - r110223,1,Assistant Registered Nurse (RN) - Med Surg - $32-52 per hour - R110223,nurse,nurse,auto,,
,assistant registered nurse rn - med surg - $32-52 per hour - r110232,1,Assistant Registered Nurse (RN) - Med Surg - $32-52 per hour - R110232,nurse,nurse,auto,,
,assistant rn manager- stem cell transplant,1,Assistant RN Manager- Stem Cell Transplant,nurse,nurse,auto,,
,assistant-nurse eden 250,1,Assistant-Nurse (EDEN 250),nurse,nurse,auto,,
,assisted living area director lpn - barclay at southpark,1,ASSISTED LIVING AREA DIRECTOR (LPN) - BARCLAY AT SOUTHPARK,nurse,nurse,auto,,
,associate clinic rn - pac med outpatient surgery - seattle wa,1,Associate Clinic RN - Pac Med Outpatient Surgery - Seattle WA,nurse,nurse,auto,,
,associate lpn lvn - infectious diseases,1,Associate LPN LVN - Infectious Diseases,nurse,nurse,auto,,
,authorization coordinator lpn,1,Authorization Coordinator LPN,nurse,nurse,auto,,
,baylor registered nurse,1,Baylor Registered Nurse,nurse,nurse,auto,,
,baylor registered nurse home health,1,"Baylor Registered Nurse, Home Health",nurse,nurse,auto,,
,baylor registered nurse home health full time,1,"Baylor Registered Nurse, Home Health Full Time",nurse,nurse,auto,,
,baylor registered nurse home health per diem,1,"Baylor Registered Nurse, Home Health Per Diem",nurse,nurse,auto,,
,behavioral health lpn,1,Behavioral Health LPN,nurse,nurse,auto,,
,behavioral health lpn part time nights,1,Behavioral Health LPN Part Time Nights,nurse,nurse,auto,,
,behavioral health lpn prn,1,Behavioral Health LPN PRN,nurse,nurse,auto,,
,behavioral health nurse 1 rn - assertive community treatment - relocation offered,1,Behavioral Health Nurse 1 (RN) - Assertive Community Treatment - Relocation Offered,nurse,nurse,auto,,
,behavioral psychology registered nurse,1,Behavioral Psychology Registered Nurse,nurse,nurse,auto,,
,behavioral registered nurse home health full time,1,"Behavioral Registered Nurse, Home Health Full Time",nurse,nurse,auto,,
,bilh nurse admissions facilitator,1,BILH Nurse Admissions Facilitator,nurse,nurse,auto,,
,bilingual nurse case manager,1,Bilingual  Nurse Case Manager,nurse,nurse,auto,,
,bilingual remote nurse case manager rn - 203595,1,Bilingual Remote Nurse Case Manager (RN) - 203595,nurse,nurse,auto,,
,bloodless pbm nurse coordinator,1,Bloodless | PBM Nurse Coordinator,nurse,nurse,auto,,
,bpn medical office rn,1,BPN Medical Office RN,nurse,nurse,auto,,
,call center rn,1,Call Center RN,nurse,nurse,auto,,
,camp nurse,1,Camp Nurse,nurse,nurse,auto,,
,cardiac icu registered nurse - nights,1,Cardiac ICU Registered Nurse - Nights,nurse,nurse,auto,,
,cardiac neuro registered nurse,1,Cardiac Neuro Registered Nurse,nurse,nurse,auto,,
,cardiac or-rn,1,Cardiac OR-RN,nurse,nurse,auto,,
,cardiac rn,1,Cardiac RN,nurse,nurse,auto,,
,cardiac stress nurse,1,Cardiac Stress Nurse,nurse,nurse,auto,,
,cardiac surgery registered nurse,1,Cardiac surgery Registered Nurse,nurse,nurse,auto,,
,cardiac tele registered nurse,1,Cardiac Tele Registered Nurse,nurse,nurse,auto,,
,cardiac-nephrology rn-full time days,1,"Cardiac-Nephrology RN-Full time, Days",nurse,nurse,auto,,
,cardiology registered nurse,1,Cardiology Registered Nurse,nurse,nurse,auto,,
,cardiovascular intensive care unit registered nurse,1,Cardiovascular Intensive Care Unit Registered Nurse,nurse,nurse,auto,,
,cardiovascular lpn licensed practical nurse,1,Cardiovascular LPN (Licensed Practical Nurse),nurse,nurse,auto,,
,care coordinator lpn - geriatrics - nemg,1,Care Coordinator LPN - Geriatrics - NEMG,nurse,nurse,auto,,
,care coordinator rn,1,Care Coordinator RN,nurse,nurse,auto,,
,care manager i rn- oregan only,1,Care Manager I (RN- Oregan Only),nurse,nurse,auto,,
,care manager rn - california only,1,Care Manager (RN - California Only),nurse,nurse,auto,,
,care manager rn - case management,1,Care Manager RN - Case Management,nurse,nurse,auto,,
,care manager rn - pamc case mgmt *per diem day*,1,"Care Manager RN - PAMC Case Mgmt *Per Diem, Day*",nurse,nurse,auto,,
,case management - nurse consultant,1,"Case Management - Nurse, Consultant",nurse,nurse,auto,,
,case manager ii cm registered nurse rn home health,1,"Case Manager II (CM),  Registered Nurse (RN), Home Health",nurse,nurse,auto,,
,case manager ltss rn - eagle rock tx,1,"Case Manager, LTSS (RN) - Eagle Rock TX",nurse,nurse,auto,,
,case manager ltss rn - el paso tx,1,"Case Manager, LTSS (RN) - El Paso, TX",nurse,nurse,auto,,
,case manager ltss rn - field travel in rock county wi,1,"Case Manager, LTSS (RN) - Field Travel in Rock County, WI",nurse,nurse,auto,,
,case manager non-rn critical incidents,1,"Case Manager, Non-RN (Critical Incidents)",nurse,nurse,auto,,
,case manager rn - pamc case mgmt,1,Case Manager RN - PAMC Case Mgmt,nurse,nurse,auto,,
,case manager rn pedi rheumatology,1,"Case Manager RN, Pedi Rheumatology",nurse,nurse,auto,,
,case manager rn rt sw lpn,1,Case Manager ( RN / RT / SW / LPN ),nurse,nurse,auto,,
,case manager rn rt sw lpn - $12000 sign on bonus,1,Case Manager ( RN / RT / SW / LPN ) - $12000 Sign On Bonus,nurse,nurse,auto,,
,case manager rn rt sw lpn -$15 000 sign on bonus,1,"Case Manager ( RN / RT / SW / LPN ) -$15,000 Sign On Bonus",nurse,nurse,auto,,
,case manager rn union - 10hr - smrmc utilization mgmt,1,Case Manager RN Union - 10Hr - SMRMC Utilization Mgmt,nurse,nurse,auto,,
,case manager rn-ft toyota san antonio tx,1,"Case Manager RN-FT: Toyota, San Antonio, TX",nurse,nurse,auto,,
,cath lab registered nurse,1,Cath Lab Registered Nurse,nurse,nurse,auto,,
,cath-lab tech nurse,1,Cath-Lab Tech/Nurse,nurse,nurse,auto,,
,catheterization laboratory registered nurse,1,Catheterization Laboratory Registered Nurse,nurse,nurse,auto,,
,ccm-registered nurse rn full-time 7a icu,1,CCM-Registered Nurse (RN) Full-time 7A ICU,nurse,nurse,auto,,
,ccm-registered nurse weekend nights,1,CCM-Registered Nurse Weekend Nights,nurse,nurse,auto,,
,cct registered nurse,1,CCT Registered Nurse,nurse,nurse,auto,,
,cert nurse assistant- full time 2nd shift edge ip skilled nursing,1,Cert Nurse Assistant- Full Time 2nd Shift Edge IP Skilled Nursing,nurse,nurse,auto,,
,certified nurse assistant c na - orthopedic specialty unit prn,1,Certified Nurse Assistant (C NA) - Orthopedic Specialty Unit PRN,nurse,nurse,auto,,
,certified nurse assistant outpatient wound care - no evenings no weekends!,1,"Certified Nurse Assistant Outpatient Wound Care - No Evenings, No Weekends!",nurse,nurse,auto,,
,certified nurse assistant patient care assistant - med surg tele sd - nights **sign on avail**,1,Certified Nurse Assistant/Patient Care Assistant - Med Surg/Tele/SD - Nights **Sign on Avail**,nurse,nurse,auto,,
,certified nurse assistant tcu 4se part time nights florence,1,Certified Nurse Assistant TCU 4SE Part Time Nights Florence,nurse,nurse,auto,,
,certified nurse assistant women's health 1b prn days edgewood,1,Certified Nurse Assistant Women's Health 1B PRN Days Edgewood,nurse,nurse,auto,,
,certified nurse midwife or physician assistant - l&d pre & post partum new born nursery,1,Certified Nurse Midwife or Physician Assistant - L&D/Pre & Post Partum/New Born Nursery,nurse,nurse,auto,,
,certified nurse-midwife,1,Certified Nurse-Midwife,nurse,nurse,auto,,
,certified specialist - school nurse - papilllion la vista community schools,1,Certified Specialist - School Nurse - Papilllion La Vista Community Schools,nurse,nurse,auto,,
,charge nurse,1,Charge Nurse,nurse,nurse,auto,,
,charge nurse - or,1,Charge Nurse - OR,nurse,nurse,auto,,
,charge nurse - rn,1,Charge Nurse - RN,nurse,nurse,auto,,
,charge nurse - rn or lpn,1,Charge Nurse - RN or LPN,nurse,nurse,auto,,
,charge nurse at madison wi senior living community,1,"Charge Nurse At Madison, WI Senior Living Community",nurse,nurse,auto,,
,charge nurse emergency department 6 30a-7p,1,"Charge Nurse, Emergency Department, 6:30a-7p",nurse,nurse,auto,,
,charge nurse rn - behavioral health - prn nights,1,"Charge Nurse (RN) - Behavioral Health - PRN, Nights",nurse,nurse,auto,,
,charge nurse rn - prn - cath lab,1,Charge Nurse (RN) - PRN - Cath Lab,nurse,nurse,auto,,
,charge registered nurse - ft days new braunfels ltach rehab,1,Charge Registered Nurse - FT DAYS | New Braunfels LTACH/Rehab,nurse,nurse,auto,,
,charge registered nurse rn,1,Charge Registered Nurse (RN),nurse,nurse,auto,,
,charge rn operating room - full time day shift,1,"Charge RN Operating Room - Full Time, Day Shift",nurse,nurse,auto,,
,circulating nurse,1,Circulating Nurse,nurse,nurse,auto,,
,circulating nurse - 225160,1,Circulating Nurse - 225160,nurse,nurse,auto,,
,circulating registered nurse,1,Circulating Registered Nurse,nurse,nurse,auto,,
,clinic lpn - ob gyn clinic part-time 24 hours,1,Clinic LPN - OB/GYN Clinic (Part-time 24 hours),nurse,nurse,auto,,
,clinic lpn - ob gyn part-time 24 hours,1,Clinic LPN - OB/GYN (Part-Time/24 hours),nurse,nurse,auto,,
,clinic lpn ma - family practice - sheridan,1,Clinic LPN/MA - Family Practice - Sheridan,nurse,nurse,auto,,
,clinic lpn ma fulton family practice,1,Clinic LPN/MA Fulton Family Practice,nurse,nurse,auto,,
,clinic lpn pt occupational medicine,1,Clinic LPN PT Occupational Medicine,nurse,nurse,auto,,
,clinic lpn waukee pediatrics prn,1,Clinic LPN Waukee Pediatrics PRN,nurse,nurse,auto,,
,clinic nurse - regency clinic - full time - days,1,Clinic Nurse - Regency Clinic - Full Time - Days,nurse,nurse,auto,,
,clinic nurse ii oncology infusion per diem,1,"Clinic Nurse II, Oncology Infusion Per Diem",nurse,nurse,auto,,
,clinic nurse ii pacu per diem,1,"Clinic Nurse II, PACU Per Diem",nurse,nurse,auto,,
,clinic nurse or clinic medical assistant - pediatric clinic - full time - days,1,Clinic Nurse or Clinic Medical Assistant - Pediatric Clinic - Full Time - Days,nurse,nurse,auto,,
,clinic registered nurse,1,Clinic Registered Nurse,nurse,nurse,auto,,
,clinic registered nurse - clear lake clinic - full time - days,1,Clinic Registered Nurse - Clear Lake Clinic - Full Time - Days,nurse,nurse,auto,,
,clinic rn - cardiology,1,Clinic RN - Cardiology,nurse,nurse,auto,,
,clinic rn - obstetrics and gynecology,1,Clinic RN - Obstetrics and Gynecology,nurse,nurse,auto,,
,clinic rn - staffing *new grads welcome*,1,Clinic RN - Staffing *New Grads Welcome*,nurse,nurse,auto,,
,clinic rn - swedish urgent care - edmonds wa,1,Clinic RN - Swedish Urgent Care - Edmonds WA,nurse,nurse,auto,,
,clinic rn gastro clinic,1,Clinic RN Gastro Clinic,nurse,nurse,auto,,
,clinic rn or lpn - obgyn,1,Clinic RN or LPN - OBGYN,nurse,nurse,auto,,
,clinic rn supervisor - heart and vascular,1,Clinic RN Supervisor - Heart and Vascular,nurse,nurse,auto,,
,clinical - care manager ii rn austin,1,Clinical - Care Manager II (RN) Austin,nurse,nurse,auto,,
,clinical administrator rn - cmh - rotating,1,Clinical Administrator (RN) - CMH - Rotating,nurse,nurse,auto,,
,clinical appeals manager rn,1,Clinical Appeals Manager (RN),nurse,nurse,auto,,
,clinical call center triage nurse,1,Clinical Call Center Triage Nurse,nurse,nurse,auto,,
,clinical care transition specialist registered nurse - louisville ky,1,"Clinical Care Transition Specialist / Registered Nurse - Louisville, KY",nurse,nurse,auto,,
,clinical decision unit registered nurse,1,Clinical Decision Unit Registered Nurse,nurse,nurse,auto,,
,clinical director rn - surgical telemetry and cardiac surgical stepdown,1,Clinical Director RN - Surgical Telemetry and Cardiac Surgical Stepdown,nurse,nurse,auto,,
,clinical documentation registered nurse ii - st. patrick hospital,1,Clinical Documentation Registered Nurse II - St. Patrick Hospital,nurse,nurse,auto,,
,clinical leader rn mna transplant unit,1,Clinical Leader RN MNA Transplant Unit,nurse,nurse,auto,,
,clinical liaison lpn,1,Clinical Liaison LPN,nurse,nurse,auto,,
,clinical liaison rn or rt,1,Clinical Liaison (RN or RT),nurse,nurse,auto,,
,clinical manager - rn,1,Clinical Manager - RN,nurse,nurse,auto,,
,clinical manager rn - neurosurgery,1,Clinical Manager RN - Neurosurgery,nurse,nurse,auto,,
,clinical nurse - 2s icu,1,Clinical Nurse - 2S ICU,nurse,nurse,auto,,
,clinical nurse - ankeny prairie trail internal medicine,1,Clinical Nurse - Ankeny Prairie Trail Internal Medicine,nurse,nurse,auto,,
,clinical nurse - main pacu,1,Clinical Nurse - Main PACU,nurse,nurse,auto,,
,clinical nurse - operating room,1,Clinical Nurse - Operating Room,nurse,nurse,auto,,
,clinical nurse - orthopedics unit - night shift,1,Clinical Nurse - Orthopedics Unit - Night Shift,nurse,nurse,auto,,
,clinical nurse - surgery,1,Clinical Nurse - Surgery,nurse,nurse,auto,,
,clinical nurse - urology nursing part-time,1,Clinical Nurse - Urology Nursing (Part-Time),nurse,nurse,auto,,
,clinical nurse 1- inpatient- cardiology pcu- 8 center- hup pavilion,1,Clinical Nurse 1- Inpatient- Cardiology PCU- 8 Center- HUP Pavilion,nurse,nurse,auto,,
,clinical nurse 2- hup ed observation unit- full-time night shift,1,"Clinical Nurse 2- HUP ED Observation Unit- Full-Time, Night Shift",nurse,nurse,auto,,
,clinical nurse 2- hup gift of life icu- full-time,1,Clinical Nurse 2- HUP Gift of Life ICU- Full-Time,nurse,nurse,auto,,
,clinical nurse 2- hup pavilion- emergency department- full-time,1,Clinical Nurse 2- HUP Pavilion- Emergency Department- Full-Time,nurse,nurse,auto,,
,clinical nurse 2- inpatient - emergency department - penn presbyterian medical center,1,Clinical Nurse 2- Inpatient - Emergency Department - Penn Presbyterian Medical Center,nurse,nurse,auto,,
,clinical nurse attending cvicu,1,Clinical Nurse Attending CVICU,nurse,nurse,auto,,
,clinical nurse b-inpatient-7a surgical trauma transplant,1,Clinical Nurse B-Inpatient-7A Surgical Trauma Transplant,nurse,nurse,auto,,
,clinical nurse bu - hospice - full-time - day shift,1,Clinical Nurse BU - Hospice - Full-time - Day Shift,nurse,nurse,auto,,
,clinical nurse c-inpatient - 10a noc pt,1,Clinical Nurse C-Inpatient - 10A NOC PT,nurse,nurse,auto,,
,clinical nurse coord nursing supervisor,1,Clinical Nurse Coord Nursing Supervisor,nurse,nurse,auto,,
,clinical nurse coord rn er,1,Clinical Nurse Coord RN ER,nurse,nurse,auto,,
,clinical nurse coordinator,1,Clinical Nurse Coordinator,nurse,nurse,auto,,
,clinical nurse coordinator nicu,1,Clinical Nurse Coordinator NICU,nurse,nurse,auto,,
,clinical nurse coordinator rn,1,Clinical Nurse Coordinator RN,nurse,nurse,auto,,
,clinical nurse gi lab prn,1,Clinical Nurse GI Lab PRN,nurse,nurse,auto,,
,clinical nurse i - heart catherization lab,1,CLINICAL NURSE I - HEART CATHERIZATION LAB,nurse,nurse,auto,,
,clinical nurse i - hoi-operating room,1,CLINICAL NURSE I - HOI-OPERATING ROOM,nurse,nurse,auto,,
,clinical nurse i - inpatient nights,1,Clinical Nurse I - Inpatient Nights,nurse,nurse,auto,,
,clinical nurse i - irvine icu,1,CLINICAL NURSE I - IRVINE ICU,nurse,nurse,auto,,
,clinical nurse ii - acc - infusion center - ft days,1,Clinical Nurse II - ACC ‐ Infusion Center - FT Days,nurse,nurse,auto,,
,clinical nurse ii - nicu - birthing suites - ldrp,1,CLINICAL NURSE II - NICU - BIRTHING SUITES - LDRP,nurse,nurse,auto,,
,clinical nurse ii inpatient - ft days - new competitive rates + $7 500 sign on bonus!!,1,"Clinical Nurse II Inpatient - FT days - New Competitive Rates + $7,500 Sign on Bonus!!",nurse,nurse,auto,,
,clinical nurse inpatient surgical,1,Clinical Nurse Inpatient Surgical,nurse,nurse,auto,,
,clinical nurse liaison - seattle washington,1,"Clinical Nurse Liaison - Seattle, Washington",nurse,nurse,auto,,
,clinical nurse med surg unit,1,Clinical Nurse Med/Surg Unit,nurse,nurse,auto,,
,clinical nurse mgr,1,Clinical Nurse Mgr,nurse,nurse,auto,,
,clinical nurse navigator rn - psychiatry,1,Clinical Nurse Navigator RN - Psychiatry,nurse,nurse,auto,,
,clinical nurse pd,1,Clinical Nurse PD,nurse,nurse,auto,,
,clinical nurse rn - neuroscience pcu - sharp grossmont hospital neuroscience building - nights - full time - eligible for up to $15k new hire incentives,1,Clinical Nurse RN - Neuroscience PCU - Sharp Grossmont Hospital Neuroscience Building - Nights - Full Time - Eligible for up to $15K New Hire Incentives,nurse,nurse,auto,,
,clinical nurse rn - neuroscience pcu 5e - sharp grossmont hospital - day - part time eligible for up to $6k in new hire incentives,1,Clinical Nurse RN - Neuroscience PCU 5E - Sharp Grossmont Hospital - Day - Part Time Eligible for up to $6K in New Hire Incentives,nurse,nurse,auto,,
,clinical nurse rn sharp memorial 5west transplant pcu ft n eligible for up to $10k in new hire incentives,1,Clinical Nurse RN Sharp Memorial 5West Transplant PCU FT N; Eligible for up to $10K in new hire incentives,nurse,nurse,auto,,
,clinical nurse rn sharp memorial hospital 4north full time day shift currently offering up to $10k bonus for rn hires new to sharp,1,Clinical Nurse RN Sharp Memorial Hospital 4North Full Time Day shift; Currently offering up to $10k bonus for RN hires new to Sharp,nurse,nurse,auto,,
,clinical nurse rn sharp memorial hospital 4north ortho neuro acute care full time night shift currently offering up to $10k bonus for rn hires new to sharp,1,Clinical Nurse RN Sharp Memorial Hospital 4North Ortho/Neuro Acute Care Full Time Night shift; Currently offering up to $10k bonus for RN hires new to Sharp,nurse,nurse,auto,,
,clinical nurse rn sharp memorial medical neuroscience acute care pcu - night shift - full time eligible for up to $10k in new hire incentives,1,Clinical Nurse RN Sharp Memorial Medical Neuroscience Acute Care/PCU - Night shift - Full time; Eligible for up to $10K in new hire incentives,nurse,nurse,auto,,
,clinical nurse rn- neuroscience progressive care unit 5e-night-full time-eligible for up to $10k in new hire incentives,1,Clinical Nurse RN- Neuroscience Progressive Care Unit 5E-Night-Full Time-Eligible for up to $10k in New Hire Incentives,nurse,nurse,auto,,
,clinical nurse specialist cns surgical services sharp grossmont hospital day shift full-time,1,Clinical Nurse Specialist (CNS) / Surgical Services / Sharp Grossmont Hospital / Day shift / Full-time,nurse,nurse,auto,,
,clinical nurse specialist- acute care medical surgical telemetry,1,Clinical Nurse Specialist- Acute Care (Medical/Surgical/Telemetry),nurse,nurse,auto,,
,clinical nurse specialist-nicu,1,clinical nurse specialist-NICU,nurse,nurse,auto,,
,clinical nurse supervisor,1,Clinical Nurse Supervisor,nurse,nurse,auto,,
,clinical nurse supervisor rn - intensive care unit icu,1,Clinical Nurse Supervisor (RN) - Intensive Care Unit (ICU),nurse,nurse,auto,,
,clinical nurse v,1,Clinical Nurse V,nurse,nurse,auto,,
,clinical nurse weekend option,1,Clinical Nurse Weekend Option,nurse,nurse,auto,,
,clinical nurse-ch spec irp,1,Clinical Nurse-CH Spec (IRP),nurse,nurse,auto,,
,clinical nurse-med-surge-stepdown-10w-mount sinai hospital-ft nights,1,Clinical Nurse-Med-Surge-Stepdown-10W-Mount Sinai Hospital-FT/Nights,nurse,nurse,auto,,
,clinical patient navigator front office coordinator - lpn lvn preferred,1,Clinical Patient Navigator / Front Office Coordinator - LPN/LVN Preferred,nurse,nurse,auto,,
,clinical performance registered nurse - dublin ga,1,"Clinical Performance Registered Nurse - Dublin, GA",nurse,nurse,auto,,
,clinical practice nurse expert,1,Clinical Practice Nurse Expert,nurse,nurse,auto,,
,clinical program coordinator rn *remote*,1,Clinical Program Coordinator RN *Remote*,nurse,nurse,auto,,
,clinical quality review specialist-remote - rn license required,1,Clinical Quality Review Specialist-REMOTE - RN License Required,nurse,nurse,auto,,
,clinical referral nurse - intake work from home utah only,1,"Clinical Referral Nurse - Intake, WORK FROM HOME, Utah Only",nurse,nurse,auto,,
,clinical registered nurse ii rn neonatal intensive care 36 hrs week nights,1,"Clinical Registered Nurse II (RN), Neonatal Intensive Care, 36 hrs/week, Nights",nurse,nurse,auto,,
,clinical registered nurse ii rn post anesthesia care unit part-time 36 hour week days,1,"Clinical Registered Nurse II (RN), Post Anesthesia Care Unit, Part-Time (36 Hour Week), Days",nurse,nurse,auto,,
,clinical reimbursement coordinator - rn lpn,1,CLINICAL REIMBURSEMENT COORDINATOR - RN/LPN,nurse,nurse,auto,,
,clinical reimbursement coordinator-rn,1,CLINICAL REIMBURSEMENT COORDINATOR-RN,nurse,nurse,auto,,
,clinical rescue nurse coordinator,1,Clinical Rescue Nurse Coordinator,nurse,nurse,auto,,
,clinical research coordinator - rn,1,Clinical Research Coordinator - RN,nurse,nurse,auto,,
,clinical research coordinator iii - rn - sign on bonus eligible,1,Clinical Research Coordinator III - RN - Sign on Bonus Eligible,nurse,nurse,auto,,
,clinical research nurse 2 87826br,1,Clinical Research Nurse 2 (87826BR),nurse,nurse,auto,,
,clinical research nurse institute for global infectious disease research,1,"Clinical Research Nurse, Institute for Global Infectious Disease Research",nurse,nurse,auto,,
,clinical research nurse sr. sidney kimmel cancer center,1,Clinical Research Nurse Sr. (Sidney Kimmel Cancer Center),nurse,nurse,auto,,
,clinical research rn,1,Clinical Research RN,nurse,nurse,auto,,
,clinical review nurse - prior authorization,1,Clinical Review Nurse - Prior Authorization,nurse,nurse,auto,,
,clinical rn - nursing clinical services,1,Clinical RN - Nursing Clinical Services,nurse,nurse,auto,,
,clinical rn - operating room - grossmont hospital - variable 10 hour shift - full time - eligible for up to $25k in new hire incentives,1,Clinical RN - Operating Room - Grossmont Hospital - Variable 10 hour shift - Full Time - Eligible for up to $25K in New Hire Incentives,nurse,nurse,auto,,
,clinical rn - psych g-path -grossmont hospital - night shift -full time,1,Clinical RN - Psych G-PATH -Grossmont Hospital - Night Shift -Full Time,nurse,nurse,auto,,
,clinical rn bu - operating room - sharp grossmont hospital - 10 hour evening shift - full time - eligible for up to $25k in new hire incentive,1,Clinical RN BU – Operating Room – Sharp Grossmont Hospital - 10 Hour Evening Shift – Full Time - Eligible for up to $25K in New Hire Incentive,nurse,nurse,auto,,
,clinical rn bu - operating room - sharp grossmont hospital - 10 hour night shift - full time - eligible for up to $25k in new hire incentive,1,Clinical RN BU – Operating Room – Sharp Grossmont Hospital - 10 Hour Night Shift – Full Time - Eligible for up to $25K in New Hire Incentive,nurse,nurse,auto,,
,clinical rn ii - emergency,1,Clinical RN II - Emergency,nurse,nurse,auto,,
,clinical rn ii surgery $45k hiring incentive,1,Clinical RN II Surgery $45K Hiring Incentive,nurse,nurse,auto,,
,clinical services supervisor rn - cumming,1,Clinical Services Supervisor (RN) - Cumming,nurse,nurse,auto,,
,clinical supervisor rn iru part-time,1,Clinical Supervisor RN IRU/Part-Time,nurse,nurse,auto,,
,clinical support rn,1,Clinical Support RN,nurse,nurse,auto,,
,clinical tech. ma lpn rn or x-ray tech,1,"Clinical Tech. (MA, LPN, RN or X-Ray Tech)",nurse,nurse,auto,,
,clinical trials nurse bone marrow transplant,1,Clinical Trials Nurse | Bone Marrow Transplant,nurse,nurse,auto,,
,cma lpn,1,CMA/LPN,nurse,nurse,auto,,
,cma lpn rn - ankeny pediatrics clinic,1,CMA/LPN/RN - Ankeny Pediatrics Clinic,nurse,nurse,auto,,
,cma lpn rn - carlisle family medicine clinic,1,CMA/LPN/RN - Carlisle Family Medicine Clinic,nurse,nurse,auto,,
,cma lpn rn - johnston family medicine,1,CMA/LPN/RN - Johnston Family Medicine,nurse,nurse,auto,,
,cma lpn rn - johnston family medicine clinic,1,CMA/LPN/RN - Johnston Family Medicine Clinic,nurse,nurse,auto,,
,cma lpn rn - pleasant hill clinic,1,CMA/LPN/RN - Pleasant Hill Clinic,nurse,nurse,auto,,
,cmm- urology nurse,1,CMM- Urology Nurse,nurse,nurse,auto,,
,cms care coordinator- registered nurse macon ga,1,"CMS Care Coordinator- Registered Nurse (Macon, GA)",nurse,nurse,auto,,
,cnm-certified nurse midwife,1,CNM-Certified Nurse Midwife,nurse,nurse,auto,,
,co-worker health rn or lpn - okc,1,Co-Worker Health RN or LPN - OKC,nurse,nurse,auto,,
,community health nurse - candidate pool,1,Community Health Nurse - CANDIDATE POOL,nurse,nurse,auto,,
,community health nurse registered nurse i ii - repost,1,Community Health Nurse (Registered Nurse) I/II - (REPOST),nurse,nurse,auto,,
,complex care rn - bilingual,1,Complex Care RN - Bilingual,nurse,nurse,auto,,
,contract - registered nurse - med surg,1,Contract - Registered Nurse - Med/Surg,nurse,nurse,auto,,
,contract - registered nurse - oncology,1,Contract - Registered Nurse - Oncology,nurse,nurse,auto,,
,contract - registered nurse - travel $2 340 wk,1,"Contract - Registered Nurse - Travel $2,340/wk",nurse,nurse,auto,,
,contract registered nurse rn utilization review behavioral health - 221556,1,"Contract Registered Nurse (RN), Utilization Review (Behavioral Health) - 221556",nurse,nurse,auto,,
,credentialed school rn - summer school openings!,1,Credentialed School RN - Summer School openings!,nurse,nurse,auto,,
,critical care clinical nurse coordinator rn,1,Critical Care Clinical Nurse Coordinator RN,nurse,nurse,auto,,
,critical care registered nurse,1,Critical Care Registered Nurse,nurse,nurse,auto,,
,critical care registered nurse needed for float pool,1,Critical Care Registered Nurse Needed for Float Pool,nurse,nurse,auto,,
,critical care rn,1,Critical Care RN,nurse,nurse,auto,,
,critical care unit - rn - .9 fte nights,1,Critical Care Unit - RN - (.9 FTE /Nights),nurse,nurse,auto,,
,cross continuum care manager-rn,1,Cross Continuum Care Manager-RN,nurse,nurse,auto,,
,cvicu registered nurse,1,CVICU Registered Nurse,nurse,nurse,auto,,
,cvor rn,1,CVOR RN,nurse,nurse,auto,,
,cwon certified wound ostomy rn - home health,1,CWON Certified Wound Ostomy RN - Home Health,nurse,nurse,auto,,
,day shift rn,1,Day Shift RN,nurse,nurse,auto,,
,delegating nurse- rn,1,Delegating Nurse- RN,nurse,nurse,auto,,
,denials and appeals manager rn required,1,Denials and Appeals Manager (RN required),nurse,nurse,auto,,
,dialysis experienced rn sugarland tx,1,"Dialysis Experienced RN Sugarland, TX",nurse,nurse,auto,,
,dialysis licensed practical nurse - lpn,1,Dialysis Licensed Practical Nurse - LPN,nurse,nurse,auto,,
,dialysis registered charge nurse,1,Dialysis Registered Charge Nurse,nurse,nurse,auto,,
,dialysis registered nurse,1,Dialysis Registered Nurse,nurse,nurse,auto,,
,dialysis registered nurse - prn,1,Dialysis Registered Nurse - PRN,nurse,nurse,auto,,
,dialysis registered nurse gentilly new orleans - will train,1,Dialysis Registered Nurse Gentilly New Orleans - Will Train,nurse,nurse,auto,,
,dialysis rn,1,Dialysis RN,nurse,nurse,auto,,
,dialysis travel rn - enterprise central resource pool - full time,1,Dialysis Travel RN - Enterprise Central Resource Pool - Full Time,nurse,nurse,auto,,
,director - case management rn,1,Director - Case Management (RN),nurse,nurse,auto,,
,director nursing lpn,1,"Director, Nursing LPN",nurse,nurse,auto,,
,director of educational services registered nurse,1,Director of Educational Services Registered Nurse,nurse,nurse,auto,,
,director of health services lvn or lpn,1,Director of Health Services (LVN or LPN),nurse,nurse,auto,,
,director of nursing - rn,1,Director of Nursing - (RN),nurse,nurse,auto,,
,director of nursing don - rn license required,1,Director of Nursing (DON) - RN License Required,nurse,nurse,auto,,
,director of nursing rn,1,Director Of Nursing ( RN ),nurse,nurse,auto,,
,director of nursing rn - acute cardiac services,1,Director of Nursing (RN) - Acute Cardiac Services,nurse,nurse,auto,,
,director of nursing-rn,1,Director of Nursing-RN,nurse,nurse,auto,,
,director registered nurse rn - icu - intensive care unit - $95k-120k per year - 1165227,1,Director Registered Nurse (RN) - ICU - Intensive Care Unit - $95K-120K per year - 1165227,nurse,nurse,auto,,
,director registered nurse rn - med surg - $90k-120k per year - 1165219,1,Director Registered Nurse (RN) - Med Surg - $90K-120K per year - 1165219,nurse,nurse,auto,,
,director registered nurse rn - or - operating room - $100k-150k per year - 1161465,1,Director Registered Nurse (RN) - OR - Operating Room - $100K-150K per year - 1161465,nurse,nurse,auto,,
,discharge expediting registered nurse rn supervisor float pool,1,"Discharge Expediting Registered Nurse (RN), Supervisor, Float Pool",nurse,nurse,auto,,
,discharge nurse navigator- case management,1,Discharge Nurse Navigator- Case Management,nurse,nurse,auto,,
,documentation specialist rn,1,Documentation Specialist RN,nurse,nurse,auto,,
,donor center nurse - rn,1,Donor Center Nurse - RN,nurse,nurse,auto,,
,donor intake nurse - lpn,1,Donor Intake Nurse – LPN,nurse,nurse,auto,,
,drg nurse reviewer,1,DRG Nurse Reviewer,nurse,nurse,auto,,
,dsnp rn case mgr,1,DSNP RN Case Mgr,nurse,nurse,auto,,
,ed nurse clinician,1,ED Nurse Clinician,nurse,nurse,auto,,
,ed nurse clinician emergency services,1,ED Nurse Clinician (Emergency Services),nurse,nurse,auto,,
,ed observation registered nurse - hiring immediately,1,ED Observation Registered Nurse - Hiring Immediately,nurse,nurse,auto,,
,ed registered nurse - 10k sign on bonus,1,ED Registered Nurse - 10K sign on bonus,nurse,nurse,auto,,
,education director &#8211 rn,1,Education Director &#8211; RN,nurse,nurse,auto,,
,education director - rn,1,Education Director - RN,nurse,nurse,auto,,
,electrophysiology registered nurse,1,Electrophysiology Registered Nurse,nurse,nurse,auto,,
,electrophysiology rn,1,Electrophysiology RN,nurse,nurse,auto,,
,electrophysiology- registered nurse,1,Electrophysiology- Registered Nurse,nurse,nurse,auto,,
,emergency center registered nurse,1,Emergency Center Registered Nurse,nurse,nurse,auto,,
,emergency department charge nurse,1,Emergency Department Charge Nurse,nurse,nurse,auto,,
,emergency department clinical nurse,1,Emergency Department Clinical Nurse,nurse,nurse,auto,,
,emergency department-registered nurse-ft 0.9 fte -nights,1,Emergency Department-Registered Nurse-FT (0.9 FTE)-Nights,nurse,nurse,auto,,
,emergency departnment rn,1,Emergency Departnment RN,nurse,nurse,auto,,
,emergency rn,1,Emergency RN,nurse,nurse,auto,,
,emergency room clinical coordinator rn,1,Emergency Room Clinical Coordinator RN,nurse,nurse,auto,,
,emergency room registered nurse - 10k sign on bonus,1,Emergency Room Registered Nurse - 10K sign on bonus,nurse,nurse,auto,,
,employee health nurse - fprt lauderale,1,Employee Health Nurse - Fprt Lauderale,nurse,nurse,auto,,
,endoscopy rn 30 hours days,1,Endoscopy RN 30 Hours Days,nurse,nurse,auto,,
,endoscopy rn 40 hours days,1,Endoscopy RN 40 Hours Days,nurse,nurse,auto,,
,enrollment rn- 226115,1,Enrollment RN- 226115,nurse,nurse,auto,,
,ent plastic recon surg student nurse tech- prn,1,ENT/ Plastic Recon Surg Student Nurse Tech- PRN,nurse,nurse,auto,,
,environmental health nurse,1,Environmental Health Nurse,nurse,nurse,auto,,
,er registered nurse,1,ER Registered Nurse,nurse,nurse,auto,,
,evening hospice registered nurse rn,1,Evening Hospice Registered Nurse (RN),nurse,nurse,auto,,
,evening shift lpn,1,Evening Shift LPN,nurse,nurse,auto,,
,executive director rn &#8211 hospice,1,EXECUTIVE DIRECTOR RN &#8211; HOSPICE,nurse,nurse,auto,,
,experience specialist receptionist - rn call center,1,Experience Specialist/Receptionist - RN Call Center,nurse,nurse,auto,,
,experienced registered nurse - neuroscience icu upmc shadyside nsicu,1,Experienced Registered Nurse - Neuroscience ICU (UPMC Shadyside NSICU),nurse,nurse,auto,,
,experienced registered nurse per diem,1,Experienced Registered Nurse Per Diem,nurse,nurse,auto,,
,f t registered nurse 1 - ummg community health,1,(F/T) Registered Nurse 1 - UMMG/Community Health,nurse,nurse,auto,,
,fertility rn nurse,1,Fertility (RN) Nurse,nurse,nurse,auto,,
,field care manager rn-ft intel hillsboro,1,"Field Care Manager RN-FT: Intel, Hillsboro",nurse,nurse,auto,,
,field nurse case manager,1,Field Nurse Case Manager,nurse,nurse,auto,,
,field registered nurse rn chha - adult care,1,Field Registered Nurse (RN) (CHHA) - Adult Care,nurse,nurse,auto,,
,first assistant registered nurse,1,First Assistant Registered Nurse,nurse,nurse,auto,,
,first choice registered nurse,1,First Choice Registered Nurse,nurse,nurse,auto,,
,firstchoice lpn,1,FirstChoice LPN,nurse,nurse,auto,,
,firstchoice rn-5,1,FirstChoice RN-5,nurse,nurse,auto,,
,firstchoice-registered nurse-13,1,FirstChoice-Registered Nurse-13,nurse,nurse,auto,,
,flight nurse - life star of kansas,1,Flight Nurse - Life Star of Kansas,nurse,nurse,auto,,
,flight nurse-southern california,1,Flight Nurse-Southern California,nurse,nurse,auto,,
,float pool rn,1,Float Pool RN,nurse,nurse,auto,,
,float rn,1,Float RN,nurse,nurse,auto,,
,float rn - intensive care unit telemetry,1,Float RN - Intensive Care Unit Telemetry,nurse,nurse,auto,,
,float rn - med surg,1,Float RN - Med/Surg,nurse,nurse,auto,,
,flu vaccinator nurse wellness worker - south central region,1,Flu Vaccinator/Nurse Wellness Worker - South Central Region,nurse,nurse,auto,,
,forensic nurse examiner rn - emergency department,1,Forensic Nurse Examiner (RN) - Emergency Department,nurse,nurse,auto,,
,ft - rn case manager fort worth area - elysian hospice dallas,1,FT - RN Case Manager (Fort Worth area) - Elysian Hospice Dallas,nurse,nurse,auto,,
,ft nys registered nurse rn - *up to $115 000 annually*,1,"FT NYS Registered Nurse (RN) - *Up to $115,000 annually*",nurse,nurse,auto,,
,ft rn days surgical unit 5m6n,1,"FT RN, DAYS, Surgical Unit 5M6N",nurse,nurse,auto,,
,full time dialysis rn pd hhd,1,Full Time Dialysis RN PD/HHD,nurse,nurse,auto,,
,full time icu rn,1,Full Time ICU RN,nurse,nurse,auto,,
,full time lpn- pediatrics,1,Full Time LPN- Pediatrics,nurse,nurse,auto,,
,full time registered nurse,1,Full Time Registered Nurse,nurse,nurse,auto,,
,full time registered nurse rn home health,1,"Full Time Registered Nurse, RN Home Health",nurse,nurse,auto,,
,full time rn,1,Full Time RN,nurse,nurse,auto,,
,full-time 40 hours virtual care center coordinator compact licensed rn,1,Full-Time (40 Hours) Virtual Care Center Coordinator (Compact Licensed RN),nurse,nurse,auto,,
,full-time charge nurse lvn or rn - long-term care,1,Full-Time Charge Nurse: LVN or RN - Long-Term Care,nurse,nurse,auto,,
,full-time ltc registered nurse rn,1,Full-time LTC Registered Nurse (RN),nurse,nurse,auto,,
,full-time registered nurse long-term care rn,1,Full-Time Registered Nurse: Long-Term Care (RN),nurse,nurse,auto,,
,full-time registered nurse rn outpatient - obgyn,1,Full-Time Registered Nurse (RN) Outpatient - OBGYN,nurse,nurse,auto,,
,full-time registered nurse rn outpatient lead - vascular surgery,1,Full-Time Registered Nurse (RN) Outpatient Lead - Vascular Surgery,nurse,nurse,auto,,
,full-time registered nurse rn pre-operative pacu or - eye surgery center of elizabethtown - no nights weekends or on-call shifts!,1,"Full-Time Registered Nurse (RN), Pre-Operative/PACU/OR - Eye Surgery Center of Elizabethtown - No Nights, Weekends, or On-Call Shifts!",nurse,nurse,auto,,
,fulltime rn - theracare home health houston,1,Fulltime RN - TheraCare Home Health Houston,nurse,nurse,auto,,
,g.i. lab - rn,1,G.I. Lab - RN,nurse,nurse,auto,,
,general duty rn 2s nrsg,1,General Duty Rn 2S Nrsg,nurse,nurse,auto,,
,general surgery rn,1,General Surgery RN,nurse,nurse,auto,,
,general surgery supervisor rn,1,"General Surgery Supervisor, RN",nurse,nurse,auto,,
,geriatrics rn care mgr mhcp,1,Geriatrics RN Care Mgr MHCP,nurse,nurse,auto,,
,gi endo registered nurse,1,GI/Endo Registered Nurse,nurse,nurse,auto,,
,girmc staff rn-womens and children,1,GIRMC Staff RN-Womens and Children,nurse,nurse,auto,,
,gordon ph rn 1 or 2,1,Gordon PH RN 1 or 2,nurse,nurse,auto,,
,graduate nurse,1,Graduate Nurse,nurse,nurse,auto,,
,graduate nurse - day shift - 4 main,1,Graduate Nurse - DAY SHIFT - 4 Main,nurse,nurse,auto,,
,graduate nurse - med tele *sign-on bonus eligible!!*,1,Graduate Nurse - Med / Tele *Sign-On Bonus Eligible!!*,nurse,nurse,auto,,
,graduate nurse - progressive care - night,1,Graduate Nurse - Progressive Care - Night,nurse,nurse,auto,,
,graduate nurse residency program,1,Graduate Nurse Residency Program,nurse,nurse,auto,,
,graduate nurse rotational program upmc mercy - trauma burn track spring 2024 graduates,1,Graduate Nurse Rotational Program: UPMC Mercy – Trauma/Burn Track (Spring 2024 Graduates),nurse,nurse,auto,,
,head nurse,1,Head Nurse,nurse,nurse,auto,,
,head nurse - medicine surgery,1,Head Nurse - Medicine/Surgery,nurse,nurse,auto,,
,head nurse office on-site #240404-4356hj-001,1,Head Nurse Office/On-site #240404-4356HJ-001,nurse,nurse,auto,,
,health center manager registered nurse rn -ft rtx cedar rapids ia,1,"Health Center Manager Registered Nurse (RN)-FT: RTX, Cedar Rapids, IA",nurse,nurse,auto,,
,health center manager rn-ft toyota greensboro nc,1,"Health Center Manager RN-FT: Toyota, Greensboro, NC",nurse,nurse,auto,,
,healthcare- licensed vocational nurse,1,Healthcare- Licensed Vocational Nurse,nurse,nurse,auto,,
,hemodialysis registered nurse -prn,1,Hemodialysis Registered Nurse -PRN,nurse,nurse,auto,,
,hemodialysis registered nurse rn,1,Hemodialysis Registered Nurse (RN),nurse,nurse,auto,,
,henderson co registered nurse rn - part time home health,1,"Henderson, CO Registered Nurse (RN) - Part Time Home Health",nurse,nurse,auto,,
,high paying travel psych rn and lpns $$,1,High Paying Travel Psych RN and LPNs $$,nurse,nurse,auto,,
,high risk cardiology student nurse tech- pt,1,High Risk Cardiology Student Nurse Tech- PT,nurse,nurse,auto,,
,home care - nurse residency program,1,Home Care - Nurse Residency Program,nurse,nurse,auto,,
,home care - rn case manager,1,Home Care - RN Case Manager,nurse,nurse,auto,,
,home care nurse,1,HOME CARE NURSE,nurse,nurse,auto,,
,home care nurse lpn rn,1,Home Care Nurse (LPN/RN),nurse,nurse,auto,,
,home care rn - schenectady county,1,Home Care RN - Schenectady County,nurse,nurse,auto,,
,home health nurse lpn,1,Home Health Nurse (LPN),nurse,nurse,auto,,
,home health registered nurse clinical manager,1,Home Health Registered Nurse Clinical Manager,nurse,nurse,auto,,
,home health registered nurse rn,1,"Home Health Registered Nurse, RN",nurse,nurse,auto,,
,home health registered nurse rn - part time nights,1,Home Health Registered Nurse (RN) - Part Time Nights,nurse,nurse,auto,,
,home health registered nurse rn - weekends,1,"Home Health Registered Nurse, RN - Weekends",nurse,nurse,auto,,
,home health rn case manager-dayton tx,1,"Home Health RN Case Manager-Dayton, Tx",nurse,nurse,auto,,
,home health visits registered nurse,1,Home Health Visits Registered Nurse,nurse,nurse,auto,,
,home training registered nurse nonexempt,1,Home Training Registered Nurse NONEXEMPT,nurse,nurse,auto,,
,hospice admissions registered nurse,1,Hospice Admissions Registered Nurse,nurse,nurse,auto,,
,hospice branch director rn,1,Hospice Branch Director RN,nurse,nurse,auto,,
,hospice clinical liaison rn,1,Hospice Clinical Liaison (RN),nurse,nurse,auto,,
,hospice licensed practical nurse,1,Hospice Licensed Practical Nurse,nurse,nurse,auto,,
,hospice licensed vocational nurse lvn,1,Hospice Licensed Vocational Nurse / LVN,nurse,nurse,auto,,
,hospice nurse - per diem,1,Hospice Nurse - Per Diem,nurse,nurse,auto,,
,hospice nurse - rn,1,Hospice Nurse - RN,nurse,nurse,auto,,
,hospice nurse case manager &#8211 full time,1,Hospice Nurse Case Manager &#8211; Full time,nurse,nurse,auto,,
,hospice nurse case manager rn - full time,1,"Hospice Nurse Case Manager, RN - FULL TIME",nurse,nurse,auto,,
,hospice on-call registered nurse,1,Hospice On-Call Registered Nurse,nurse,nurse,auto,,
,hospice registered nurse rn case manager,1,Hospice Registered Nurse (RN) Case Manager,nurse,nurse,auto,,
,hospice rn - on-call - full time weekends,1,Hospice RN - On-Call - Full Time Weekends,nurse,nurse,auto,,
,hospice rn clinical branch director,1,Hospice RN Clinical Branch Director,nurse,nurse,auto,,
,hospice rn registered nurse,1,Hospice RN / Registered Nurse,nurse,nurse,auto,,
,hourly ph registered nurse,1,Hourly PH Registered Nurse,nurse,nurse,auto,,
,house supervisor rn - nursing administration,1,House Supervisor (RN) - Nursing Administration,nurse,nurse,auto,,
,hub licensed practical nurse lpn - nc raleigh,1,Hub Licensed Practical Nurse (LPN) - NC (Raleigh),nurse,nurse,auto,,
,hybrid eacute virtual care nurse - 800 neuro ortho on-site - $20k sign-on bonus,1,Hybrid eAcute Virtual Care Nurse - 800 Neuro Ortho (On-site) - $20k Sign-on Bonus,nurse,nurse,auto,,
,icensed practical nurse lpn,1,icensed practical nurse (LPN),nurse,nurse,auto,,
,icu ccu registered nurse,1,ICU/CCU Registered Nurse,nurse,nurse,auto,,
,icu registered nurse rn ft tulsa ltach,1,ICU Registered Nurse (RN) FT | Tulsa LTACH,nurse,nurse,auto,,
,icu rn needed! concord nh,1,"ICU RN Needed! (Concord, NH)",nurse,nurse,auto,,
,in house agency rn - med surg telemetry - hancock,1,In House Agency RN - Med Surg/Telemetry - Hancock,nurse,nurse,auto,,
,infant licensed practical nurse lpn for nights,1,Infant Licensed Practical Nurse (LPN) for Nights,nurse,nurse,auto,,
,infection control nurse,1,Infection Control Nurse,nurse,nurse,auto,,
,infection control registered nurse,1,Infection Control Registered Nurse,nurse,nurse,auto,,
,infection prevention nurse,1,Infection Prevention Nurse,nurse,nurse,auto,,
,infection preventionist rn,1,Infection Preventionist RN,nurse,nurse,auto,,
,infection preventist nurse,1,INFECTION PREVENTIST NURSE,nurse,nurse,auto,,
,infusion nurse,1,Infusion Nurse,nurse,nurse,auto,,
,infusion nurse supervisor,1,Infusion Nurse Supervisor,nurse,nurse,auto,,
,infusion registered nurse,1,Infusion Registered Nurse,nurse,nurse,auto,,
,infusion rn,1,Infusion RN,nurse,nurse,auto,,
,infusion rn - hematology oncology portland,1,Infusion RN - Hematology Oncology Portland,nurse,nurse,auto,,
,inpatient care navigator registered nurse rn or social worker variable part time day shift care navigation behavioral health,1,"Inpatient Care Navigator Registered Nurse (RN) or Social Worker, Variable Part Time Day Shift, Care Navigation Behavioral Health",nurse,nurse,auto,,
,inpatient nurse i,1,Inpatient Nurse I,nurse,nurse,auto,,
,inpatient ped neurology nurse coord ukhc,1,Inpatient Ped Neurology Nurse Coord/UKHC,nurse,nurse,auto,,
,inpatient radiology resource nurse prn rocu,1,Inpatient Radiology Resource Nurse PRN ROCU,nurse,nurse,auto,,
,inpatient registered nurse - or full-time,1,Inpatient Registered Nurse - OR Full-Time,nurse,nurse,auto,,
,inpatient rn care manager,1,Inpatient RN Care Manager,nurse,nurse,auto,,
,institute registered nurse program manager oncology,1,Institute Registered Nurse Program Manager (Oncology),nurse,nurse,auto,,
,intensive care clinical nurse specialist,1,Intensive Care Clinical Nurse Specialist,nurse,nurse,auto,,
,intensive care unit icu rn - 10k sign on bonus,1,Intensive care unit (ICU) RN - 10K Sign on bonus,nurse,nurse,auto,,
,intensive care unit icu rn - indianapolis - $42 - $57 hr,1,Intensive Care Unit (ICU) RN - Indianapolis - $42 - $57/hr,nurse,nurse,auto,,
,intensive care unit nurse rn - icu,1,Intensive Care Unit Nurse RN - ICU,nurse,nurse,auto,,
,intensive care unit-registered nurse-ft 0.9 fte -nights,1,Intensive Care Unit-Registered Nurse-FT (0.9 FTE)-Nights,nurse,nurse,auto,,
,interim - clinical nurse specialist - perioperative services - 821558,1,Interim - Clinical Nurse Specialist - Perioperative Services - 821558,nurse,nurse,auto,,
,interim director of nursing rn *up to $2 800 per week*,1,"Interim Director of Nursing (RN) *Up to $2,800 per week*",nurse,nurse,auto,,
,interventional radiology registered nurse,1,Interventional Radiology Registered Nurse,nurse,nurse,auto,,
,jmc registered nurse emergency services- prn,1,JMC Registered Nurse Emergency Services- PRN,nurse,nurse,auto,,
,kidney pancreas transplant coordinator rn,1,Kidney Pancreas Transplant Coordinator RN,nurse,nurse,auto,,
,kingsland home health nurse - prn,1,Kingsland Home Health Nurse - PRN,nurse,nurse,auto,,
,labor & delivery registered nurse,1,Labor & Delivery Registered Nurse,nurse,nurse,auto,,
,labor and delivery - rn,1,Labor and Delivery - RN,nurse,nurse,auto,,
,labor and delivery registered nurse - 10k sign on bonus,1,Labor and Delivery Registered Nurse - 10K Sign on bonus,nurse,nurse,auto,,
,labor and delivery rn - travel,1,Labor and Delivery RN - Travel,nurse,nurse,auto,,
,lead clinician rn lpn,1,Lead Clinician RN/LPN,nurse,nurse,auto,,
,lead infusion specialist - registered nurse for iv infusion clinic,1,Lead Infusion Specialist - Registered Nurse for IV Infusion Clinic,nurse,nurse,auto,,
,lead occupational health nurse,1,Lead Occupational Health Nurse,nurse,nurse,auto,,
,lead rn - woodwinds clinic,1,Lead RN - Woodwinds Clinic,nurse,nurse,auto,,
,lead rn- 9 trauma medical surgical,1,Lead RN- 9 trauma Medical Surgical,nurse,nurse,auto,,
,legal nurse consultant,1,Legal Nurse Consultant,nurse,nurse,auto,,
,level i registered nurse rn - med surg - $32-52 per hour - r107700,1,Level I Registered Nurse (RN) - Med Surg - $32-52 per hour - R107700,nurse,nurse,auto,,
,level ii registered nurse rn - med surg - $32-52 per hour - r102966,1,Level II Registered Nurse (RN) - Med Surg - $32-52 per hour - R102966,nurse,nurse,auto,,
,level iii staff rn - clinic - oncology - per diem,1,Level III Staff RN - Clinic - ONCOLOGY - PER DIEM,nurse,nurse,auto,,
,liaison non nurse,1,Liaison (Non Nurse),nurse,nurse,auto,,
,license practical nurse - healient clinic,1,License Practical Nurse - Healient Clinic,nurse,nurse,auto,,
,license practical nurse prn days,1,"License Practical Nurse, PRN Days",nurse,nurse,auto,,
,licensed practical nurse $32 hour,1,Licensed Practical Nurse $32/hour,nurse,nurse,auto,,
,licensed practical nurse - 20082921,1,Licensed Practical Nurse - 20082921,nurse,nurse,auto,,
,licensed practical nurse - acute adult inpatient unit 2-5,1,Licensed Practical Nurse - Acute Adult Inpatient Unit 2-5,nurse,nurse,auto,,
,licensed practical nurse - acute care - full time flex shift,1,"Licensed Practical Nurse - Acute Care - Full Time, Flex Shift",nurse,nurse,auto,,
,licensed practical nurse - assisted living facility,1,Licensed Practical Nurse - Assisted Living Facility,nurse,nurse,auto,,
,licensed practical nurse - device clinic,1,Licensed Practical Nurse - Device Clinic,nurse,nurse,auto,,
,licensed practical nurse - evenings nights *12hr shifts*,1,Licensed Practical Nurse - Evenings/Nights *12hr shifts*,nurse,nurse,auto,,
,licensed practical nurse - ft days pittsburgh ltach,1,Licensed Practical Nurse - FT Days | Pittsburgh LTACH,nurse,nurse,auto,,
,licensed practical nurse - ft nights dayton ltach,1,Licensed Practical Nurse - FT Nights | Dayton LTACH,nurse,nurse,auto,,
,licensed practical nurse - full-time 2nd shift,1,Licensed Practical Nurse - Full-Time 2nd Shift,nurse,nurse,auto,,
,licensed practical nurse - full-time part-time casual 2nd shift,1,Licensed Practical Nurse - Full-Time/Part-Time/Casual 2nd Shift,nurse,nurse,auto,,
,licensed practical nurse - home care,1,Licensed Practical Nurse - Home Care,nurse,nurse,auto,,
,licensed practical nurse - inpatient oncology unit,1,Licensed Practical Nurse - Inpatient Oncology Unit,nurse,nurse,auto,,
,licensed practical nurse - local contract temp to perm - ltc snf,1,"Licensed Practical Nurse - Local Contract, Temp To Perm - LTC/SNF",nurse,nurse,auto,,
,licensed practical nurse - long-term care,1,Licensed Practical Nurse - Long-Term Care,nurse,nurse,auto,,
,licensed practical nurse - lpn,1,Licensed Practical Nurse - LPN,nurse,nurse,auto,,
,licensed practical nurse - lpn - nights,1,Licensed Practical Nurse - LPN - Nights,nurse,nurse,auto,,
,licensed practical nurse - med surg ortho neuro ft,1,"Licensed Practical Nurse - Med/Surg Ortho/Neuro, FT",nurse,nurse,auto,,
,licensed practical nurse - multispecialty,1,Licensed Practical Nurse - Multispecialty,nurse,nurse,auto,,
,licensed practical nurse - new grads,1,Licensed Practical Nurse - New Grads,nurse,nurse,auto,,
,licensed practical nurse - nrc,1,Licensed Practical Nurse - NRC,nurse,nurse,auto,,
,licensed practical nurse - ob gyn,1,Licensed Practical Nurse - OB/GYN,nurse,nurse,auto,,
,licensed practical nurse - per diem - float,1,Licensed Practical Nurse - Per Diem - Float,nurse,nurse,auto,,
,licensed practical nurse - primary care pact - up to 10k sign on bonus,1,Licensed Practical Nurse - Primary Care PACT - UP TO 10k SIGN ON BONUS,nurse,nurse,auto,,
,licensed practical nurse - prn days dayton ltach,1,Licensed Practical Nurse - PRN Days| Dayton LTACH,nurse,nurse,auto,,
,licensed practical nurse - pt - alp,1,Licensed Practical Nurse - PT - ALP,nurse,nurse,auto,,
,licensed practical nurse - southbay @ mt. pleasant,1,LICENSED PRACTICAL NURSE - SOUTHBAY @ MT. PLEASANT,nurse,nurse,auto,,
,licensed practical nurse - vanderbilt orthopaedic clinic $10 000 sign-on bonus,1,"Licensed Practical Nurse - Vanderbilt Orthopaedic Clinic ($10,000 Sign-On Bonus)",nurse,nurse,auto,,
,licensed practical nurse - warren hills rehabilitation & nursing center,1,LICENSED PRACTICAL NURSE - WARREN HILLS REHABILITATION & NURSING CENTER,nurse,nurse,auto,,
,licensed practical nurse .4,1,Licensed Practical Nurse .4,nurse,nurse,auto,,
,licensed practical nurse 20021936,1,Licensed Practical Nurse 20021936,nurse,nurse,auto,,
,licensed practical nurse 201102 lvn,1,Licensed Practical Nurse (201102)/ LVN,nurse,nurse,auto,,
,licensed practical nurse certified medical assistant,1,Licensed Practical Nurse/Certified Medical Assistant,nurse,nurse,auto,,
,licensed practical nurse daily pay,1,Licensed Practical Nurse (Daily Pay),nurse,nurse,auto,,
,licensed practical nurse dermatology,1,"Licensed Practical Nurse, Dermatology",nurse,nurse,auto,,
,licensed practical nurse home health full time,1,"Licensed Practical Nurse, Home Health Full Time",nurse,nurse,auto,,
,licensed practical nurse i days full-time $30.20 - $36.35 hour,1,Licensed Practical Nurse I DAYS FULL-TIME $30.20 - $36.35 / hour,nurse,nurse,auto,,
,licensed practical nurse lead,1,Licensed Practical Nurse Lead,nurse,nurse,auto,,
,licensed practical nurse lpn - baylor shift agency free facility,1,Licensed Practical Nurse (LPN) - Baylor Shift Agency Free Facility,nurse,nurse,auto,,
,licensed practical nurse lpn - emergency room,1,Licensed Practical Nurse LPN - Emergency Room,nurse,nurse,auto,,
,licensed practical nurse lpn - enhanced wages & sign on bonuses,1,Licensed Practical Nurse (LPN) - ENHANCED WAGES & SIGN ON BONUSES,nurse,nurse,auto,,
,licensed practical nurse lpn - evening shift,1,Licensed Practical Nurse (LPN) - Evening Shift,nurse,nurse,auto,,
,licensed practical nurse lpn - full time,1,Licensed Practical Nurse (LPN) - Full Time,nurse,nurse,auto,,
,licensed practical nurse lpn - northeast georgia physicians group ngpg - resource pool - part time days,1,Licensed Practical Nurse LPN - Northeast Georgia Physicians Group NGPG - Resource Pool - Part time Days,nurse,nurse,auto,,
,licensed practical nurse lpn - senior living visits,1,Licensed Practical Nurse (LPN) - Senior Living Visits,nurse,nurse,auto,,
,licensed practical nurse lpn - weekend warrior ecu,1,Licensed Practical Nurse (LPN) - Weekend Warrior ECU,nurse,nurse,auto,,
,licensed practical nurse lpn - west adult care unit,1,Licensed Practical Nurse (LPN)- West Adult Care Unit,nurse,nurse,auto,,
,licensed practical nurse lpn -strabane woods of washington - washington pa part-time,1,"Licensed Practical Nurse (LPN) -Strabane Woods of Washington - Washington, PA (Part-Time)",nurse,nurse,auto,,
,licensed practical nurse lpn home health,1,Licensed Practical Nurse LPN Home Health,nurse,nurse,auto,,
,licensed practical nurse lpn home health part time,1,Licensed Practical Nurse LPN Home Health Part Time,nurse,nurse,auto,,
,licensed practical nurse lpn nights - 13 week assignment $50 hr. greeley rehab,1,Licensed Practical Nurse (LPN) Nights - 13 Week Assignment $50/hr. | Greeley Rehab,nurse,nurse,auto,,
,licensed practical nurse lpn or lvn,1,"Licensed Practical Nurse, LPN or LVN",nurse,nurse,auto,,
,licensed practical nurse lpn school aide,1,Licensed Practical Nurse (LPN)/ School Aide,nurse,nurse,auto,,
,licensed practical nurse lpn unit manager,1,Licensed Practical Nurse (LPN) Unit Manager,nurse,nurse,auto,,
,licensed practical nurse lpn--overnights,1,"Licensed Practical Nurse, LPN--Overnights",nurse,nurse,auto,,
,licensed practical nurse lpns or lvns ft pt prn and temporary contract,1,"Licensed Practical Nurse (LPNs or LVNs) (FT, PT, PRN, and Temporary Contract)",nurse,nurse,auto,,
,licensed practical nurse medical assistant orthopedics,1,"Licensed Practical Nurse / Medical Assistant, Orthopedics",nurse,nurse,auto,,
,licensed practical nurse medical specialties,1,"Licensed Practical Nurse, Medical Specialties",nurse,nurse,auto,,
,licensed practical nurse non-exempt 32003n,1,Licensed Practical Nurse (Non-Exempt) (32003N),nurse,nurse,auto,,
,licensed practical nurse part-time days $30.20 - $36.35 hour,1,Licensed Practical Nurse PART-TIME DAYS $30.20 - $36.35 / hour,nurse,nurse,auto,,
,licensed practical nurse prn - days,1,"Licensed Practical Nurse, PRN - Days",nurse,nurse,auto,,
,licensed practical nurse prn mcleod urology carolina forest,1,"Licensed Practical Nurse, PRN McLeod Urology Carolina Forest",nurse,nurse,auto,,
,licensed practical nurse registered nurse,1,Licensed Practical Nurse/Registered Nurse,nurse,nurse,auto,,
,licensed practical nurse residential addiction services,1,Licensed Practical Nurse / Residential Addiction Services,nurse,nurse,auto,,
,licensed practical nurse specialty lpn myrtle beach,1,Licensed Practical Nurse (Specialty LPN) Myrtle Beach,nurse,nurse,auto,,
,licensed practical nurse women's health,1,"Licensed Practical Nurse, Women's Health",nurse,nurse,auto,,
,licensed practical nurse- home health visits,1,Licensed Practical Nurse- Home Health Visits,nurse,nurse,auto,,
,licensed practical nurse- lpn,1,Licensed Practical Nurse- (LPN),nurse,nurse,auto,,
,licensed practical nurse-acute phys rehab-full time,1,Licensed Practical Nurse-Acute Phys Rehab-Full Time,nurse,nurse,auto,,
,licensed practical nurse-full time transition of care,1,"Licensed Practical Nurse-Full Time, Transition of Care",nurse,nurse,auto,,
,licensed practical nurse-west mifflin dravosburg and surrounding areas,1,"Licensed Practical Nurse-West Mifflin, Dravosburg and Surrounding areas",nurse,nurse,auto,,
,licensed vocational nurse - behavioral health,1,Licensed Vocational Nurse - Behavioral Health,nurse,nurse,auto,,
,licensed vocational nurse - emergency room - full-time 12 hour days,1,Licensed Vocational Nurse - Emergency Room - Full-Time 12 Hour Days,nurse,nurse,auto,,
,licensed vocational nurse - emergency services,1,Licensed Vocational Nurse - Emergency Services,nurse,nurse,auto,,
,licensed vocational nurse - med surg,1,Licensed Vocational Nurse - Med/Surg,nurse,nurse,auto,,
,licensed vocational nurse - med surg acute,1,Licensed Vocational Nurse - Med/Surg Acute,nurse,nurse,auto,,
,licensed vocational nurse - outpatient clinic,1,Licensed Vocational Nurse - Outpatient Clinic,nurse,nurse,auto,,
,licensed vocational nurse acute medsurgical a - full time night shift,1,"Licensed Vocational Nurse, Acute MedSurgical A - Full time Night Shift",nurse,nurse,auto,,
,licensed vocational nurse home health prn,1,Licensed Vocational Nurse Home Health PRN,nurse,nurse,auto,,
,licensed vocational nurse ii admissions,1,"Licensed Vocational Nurse II, Admissions",nurse,nurse,auto,,
,licensed vocational nurse ii. medical care unit,1,Licensed Vocational Nurse II. Medical Care Unit,nurse,nurse,auto,,
,licensed vocational nurse lvn - adult care - full time days,1,"Licensed Vocational Nurse/LVN – Adult Care - Full Time, Days",nurse,nurse,auto,,
,licensed vocational nurse lvn - home health - prn,1,Licensed Vocational Nurse (LVN) - Home Health - PRN,nurse,nurse,auto,,
,licensed vocational nurse lvn - med surg - per diem 11am - 5pm,1,"Licensed Vocational Nurse, LVN - Med/Surg - Per Diem (11am - 5pm)",nurse,nurse,auto,,
,licensed vocational nurse lvn - medical surgical acute,1,"Licensed Vocational Nurse, LVN - Medical Surgical Acute",nurse,nurse,auto,,
,licensed vocational nurse lvn - per diem,1,Licensed Vocational Nurse LVN - Per Diem,nurse,nurse,auto,,
,licensed vocational nurse lvn - telemetry iv cert req,1,"Licensed Vocational Nurse, LVN - Telemetry (IV Cert Req)",nurse,nurse,auto,,
,licensed vocational nurse lvn -- memory support,1,Licensed Vocational Nurse (LVN) -- Memory Support,nurse,nurse,auto,,
,licensed vocational nurse lvn bu med surg - full time - nights,1,Licensed Vocational Nurse (LVN) BU Med Surg – Full Time – Nights,nurse,nurse,auto,,
,licensed vocational nurse lvn i ii iii - cardiology,1,Licensed Vocational Nurse (LVN) I/II/III – Cardiology,nurse,nurse,auto,,
,licensed vocational nurse lvn i ii iii - endocrinology,1,Licensed Vocational Nurse (LVN) I/II/III – Endocrinology,nurse,nurse,auto,,
,licensed vocational nurse lvn i ii iii - ent,1,Licensed Vocational Nurse (LVN) I/II/III – ENT,nurse,nurse,auto,,
,licensed vocational nurse lvn i ii iii - pediatrics,1,Licensed Vocational Nurse (LVN) I/II/III – Pediatrics,nurse,nurse,auto,,
,licensed vocational nurse lvn lpn - prn beaumont rehab,1,Licensed Vocational Nurse (LVN/LPN) - PRN | Beaumont Rehab,nurse,nurse,auto,,
,licensed vocational nurse lvn lpt,1,Licensed Vocational Nurse LVN / LPT,nurse,nurse,auto,,
,licensed vocational nurse lvn prn,1,Licensed Vocational Nurse LVN PRN,nurse,nurse,auto,,
,licensed vocational nurse lvn weekend,1,Licensed Vocational Nurse (LVN) Weekend,nurse,nurse,auto,,
,licensed vocational nurse lvn wound care - prn luling ltach rehab,1,Licensed Vocational Nurse (LVN) Wound Care - PRN | Luling LTACH/Rehab,nurse,nurse,auto,,
,licensed vocational nurse orthopedics,1,Licensed Vocational Nurse Orthopedics,nurse,nurse,auto,,
,licensed vocational nurse-inpatient case manager,1,Licensed Vocational Nurse-Inpatient Case Manager,nurse,nurse,auto,,
,limited casual professional staff nurse,1,Limited Casual Professional Staff Nurse,nurse,nurse,auto,,
,lincoln financial field event rn crowdrx,1,Lincoln Financial Field Event RN CrowdRx,nurse,nurse,auto,,
,liscensed practical nurse,1,Liscensed Practical Nurse,nurse,nurse,auto,,
,live in lpn,1,Live In LPN,nurse,nurse,auto,,
,local contract nurse rn - labor and delivery - $54-56 per hour,1,Local Contract Nurse RN - Labor and Delivery - $54-56 per hour,nurse,nurse,auto,,
,locum certified registered nurse anesthetist crna job in greensboro nc - make $195 hr - $205 hr,1,"Locum Certified Registered Nurse Anesthetist (CRNA) job in Greensboro, NC - Make $195/hr - $205/hr",nurse,nurse,auto,,
,long term acute care registered nurse,1,Long Term Acute Care Registered Nurse,nurse,nurse,auto,,
,long term care director of nursing rn *up to $100 000 annually*,1,"Long Term Care Director of Nursing (RN) *Up to $100,000 annually*",nurse,nurse,auto,,
,long term care lpn $35 hour,1,Long Term Care LPN $35/Hour,nurse,nurse,auto,,
,lpn - 12 hr - gch med surg 5,1,LPN - 12 Hr - GCH Med Surg 5,nurse,nurse,auto,,
,lpn - 12 hr - union - smnj psych acute adult,1,LPN - 12 Hr - Union - SMNJ Psych Acute Adult,nurse,nurse,auto,,
,lpn - 12 hr. shifts!,1,LPN - 12 Hr. Shifts!,nurse,nurse,auto,,
,lpn - bethlehem pa full time part-time,1,"LPN - Bethlehem, PA (Full Time/Part-Time)",nurse,nurse,auto,,
,lpn - cardiology - dr mack,1,LPN - Cardiology - Dr Mack,nurse,nurse,auto,,
,lpn - continuous care - good shepherd hospice,1,LPN - Continuous Care - Good Shepherd Hospice,nurse,nurse,auto,,
,lpn - emergency services,1,LPN - Emergency Services,nurse,nurse,auto,,
,lpn - family practice clinic- hammond,1,LPN - Family Practice Clinic- Hammond,nurse,nurse,auto,,
,lpn - float pool,1,LPN - Float Pool,nurse,nurse,auto,,
,lpn - float pool - full time - nights,1,LPN - Float Pool - Full Time - Nights,nurse,nurse,auto,,
,lpn - float pool - part time - days,1,LPN - Float Pool - Part Time - Days,nurse,nurse,auto,,
,lpn - float pool - part time - weekend - nights,1,LPN - Float Pool - Part Time - Weekend - Nights,nurse,nurse,auto,,
,lpn - float team,1,LPN - Float Team,nurse,nurse,auto,,
,lpn - home care- school case,1,LPN - Home Care- School Case,nurse,nurse,auto,,
,lpn - licensed practical nurse - floyd county ci prison,1,LPN - Licensed Practical Nurse - Floyd County CI/Prison,nurse,nurse,auto,,
,lpn - licensed practical nurse - off campus emergency department - federal way,1,LPN - Licensed Practical Nurse - Off Campus Emergency Department - Federal Way,nurse,nurse,auto,,
,lpn - licensed practical nurse - part time various shifts available,1,LPN - Licensed Practical Nurse - Part Time Various Shifts Available,nurse,nurse,auto,,
,lpn - licensed practical nurse - south carolina float nurse,1,LPN - Licensed Practical Nurse - South Carolina Float Nurse,nurse,nurse,auto,,
,lpn - long term care - weekly pay!,1,LPN - Long Term Care - weekly Pay!,nurse,nurse,auto,,
,lpn - med surg,1,LPN - Med/Surg,nurse,nurse,auto,,
,lpn - nielsen place - full time days,1,LPN - Nielsen Place - Full Time Days,nurse,nurse,auto,,
,lpn - night shift,1,LPN - Night Shift,nurse,nurse,auto,,
,lpn - orthopedic surgery,1,LPN - Orthopedic Surgery,nurse,nurse,auto,,
,lpn - podiatry clinic - ft westbank,1,LPN - Podiatry Clinic - FT Westbank,nurse,nurse,auto,,
,lpn - primary care clinic - belle chase - ft,1,LPN - Primary Care Clinic - Belle Chase - FT,nurse,nurse,auto,,
,lpn - pulmonary clinic,1,LPN - Pulmonary Clinic,nurse,nurse,auto,,
,lpn - renal oncology ft shift tbd,1,"LPN - Renal / Oncology, FT/ Shift TBD",nurse,nurse,auto,,
,lpn - school nursing,1,LPN - School Nursing,nurse,nurse,auto,,
,lpn - skilled nursing facility - 42.00 hourly all shifts!,1,LPN - Skilled Nursing Facility - 42.00 Hourly ALL SHIFTS!,nurse,nurse,auto,,
,lpn - surgical - part time - weekend - nights,1,LPN - Surgical - Part Time - Weekend - Nights,nurse,nurse,auto,,
,lpn - transitional long term care,1,LPN - Transitional/Long Term Care,nurse,nurse,auto,,
,lpn - urology - moline,1,LPN - Urology - Moline,nurse,nurse,auto,,
,lpn - variable shift,1,LPN - Variable Shift,nurse,nurse,auto,,
,lpn -12-hr day shift,1,"LPN -12-Hr, Day Shift",nurse,nurse,auto,,
,lpn acute care - complex discharge unit,1,LPN Acute Care - Complex Discharge Unit,nurse,nurse,auto,,
,lpn acute care-lgh 2a orthopedics-prn variable hours,1,LPN ACUTE CARE-LGH 2A Orthopedics-PRN/Variable Hours,nurse,nurse,auto,,
,lpn bethany,1,LPN Bethany,nurse,nurse,auto,,
,lpn charge qualified - long term care,1,LPN (Charge Qualified) - Long Term Care,nurse,nurse,auto,,
,lpn clinic,1,LPN clinic,nurse,nurse,auto,,
,lpn clinic u,1,LPN Clinic U,nurse,nurse,auto,,
,lpn dispensing nurse - corrections,1,LPN Dispensing Nurse - Corrections,nurse,nurse,auto,,
,lpn dispensing nurse - sign on bonus!,1,LPN Dispensing Nurse - Sign on Bonus!,nurse,nurse,auto,,
,lpn family practice full time midland park,1,"LPN, Family Practice, Full Time, Midland Park",nurse,nurse,auto,,
,lpn for 1 1 school days,1,LPN for 1:1 School Days,nurse,nurse,auto,,
,lpn for trach and vent,1,LPN for Trach and Vent,nurse,nurse,auto,,
,lpn hbo tech,1,LPN/HBO Tech,nurse,nurse,auto,,
,lpn home health,1,LPN Home Health,nurse,nurse,auto,,
,lpn hospice,1,LPN Hospice,nurse,nurse,auto,,
,lpn hospital ukhc,1,LPN/Hospital/UKHC,nurse,nurse,auto,,
,lpn icu nights,1,LPN ICU (Nights),nurse,nurse,auto,,
,lpn inpatient rehab,1,LPN Inpatient Rehab,nurse,nurse,auto,,
,lpn licensed practical nurse $7 500 sign-on bonus pay based on experience,1,"LPN Licensed Practical Nurse $7,500 Sign-on Bonus, Pay based on experience",nurse,nurse,auto,,
,lpn licensed practical nurse - $5 000 sign-on bonus,1,"LPN Licensed Practical Nurse - $5,000 Sign-On Bonus",nurse,nurse,auto,,
,lpn licensed practical nurse - medical surgical general surgery - $7 500 sign-on bonus,1,"LPN, Licensed Practical Nurse - Medical/Surgical (General Surgery) - $7,500 Sign-On Bonus",nurse,nurse,auto,,
,lpn licensed practical nurse 30-hour iv certification required,1,LPN Licensed Practical Nurse (30-hour IV Certification Required),nurse,nurse,auto,,
,lpn licensed practical nurse clinic - womens health wellness,1,LPN Licensed Practical Nurse Clinic - Womens Health Wellness,nurse,nurse,auto,,
,lpn licensed practical nurse clinic ii - versailles primary care,1,"LPN, Licensed Practical Nurse Clinic II - Versailles Primary Care",nurse,nurse,auto,,
,lpn licensed practical nurse full time pt and prn,1,"LPN Licensed Practical Nurse Full time, PT, and PRN",nurse,nurse,auto,,
,lpn licensed practical nurse home health,1,LPN / Licensed Practical Nurse Home Health,nurse,nurse,auto,,
,lpn licensed practical nurse weekend baylor,1,LPN Licensed Practical Nurse Weekend Baylor,nurse,nurse,auto,,
,lpn long term care - per diem,1,LPN Long Term Care - Per Diem,nurse,nurse,auto,,
,lpn long term care ltc,1,LPN Long Term Care (LTC),nurse,nurse,auto,,
,lpn lvn - building shared,1,LPN LVN - Building Shared,nurse,nurse,auto,,
,lpn lvn - home health,1,LPN LVN - Home Health,nurse,nurse,auto,,
,lpn lvn corrections,1,LPN/LVN Corrections,nurse,nurse,auto,,
,lpn lvn multiple shifts and fte,1,LPN LVN Multiple Shifts and FTE,nurse,nurse,auto,,
,lpn lvn psychiatric,1,LPN/LVN Psychiatric,nurse,nurse,auto,,
,lpn lvn school 1.1,1,LPN/LVN School 1.1,nurse,nurse,auto,,
,lpn lvn-escondido ca,1,"LPN/LVN-Escondido, CA",nurse,nurse,auto,,
,lpn ma emt specialty clinics,1,"LPN/MA/EMT, Specialty Clinics",nurse,nurse,auto,,
,lpn med surg,1,LPN Med Surg,nurse,nurse,auto,,
,lpn med surg nights $10k sign-on bonus bedford county hospital,1,LPN Med/Surg NIGHTS $10k sign-on bonus Bedford County Hospital,nurse,nurse,auto,,
,lpn med surg prn,1,LPN Med Surg PRN,nurse,nurse,auto,,
,lpn medical assistant emt,1,LPN/Medical Assistant/EMT,nurse,nurse,auto,,
,lpn medical assistant-primary care gravois,1,LPN/Medical Assistant-Primary Care: Gravois,nurse,nurse,auto,,
,lpn medical-nephrology,1,"LPN, Medical-Nephrology",nurse,nurse,auto,,
,lpn new brighton,1,LPN New Brighton,nurse,nurse,auto,,
,lpn new grad residency,1,"LPN New Grad, Residency",nurse,nurse,auto,,
,lpn nurse new graduate,1,"LPN Nurse, New Graduate",nurse,nurse,auto,,
,lpn oncology nights,1,LPN Oncology (Nights),nurse,nurse,auto,,
,lpn or certified medical assistant - mercy health family medicine practice - anderson hospital,1,LPN OR Certified Medical Assistant - Mercy Health Family Medicine Practice - Anderson Hospital,nurse,nurse,auto,,
,lpn or ma - fertility & reproductive medicine clinic - full time,1,LPN or MA - Fertility & Reproductive Medicine Clinic - Full Time,nurse,nurse,auto,,
,lpn or rn - express care - days,1,LPN or RN - Express Care - Days,nurse,nurse,auto,,
,lpn or rn - in home visits,1,LPN or RN - In Home Visits,nurse,nurse,auto,,
,lpn or rn hospice supportive care - night shift - sign on bonus,1,LPN or RN Hospice Supportive Care - Night Shift - Sign On Bonus,nurse,nurse,auto,,
,lpn per diem 80 hours a month private duty nursing,1,LPN | Per Diem 80 hours a month | Private Duty Nursing,nurse,nurse,auto,,
,lpn per diem on call - extended care,1,LPN (Per Diem/On Call) - Extended Care,nurse,nurse,auto,,
,lpn personal care unit agency free facility,1,LPN Personal Care Unit Agency Free Facility,nurse,nurse,auto,,
,lpn position - $40 per hour,1,LPN Position - $40 per hour,nurse,nurse,auto,,
,lpn private duty per diem 80 hours monthly - homehealth,1,LPN | Private Duty | Per Diem 80 hours monthly - HomeHealth,nurse,nurse,auto,,
,lpn prn,1,LPN PRN,nurse,nurse,auto,,
,lpn prn telehealth nursing northlake,1,"LPN, PRN, Telehealth Nursing, Northlake",nurse,nurse,auto,,
,lpn psych,1,LPN Psych,nurse,nurse,auto,,
,lpn radiation oncology,1,"LPN, Radiation Oncology",nurse,nurse,auto,,
,lpn rehab weekend package,1,"LPN, Rehab, Weekend Package",nurse,nurse,auto,,
,lpn rehabilitation,1,LPN Rehabilitation,nurse,nurse,auto,,
,lpn school nurse,1,LPN School Nurse,nurse,nurse,auto,,
,lpn staff nurse 7am-3pm shift,1,LPN Staff Nurse    7AM-3PM SHIFT,nurse,nurse,auto,,
,lpn stepdown,1,"LPN, Stepdown",nurse,nurse,auto,,
,lpn u,1,LPN U,nurse,nurse,auto,,
,lpn wellness nurse - part time 7am - 3pm eow,1,LPN Wellness Nurse - Part Time 7am - 3pm EOW,nurse,nurse,auto,,
,lpn wound care,1,LPN Wound Care,nurse,nurse,auto,,
,lpn wound care nurse,1,LPN Wound Care Nurse,nurse,nurse,auto,,
,lpn- behavioral health unit,1,LPN- Behavioral Health Unit,nurse,nurse,auto,,
,lpn- home care,1,LPN- Home Care,nurse,nurse,auto,,
,lpn- nurse in charge 3pm-11pm house supervisor,1,LPN- Nurse in Charge   3pm-11pm  House Supervisor,nurse,nurse,auto,,
,lpn- strabane woods of washington - washington pa full-time,1,"LPN- Strabane Woods of Washington - Washington, PA (Full-Time)",nurse,nurse,auto,,
,lpn-family,1,LPN-Family,nurse,nurse,auto,,
,lpn-licensed practical nurse,1,LPN-Licensed Practical Nurse,nurse,nurse,auto,,
,lpnt east travel rn m s tele 7p - 7a danville reg mc danville va,1,"LPNT East Travel: RN: M/S TELE (7P - 7A) Danville Reg MC Danville, VA",nurse,nurse,auto,,
,ltc licensed practical nurse - local contract travel **up to $1 600 wk** lpn,1,"LTC Licensed Practical Nurse - LOCAL CONTRACT/Travel **up to $1,600/wk** (LPN)",nurse,nurse,auto,,
,ltc lpn - $40 per hour - weekly pay!,1,LTC LPN - $40 per hour - Weekly Pay!,nurse,nurse,auto,,
,ltss service coordinator - rn clinician,1,LTSS Service Coordinator - RN Clinician,nurse,nurse,auto,,
,ltss service coordinator- rn clinician,1,LTSS Service Coordinator- RN Clinician,nurse,nurse,auto,,
,lvn licensed vocational nurse,1,"LVN, Licensed Vocational Nurse",nurse,nurse,auto,,
,lvn licensed vocational nurse - emergency department - full time,1,"LVN, Licensed Vocational Nurse - Emergency Department - Full Time",nurse,nurse,auto,,
,lvn licensed vocational nurse - heart and vascular clinic - hiring incentive!,1,"LVN, Licensed Vocational Nurse - Heart and Vascular Clinic - HIRING INCENTIVE!",nurse,nurse,auto,,
,lvn licensed vocational nurse clinic - gladewater family medicine - hiring incentive available,1,"LVN, Licensed Vocational Nurse Clinic - Gladewater Family Medicine - Hiring Incentive Available",nurse,nurse,auto,,
,lvn licensed vocational nurse clinic - specialty orthopedic surgery - full time,1,"LVN, Licensed Vocational Nurse Clinic - Specialty Orthopedic Surgery - Full Time",nurse,nurse,auto,,
,lvn licensed vocational nurse clinic ii - mineola float pool,1,"LVN, Licensed Vocational Nurse Clinic II - Mineola Float Pool",nurse,nurse,auto,,
,lvn licensed vocational nurse clinic ii - specialty pain management - full time,1,"LVN, Licensed Vocational Nurse Clinic II - Specialty Pain Management - Full Time",nurse,nurse,auto,,
,lvn licensed vocational nurse clinic ii- specialty obgyn clinic -hiring incentive available,1,"LVN, Licensed Vocational Nurse Clinic II- Specialty OBGYN Clinic -Hiring Incentive Available",nurse,nurse,auto,,
,lvn lpn medical services manager - 224159,1,LVN/LPN Medical Services Manager - 224159,nurse,nurse,auto,,
,lvn or rn charge nurse-full time -10p-6a $2000 incentive- renaissance care center,1,LVN or RN Charge Nurse-Full Time -10p-6a $2000 Incentive- Renaissance Care Center,nurse,nurse,auto,,
,lvn school nurse - lodi california,1,LVN School Nurse - Lodi California,nurse,nurse,auto,,
,ma lpn,1,MA/LPN,nurse,nurse,auto,,
,manager registered nurse rn - med surg - $84k-125k per year - 1161188,1,Manager Registered Nurse (RN) - Med Surg - $84K-125K per year - 1161188,nurse,nurse,auto,,
,manager registered nurse rn - med surg - $84k-125k per year - 1161192,1,Manager Registered Nurse (RN) - Med Surg - $84K-125K per year - 1161192,nurse,nurse,auto,,
,manager registered nurse rn - or - operating room - $84k-125k per year - 1161195,1,Manager Registered Nurse (RN) - OR - Operating Room - $84K-125K per year - 1161195,nurse,nurse,auto,,
,manager registered nurse rn - post partum - $46-77 per hour - 1161390,1,Manager Registered Nurse (RN) - Post Partum - $46-77 per hour - 1161390,nurse,nurse,auto,,
,manager registered nurse rn - telemetry pcu - progressive care unit - $84k-125k per year - 1161191,1,Manager Registered Nurse (RN) - Telemetry PCU - Progressive Care Unit - $84K-125K per year - 1161191,nurse,nurse,auto,,
,manager rn-outpatient infusion center,1,Manager RN-Outpatient Infusion Center,nurse,nurse,auto,,
,manhattan float nurse m04 - r010378,1,Manhattan Float Nurse M04 - R010378,nurse,nurse,auto,,
,maryville lpn iv certified clinic - primary care clinic east,1,Maryville LPN IV Certified Clinic - Primary Care Clinic East,nurse,nurse,auto,,
,massachusetts registered nurse full-time or part-time,1,Massachusetts Registered Nurse (Full-time or Part-time),nurse,nurse,auto,,
,mds nurse,1,MDS Nurse,nurse,nurse,auto,,
,mds nurse licensed practical nurse lpn rn or lpn,1,MDS Nurse (Licensed Practical Nurse/LPN) (RN or LPN),nurse,nurse,auto,,
,mds nurse rn,1,MDS Nurse (RN),nurse,nurse,auto,,
,med surg clinical nurse prn,1,Med Surg Clinical Nurse PRN,nurse,nurse,auto,,
,med surg registered nurse,1,Med Surg Registered Nurse,nurse,nurse,auto,,
,med tele registered nurse,1,Med/Tele Registered Nurse,nurse,nurse,auto,,
,med tele rn,1,Med/Tele RN,nurse,nurse,auto,,
,med-rn er,1,Med-RN ER,nurse,nurse,auto,,
,med-surg registered nurse,1,Med-Surg Registered Nurse,nurse,nurse,auto,,
,med-surg rehab registered nurse supervisor,1,Med-Surg/Rehab Registered Nurse Supervisor,nurse,nurse,auto,,
,med-surg rn openings - tewksbury ma,1,"Med-Surg RN Openings - Tewksbury, MA",nurse,nurse,auto,,
,medical assistant lpn,1,Medical Assistant/LPN,nurse,nurse,auto,,
,medical assistant lpn - women's health - 2591 miamisburg centerville rd. - ft days,1,Medical Assistant/LPN - Women's Health - 2591 Miamisburg Centerville Rd. - FT/Days,nurse,nurse,auto,,
,medical assistant lpn emt,1,Medical Assistant/LPN/EMT,nurse,nurse,auto,,
,medical assistant or lpn - primary care - 540 lincoln park blvd. - kettering - ft,1,Medical Assistant or LPN - Primary Care - 540 Lincoln Park Blvd. - Kettering - FT,nurse,nurse,auto,,
,medical assistant\ lpn-boise peds,1,Medical Assistant\/LPN-Boise Peds,nurse,nurse,auto,,
,medical office lpn,1,Medical Office LPN,nurse,nurse,auto,,
,medical office lpn- complete endocrinology,1,Medical Office LPN- Complete Endocrinology,nurse,nurse,auto,,
,medical records lpn hourly,1,Medical Records LPN Hourly,nurse,nurse,auto,,
,medical surgical - neuro registered nurse,1,Medical Surgical - Neuro Registered Nurse,nurse,nurse,auto,,
,medical surgical registered nurse,1,Medical Surgical Registered Nurse,nurse,nurse,auto,,
,medical surgical registered nurse - hiring immediately,1,Medical Surgical Registered Nurse - Hiring Immediately,nurse,nurse,auto,,
,mental health licensed practical nurse -1st shift - hiring incentive $1 000,1,"Mental Health Licensed Practical Nurse -1st Shift - Hiring Incentive $1,000",nurse,nurse,auto,,
,mental health lpn full time - hiring incentive $1000,1,Mental Health LPN Full Time – HIRING INCENTIVE $1000,nurse,nurse,auto,,
,mental health registered nurse rn -day,1,Mental Health Registered Nurse (RN) -Day,nurse,nurse,auto,,
,metro travel licensed practical nurse,1,Metro Travel Licensed Practical Nurse,nurse,nurse,auto,,
,michigan registered nurse rn care manager,1,Michigan Registered Nurse (RN) Care Manager,nurse,nurse,auto,,
,mobile integrated health nurse - per diem,1,Mobile Integrated Health Nurse - Per Diem,nurse,nurse,auto,,
,mom brand ambassador- telehealth nurse -virtual app for adolescents,1,Mom Brand Ambassador- Telehealth Nurse –Virtual App for Adolescents,nurse,nurse,auto,,
,ms full-time rn,1,MS Full-time RN,nurse,nurse,auto,,
,ms tele rn in rome ny,1,MS/TELE RN IN ROME NY,nurse,nurse,auto,,
,multi-campus float pool rn - peri op float pool,1,Multi–Campus Float Pool RN - Peri/Op Float Pool,nurse,nurse,auto,,
,muscp-nurse navigator-mind director of patient outreach and coordination-department of neurosurgery,1,MUSCP-Nurse Navigator-MIND Director of Patient Outreach and Coordination-Department of Neurosurgery,nurse,nurse,auto,,
,n00013 - licensed practical nurse lpn,1,N00013 - Licensed Practical Nurse LPN,nurse,nurse,auto,,
,navigator rn lead,1,Navigator RN Lead,nurse,nurse,auto,,
,neuro icu registered nurse,1,Neuro ICU Registered Nurse,nurse,nurse,auto,,
,neuro pcu rn,1,Neuro PCU RN,nurse,nurse,auto,,
,neuro rn,1,Neuro RN,nurse,nurse,auto,,
,neurology rn coordinator- milford 87941br,1,Neurology RN Coordinator- Milford (87941BR),nurse,nurse,auto,,
,new braunfels home health nurse - part time,1,New Braunfels Home Health Nurse - Part Time,nurse,nurse,auto,,
,new grad registered nurse emergency dept sacred heart nights,1,New Grad Registered Nurse Emergency Dept Sacred Heart Nights,nurse,nurse,auto,,
,new grad rn - natchez fsed,1,New Grad RN - Natchez FSED,nurse,nurse,auto,,
,new grad rn emergency department ft nights,1,New Grad RN Emergency Department FT Nights,nurse,nurse,auto,,
,new grad rn med surg,1,New Grad RN Med Surg,nurse,nurse,auto,,
,new grad rn. residency,1,New Grad RN. Residency,nurse,nurse,auto,,
,new graduate nurse,1,New Graduate Nurse,nurse,nurse,auto,,
,new graduate nurse-home care residency - sioux city ia,1,"New Graduate Nurse-Home Care Residency - Sioux City, Ia",nurse,nurse,auto,,
,new graduate registered nurse surgical inpatient unit,1,New Graduate Registered Nurse Surgical Inpatient Unit,nurse,nurse,auto,,
,new graduate rn - short stay unit - rotating,1,New Graduate RN - Short Stay Unit - Rotating,nurse,nurse,auto,,
,new graduate rn nurse residency program,1,New Graduate RN Nurse Residency Program,nurse,nurse,auto,,
,new graduate rn residency micu a starting date august 2024,1,"New Graduate RN Residency, MICU A (Starting Date: August 2024)",nurse,nurse,auto,,
,nicu registered nurse,1,NICU Registered Nurse,nurse,nurse,auto,,
,night shift lpn corrections,1,NIGHT SHIFT LPN Corrections,nurse,nurse,auto,,
,night shift nurse 6p to 6a - skilled nursing memory care,1,Night Shift Nurse (6p to 6a)- Skilled Nursing/Memory Care,nurse,nurse,auto,,
,night shift rehabilitation rn,1,NIGHT SHIFT Rehabilitation RN,nurse,nurse,auto,,
,nights labor & delivery rn,1,Nights Labor & Delivery RN,nurse,nurse,auto,,
,nurse - lpn - outpatient,1,Nurse - LPN - Outpatient,nurse,nurse,auto,,
,nurse - rn - bone marrow,1,Nurse - RN - Bone Marrow,nurse,nurse,auto,,
,nurse - rn - case management,1,Nurse - RN - Case Management,nurse,nurse,auto,,
,nurse - rn - cath lab,1,Nurse - RN - Cath Lab,nurse,nurse,auto,,
,nurse - rn - emergency medicine - pediatric,1,Nurse - RN - Emergency Medicine - Pediatric,nurse,nurse,auto,,
,nurse - rn - endo - pediatric,1,Nurse - RN - Endo - Pediatric,nurse,nurse,auto,,
,nurse - rn - first assist,1,Nurse - RN - First Assist,nurse,nurse,auto,,
,nurse - rn - gastroenterology,1,Nurse - RN - Gastroenterology,nurse,nurse,auto,,
,nurse - rn - ltc - manager,1,Nurse - RN - LTC - Manager,nurse,nurse,auto,,
,nurse - rn - med surg neuro,1,Nurse - RN - Med Surg Neuro,nurse,nurse,auto,,
,nurse - rn - medsurg cardiac,1,Nurse - RN - Medsurg Cardiac,nurse,nurse,auto,,
,nurse - rn - occupational medicine,1,Nurse - RN - Occupational Medicine,nurse,nurse,auto,,
,nurse - rn - pcu - pediatrics,1,Nurse - RN - PCU - Pediatrics,nurse,nurse,auto,,
,nurse - rn - pediatrics,1,Nurse - RN - Pediatrics,nurse,nurse,auto,,
,nurse - rn - rehab,1,Nurse - RN - Rehab,nurse,nurse,auto,,
,nurse 35 hour office on-site #240408-1969hj-001,1,Nurse (35 Hour) Office/On-Site #240408-1969HJ-001,nurse,nurse,auto,,
,nurse administrator casual dublin hospital,1,"Nurse Administrator, Casual, Dublin Hospital",nurse,nurse,auto,,
,nurse administrator healthcare education leadership,1,"Nurse Administrator, Healthcare Education Leadership",nurse,nurse,auto,,
,nurse aesthetician,1,Nurse Aesthetician,nurse,nurse,auto,,
,nurse anesthetist,1,Nurse Anesthetist,nurse,nurse,auto,,
,nurse apprentice surgical short stay unit prn days,1,Nurse Apprentice Surgical Short Stay Unit PRN Days,nurse,nurse,auto,,
,nurse assessor rn,1,Nurse Assessor (RN),nurse,nurse,auto,,
,nurse assistant - $5k sign on bonus!,1,Nurse Assistant - $5k Sign On Bonus!,nurse,nurse,auto,,
,nurse assistant - 4w post - surgical unit - part time - nights,1,Nurse Assistant - 4W Post - Surgical Unit - Part Time - Nights,nurse,nurse,auto,,
,nurse assistant - 5w orthopedics neuro unit - full time - days,1,Nurse Assistant - 5W Orthopedics / Neuro Unit - Full Time - Days,nurse,nurse,auto,,
,nurse assistant - 5w orthopedics neuro unit - part time - days,1,Nurse Assistant - 5W Orthopedics / Neuro Unit - Part Time - Days,nurse,nurse,auto,,
,nurse assistant - 6w cardiac stepdown - full time - nights,1,Nurse Assistant - 6W Cardiac Stepdown - Full Time - Nights,nurse,nurse,auto,,
,nurse assistant - mg4 tele obsevation - full time night shift st. mary,1,"Nurse Assistant - MG4 Tele/Obsevation - Full Time, Night Shift (St. Mary)",nurse,nurse,auto,,
,nurse assistant - prn- cardiovascular unit,1,Nurse Assistant - PRN- Cardiovascular Unit,nurse,nurse,auto,,
,nurse assistant - psych - ft evenings,1,Nurse Assistant - Psych - FT Evenings,nurse,nurse,auto,,
,nurse assistant - stepdown unit,1,Nurse Assistant - Stepdown Unit,nurse,nurse,auto,,
,nurse assistant - telemetry 3s,1,Nurse Assistant - Telemetry 3S,nurse,nurse,auto,,
,nurse assistant certified - treasure valley hospital,1,Nurse Assistant Certified - Treasure Valley Hospital,nurse,nurse,auto,,
,nurse assistant cpcu 8ne prn,1,Nurse Assistant CPCU 8NE PRN,nurse,nurse,auto,,
,nurse assistant i - nursing float pool,1,Nurse Assistant I - Nursing Float Pool,nurse,nurse,auto,,
,nurse assistant med surg,1,Nurse Assistant Med Surg,nurse,nurse,auto,,
,nurse assistant- nursing float pool,1,Nurse Assistant- Nursing Float Pool,nurse,nurse,auto,,
,nurse care manager,1,Nurse Care Manager,nurse,nurse,auto,,
,nurse case manager,1,Nurse Case Manager,nurse,nurse,auto,,
,nurse case manager fully remote - 222019,1,Nurse Case Manager (Fully Remote) - 222019,nurse,nurse,auto,,
,nurse case manager lead east,1,"Nurse Case Manager Lead, East",nurse,nurse,auto,,
,nurse case manager mid-atlantic,1,"Nurse Case Manager, Mid-Atlantic",nurse,nurse,auto,,
,nurse case manager rn - monday-friday role!,1,Nurse Case Manager (RN) - Monday-Friday role!,nurse,nurse,auto,,
,nurse case representative,1,Nurse Case Representative,nurse,nurse,auto,,
,nurse clinical ambulatory ukhc,1,Nurse Clinical/Ambulatory/UKHC,nurse,nurse,auto,,
,nurse clinician ambulatory,1,Nurse Clinician/Ambulatory,nurse,nurse,auto,,
,nurse clinician i rn -ortho trauma nights,1,Nurse Clinician I (RN) -Ortho/Trauma (Nights),nurse,nurse,auto,,
,nurse clinician ii rn - ace unit galveston nights,1,Nurse Clinician II (RN) - Ace Unit Galveston (Nights),nurse,nurse,auto,,
,nurse clinician iii rn - ed league city 3p-3a,1,Nurse Clinician III (RN) - ED League City (3p-3a),nurse,nurse,auto,,
,nurse clinician iii rn - medicine cardiology nights,1,Nurse Clinician III (RN) - Medicine/Cardiology (Nights),nurse,nurse,auto,,
,nurse consultant - san diego ca,1,"Nurse Consultant - San Diego, CA",nurse,nurse,auto,,
,nurse consultant graduate nursing,1,"Nurse Consultant, Graduate Nursing",nurse,nurse,auto,,
,nurse coordinator,1,Nurse Coordinator,nurse,nurse,auto,,
,nurse coordinator rn - system transfer center -full-time evening shift,1,"Nurse Coordinator, RN - System Transfer Center -Full-Time, Evening Shift",nurse,nurse,auto,,
,nurse coordinator um i lvn rn,1,Nurse Coordinator/ UM I (LVN/RN),nurse,nurse,auto,,
,nurse director medical surgical,1,Nurse Director Medical Surgical,nurse,nurse,auto,,
,nurse extern cardiac stepdown icu,1,Nurse Extern Cardiac Stepdown ICU,nurse,nurse,auto,,
,nurse extern for st david's healthcare,1,Nurse Extern for St David's HealthCare,nurse,nurse,auto,,
,nurse extern i peace hospital,1,"Nurse Extern I, Peace Hospital",nurse,nurse,auto,,
,nurse extern i-nursing internship-prn,1,Nurse Extern I-Nursing Internship-PRN,nurse,nurse,auto,,
,nurse extern icu - prn,1,Nurse Extern ICU - PRN,nurse,nurse,auto,,
,nurse ii,1,Nurse II,nurse,nurse,auto,,
,nurse immersion cvu per diem rotating bmc,1,Nurse Immersion CVU Per Diem Rotating BMC,nurse,nurse,auto,,
,nurse immersion icu per diem days bmc,1,Nurse Immersion ICU Per Diem Days BMC,nurse,nurse,auto,,
,nurse intern - 3s surgical telemetry,1,Nurse Intern - 3S Surgical Telemetry,nurse,nurse,auto,,
,nurse lpn,1,Nurse (LPN),nurse,nurse,auto,,
,nurse lpn lvn 12hr shift,1,"Nurse, LPN/LVN 12hr Shift",nurse,nurse,auto,,
,nurse lvn,1,"Nurse, (LVN)",nurse,nurse,auto,,
,nurse navigator - acc - cancer center - f t - days,1,Nurse Navigator - ACC ‐ Cancer Center - F/T - Days,nurse,nurse,auto,,
,nurse navigator - acc - cancer center - ft days,1,Nurse Navigator - ACC ‐ Cancer Center - FT Days,nurse,nurse,auto,,
,nurse navigator clinic,1,Nurse Navigator Clinic,nurse,nurse,auto,,
,nurse navigator heart failure clinic,1,"Nurse Navigator, Heart Failure Clinic",nurse,nurse,auto,,
,nurse navigator mabry cancer center,1,Nurse Navigator Mabry Cancer Center,nurse,nurse,auto,,
,nurse navigator marcus neuroscience institute ft shift times vary,1,"Nurse Navigator, Marcus Neuroscience Institute, FT, Shift Times Vary",nurse,nurse,auto,,
,nurse preceptor,1,Nurse Preceptor,nurse,nurse,auto,,
,nurse program vulnerability detection & prevention,1,Nurse (Program Vulnerability Detection & Prevention),nurse,nurse,auto,,
,nurse residency aum - medical surgical,1,Nurse Residency AUM - Medical Surgical,nurse,nurse,auto,,
,nurse residency hem onc bmt 36hrs,1,Nurse Residency/ Hem/Onc/ BMT/ 36hrs,nurse,nurse,auto,,
,nurse residency inpatient psychiatry 36h rotating,1,"Nurse Residency, Inpatient Psychiatry/36h/Rotating",nurse,nurse,auto,,
,nurse residency med surg farr 10,1,Nurse Residency Med/surg Farr 10,nurse,nurse,auto,,
,nurse residency program - lpn,1,Nurse Residency Program - LPN,nurse,nurse,auto,,
,nurse residency program - rn,1,Nurse Residency Program - RN,nurse,nurse,auto,,
,nurse resident - med surg - nights,1,Nurse Resident - Med Surg - Nights,nurse,nurse,auto,,
,nurse resident- emergency specialty services ed observation - july 2024,1,Nurse Resident- Emergency Specialty Services ED Observation - July 2024,nurse,nurse,auto,,
,nurse rev ii-case management home based with client visits,1,Nurse Rev II-Case Management (Home Based with Client Visits),nurse,nurse,auto,,
,nurse rn,1,Nurse (RN),nurse,nurse,auto,,
,nurse rn i,1,Nurse/RN I,nurse,nurse,auto,,
,nurse sane - outpatient,1,Nurse (SANE) - Outpatient,nurse,nurse,auto,,
,nurse sane emergency room,1,Nurse (SANE) Emergency Room,nurse,nurse,auto,,
,nurse shift manager emergency,1,Nurse Shift Manager Emergency,nurse,nurse,auto,,
,nurse specialty care coord,1,Nurse Specialty Care Coord,nurse,nurse,auto,,
,nurse supervisor,1,Nurse Supervisor,nurse,nurse,auto,,
,nurse supervisor admissions rn,1,Nurse Supervisor Admissions RN,nurse,nurse,auto,,
,nurse supervisor- ncciw,1,Nurse Supervisor- NCCIW,nurse,nurse,auto,,
,nurse supervisor-ent boise gen surg clinic and women's specialty clinics full time days,1,"Nurse Supervisor-ENT, Boise Gen Surg Clinic, and Women's Specialty Clinics Full Time Days",nurse,nurse,auto,,
,nurse technician,1,Nurse Technician,nurse,nurse,auto,,
,nurse trainer rn,1,Nurse Trainer/RN,nurse,nurse,auto,,
,nurse unit manager,1,NURSE UNIT MANAGER,nurse,nurse,auto,,
,nurse young adult behavioral health,1,Nurse Young Adult Behavioral Health,nurse,nurse,auto,,
,nurses registered nurses and licensed practical nurse,1,NURSES Registered Nurses and Licensed Practical Nurse,nurse,nurse,auto,,
,nursing leadership - float position float to facilities as needed for interim nursing leader roles - full-time position rn,1,"Nursing Leadership - Float position (float to facilities as needed, for interim nursing leader roles) - Full-time position (RN)",nurse,nurse,auto,,
,ny licensed pediatric registered nurse - ltc rn *up to $115 000 annually*,1,"NY LICENSED PEDIATRIC REGISTERED NURSE - LTC RN *Up to $115,000 annually*",nurse,nurse,auto,,
,obs unit clinical nurse coordinator,1,OBS Unit Clinical Nurse Coordinator,nurse,nurse,auto,,
,occupational health and wellness nurse,1,Occupational Health and Wellness Nurse,nurse,nurse,auto,,
,occupational health and wellness nurse - 3rd shift,1,Occupational Health and Wellness Nurse - 3rd shift,nurse,nurse,auto,,
,occupational health nurse - rn,1,Occupational Health Nurse - RN,nurse,nurse,auto,,
,occupational health nurse rn lpn osha,1,Occupational Health Nurse (RN/LPN/OSHA),nurse,nurse,auto,,
,occupational health registered nurse,1,Occupational Health Registered Nurse,nurse,nurse,auto,,
,occupational health registered nurse wood river,1,"Occupational Health Registered Nurse, Wood River",nurse,nurse,auto,,
,ocom - pre-op pacu rn- north location,1,OCOM - Pre-Op/PACU RN- North Location,nurse,nurse,auto,,
,office rn,1,Office RN,nurse,nurse,auto,,
,on call rn nj newton,1,"On Call RN | NJ, Newton",nurse,nurse,auto,,
,on-call registered nurse rn - senior living,1,"On-Call Registered Nurse, (RN) - Senior Living",nurse,nurse,auto,,
,oncology clinic registered nurse,1,Oncology Clinic Registered Nurse,nurse,nurse,auto,,
,oncology nurse information specialist - remote,1,Oncology Nurse Information Specialist - Remote,nurse,nurse,auto,,
,oncology nurse navigator,1,Oncology Nurse Navigator,nurse,nurse,auto,,
,oncology rn part-time,1,Oncology RN (Part-time),nurse,nurse,auto,,
,one on one care - home care - nurse,1,One on One Care - Home Care - Nurse,nurse,nurse,auto,,
,operating room - registered nurse,1,Operating Room - Registered Nurse,nurse,nurse,auto,,
,operating room nurse prn,1,Operating Room Nurse PRN,nurse,nurse,auto,,
,operating room registered nurse - 10k sign on bonus,1,Operating Room Registered Nurse - 10K sign on bonus,nurse,nurse,auto,,
,operating room registered nurse circulator,1,Operating Room Registered Nurse Circulator,nurse,nurse,auto,,
,operating room registered nurse circulator *sign-on!*,1,Operating Room Registered Nurse Circulator *Sign-on!*,nurse,nurse,auto,,
,operating room registered nurse part time st mary,1,"Operating Room Registered Nurse, part time St Mary",nurse,nurse,auto,,
,operating room rn ortho exp! - housing offered!,1,Operating Room RN (Ortho Exp!) - Housing Offered!,nurse,nurse,auto,,
,or registered nurse,1,OR Registered Nurse,nurse,nurse,auto,,
,or registered nurse - 10k sign on bonus,1,OR Registered Nurse - 10K sign on bonus,nurse,nurse,auto,,
,ortho charge nurse cdh or full-time rotating,1,Ortho Charge Nurse CDH OR Full-time Rotating,nurse,nurse,auto,,
,otp charge nurse,1,OTP Charge Nurse,nurse,nurse,auto,,
,outpatient nurse rn - part-time- parkway health center,1,Outpatient Nurse (RN)- Part-Time- Parkway Health Center,nurse,nurse,auto,,
,outpatient registered nurse,1,Outpatient Registered Nurse,nurse,nurse,auto,,
,outpatient registered nurse ambulatory - magee physicians,1,Outpatient Registered Nurse Ambulatory - Magee Physicians,nurse,nurse,auto,,
,outpatient surgery registered nurse rn,1,Outpatient Surgery Registered Nurse RN,nurse,nurse,auto,,
,overnight lpn,1,Overnight LPN,nurse,nurse,auto,,
,overnight on call licensed practical nurse lpn senior living visits,1,"Overnight On Call Licensed Practical Nurse, LPN, Senior Living Visits",nurse,nurse,auto,,
,pacu nurse,1,PACU Nurse,nurse,nurse,auto,,
,pacu recovery room registered nurse,1,PACU Recovery Room Registered Nurse,nurse,nurse,auto,,
,pacu registered nurse,1,PACU Registered Nurse,nurse,nurse,auto,,
,pacu rn,1,PACU RN,nurse,nurse,auto,,
,part gi endoscopy nurse,1,Part GI Endoscopy Nurse,nurse,nurse,auto,,
,part time or full time lpn ltc $38 per hr,1,Part time or Full time LPN LTC | $38 per hr,nurse,nurse,auto,,
,part time sr. professional staff nurse - 10% differential resource pool upmc passavant,1,"Part Time Sr. Professional Staff Nurse - 10% Differential Resource Pool, UPMC Passavant",nurse,nurse,auto,,
,part-time lpn,1,Part-Time LPN,nurse,nurse,auto,,
,part-time medical assistant lpn,1,Part-Time Medical Assistant/LPN,nurse,nurse,auto,,
,pat registered nurse - shoreline vision asc,1,"PAT Registered Nurse - Shoreline Vision, ASC",nurse,nurse,auto,,
,patient assessment coordinator ot pt slp or rn crrn preferred - prn round rock rehab,1,"Patient Assessment Coordinator (OT, PT, SLP, or RN (CRRN preferred) - PRN | Round Rock Rehab",nurse,nurse,auto,,
,patient care coordinator registered nurse rn neonatal icu,1,"Patient Care Coordinator Registered Nurse (RN), Neonatal ICU",nurse,nurse,auto,,
,patient care manager rn -radiology,1,Patient Care Manager (RN)-Radiology,nurse,nurse,auto,,
,patient care nurse supervisor labor and delivery $20 000 bonus ft 6 30p-7 00a,1,"Patient Care Nurse Supervisor, Labor and Delivery, $20,000 Bonus, FT, 6:30P-7:00A",nurse,nurse,auto,,
,patient logistic center rn,1,Patient Logistic Center RN,nurse,nurse,auto,,
,patient placement coordinator rn,1,Patient Placement Coordinator RN,nurse,nurse,auto,,
,patient services coordinator - lpn,1,Patient Services Coordinator - LPN,nurse,nurse,auto,,
,patient services coordinator-lpn home health full time,1,Patient Services Coordinator-LPN Home Health Full Time,nurse,nurse,auto,,
,paulding rn 1 or 2,1,Paulding RN 1 or 2,nurse,nurse,auto,,
,pca nurse assistant - medical oncology - la jolla - part-time nights,1,PCA/Nurse Assistant - Medical/Oncology - La Jolla - Part-TIme (Nights),nurse,nurse,auto,,
,pca nurse assistant - systemwide services - all shifts,1,PCA/Nurse Assistant - Systemwide Services - All Shifts,nurse,nurse,auto,,
,pcu med tele system flex traveling rn,1,PCU/Med Tele System Flex Traveling RN,nurse,nurse,auto,,
,pcu registered nurse,1,PCU Registered Nurse,nurse,nurse,auto,,
,pcu registered nurse rn - indianapolis - $46 - $57 hr,1,"PCU, Registered Nurse (RN) - Indianapolis - $46 - $57/hr",nurse,nurse,auto,,
,pcu step-down nurse,1,PCU/Step-down Nurse,nurse,nurse,auto,,
,pd rn night shift emergency screening,1,"PD RN, Night Shift, (Emergency Screening)",nurse,nurse,auto,,
,pd-student nurse extern,1,PD-Student Nurse Extern,nurse,nurse,auto,,
,pediatric hemodialysis clinical nurse,1,Pediatric Hemodialysis Clinical Nurse,nurse,nurse,auto,,
,pediatric intensive care nurse,1,Pediatric Intensive Care Nurse,nurse,nurse,auto,,
,pediatric intensive care nurse - 25k sign on bonus,1,Pediatric Intensive Care Nurse - 25K Sign on Bonus,nurse,nurse,auto,,
,pediatric registered nurse,1,Pediatric Registered Nurse,nurse,nurse,auto,,
,pediatric registered nurse cc prn- pacu murfreesboro surgery center,1,Pediatric Registered Nurse CC PRN- PACU Murfreesboro Surgery Center,nurse,nurse,auto,,
,pediatric registered nurse ii,1,Pediatric Registered Nurse II,nurse,nurse,auto,,
,per diem - lpn lvn long term care,1,Per Diem - LPN/LVN Long Term Care,nurse,nurse,auto,,
,per diem - rn care advisor-4,1,"Per Diem - RN, Care Advisor-4",nurse,nurse,auto,,
,per diem clinical nurse- mount sinai hospital- 9 west- medicine step down,1,Per Diem Clinical Nurse- Mount Sinai Hospital- 9 West- Medicine Step Down,nurse,nurse,auto,,
,per diem licensed practical nurse ii-outpatient - 97122,1,Per Diem Licensed Practical Nurse II-Outpatient - 97122,nurse,nurse,auto,,
,per diem nurse - infusion clinic,1,Per Diem Nurse - Infusion Clinic,nurse,nurse,auto,,
,per diem pediatric crna- certified registered nurse anesthetist,1,Per Diem Pediatric CRNA- Certified Registered Nurse Anesthetist,nurse,nurse,auto,,
,per diem registered nurse - hospice,1,Per Diem Registered Nurse - Hospice,nurse,nurse,auto,,
,per diem registered nurse - med surg days,1,"Per Diem Registered Nurse - Med Surg, Days",nurse,nurse,auto,,
,per diem rn - advanced cardiovascular and surgery center,1,Per Diem RN - Advanced Cardiovascular and Surgery Center,nurse,nurse,auto,,
,per diem rn - unit a2 bu - women's surgery - sharp mary birch - day shift,1,Per Diem RN - Unit (A2) BU - Women's Surgery - Sharp Mary Birch - Day Shift,nurse,nurse,auto,,
,per diem rn ii iii iv operating room asc,1,Per Diem RN II/III/IV Operating Room (ASC,nurse,nurse,auto,,
,per diem rn preop pacu - fort lauderdale heart & rhythm,1,Per Diem RN PreOp PACU - Fort Lauderdale Heart & Rhythm,nurse,nurse,auto,,
,per diem rn-team 210-hope healthcare,1,Per Diem RN-Team 210-Hope Healthcare,nurse,nurse,auto,,
,per diem rn-unit a4-bu rn-interventional radiology - grossmont - variable shift,1,Per Diem RN-Unit A4-BU: RN-Interventional Radiology - Grossmont - Variable Shift,nurse,nurse,auto,,
,per diem staff nurse- cardiothoracic or - mount sinai hospital,1,PER DIEM Staff Nurse- Cardiothoracic OR - Mount Sinai Hospital,nurse,nurse,auto,,
,per diem- rn hospice of okeechobee,1,Per Diem- RN Hospice of Okeechobee,nurse,nurse,auto,,
,performance improvement rn,1,Performance Improvement RN,nurse,nurse,auto,,
,peri operative lpn labor & delivery - 36 hours,1,"Peri Operative LPN, Labor & Delivery - 36 hours",nurse,nurse,auto,,
,peri operative lpn or - 36 hours,1,"Peri Operative LPN, OR - 36 hours",nurse,nurse,auto,,
,perianesthesia - registered nurse,1,Perianesthesia - Registered Nurse,nurse,nurse,auto,,
,perianesthesia rn cc,1,Perianesthesia RN CC,nurse,nurse,auto,,
,perioperative nurse,1,Perioperative Nurse,nurse,nurse,auto,,
,perioperative nurse - surgery center - day,1,Perioperative Nurse - Surgery Center - Day,nurse,nurse,auto,,
,perioperative nurse training program uofl health - operating room university hospital,1,"Perioperative Nurse Training Program, UofL Health - Operating Room, University Hospital",nurse,nurse,auto,,
,perioperative rn registered nurse,1,Perioperative RN/Registered Nurse,nurse,nurse,auto,,
,permanent rn - labor and delivery,1,Permanent RN - Labor and Delivery,nurse,nurse,auto,,
,permanent rn - or - operating room,1,Permanent RN - OR - Operating Room,nurse,nurse,auto,,
,permanent staff medical surgical rn job in winston-salem nc - make $32 to $48 hour,1,"Permanent Staff Medical Surgical RN job in Winston-Salem, NC - Make $32 to $48/hour",nurse,nurse,auto,,
,permanent staff step down rn job in macon ga - make $41 to $61 hour,1,"Permanent Staff Step down RN job in Macon, GA - Make $41 to $61/hour",nurse,nurse,auto,,
,ph registered nurse 1 2 or 3,1,"PH Registered Nurse 1, 2 or 3",nurse,nurse,auto,,
,ph registered nurse 2,1,PH Registered Nurse 2,nurse,nurse,auto,,
,ph registered nurse supervisor-glynn care,1,PH Registered Nurse Supervisor-Glynn Care,nurse,nurse,auto,,
,phone triage rn or lpn,1,Phone Triage (RN or LPN),nurse,nurse,auto,,
,physician assistant advanced practice nurse clinic institute for cardiovascular health ut health austin,1,"Physician Assistant/Advanced Practice Nurse, Clinic, Institute for Cardiovascular Health, UT Health Austin",nurse,nurse,auto,,
,picc rn,1,PICC RN,nurse,nurse,auto,,
,picu rn,1,PICU RN,nurse,nurse,auto,,
,plasma center nurse - rn,1,Plasma Center Nurse – RN,nurse,nurse,auto,,
,pool icu - rn - day shift - 7am-7 30pm,1,Pool ICU - RN - Day shift - 7am-7:30pm,nurse,nurse,auto,,
,pool icu registered nurse nights,1,Pool ICU Registered Nurse Nights,nurse,nurse,auto,,
,pool rn ii b - med surg tele nursing pool - ft nights,1,Pool RN II B - Med/Surg/Tele Nursing Pool - FT/Nights,nurse,nurse,auto,,
,pool rn-per diem,1,Pool RN-Per diem,nurse,nurse,auto,,
,post anesthesia care nurse,1,Post Anesthesia Care Nurse,nurse,nurse,auto,,
,post surgical acute care rn - ft nights,1,Post Surgical Acute Care RN - FT/Nights,nurse,nurse,auto,,
,post-anesthesia registered nurse,1,Post-Anesthesia Registered Nurse,nurse,nurse,auto,,
,practice nurse lpn elizabethtown full time,1,Practice Nurse (LPN) Elizabethtown (Full Time),nurse,nurse,auto,,
,practice nurse lpn elizabethtown full-time,1,Practice Nurse (LPN) Elizabethtown (Full-Time),nurse,nurse,auto,,
,practice nurse lpn sycamore square family medicine full time,1,Practice Nurse (LPN) Sycamore Square Family Medicine (Full Time),nurse,nurse,auto,,
,pre op pacu registered nurse,1,Pre Op/PACU Registered Nurse,nurse,nurse,auto,,
,pre-op pacu rn ft,1,"Pre-Op PACU RN, FT",nurse,nurse,auto,,
,premium pay cardiac registered nurse rn - weekend contract - progressive care night shift,1,Premium Pay Cardiac Registered Nurse RN - Weekend Contract - Progressive Care (Night Shift),nurse,nurse,auto,,
,preoperative registered nurse,1,Preoperative Registered Nurse,nurse,nurse,auto,,
,primary care - nurse rn or lpn - edmond memorial,1,Primary Care - Nurse RN or LPN - Edmond Memorial,nurse,nurse,auto,,
,primary care assistant ma or lpn - ava family medicine,1,Primary Care Assistant MA or LPN - Ava Family Medicine,nurse,nurse,auto,,
,primary care assistant rn lpn or medical assistant - pea ridge,1,Primary Care Assistant RN/LPN or Medical Assistant - Pea Ridge,nurse,nurse,auto,,
,primary care physician assistant nurse practioner,1,Primary Care Physician Assistant/Nurse Practioner,nurse,nurse,auto,,
,primary care registered nurse,1,Primary Care Registered Nurse,nurse,nurse,auto,,
,prior auth nurse lpn lvn,1,Prior Auth Nurse/ LPN/LVN,nurse,nurse,auto,,
,prn home health - rn or lpn- los alamos white rock,1,PRN Home Health - RN or LPN- Los Alamos/White Rock,nurse,nurse,auto,,
,prn home health nurse rn or lpn,1,PRN Home Health Nurse (RN or LPN),nurse,nurse,auto,,
,prn lpn-clinic,1,PRN LPN-Clinic,nurse,nurse,auto,,
,prn nurse,1,PRN Nurse,nurse,nurse,auto,,
,prn pacu rn,1,PRN PACU RN,nurse,nurse,auto,,
,prn part time lpn licensed practical nurse,1,PRN/PART TIME LPN Licensed Practical Nurse,nurse,nurse,auto,,
,prn preoperative pacu registered nurse,1,PRN Preoperative Pacu Registered Nurse,nurse,nurse,auto,,
,prn radiation oncology licensed practical nurse,1,PRN Radiation Oncology Licensed Practical Nurse,nurse,nurse,auto,,
,prn radiation oncology registered nurse,1,PRN Radiation Oncology Registered Nurse,nurse,nurse,auto,,
,prn registered nurse,1,PRN Registered Nurse,nurse,nurse,auto,,
,prn registered nurse pre operative pacu circulating - day shift no weekends evenings or call!,1,"PRN Registered Nurse, Pre Operative/PACU/Circulating - Day shift, NO weekends, evenings, or call!",nurse,nurse,auto,,
,prn rn,1,PRN RN,nurse,nurse,auto,,
,professional development specialist rn - critical care,1,Professional Development Specialist RN - Critical Care,nurse,nurse,auto,,
,professional development specialist rn - telemetry,1,Professional Development Specialist RN - Telemetry,nurse,nurse,auto,,
,professional nurse,1,Professional Nurse,nurse,nurse,auto,,
,professional staff nurse - 3 south observation unit part-time,1,Professional Staff Nurse - 3 South (Observation Unit) (Part-Time),nurse,nurse,auto,,
,professional staff nurse - upmc harrisburg nicu.,1,"Professional Staff Nurse - UPMC Harrisburg, NICU.",nurse,nurse,auto,,
,professional staff nurse 3 main adult complex care unit upmc passavant mccandless,1,Professional Staff Nurse 3 Main Adult Complex Care Unit UPMC Passavant McCandless,nurse,nurse,auto,,
,professional staff nurse bsn limited casual - interventional radiology,1,"Professional Staff Nurse, BSN (Limited Casual) - Interventional Radiology",nurse,nurse,auto,,
,professional staff nurse bsn sn,1,"Professional Staff Nurse, BSN, SN",nurse,nurse,auto,,
,professional staff nurse bsn-l&d upmc lititz,1,"Professional Staff Nurse, BSN-L&D (UPMC Lititz)",nurse,nurse,auto,,
,professional staff nurse flex full time - pain center,1,Professional Staff Nurse (Flex Full Time) - Pain Center,nurse,nurse,auto,,
,professional staff nurse op - ccp moon,1,"Professional Staff Nurse, OP - CCP Moon",nurse,nurse,auto,,
,professional staff nurse upmc memorial leader surgery center,1,"Professional Staff Nurse, UPMC Memorial Leader Surgery Center",nurse,nurse,auto,,
,program accreditation manager rn - trauma - days,1,Program Accreditation Manager (RN) - Trauma - Days,nurse,nurse,auto,,
,program director - rn remote u.s.,1,Program Director - RN (Remote U.S.),nurse,nurse,auto,,
,progressive care - registered nurse -hiring immediately,1,Progressive Care - Registered Nurse -Hiring Immediately,nurse,nurse,auto,,
,progressive care clinical nurse coordinator,1,Progressive Care Clinical Nurse Coordinator,nurse,nurse,auto,,
,progressive care unit - student nurse tech,1,Progressive Care Unit - Student Nurse Tech,nurse,nurse,auto,,
,progressive care unit rn,1,Progressive Care Unit RN,nurse,nurse,auto,,
,psych lead rn - grossmont hospital - la mesa - full time - evenings,1,Psych Lead RN - Grossmont Hospital - La Mesa - Full Time - Evenings,nurse,nurse,auto,,
,psych rn $70 local 12 hour nights,1,Psych RN | $70 local | 12 hour nights,nurse,nurse,auto,,
,psych rn - prn nights,1,Psych RN - PRN Nights,nurse,nurse,auto,,
,psychiatric dd nurse 3rd shift - incentive $2000,1,PSYCHIATRIC/DD NURSE 3RD SHIFT - INCENTIVE $2000,nurse,nurse,auto,,
,psychiatric dd nurse 3rd shift float - incentive $2000,1,PSYCHIATRIC/DD NURSE 3RD SHIFT (FLOAT) - INCENTIVE $2000,nurse,nurse,auto,,
,psychiatric registered nurse,1,Psychiatric registered nurse,nurse,nurse,auto,,
,psychiatric rn - full time,1,Psychiatric RN - Full Time,nurse,nurse,auto,,
,psychiatric staff nurse - resource pool evening night 8 and 12-hour shifts,1,Psychiatric Staff Nurse - Resource Pool Evening/Night 8 and 12-hour shifts,nurse,nurse,auto,,
,public health nurse i,1,Public Health Nurse I,nurse,nurse,auto,,
,public health program nurse nyhelps - 06844,1,Public Health Program Nurse (NYHELPS) - 06844,nurse,nurse,auto,,
,public health registered nurse 1 sumter county,1,Public Health Registered Nurse 1 (Sumter County),nurse,nurse,auto,,
,quality assurance registered nurse qa rn,1,Quality Assurance Registered Nurse (QA RN),nurse,nurse,auto,,
,quality assurance rn *remote*,1,Quality Assurance RN *Remote*,nurse,nurse,auto,,
,quality improvement nurse,1,Quality Improvement Nurse,nurse,nurse,auto,,
,quality management prior authorization nurse,1,Quality Management/Prior Authorization Nurse,nurse,nurse,auto,,
,radiation oncology - staff rn,1,Radiation Oncology - Staff RN,nurse,nurse,auto,,
,radiology rn-outpatient,1,Radiology RN-Outpatient,nurse,nurse,auto,,
,rapid response rn,1,Rapid Response RN,nurse,nurse,auto,,
,recovery room circulating nurse,1,Recovery Room / Circulating Nurse,nurse,nurse,auto,,
,reg nurse 2 cc inpatient,1,Reg Nurse 2 CC Inpatient,nurse,nurse,auto,,
,regional registered nurse,1,Regional Registered Nurse,nurse,nurse,auto,,
,registered charge nurse rn - inpatient oncology & stem cell transplant,1,Registered Charge Nurse (RN) - Inpatient Oncology & Stem Cell Transplant,nurse,nurse,auto,,
,registered home health nurse rn - full time,1,"Registered Home Health Nurse, RN - Full Time",nurse,nurse,auto,,
,registered nurse $45 hour,1,Registered Nurse $45/hour,nurse,nurse,auto,,
,registered nurse - $5000 sign on bonus,1,Registered Nurse - $5000 Sign on Bonus,nurse,nurse,auto,,
,registered nurse - $5000 sign-on bonus,1,Registered Nurse - $5000 Sign-on Bonus,nurse,nurse,auto,,
,registered nurse - $86k to $134k salary plus $8k in bonuses,1,Registered Nurse - $86k to $134k Salary Plus $8k in Bonuses,nurse,nurse,auto,,
,registered nurse - **la selva residential**,1,REGISTERED NURSE - **La Selva Residential**,nurse,nurse,auto,,
,registered nurse - **medical services**,1,REGISTERED NURSE - **Medical Services**,nurse,nurse,auto,,
,registered nurse - 10 s medical surgical,1,Registered Nurse - 10 S Medical Surgical,nurse,nurse,auto,,
,registered nurse - 1755724,1,Registered Nurse - 1755724,nurse,nurse,auto,,
,registered nurse - 1761700,1,Registered Nurse - 1761700,nurse,nurse,auto,,
,registered nurse - 1st shift - carthage tx,1,"Registered Nurse - 1st Shift - Carthage, TX",nurse,nurse,auto,,
,registered nurse - 4 c surgical progressive care,1,Registered Nurse - 4 C Surgical Progressive Care,nurse,nurse,auto,,
,registered nurse - 4 n rehab,1,Registered Nurse - 4 N Rehab,nurse,nurse,auto,,
,registered nurse - 4430 prn - night,1,Registered Nurse - 4430 (PRN - Night),nurse,nurse,auto,,
,registered nurse - 4470 day,1,Registered Nurse - 4470 (Day),nurse,nurse,auto,,
,registered nurse - 4543 night,1,Registered Nurse - 4543 (Night),nurse,nurse,auto,,
,registered nurse - 4571 day,1,Registered Nurse - 4571 (Day),nurse,nurse,auto,,
,registered nurse - 4600 night,1,Registered Nurse - 4600 (Night),nurse,nurse,auto,,
,registered nurse - 4605 day,1,Registered Nurse - 4605 (Day),nurse,nurse,auto,,
,registered nurse - 4e general medical unit- days,1,Registered Nurse - 4E General Medical Unit- Days,nurse,nurse,auto,,
,registered nurse - 5 east neuro stroke tele days,1,Registered Nurse - 5 East Neuro/Stroke/Tele (Days),nurse,nurse,auto,,
,registered nurse - 5667 day,1,Registered Nurse - 5667 (Day),nurse,nurse,auto,,
,registered nurse - 5667 night,1,Registered Nurse - 5667 (Night),nurse,nurse,auto,,
,registered nurse - 5667 prn - day,1,Registered Nurse - 5667 (PRN - Day),nurse,nurse,auto,,
,registered nurse - 5667 prn - night,1,Registered Nurse - 5667 (PRN - Night),nurse,nurse,auto,,
,registered nurse - 7a-7p shift,1,Registered Nurse - 7a-7p Shift,nurse,nurse,auto,,
,registered nurse - acute care float pool nights,1,"Registered Nurse - Acute Care Float Pool, Nights",nurse,nurse,auto,,
,registered nurse - acute medical surgical,1,Registered Nurse - Acute Medical/Surgical,nurse,nurse,auto,,
,registered nurse - advanced medical - night,1,Registered Nurse - Advanced Medical - Night,nurse,nurse,auto,,
,registered nurse - ambulatory,1,Registered Nurse - Ambulatory,nurse,nurse,auto,,
,registered nurse - behavioral health,1,Registered Nurse - Behavioral Health,nurse,nurse,auto,,
,registered nurse - c2 clinical observation - ft days,1,Registered Nurse - C2 Clinical Observation - FT/Days,nurse,nurse,auto,,
,registered nurse - cancer center - day,1,Registered Nurse - Cancer Center - Day,nurse,nurse,auto,,
,registered nurse - cancer center - part time - days,1,Registered Nurse - Cancer Center - Part Time - Days,nurse,nurse,auto,,
,registered nurse - cancer center - prn tier 1,1,Registered Nurse - Cancer Center - PRN Tier 1,nurse,nurse,auto,,
,registered nurse - cardiac med surg - nights,1,Registered Nurse - Cardiac Med/Surg - Nights,nurse,nurse,auto,,
,registered nurse - cardiovascular operating room cvor - full time baylor program,1,Registered Nurse - Cardiovascular Operating Room (CVOR) - Full Time Baylor Program,nurse,nurse,auto,,
,registered nurse - cardiovascular thoracic transplant unit,1,Registered Nurse - Cardiovascular / Thoracic / Transplant Unit,nurse,nurse,auto,,
,registered nurse - case management - full time - days,1,Registered Nurse - Case Management - Full Time - Days,nurse,nurse,auto,,
,registered nurse - cath lab,1,Registered Nurse - Cath Lab,nurse,nurse,auto,,
,registered nurse - charge - operating room,1,Registered Nurse - Charge - Operating Room,nurse,nurse,auto,,
,registered nurse - chief nurse quality safety and improvement,1,Registered Nurse - Chief Nurse Quality Safety and Improvement,nurse,nurse,auto,,
,registered nurse - coronary critical care & cardiac interventional unit,1,Registered Nurse – Coronary Critical Care & Cardiac Interventional Unit,nurse,nurse,auto,,
,registered nurse - dialysis - prn victoria north,1,Registered Nurse - Dialysis - PRN | Victoria North,nurse,nurse,auto,,
,registered nurse - ed pt nights,1,Registered Nurse - ED (PT Nights),nurse,nurse,auto,,
,registered nurse - effingham,1,Registered Nurse - Effingham,nurse,nurse,auto,,
,registered nurse - emergency department - 12-hour nights - $5 000 hiring incentive!!,1,"Registered Nurse - Emergency Department - 12-Hour Nights - $5,000 Hiring Incentive!!",nurse,nurse,auto,,
,registered nurse - emergency department - 36 hours,1,Registered Nurse - Emergency Department - 36 Hours,nurse,nurse,auto,,
,registered nurse - emergency department - full time,1,Registered Nurse - Emergency Department - Full Time,nurse,nurse,auto,,
,registered nurse - emergency services,1,Registered Nurse - Emergency Services,nurse,nurse,auto,,
,registered nurse - endo,1,Registered Nurse - Endo,nurse,nurse,auto,,
,registered nurse - endocrinology,1,Registered Nurse - Endocrinology,nurse,nurse,auto,,
,registered nurse - endoscopy,1,Registered Nurse - Endoscopy,nurse,nurse,auto,,
,registered nurse - falls prevention program manager,1,Registered Nurse - Falls Prevention Program Manager,nurse,nurse,auto,,
,registered nurse - field clinician providence ri,1,"Registered Nurse - Field Clinician Providence, RI",nurse,nurse,auto,,
,registered nurse - float,1,Registered Nurse - Float,nurse,nurse,auto,,
,registered nurse - float pool icu sdu care,1,Registered Nurse - Float Pool ICU/SDU Care,nurse,nurse,auto,,
,registered nurse - float pool nights,1,Registered Nurse - Float Pool Nights,nurse,nurse,auto,,
,registered nurse - ft - days - neuro pulmonary,1,Registered Nurse - FT - Days - Neuro/Pulmonary,nurse,nurse,auto,,
,registered nurse - ft - days - postpartum,1,Registered Nurse - FT - Days - Postpartum,nurse,nurse,auto,,
,registered nurse - ft - resource team,1,Registered Nurse - FT - Resource Team,nurse,nurse,auto,,
,registered nurse - ft nights corpus christi north,1,Registered Nurse - FT Nights | Corpus Christi North,nurse,nurse,auto,,
,registered nurse - ft nights tulsa rehab,1,Registered Nurse - FT Nights| Tulsa Rehab,nurse,nurse,auto,,
,registered nurse - geriatric psych,1,Registered Nurse - Geriatric Psych,nurse,nurse,auto,,
,registered nurse - hiring immediately,1,Registered Nurse - Hiring Immediately,nurse,nurse,auto,,
,registered nurse - homecare,1,Registered Nurse - Homecare,nurse,nurse,auto,,
,registered nurse - icu - 10k sign on,1,Registered Nurse - ICU - 10k Sign On,nurse,nurse,auto,,
,registered nurse - icu - critical care - prn - days - st. bernard parish hospital,1,Registered Nurse - ICU - Critical Care - PRN - Days - St. Bernard Parish Hospital,nurse,nurse,auto,,
,registered nurse - infection prevention,1,Registered Nurse - Infection Prevention,nurse,nurse,auto,,
,registered nurse - inpatient long term care b7,1,Registered Nurse - Inpatient Long Term Care (B7),nurse,nurse,auto,,
,registered nurse - inpatient rehab ft days,1,"Registered Nurse - Inpatient Rehab (FT, Days)",nurse,nurse,auto,,
,registered nurse - intensive and inpatient care services - sign on bonus,1,Registered Nurse - Intensive and Inpatient Care Services - Sign on bonus,nurse,nurse,auto,,
,registered nurse - intermediate care unit - days,1,Registered Nurse - Intermediate Care Unit - Days,nurse,nurse,auto,,
,registered nurse - interventional radiology,1,Registered Nurse - Interventional Radiology,nurse,nurse,auto,,
,registered nurse - iv therapy - per diem,1,Registered Nurse - IV Therapy - Per Diem,nurse,nurse,auto,,
,registered nurse - joint center nights,1,Registered Nurse - Joint Center (Nights),nurse,nurse,auto,,
,registered nurse - lake orion nursing & rehab ctr,1,Registered Nurse - Lake Orion Nursing & Rehab Ctr,nurse,nurse,auto,,
,registered nurse - med surg - competitive pay + 10k sign on bonus,1,Registered Nurse - Med/Surg - Competitive Pay + 10K Sign on bonus,nurse,nurse,auto,,
,registered nurse - med surg - nightshift,1,Registered Nurse - Med/Surg - Nightshift,nurse,nurse,auto,,
,registered nurse - med surg 3rd,1,Registered Nurse - Med/Surg 3rd,nurse,nurse,auto,,
,registered nurse - med surg 4th,1,Registered Nurse - Med/Surg 4th,nurse,nurse,auto,,
,registered nurse - med surg float - 24 30 or 36 hours,1,"Registered Nurse - Med/Surg Float - 24 , 30 or 36 hours",nurse,nurse,auto,,
,registered nurse - med surg tele,1,Registered Nurse - Med/Surg TELE,nurse,nurse,auto,,
,registered nurse - med surg telemetry,1,Registered Nurse - Med/Surg Telemetry,nurse,nurse,auto,,
,registered nurse - med-surg ft tulsa ltach,1,Registered Nurse - Med-Surg FT| Tulsa LTACH,nurse,nurse,auto,,
,registered nurse - medical surgery - outreach - full time,1,Registered Nurse - Medical Surgery - Outreach - Full Time,nurse,nurse,auto,,
,registered nurse - medsurg open continuous,1,Registered Nurse - MedSurg (Open Continuous),nurse,nurse,auto,,
,registered nurse - mental health all vacancies,1,Registered Nurse - Mental Health (All Vacancies),nurse,nurse,auto,,
,registered nurse - mental health bhip case manager care manager henrico cboc,1,Registered Nurse - Mental Health (BHIP) Case Manager/Care Manager (Henrico CBOC),nurse,nurse,auto,,
,registered nurse - micu - full time nights,1,"Registered Nurse - MICU - Full Time, Nights",nurse,nurse,auto,,
,registered nurse - micu - p t with benefits days,1,Registered Nurse - MICU - P/T with Benefits Days,nurse,nurse,auto,,
,registered nurse - micu - part time nights,1,"Registered Nurse - MICU - Part Time, Nights",nurse,nurse,auto,,
,registered nurse - multiple needs - bsn full time,1,Registered Nurse - Multiple Needs - BSN Full Time,nurse,nurse,auto,,
,registered nurse - multispecialty clinic - days,1,Registered Nurse - Multispecialty Clinic - Days,nurse,nurse,auto,,
,registered nurse - nampa emergency department,1,Registered Nurse - Nampa Emergency Department,nurse,nurse,auto,,
,registered nurse - nicu,1,Registered Nurse - NICU,nurse,nurse,auto,,
,registered nurse - nicu - nights,1,Registered Nurse - NICU - Nights,nurse,nurse,auto,,
,registered nurse - night shift,1,Registered Nurse - Night Shift,nurse,nurse,auto,,
,registered nurse - nights,1,Registered Nurse - Nights,nurse,nurse,auto,,
,registered nurse - no late nights weekends no on call shifts!,1,Registered Nurse - No late nights/Weekends/No on call shifts!,nurse,nurse,auto,,
,registered nurse - nrc,1,Registered Nurse - NRC,nurse,nurse,auto,,
,registered nurse - nurse family partnership harrison floyd clark counties,1,Registered Nurse - Nurse Family Partnership (Harrison/Floyd/Clark Counties),nurse,nurse,auto,,
,registered nurse - nursing med surg - prn,1,Registered Nurse - Nursing Med Surg - PRN,nurse,nurse,auto,,
,registered nurse - ob open continuous,1,Registered Nurse - OB (Open Continuous),nurse,nurse,auto,,
,registered nurse - ob per diem days,1,Registered Nurse - OB (Per Diem Days),nurse,nurse,auto,,
,registered nurse - ob unit nights,1,Registered Nurse - OB Unit (Nights),nurse,nurse,auto,,
,registered nurse - oncology outpatient infusion float,1,Registered Nurse - Oncology/Outpatient Infusion Float,nurse,nurse,auto,,
,registered nurse - operating room - day,1,Registered Nurse - Operating Room - Day,nurse,nurse,auto,,
,registered nurse - operating room - rotating shifts,1,Registered Nurse - Operating Room - Rotating Shifts,nurse,nurse,auto,,
,registered nurse - opwdd - adult residential,1,Registered Nurse - OPWDD - Adult Residential,nurse,nurse,auto,,
,registered nurse - or,1,Registered Nurse - OR,nurse,nurse,auto,,
,registered nurse - ortho med surg - part time days,1,Registered Nurse - Ortho Med/Surg - Part Time Days,nurse,nurse,auto,,
,registered nurse - ortho med surg - part time nights,1,Registered Nurse - Ortho Med/Surg - Part Time Nights,nurse,nurse,auto,,
,registered nurse - outpatient,1,Registered Nurse - Outpatient,nurse,nurse,auto,,
,registered nurse - pact intermittent,1,Registered Nurse - PACT (Intermittent),nurse,nurse,auto,,
,registered nurse - parkview health and rehabilitation center,1,REGISTERED NURSE - PARKVIEW HEALTH AND REHABILITATION CENTER,nurse,nurse,auto,,
,registered nurse - part time - 2nd shift - sherman tx,1,"Registered Nurse - Part Time - 2nd Shift - Sherman, TX",nurse,nurse,auto,,
,registered nurse - pcc ob gyn office,1,Registered Nurse - PCC OB GYN Office,nurse,nurse,auto,,
,registered nurse - pcu up to 20 000 sign-on bonus!!!,1,"Registered Nurse - PCU Up to 20,000 Sign-On Bonus!!!",nurse,nurse,auto,,
,registered nurse - pediatrics,1,Registered Nurse - Pediatrics,nurse,nurse,auto,,
,registered nurse - per diem,1,Registered Nurse - Per Diem,nurse,nurse,auto,,
,registered nurse - per diem weekends,1,Registered Nurse - Per Diem Weekends,nurse,nurse,auto,,
,registered nurse - periop-101 august 2024 - src or,1,Registered Nurse - Periop-101 August 2024 - SRC OR,nurse,nurse,auto,,
,registered nurse - peritoneal,1,Registered Nurse - Peritoneal,nurse,nurse,auto,,
,registered nurse - post anesthesia,1,Registered Nurse - Post Anesthesia,nurse,nurse,auto,,
,registered nurse - primary care main campus - full time 32 hours,1,Registered Nurse - Primary Care Main Campus - Full Time 32 Hours,nurse,nurse,auto,,
,registered nurse - prn - cancer center,1,Registered Nurse - PRN - Cancer Center,nurse,nurse,auto,,
,registered nurse - prn days dayton ltach,1,Registered Nurse - PRN Days | Dayton LTACH,nurse,nurse,auto,,
,registered nurse - prn days miamisburg rehab,1,Registered Nurse - PRN Days| Miamisburg Rehab,nurse,nurse,auto,,
,registered nurse - prn nights pittsburgh ltach,1,Registered Nurse - PRN Nights|Pittsburgh LTACH,nurse,nurse,auto,,
,registered nurse - progressive care - r3,1,Registered Nurse - Progressive Care - R3,nurse,nurse,auto,,
,registered nurse - progressive care unit step down unit,1,Registered Nurse - Progressive Care Unit/Step Down Unit,nurse,nurse,auto,,
,registered nurse - radiology - full time - days,1,Registered Nurse - Radiology - Full time - Days,nurse,nurse,auto,,
,registered nurse - rn - 1 1 school nurse,1,Registered Nurse - RN - 1:1 School Nurse,nurse,nurse,auto,,
,registered nurse - rn - burr ridge infusion,1,Registered Nurse - RN - Burr Ridge Infusion,nurse,nurse,auto,,
,registered nurse - rn - cardiac cath lab - full time - days,1,Registered Nurse - RN - Cardiac Cath Lab - Full Time - Days,nurse,nurse,auto,,
,registered nurse - rn - cardiac rehab prn,1,Registered Nurse - RN - Cardiac Rehab (PRN),nurse,nurse,auto,,
,registered nurse - rn - cath lab,1,Registered Nurse - RN - Cath Lab,nurse,nurse,auto,,
,registered nurse - rn - corrections - temp to perm,1,Registered Nurse - RN - Corrections - TEMP TO PERM,nurse,nurse,auto,,
,registered nurse - rn - detox,1,Registered Nurse - RN - Detox,nurse,nurse,auto,,
,registered nurse - rn - electrophysiology,1,Registered Nurse - RN - Electrophysiology,nurse,nurse,auto,,
,registered nurse - rn - general practice,1,Registered Nurse - RN - General Practice,nurse,nurse,auto,,
,registered nurse - rn - infusion,1,Registered Nurse - RN - Infusion,nurse,nurse,auto,,
,registered nurse - rn - interventional holding prn,1,Registered Nurse - RN - Interventional Holding (PRN),nurse,nurse,auto,,
,registered nurse - rn - long term care,1,Registered Nurse - RN - Long Term Care,nurse,nurse,auto,,
,registered nurse - rn - outpatient hospice - prn,1,Registered Nurse - RN - OutPatient Hospice - PRN,nurse,nurse,auto,,
,registered nurse - rn - pacu,1,Registered Nurse - RN - PACU,nurse,nurse,auto,,
,registered nurse - rn - pcu,1,Registered Nurse - RN - PCU,nurse,nurse,auto,,
,registered nurse - rn - picu - pediatric intensive care unit ped,1,Registered Nurse - RN - PICU - Pediatric Intensive Care Unit PED,nurse,nurse,auto,,
,registered nurse - rn - progressive care unit,1,Registered Nurse - RN - Progressive Care Unit,nurse,nurse,auto,,
,registered nurse - rn - rehab - travel,1,Registered Nurse - RN - Rehab - Travel,nurse,nurse,auto,,
,registered nurse - rn - school - prn,1,Registered Nurse - RN - School - PRN,nurse,nurse,auto,,
,registered nurse - rn - school nurse,1,REGISTERED NURSE - RN - SCHOOL NURSE,nurse,nurse,auto,,
,registered nurse - rn - stepdown dou,1,Registered Nurse - RN - Stepdown/DOU,nurse,nurse,auto,,
,registered nurse - rn - telemetry,1,Registered Nurse - RN - Telemetry,nurse,nurse,auto,,
,registered nurse - rn cardiac outpatient recovery and evaluation,1,Registered Nurse - RN Cardiac Outpatient Recovery and Evaluation,nurse,nurse,auto,,
,registered nurse - rn emergency room - er,1,Registered Nurse - RN / Emergency Room - ER,nurse,nurse,auto,,
,registered nurse - rn for day shifts,1,Registered Nurse - RN for Day Shifts,nurse,nurse,auto,,
,registered nurse - rn for overnight shifts,1,Registered Nurse - RN for Overnight Shifts,nurse,nurse,auto,,
,registered nurse - rn medical surgical floor - m s,1,Registered Nurse - RN / Medical Surgical Floor - M/S,nurse,nurse,auto,,
,registered nurse - rn or circulator,1,Registered Nurse - (RN) OR Circulator,nurse,nurse,auto,,
,registered nurse - rn progressive care unit - tele-p,1,Registered Nurse - RN / Progressive Care Unit - TELE-P,nurse,nurse,auto,,
,registered nurse - same day surgery,1,Registered Nurse - Same Day Surgery,nurse,nurse,auto,,
,registered nurse - sci dallas,1,Registered Nurse - SCI Dallas,nurse,nurse,auto,,
,registered nurse - sci mahanoy,1,Registered Nurse - SCI Mahanoy,nurse,nurse,auto,,
,registered nurse - statewide,1,Registered Nurse - Statewide,nurse,nurse,auto,,
,registered nurse - sub school nurse,1,Registered Nurse - Sub School Nurse,nurse,nurse,auto,,
,registered nurse - surgery center - prn,1,Registered Nurse - Surgery Center - PRN,nurse,nurse,auto,,
,registered nurse - surgical icu stepdown,1,Registered Nurse - Surgical ICU Stepdown,nurse,nurse,auto,,
,registered nurse - surgical oncology - per diem,1,Registered Nurse - Surgical Oncology - Per Diem,nurse,nurse,auto,,
,registered nurse - surgical services,1,Registered Nurse - Surgical Services,nurse,nurse,auto,,
,registered nurse - surgical stepdown transplant - 6ne - 12-hour nights - $5 000 hiring incentive!!,1,"Registered Nurse - Surgical Stepdown/Transplant - 6NE - 12-Hour Nights - $5,000 Hiring Incentive!!",nurse,nurse,auto,,
,registered nurse - surgical stepdown transplant - 6nw - 12-hour nights - $5 000 hiring incentive!!,1,"Registered Nurse - Surgical Stepdown/Transplant - 6NW - 12-Hour Nights - $5,000 Hiring Incentive!!",nurse,nurse,auto,,
,registered nurse - tele observation - night,1,Registered Nurse - Tele Observation - Night,nurse,nurse,auto,,
,registered nurse - telemetry 3s,1,Registered Nurse - Telemetry 3S,nurse,nurse,auto,,
,registered nurse - telemetry picu ii 2c - full time night,1,Registered Nurse - Telemetry PICU II 2C - Full Time Night,nurse,nurse,auto,,
,registered nurse - transplant pcu,1,Registered Nurse - Transplant PCU,nurse,nurse,auto,,
,registered nurse - travel - iowa,1,Registered Nurse - Travel - Iowa,nurse,nurse,auto,,
,registered nurse - vascular surgery office - 32 hours per week,1,Registered Nurse - Vascular Surgery Office - (32 hours per week),nurse,nurse,auto,,
,registered nurse - wound care - full time,1,Registered Nurse - Wound Care - Full Time,nurse,nurse,auto,,
,registered nurse - wound care - per diem,1,Registered Nurse - Wound Care - Per Diem,nurse,nurse,auto,,
,registered nurse -outpatient surgery center harrington building,1,Registered Nurse -Outpatient Surgery Center Harrington Building,nurse,nurse,auto,,
,registered nurse -post surgical unit,1,Registered Nurse -Post Surgical Unit,nurse,nurse,auto,,
,registered nurse -rn - school nursing,1,REGISTERED NURSE -RN - School Nursing,nurse,nurse,auto,,
,registered nurse -rn - school nursing per diem,1,REGISTERED NURSE -RN - School Nursing Per Diem,nurse,nurse,auto,,
,registered nurse 1 psychiatric secure treatment and rehabilitaion center oakview marcy ny helps p24717,1,"Registered Nurse 1 Psychiatric, Secure Treatment and Rehabilitaion Center, Oakview, Marcy, (NY HELPS), P24717",nurse,nurse,auto,,
,registered nurse 2 community ny helps,1,Registered Nurse 2 Community (NY HELPS),nurse,nurse,auto,,
,registered nurse 2 cso w&c's nicu picu specialist,1,Registered Nurse 2 CSO W&C's NICU/PICU Specialist,nurse,nurse,auto,,
,registered nurse 3 main telemetry nights - full time,1,"Registered Nurse, 3 Main Telemetry (Nights) - Full Time",nurse,nurse,auto,,
,registered nurse 37.5,1,Registered Nurse (37.5),nurse,nurse,auto,,
,registered nurse 7 east cardiac telemetry nights,1,Registered Nurse 7 East Cardiac Telemetry (Nights),nurse,nurse,auto,,
,registered nurse 7p-7a shift,1,"Registered Nurse, 7p-7a Shift",nurse,nurse,auto,,
,registered nurse acute - $7 500 bonus,1,"Registered Nurse Acute - $7,500 Bonus",nurse,nurse,auto,,
,registered nurse acute care cardiac,1,Registered Nurse Acute Care Cardiac,nurse,nurse,auto,,
,registered nurse acute intermediate,1,Registered Nurse Acute Intermediate,nurse,nurse,auto,,
,registered nurse adult ed 24 hours nights every third weekend,1,"Registered Nurse, Adult ED (24 hours, Nights, Every Third Weekend)",nurse,nurse,auto,,
,registered nurse am admissions pacu,1,Registered Nurse AM Admissions PACU,nurse,nurse,auto,,
,registered nurse ambulatory care unit,1,Registered Nurse Ambulatory Care Unit,nurse,nurse,auto,,
,registered nurse ambulatory clinic,1,"Registered Nurse, Ambulatory Clinic",nurse,nurse,auto,,
,registered nurse ambulatory ob gyn high risk nurse-gdm 32 hours days,1,"Registered Nurse, Ambulatory OB/GYN (High Risk Nurse-GDM), 32 hours (Days)",nurse,nurse,auto,,
,registered nurse ambulatory services or endoscopy,1,"Registered Nurse, Ambulatory Services, OR/Endoscopy",nurse,nurse,auto,,
,registered nurse ambulatory surgery center preop pacu,1,"Registered Nurse, Ambulatory Surgery Center, Preop/PACU",nurse,nurse,auto,,
,registered nurse anesthesia pre-op,1,"Registered Nurse, Anesthesia Pre-Op",nurse,nurse,auto,,
,registered nurse assessment pre-admission testing full-time - eye surgery center swansea,1,"Registered Nurse, Assessment / Pre-Admission Testing (full-time) - Eye Surgery Center Swansea",nurse,nurse,auto,,
,registered nurse asu per diem,1,"Registered Nurse, ASU, Per Diem",nurse,nurse,auto,,
,registered nurse behavioral health,1,Registered Nurse Behavioral Health,nurse,nurse,auto,,
,registered nurse bilingual spanish,1,Registered Nurse / Bilingual Spanish,nurse,nurse,auto,,
,registered nurse bronx 24 hours week part-time,1,Registered Nurse (Bronx | 24 Hours/Week | Part-Time),nurse,nurse,auto,,
,registered nurse bronx 28 hours week part-time,1,Registered Nurse (Bronx | 28 Hours/Week | Part-Time),nurse,nurse,auto,,
,registered nurse cardiac icu imc,1,"Registered Nurse, Cardiac ICU/IMC",nurse,nurse,auto,,
,registered nurse cardiac intensive care cicu,1,Registered Nurse Cardiac Intensive Care (CICU),nurse,nurse,auto,,
,registered nurse cardiac tele stroke evanston,1,"Registered Nurse, Cardiac/Tele/Stroke, Evanston",nurse,nurse,auto,,
,registered nurse cardio prog care telemetry,1,"Registered Nurse, Cardio Prog Care/Telemetry",nurse,nurse,auto,,
,registered nurse cardiovascular cath lab,1,Registered Nurse Cardiovascular Cath Lab,nurse,nurse,auto,,
,registered nurse cardiovascular surgical telemetry night shift 36hrs,1,"Registered Nurse, Cardiovascular Surgical Telemetry, Night shift, 36hrs",nurse,nurse,auto,,
,registered nurse care manager for jacksonville,1,Registered Nurse Care Manager for Jacksonville,nurse,nurse,auto,,
,registered nurse case manager full time,1,Registered Nurse Case Manager Full Time,nurse,nurse,auto,,
,registered nurse case manager- hospice,1,Registered Nurse Case Manager- Hospice,nurse,nurse,auto,,
,registered nurse casual - endoscopy,1,Registered Nurse Casual - Endoscopy,nurse,nurse,auto,,
,registered nurse casual - intensive care unit,1,Registered Nurse Casual - Intensive Care Unit,nurse,nurse,auto,,
,registered nurse casual - nursing float pool,1,Registered Nurse Casual - Nursing Float Pool,nurse,nurse,auto,,
,registered nurse cdh nicu part-time nights sign-on bonus,1,Registered Nurse CDH NICU Part-time Nights Sign-on Bonus,nurse,nurse,auto,,
,registered nurse clinic rn - pain management,1,Registered Nurse Clinic RN - Pain Management,nurse,nurse,auto,,
,registered nurse clinical coord applications,1,Registered Nurse Clinical Coord Applications,nurse,nurse,auto,,
,registered nurse clinical coord telemetry,1,Registered Nurse Clinical Coord Telemetry,nurse,nurse,auto,,
,registered nurse clinical coordinator med-surg,1,Registered Nurse Clinical Coordinator Med-Surg,nurse,nurse,auto,,
,registered nurse clinical coordinator telemetry,1,Registered Nurse Clinical Coordinator Telemetry,nurse,nurse,auto,,
,registered nurse clinical research senior-research industry-full time,1,Registered Nurse Clinical Research Senior-Research Industry-Full Time,nurse,nurse,auto,,
,registered nurse clinical support resource,1,Registered Nurse Clinical Support Resource,nurse,nurse,auto,,
,registered nurse clinical surgical $25 000 bonus bethesda east ft 7p- 7 30a specialty non-procedural,1,"Registered Nurse, Clinical Surgical, $25,000 Bonus, Bethesda East, FT, 7P- 7:30A, Specialty Non-Procedural",nurse,nurse,auto,,
,registered nurse consultant research projects,1,"Registered Nurse Consultant, Research Projects",nurse,nurse,auto,,
,registered nurse critical care float pool,1,Registered Nurse Critical Care Float Pool,nurse,nurse,auto,,
,registered nurse cvor prn,1,Registered Nurse CVOR PRN,nurse,nurse,auto,,
,registered nurse dou step-down unit - full time 12 hour nights - sign on bonus eligible,1,"Registered Nurse: DOU (Step-Down Unit) - Full Time, 12 Hour Nights - Sign On Bonus Eligible",nurse,nurse,auto,,
,registered nurse ecc emergency care jasper - prn,1,"Registered Nurse, ECC Emergency Care, Jasper - PRN",nurse,nurse,auto,,
,registered nurse ed pt days,1,Registered Nurse ED PT Days,nurse,nurse,auto,,
,registered nurse emergency,1,"Registered Nurse, Emergency",nurse,nurse,auto,,
,registered nurse emergency 36hr night,1,"Registered Nurse (Emergency, 36hr, Night)",nurse,nurse,auto,,
,registered nurse emergency department - ft nights,1,Registered Nurse Emergency Department - FT Nights,nurse,nurse,auto,,
,registered nurse emergency room fsed,1,Registered Nurse Emergency Room FSED,nurse,nurse,auto,,
,registered nurse emergency room prn,1,Registered Nurse Emergency Room PRN,nurse,nurse,auto,,
,registered nurse endoscopy,1,Registered Nurse Endoscopy,nurse,nurse,auto,,
,registered nurse evenings,1,Registered Nurse (Evenings),nurse,nurse,auto,,
,registered nurse family birthing center per diem,1,"Registered Nurse, Family Birthing Center, Per Diem",nurse,nurse,auto,,
,registered nurse fellow cvicu,1,Registered Nurse Fellow CVICU,nurse,nurse,auto,,
,registered nurse first assistant,1,Registered Nurse First Assistant,nurse,nurse,auto,,
,registered nurse float - med surg units,1,Registered Nurse Float - Med/Surg Units,nurse,nurse,auto,,
,registered nurse float pool,1,Registered Nurse Float Pool,nurse,nurse,auto,,
,registered nurse float pool prn,1,Registered Nurse Float Pool PRN,nurse,nurse,auto,,
,registered nurse ft 69 12 ~ 2 west medical oncology,1,"Registered Nurse, FT 69 (12) ~ 2 West (Medical/Oncology)",nurse,nurse,auto,,
,registered nurse ft nights medical intensive care unit,1,"Registered Nurse, FT Nights Medical Intensive Care Unit",nurse,nurse,auto,,
,registered nurse full time days pacu preop recovery ambulatory surgery center mmc,1,"Registered Nurse, Full Time Days PACU/Preop/Recovery Ambulatory Surgery Center MMC",nurse,nurse,auto,,
,registered nurse full time evenings,1,Registered Nurse Full Time Evenings,nurse,nurse,auto,,
,registered nurse full-time 7a-7p kahn 4- med surg renal,1,"Registered Nurse, full-time 7a-7p, Kahn 4- Med/Surg/Renal",nurse,nurse,auto,,
,registered nurse general float pool,1,Registered Nurse General Float Pool,nurse,nurse,auto,,
,registered nurse georgia & florida licensed,1,"Registered Nurse, Georgia & Florida Licensed",nurse,nurse,auto,,
,registered nurse health coach pediatrics,1,"Registered Nurse Health Coach, Pediatrics",nurse,nurse,auto,,
,registered nurse health services manager,1,Registered Nurse Health Services Manager,nurse,nurse,auto,,
,registered nurse heathrow er clinical coordinator,1,Registered Nurse Heathrow ER Clinical Coordinator,nurse,nurse,auto,,
,registered nurse hemodialysis,1,"Registered Nurse, Hemodialysis,",nurse,nurse,auto,,
,registered nurse hl,1,"Registered Nurse, HL",nurse,nurse,auto,,
,registered nurse home health,1,Registered Nurse Home Health,nurse,nurse,auto,,
,registered nurse home health full time - float,1,"Registered Nurse, Home Health Full Time - Float",nurse,nurse,auto,,
,registered nurse home health prn weekend,1,"Registered Nurse, Home Health PRN Weekend",nurse,nurse,auto,,
,registered nurse home health weekends,1,"Registered Nurse, Home Health Weekends",nurse,nurse,auto,,
,registered nurse home visits - summit county juvenile detention center -new rates of pay!,1,Registered Nurse Home Visits - Summit County Juvenile Detention Center -New Rates of Pay!,nurse,nurse,auto,,
,registered nurse homecare,1,Registered Nurse Homecare,nurse,nurse,auto,,
,registered nurse homecare prn,1,Registered Nurse Homecare PRN,nurse,nurse,auto,,
,registered nurse hospice *sign-on!*,1,Registered Nurse (Hospice) *Sign-on!*,nurse,nurse,auto,,
,registered nurse i acute care - medical inpatient unit,1,"Registered Nurse I, Acute Care - Medical Inpatient Unit",nurse,nurse,auto,,
,registered nurse i nights,1,Registered Nurse I (Nights),nurse,nurse,auto,,
,registered nurse icu part time days,1,Registered Nurse ICU Part Time Days,nurse,nurse,auto,,
,registered nurse icu prn,1,Registered Nurse ICU PRN,nurse,nurse,auto,,
,registered nurse icu stepdown prn,1,Registered Nurse ICU Stepdown PRN,nurse,nurse,auto,,
,registered nurse ii - art 7w bone marrow transplant,1,Registered Nurse II - ART 7W Bone Marrow Transplant,nurse,nurse,auto,,
,registered nurse ii - art endoscopy procedure nurse,1,Registered Nurse II - ART Endoscopy Procedure Nurse,nurse,nurse,auto,,
,registered nurse ii - behavioral health - fulltime nights,1,"Registered Nurse II - Behavioral Health - Fulltime, Nights",nurse,nurse,auto,,
,registered nurse ii - emergency department full-time days $10 000 sign-on bonus,1,"Registered Nurse II - Emergency Department, Full-time, Days ($10,000 Sign-on Bonus)",nurse,nurse,auto,,
,registered nurse ii - operating room prn,1,Registered Nurse II - Operating Room PRN,nurse,nurse,auto,,
,registered nurse ii - sjch nicu,1,Registered Nurse II - SJCH NICU,nurse,nurse,auto,,
,registered nurse ii adn or bsn,1,Registered Nurse II (ADN or BSN),nurse,nurse,auto,,
,registered nurse ii pediatrics,1,"Registered Nurse II, Pediatrics",nurse,nurse,auto,,
,registered nurse ii post anesthesia care - prn,1,Registered Nurse II Post Anesthesia Care - PRN,nurse,nurse,auto,,
,registered nurse ii rn operating room weekend alt. $5 000 sign on and $10 000 referral bonus,1,"Registered Nurse II (RN) Operating Room Weekend Alt. $5,000 Sign on and $10,000 Referral Bonus",nurse,nurse,auto,,
,registered nurse ii rn outpatient pediatric and adolescent gynecology,1,"Registered Nurse II, (RN) Outpatient Pediatric and Adolescent Gynecology",nurse,nurse,auto,,
,registered nurse ii rn unity 4 surgical nights $10 000 sign on and referral bonus,1,"Registered Nurse  II (RN) Unity 4 Surgical Nights $10,000 Sign on and Referral Bonus",nurse,nurse,auto,,
,registered nurse ii-7e med surg,1,Registered Nurse II-7E Med Surg,nurse,nurse,auto,,
,registered nurse ii-telemetry,1,Registered Nurse II-Telemetry,nurse,nurse,auto,,
,registered nurse imcu,1,Registered Nurse IMCU,nurse,nurse,auto,,
,registered nurse infection prevention,1,"Registered Nurse, Infection Prevention",nurse,nurse,auto,,
,registered nurse infusion prn,1,Registered Nurse Infusion PRN,nurse,nurse,auto,,
,registered nurse inpatient care,1,"Registered Nurse, Inpatient Care",nurse,nurse,auto,,
,registered nurse inpatient float pool per diem,1,"Registered Nurse, Inpatient Float Pool, Per Diem",nurse,nurse,auto,,
,registered nurse inpatient neuro,1,Registered Nurse (Inpatient/Neuro),nurse,nurse,auto,,
,registered nurse inpatient surgical care unit full time nights $3 000 sign on bonus,1,"Registered Nurse Inpatient Surgical Care Unit Full Time Nights $3,000 Sign on Bonus",nurse,nurse,auto,,
,registered nurse intensive care unit prn,1,Registered Nurse Intensive Care Unit PRN,nurse,nurse,auto,,
,registered nurse intermountain obgyn specialists,1,Registered Nurse Intermountain OBGYN Specialists,nurse,nurse,auto,,
,registered nurse intern program,1,Registered Nurse Intern Program,nurse,nurse,auto,,
,registered nurse iv,1,Registered Nurse IV,nurse,nurse,auto,,
,registered nurse iv infusion therapy-part time,1,Registered Nurse IV Infusion Therapy-Part Time,nurse,nurse,auto,,
,registered nurse labor and delivery - prn,1,"Registered Nurse, Labor and Delivery - PRN",nurse,nurse,auto,,
,registered nurse labor and delivery in house registry,1,Registered Nurse Labor and Delivery In House Registry,nurse,nurse,auto,,
,registered nurse lactation consultant mother baby $15 000 bonus ft 6 30a-7p specialty non-procedural,1,"Registered Nurse Lactation Consultant, Mother Baby, $15,000 Bonus, FT, 6:30A-7P, Specialty/Non-Procedural",nurse,nurse,auto,,
,registered nurse lead tb,1,Registered Nurse Lead TB,nurse,nurse,auto,,
,registered nurse long term care - ft,1,Registered Nurse (Long Term Care) - FT,nurse,nurse,auto,,
,registered nurse med surg oncology full time days,1,Registered Nurse Med Surg Oncology Full Time Days,nurse,nurse,auto,,
,registered nurse med surg per diem days,1,Registered Nurse Med Surg Per Diem Days,nurse,nurse,auto,,
,registered nurse med surg tele - travel - $2 230 per week,1,"Registered Nurse (Med Surg/Tele) - Travel - $2,230 Per Week",nurse,nurse,auto,,
,registered nurse med surg telemetry,1,Registered Nurse Med Surg Telemetry,nurse,nurse,auto,,
,registered nurse med-surg full-time 2 west 2 hussey,1,"Registered Nurse, Med-Surg, Full-Time, 2 West / 2 Hussey",nurse,nurse,auto,,
,registered nurse medical office,1,Registered Nurse/Medical Office,nurse,nurse,auto,,
,registered nurse medical surgical telemetry,1,Registered Nurse Medical Surgical Telemetry,nurse,nurse,auto,,
,registered nurse medical telemetry,1,Registered Nurse Medical Telemetry,nurse,nurse,auto,,
,registered nurse micu - 36 hrs,1,Registered Nurse MICU - 36 hrs,nurse,nurse,auto,,
,registered nurse mom baby,1,Registered Nurse Mom Baby,nurse,nurse,auto,,
,registered nurse mps - 16 hours,1,Registered Nurse MPS - 16 hours,nurse,nurse,auto,,
,registered nurse neurovascular service,1,Registered Nurse Neurovascular Service,nurse,nurse,auto,,
,registered nurse new grad rn,1,Registered Nurse (New Grad RN),nurse,nurse,auto,,
,registered nurse new grads accepted,1,Registered Nurse (New Grads Accepted),nurse,nurse,auto,,
,registered nurse nicu,1,Registered Nurse NICU,nurse,nurse,auto,,
,registered nurse night rn,1,Registered Nurse (Night RN),nurse,nurse,auto,,
,registered nurse night shift - post surgical unit - north central,1,Registered Nurse Night Shift - Post Surgical Unit - North Central,nurse,nurse,auto,,
,registered nurse nights - cardiothoracic vascular transplant unit,1,"Registered Nurse, Nights - Cardiothoracic Vascular Transplant Unit",nurse,nurse,auto,,
,registered nurse nights - cardiovascular thoracic transplant unit,1,Registered Nurse (Nights) - Cardiovascular / Thoracic / Transplant Unit,nurse,nurse,auto,,
,registered nurse nyc,1,"Registered Nurse, NYC",nurse,nurse,auto,,
,registered nurse o-3 billet non-supervisory,1,Registered Nurse (O-3 Billet) Non-Supervisory,nurse,nurse,auto,,
,registered nurse ob days,1,Registered Nurse OB Days,nurse,nurse,auto,,
,registered nurse observation unit 25k sign on bonus nights,1,Registered Nurse Observation Unit 25K Sign On Bonus Nights,nurse,nurse,auto,,
,registered nurse obstetrics,1,"Registered Nurse, Obstetrics",nurse,nurse,auto,,
,registered nurse occupational health services,1,Registered Nurse Occupational Health Services,nurse,nurse,auto,,
,registered nurse oncology,1,"Registered Nurse, Oncology",nurse,nurse,auto,,
,registered nurse oncology bronchoscopy lab,1,Registered Nurse (Oncology/Bronchoscopy Lab),nurse,nurse,auto,,
,registered nurse oncology full time nights,1,Registered Nurse Oncology Full Time Nights,nurse,nurse,auto,,
,registered nurse operating room - bloomfield surgery center,1,Registered Nurse Operating Room - Bloomfield Surgery Center,nurse,nurse,auto,,
,registered nurse operating room - dry creek surgery center,1,Registered Nurse Operating Room - Dry Creek Surgery Center,nurse,nurse,auto,,
,registered nurse operating room - raritan valley surgery center,1,Registered Nurse Operating Room - Raritan Valley Surgery Center,nurse,nurse,auto,,
,registered nurse operating room - texas health ft. worth midtown,1,Registered Nurse Operating Room - Texas Health Ft. Worth Midtown,nurse,nurse,auto,,
,registered nurse operating room full-time,1,"Registered Nurse, Operating Room, Full-Time",nurse,nurse,auto,,
,registered nurse operating room per diem temporary,1,"Registered Nurse, Operating Room, Per Diem Temporary",nurse,nurse,auto,,
,registered nurse operating room pool - texas health surgery center heritage trace,1,"Registered Nurse Operating Room, Pool - Texas Health Surgery Center Heritage Trace",nurse,nurse,auto,,
,registered nurse operating room prn,1,Registered Nurse Operating Room PRN,nurse,nurse,auto,,
,registered nurse ophthalmology per diem,1,"Registered Nurse, Ophthalmology Per Diem",nurse,nurse,auto,,
,registered nurse opsc circulator ft days,1,Registered Nurse OPSC Circulator FT Days,nurse,nurse,auto,,
,registered nurse or,1,"Registered Nurse, OR",nurse,nurse,auto,,
,registered nurse ortho med surg prn,1,Registered Nurse Ortho Med Surg PRN,nurse,nurse,auto,,
,registered nurse other anc enterostomal thrpy - full time,1,"Registered Nurse, Other Anc Enterostomal Thrpy - Full time",nurse,nurse,auto,,
,registered nurse pacu $20 000 bonus ft 1p-11 30p specialized,1,"Registered Nurse, PACU, $20,000 Bonus, FT, 1P-11:30P, Specialized",nurse,nurse,auto,,
,registered nurse pacu ft - call required,1,Registered Nurse PACU FT - Call Required,nurse,nurse,auto,,
,registered nurse part-time 12 hr. shifts!,1,"Registered Nurse, Part-Time 12 Hr. Shifts!",nurse,nurse,auto,,
,registered nurse patient care manager pcm - pediatric specialties,1,Registered Nurse Patient Care Manager(PCM)- Pediatric Specialties,nurse,nurse,auto,,
,registered nurse pcicu,1,Registered Nurse PCICU,nurse,nurse,auto,,
,registered nurse pcu stepdown seasonal nights,1,Registered Nurse | PCU/Stepdown | Seasonal Nights,nurse,nurse,auto,,
,registered nurse pd days wound healing omc,1,Registered Nurse PD Days Wound Healing OMC,nurse,nurse,auto,,
,registered nurse pediatric homecare,1,Registered Nurse Pediatric Homecare,nurse,nurse,auto,,
,registered nurse pediatric icu,1,"Registered Nurse, Pediatric ICU",nurse,nurse,auto,,
,registered nurse pediatrics icu,1,"Registered Nurse, Pediatrics ICU",nurse,nurse,auto,,
,registered nurse per diem,1,REGISTERED NURSE PER DIEM,nurse,nurse,auto,,
,registered nurse per diem - gyn onc,1,Registered Nurse (Per Diem) - Gyn/Onc,nurse,nurse,auto,,
,registered nurse per diem hickory,1,Registered Nurse Per Diem Hickory,nurse,nurse,auto,,
,registered nurse per diem intensive care,1,"Registered Nurse, Per Diem Intensive Care",nurse,nurse,auto,,
,registered nurse per diem lotus,1,Registered Nurse Per Diem Lotus,nurse,nurse,auto,,
,registered nurse per diem pediatrics omc,1,"Registered Nurse, Per Diem Pediatrics OMC",nurse,nurse,auto,,
,registered nurse pimc,1,Registered Nurse PIMC,nurse,nurse,auto,,
,registered nurse post surgical,1,Registered Nurse Post Surgical,nurse,nurse,auto,,
,registered nurse post surgical pacu - part time,1,"Registered Nurse, Post Surgical PACU - Part time",nurse,nurse,auto,,
,registered nurse pre assessment testing - lakeside ambulatory surgery center,1,Registered Nurse Pre Assessment Testing - Lakeside Ambulatory Surgery Center,nurse,nurse,auto,,
,registered nurse pre assessment testing - midlands orthopedics surgery center,1,Registered Nurse Pre Assessment Testing - Midlands Orthopedics Surgery Center,nurse,nurse,auto,,
,registered nurse pre operative pacu - no call no evenings no weekends!,1,"Registered Nurse, Pre Operative/PACU - No Call, No Evenings, No Weekends!",nurse,nurse,auto,,
,registered nurse pre-op pacu brunswick ga,1,"Registered Nurse/Pre-OP PACU, Brunswick, GA",nurse,nurse,auto,,
,registered nurse preop clinic,1,"Registered Nurse, Preop Clinic",nurse,nurse,auto,,
,registered nurse preop pacu prn,1,Registered Nurse | PreOp/PACU | PRN,nurse,nurse,auto,,
,registered nurse prn,1,Registered Nurse PRN,nurse,nurse,auto,,
,registered nurse prn - echo department,1,REGISTERED NURSE PRN - ECHO DEPARTMENT,nurse,nurse,auto,,
,registered nurse prn ii-pediatrics,1,REGISTERED NURSE PRN II-PEDIATRICS,nurse,nurse,auto,,
,registered nurse prn med surg dillon,1,"Registered Nurse, PRN, Med Surg, Dillon",nurse,nurse,auto,,
,registered nurse prn12 l&d - cso night,1,"Registered Nurse, PRN12 L&D - CSO (Night)",nurse,nurse,auto,,
,registered nurse prn36 l&d - cso night,1,"Registered Nurse, PRN36 L&D - CSO (Night)",nurse,nurse,auto,,
,registered nurse procedural - arrhythmia center - full time day,1,Registered Nurse Procedural - Arrhythmia Center - Full Time Day,nurse,nurse,auto,,
,registered nurse progressive care unit full time days,1,Registered Nurse Progressive Care Unit Full Time Days,nurse,nurse,auto,,
,registered nurse psych prn,1,Registered Nurse Psych PRN,nurse,nurse,auto,,
,registered nurse quality assurance coordinator - quality assurance,1,Registered Nurse Quality Assurance Coordinator - Quality Assurance,nurse,nurse,auto,,
,registered nurse radiology,1,"Registered Nurse, Radiology",nurse,nurse,auto,,
,registered nurse rapid response,1,Registered Nurse Rapid Response,nurse,nurse,auto,,
,registered nurse rcmg,1,Registered Nurse/RCMG,nurse,nurse,auto,,
,registered nurse rehab,1,Registered Nurse Rehab,nurse,nurse,auto,,
,registered nurse residency-pediatrics-blank children's hospital- summer 2024,1,Registered Nurse Residency-Pediatrics-Blank Children's Hospital- Summer 2024,nurse,nurse,auto,,
,registered nurse resident,1,Registered Nurse Resident,nurse,nurse,auto,,
,registered nurse resident summer '24 cohort,1,Registered Nurse Resident (Summer '24 Cohort),nurse,nurse,auto,,
,registered nurse respiratory oncology unit,1,Registered Nurse Respiratory Oncology unit,nurse,nurse,auto,,
,registered nurse rn + $5000 sign on bonus!,1,Registered Nurse (RN) + $5000 Sign on Bonus!,nurse,nurse,auto,,
,registered nurse rn - 1 1 school days,1,Registered Nurse (RN) - 1:1 School Days,nurse,nurse,auto,,
,registered nurse rn - acute care gastrointestinal diagnostic lab ft variable,1,"Registered Nurse (RN) - Acute Care, Gastrointestinal Diagnostic Lab, FT, Variable",nurse,nurse,auto,,
,registered nurse rn - acute care orthopedic trauma surgery ft nights,1,"Registered Nurse (RN) - Acute Care, Orthopedic Trauma Surgery, FT, Nights",nurse,nurse,auto,,
,registered nurse rn - acute orthopedics 6 east - weekend program,1,"Registered Nurse (RN) – Acute Orthopedics, 6 East – Weekend Program",nurse,nurse,auto,,
,registered nurse rn - adult medicine internal medicine,1,Registered Nurse (RN) - Adult Medicine / Internal Medicine,nurse,nurse,auto,,
,registered nurse rn - adult observation,1,Registered Nurse (RN) - Adult Observation,nurse,nurse,auto,,
,registered nurse rn - advanced wound care clinic - west bank - full time,1,Registered Nurse (RN) - Advanced Wound Care Clinic - West Bank - Full Time,nurse,nurse,auto,,
,registered nurse rn - apheresis - 12 week assignment,1,Registered Nurse (RN) - Apheresis - 12 Week Assignment,nurse,nurse,auto,,
,registered nurse rn - baylor shift $1000.00 sign on bonus - agency free facility,1,Registered Nurse (RN) - Baylor Shift $1000.00 Sign on Bonus - Agency Free Facility,nurse,nurse,auto,,
,registered nurse rn - behavioral health,1,Registered Nurse ( RN ) - Behavioral Health,nurse,nurse,auto,,
,registered nurse rn - behavioral health - $32-58 per hour - 117540,1,Registered Nurse (RN) - Behavioral Health - $32-58 per hour - 117540,nurse,nurse,auto,,
,registered nurse rn - behavioral health - $32-58 per hour - 117542,1,Registered Nurse (RN) - Behavioral Health - $32-58 per hour - 117542,nurse,nurse,auto,,
,registered nurse rn - birthing center,1,Registered Nurse (RN) - Birthing Center,nurse,nurse,auto,,
,registered nurse rn - breast surgical oncology clinic - $40.00-$63.00 hour - full time - enjoy up to a $10k sign-on bonus*,1,Registered Nurse (RN) – Breast Surgical Oncology Clinic  - $40.00-$63.00 / hour - Full Time - Enjoy up to a $10k Sign-on Bonus*,nurse,nurse,auto,,
,registered nurse rn - bryn mawr hospital float swat,1,Registered Nurse (RN) - Bryn Mawr Hospital Float/SWAT,nurse,nurse,auto,,
,registered nurse rn - cardiac stepdown - $30-48 per hour - 117134,1,Registered Nurse (RN) - Cardiac Stepdown - $30-48 per hour - 117134,nurse,nurse,auto,,
,registered nurse rn - cardiology - $32-58 per hour - 115849,1,Registered Nurse (RN) - Cardiology - $32-58 per hour - 115849,nurse,nurse,auto,,
,registered nurse rn - ccu - coronary care - $32-58 per hour - 116585,1,Registered Nurse (RN) - CCU - Coronary Care - $32-58 per hour - 116585,nurse,nurse,auto,,
,registered nurse rn - ccu cvicu 1-year acute care exp req,1,"Registered Nurse, RN - CCU (CVICU) (1-year Acute Care Exp Req)",nurse,nurse,auto,,
,registered nurse rn - clinic electrophysiology lab - $26-43 per hour - r107491,1,Registered Nurse (RN) - Clinic Electrophysiology Lab - $26-43 per hour - R107491,nurse,nurse,auto,,
,registered nurse rn - clinic electrophysiology lab - $26-43 per hour - r109102,1,Registered Nurse (RN) - Clinic Electrophysiology Lab - $26-43 per hour - R109102,nurse,nurse,auto,,
,registered nurse rn - critical care csso,1,"Registered Nurse, RN - Critical Care CSSO",nurse,nurse,auto,,
,registered nurse rn - cv pcu part-time,1,"Registered Nurse (RN) - CV PCU, Part-Time",nurse,nurse,auto,,
,registered nurse rn - day shift medical surgical unit r4,1,"Registered Nurse, RN - Day Shift, Medical Surgical Unit (R4)",nurse,nurse,auto,,
,registered nurse rn - day surgery - $32-58 per hour - 116183,1,Registered Nurse (RN) - Day Surgery - $32-58 per hour - 116183,nurse,nurse,auto,,
,registered nurse rn - day surgery - $32-58 per hour - 116187,1,Registered Nurse (RN) - Day Surgery - $32-58 per hour - 116187,nurse,nurse,auto,,
,registered nurse rn - dou - direct observation unit - $29-48 per hour - r4372492,1,Registered Nurse (RN) - DOU - Direct Observation Unit - $29-48 per hour - R4372492,nurse,nurse,auto,,
,registered nurse rn - ed - emergency department - $32-52 per hour - r107946,1,Registered Nurse (RN) - ED - Emergency Department - $32-52 per hour - R107946,nurse,nurse,auto,,
,registered nurse rn - ed - emergency department - $32-58 per hour - 114685,1,Registered Nurse (RN) - ED - Emergency Department - $32-58 per hour - 114685,nurse,nurse,auto,,
,registered nurse rn - ed - emergency department - $32-58 per hour - 115215,1,Registered Nurse (RN) - ED - Emergency Department - $32-58 per hour - 115215,nurse,nurse,auto,,
,registered nurse rn - ed - emergency department - $32-58 per hour - 115809,1,Registered Nurse (RN) - ED - Emergency Department - $32-58 per hour - 115809,nurse,nurse,auto,,
,registered nurse rn - ed - emergency department - $32-58 per hour - 115814,1,Registered Nurse (RN) - ED - Emergency Department - $32-58 per hour - 115814,nurse,nurse,auto,,
,registered nurse rn - ed - emergency department - $32-58 per hour - 117375,1,Registered Nurse (RN) - ED - Emergency Department - $32-58 per hour - 117375,nurse,nurse,auto,,
,registered nurse rn - ed - emergency department - $33-55 per hour - r4374494,1,Registered Nurse (RN) - ED - Emergency Department - $33-55 per hour - R4374494,nurse,nurse,auto,,
,registered nurse rn - emergency department - prn,1,Registered Nurse (RN) - Emergency Department - PRN,nurse,nurse,auto,,
,registered nurse rn - emergency department - weekend program,1,Registered Nurse (RN) - Emergency Department - Weekend Program,nurse,nurse,auto,,
,registered nurse rn - emergency department ed,1,Registered Nurse ( RN ) - Emergency Department ( ED ),nurse,nurse,auto,,
,registered nurse rn - emergency department ed - resource pool - full time,1,Registered Nurse (RN) - Emergency Department (ED) - Resource Pool - Full Time,nurse,nurse,auto,,
,registered nurse rn - emergency room prn,1,Registered Nurse (RN) - Emergency Room PRN,nurse,nurse,auto,,
,registered nurse rn - er,1,Registered Nurse (RN) - ER,nurse,nurse,auto,,
,registered nurse rn - f t days westover hills rehab,1,Registered Nurse (RN) - F/T Days | Westover Hills Rehab,nurse,nurse,auto,,
,registered nurse rn - f t nights westover hills rehab,1,Registered Nurse (RN) - F/T Nights | Westover Hills Rehab,nurse,nurse,auto,,
,registered nurse rn - float - $32-52 per hour - r110186,1,Registered Nurse (RN) - Float - $32-52 per hour - R110186,nurse,nurse,auto,,
,registered nurse rn - float - $32-52 per hour - r110187,1,Registered Nurse (RN) - Float - $32-52 per hour - R110187,nurse,nurse,auto,,
,registered nurse rn - float nights,1,Registered Nurse RN - Float Nights,nurse,nurse,auto,,
,registered nurse rn - ft weekend track nights - orthopedics,1,"Registered Nurse (RN) — FT Weekend Track, Nights — Orthopedics",nurse,nurse,auto,,
,registered nurse rn - full time days - cardiac post cticu,1,"Registered Nurse (RN) - Full Time, Days - Cardiac Post CTICU",nurse,nurse,auto,,
,registered nurse rn - full time days - er,1,Registered Nurse (RN) - Full Time Days - ER,nurse,nurse,auto,,
,registered nurse rn - full time nights - $15 000 sign-on bonus,1,"Registered Nurse (RN) - Full Time Nights - $15,000 Sign-On Bonus",nurse,nurse,auto,,
,registered nurse rn - full-time 2nd shift,1,Registered Nurse (RN) - Full-Time 2nd Shift,nurse,nurse,auto,,
,registered nurse rn - general surgical,1,Registered Nurse RN - General Surgical,nurse,nurse,auto,,
,registered nurse rn - gumenick suites - nights,1,Registered Nurse (RN) - Gumenick Suites - Nights,nurse,nurse,auto,,
,registered nurse rn - hematology oncology - $32-58 per hour - 110298,1,Registered Nurse (RN) - Hematology / Oncology - $32-58 per hour - 110298,nurse,nurse,auto,,
,registered nurse rn - hemodialysis - prn,1,Registered Nurse (RN) - Hemodialysis - PRN,nurse,nurse,auto,,
,registered nurse rn - hemodialysis- rotating- 12 week contract,1,Registered Nurse (RN)- Hemodialysis- Rotating- 12 Week Contract,nurse,nurse,auto,,
,registered nurse rn - home care,1,"Registered Nurse, RN - Home Care",nurse,nurse,auto,,
,registered nurse rn - home health - $32-58 per hour - 107842,1,Registered Nurse (RN) - Home Health - $32-58 per hour - 107842,nurse,nurse,auto,,
,registered nurse rn - home health - $35-47 per hour - r108285,1,Registered Nurse (RN) - Home Health - $35-47 per hour - R108285,nurse,nurse,auto,,
,registered nurse rn - home health - part time,1,Registered Nurse (RN) - Home Health - Part Time,nurse,nurse,auto,,
,registered nurse rn - home health - prn,1,Registered Nurse (RN) - Home Health - PRN,nurse,nurse,auto,,
,registered nurse rn - home health visits,1,"Registered Nurse, RN - Home Health Visits",nurse,nurse,auto,,
,registered nurse rn - home health visits full-time,1,"Registered Nurse, RN - Home Health Visits Full-time",nurse,nurse,auto,,
,registered nurse rn - home visits weekend,1,Registered Nurse ( RN ) - Home Visits Weekend,nurse,nurse,auto,,
,registered nurse rn - homecare,1,"Registered Nurse, RN - Homecare",nurse,nurse,auto,,
,registered nurse rn - hospice - prn,1,Registered Nurse (RN) - Hospice - PRN,nurse,nurse,auto,,
,registered nurse rn - icu - intensive care unit - $32-52 per hour - r88972,1,Registered Nurse (RN) - ICU - Intensive Care Unit - $32-52 per hour - R88972,nurse,nurse,auto,,
,registered nurse rn - icu - intensive care unit - $32-58 per hour - 101748,1,Registered Nurse (RN) - ICU - Intensive Care Unit - $32-58 per hour - 101748,nurse,nurse,auto,,
,registered nurse rn - icu - intensive care unit - $32-58 per hour - 116397,1,Registered Nurse (RN) - ICU - Intensive Care Unit - $32-58 per hour - 116397,nurse,nurse,auto,,
,registered nurse rn - icu - nights ** sign on avail**,1,Registered Nurse (RN) - ICU - Nights ** Sign on Avail**,nurse,nurse,auto,,
,registered nurse rn - infusion clinic - st. charles parish hospital - full time,1,Registered Nurse (RN) - Infusion Clinic - St. Charles Parish Hospital - Full Time,nurse,nurse,auto,,
,registered nurse rn - inpatient rehab unit,1,Registered Nurse (RN) - Inpatient Rehab Unit,nurse,nurse,auto,,
,registered nurse rn - intermediate care - full time days,1,"Registered Nurse / RN - Intermediate Care - Full Time, Days",nurse,nurse,auto,,
,registered nurse rn - labor & delivery,1,Registered Nurse (RN) - Labor & Delivery,nurse,nurse,auto,,
,registered nurse rn - labor and delivery 1 yr of l&d experience required,1,"Registered Nurse, RN - Labor And Delivery (1 yr of L&D experience required)",nurse,nurse,auto,,
,registered nurse rn - labor and delivery l&d unit - part-time nights,1,Registered Nurse (RN) – Labor and Delivery (L&D) Unit - Part-Time Nights,nurse,nurse,auto,,
,registered nurse rn - liberty commons of alamance county,1,REGISTERED NURSE (RN) - LIBERTY COMMONS OF ALAMANCE COUNTY,nurse,nurse,auto,,
,registered nurse rn - long term acute care - $49 per hour - 284914,1,Registered Nurse (RN) - Long Term Acute Care - $49 per hour - 284914,nurse,nurse,auto,,
,registered nurse rn - long term acute care - $49 per hour - 284915,1,Registered Nurse (RN) - Long Term Acute Care - $49 per hour - 284915,nurse,nurse,auto,,
,registered nurse rn - long term acute care - $49-66 per hour - 285228,1,Registered Nurse (RN) - Long Term Acute Care - $49-66 per hour - 285228,nurse,nurse,auto,,
,registered nurse rn - manager or - operating room - $49-81 per hour - r4373867,1,"Registered Nurse (RN) - Manager, OR - Operating Room - $49-81 per hour - R4373867",nurse,nurse,auto,,
,registered nurse rn - med surg - $29-42 per hour - 1161353,1,Registered Nurse (RN) - Med Surg - $29-42 per hour - 1161353,nurse,nurse,auto,,
,registered nurse rn - med surg - $30-48 per hour - 117257,1,Registered Nurse (RN) - Med Surg - $30-48 per hour - 117257,nurse,nurse,auto,,
,registered nurse rn - med surg - $30-48 per hour - 117264,1,Registered Nurse (RN) - Med Surg - $30-48 per hour - 117264,nurse,nurse,auto,,
,registered nurse rn - med surg - $32-52 per hour - r108393,1,Registered Nurse (RN) - Med Surg - $32-52 per hour - R108393,nurse,nurse,auto,,
,registered nurse rn - med surg - $32-52 per hour - r108443,1,Registered Nurse (RN) - Med Surg - $32-52 per hour - R108443,nurse,nurse,auto,,
,registered nurse rn - med surg - $32-52 per hour - r109789,1,Registered Nurse (RN) - Med Surg - $32-52 per hour - R109789,nurse,nurse,auto,,
,registered nurse rn - med surg - $32-52 per hour - r109869,1,Registered Nurse (RN) - Med Surg - $32-52 per hour - R109869,nurse,nurse,auto,,
,registered nurse rn - med surg - $32-58 per hour - 108754,1,Registered Nurse (RN) - Med Surg - $32-58 per hour - 108754,nurse,nurse,auto,,
,registered nurse rn - med surg - $32-58 per hour - 114659,1,Registered Nurse (RN) - Med Surg - $32-58 per hour - 114659,nurse,nurse,auto,,
,registered nurse rn - med surg - $32-58 per hour - 114730,1,Registered Nurse (RN) - Med Surg - $32-58 per hour - 114730,nurse,nurse,auto,,
,registered nurse rn - med surg - $32-58 per hour - 115610,1,Registered Nurse (RN) - Med Surg - $32-58 per hour - 115610,nurse,nurse,auto,,
,registered nurse rn - med surg - $32-58 per hour - 115618,1,Registered Nurse (RN) - Med Surg - $32-58 per hour - 115618,nurse,nurse,auto,,
,registered nurse rn - med surg - $32-58 per hour - 115884,1,Registered Nurse (RN) - Med Surg - $32-58 per hour - 115884,nurse,nurse,auto,,
,registered nurse rn - med surg telemetry - $32-52 per hour - r107903,1,Registered Nurse (RN) - Med Surg / Telemetry - $32-52 per hour - R107903,nurse,nurse,auto,,
,registered nurse rn - med surg telemetry - $32-58 per hour - 81197,1,Registered Nurse (RN) - Med Surg / Telemetry - $32-58 per hour - 81197,nurse,nurse,auto,,
,registered nurse rn - med surg unit v - 5h - full time night,1,Registered Nurse RN - Med Surg Unit V - 5H - Full Time Night,nurse,nurse,auto,,
,registered nurse rn - medical complexity surgical unit,1,Registered Nurse RN - Medical Complexity Surgical Unit,nurse,nurse,auto,,
,registered nurse rn - medical icu micu - pt nights,1,Registered Nurse RN - Medical ICU MICU - PT Nights,nurse,nurse,auto,,
,registered nurse rn - medical observation unit mou - pt nights,1,Registered Nurse RN - Medical Observation Unit MOU - PT Nights,nurse,nurse,auto,,
,registered nurse rn - medical surgical full time nights,1,Registered Nurse (RN) – Medical Surgical Full Time Nights,nurse,nurse,auto,,
,registered nurse rn - medical surgical unit m3,1,"Registered Nurse, RN - Medical Surgical Unit (M3)",nurse,nurse,auto,,
,registered nurse rn - medicine telemetry cary hospital full-time days wknds as needed,1,"Registered Nurse (RN) - Medicine/Telemetry, Cary Hospital (Full-Time; Days; Wknds as Needed)",nurse,nurse,auto,,
,registered nurse rn - medsurg tele floats- full time day,1,Registered Nurse RN - MedSurg/Tele Floats- Full Time Day,nurse,nurse,auto,,
,registered nurse rn - medsurg tele sd - nights **sign on avail**,1,Registered Nurse (RN) - MedSurg/Tele/SD - Nights **Sign on Avail**,nurse,nurse,auto,,
,registered nurse rn - micu,1,Registered Nurse RN - MICU,nurse,nurse,auto,,
,registered nurse rn - micu - medical intensive care unit - $32-58 per hour - 116909,1,Registered Nurse (RN) - MICU - Medical Intensive Care Unit - $32-58 per hour - 116909,nurse,nurse,auto,,
,registered nurse rn - neonatal intensive care night shift,1,Registered Nurse (RN) - Neonatal Intensive Care (Night Shift),nurse,nurse,auto,,
,registered nurse rn - neuro icu - $32-58 per hour - 115635,1,Registered Nurse (RN) - Neuro ICU - $32-58 per hour - 115635,nurse,nurse,auto,,
,registered nurse rn - neuro imcu-prn-d,1,Registered Nurse RN - Neuro IMCU-PRN-D,nurse,nurse,auto,,
,registered nurse rn - neuro medical prn-b,1,Registered Nurse RN - Neuro / Medical PRN-B,nurse,nurse,auto,,
,registered nurse rn - neuro surgical and surgical step down,1,Registered Nurse RN - Neuro Surgical and Surgical Step Down,nurse,nurse,auto,,
,registered nurse rn - neurosurgery - $32-52 per hour - r109919,1,Registered Nurse (RN) - Neurosurgery - $32-52 per hour - R109919,nurse,nurse,auto,,
,registered nurse rn - new graduate,1,Registered Nurse (RN) - New Graduate,nurse,nurse,auto,,
,registered nurse rn - new graduate night shift,1,Registered Nurse (RN) - New Graduate Night Shift,nurse,nurse,auto,,
,registered nurse rn - nicu - neonatal intensive care - $32-52 per hour - 1161380,1,Registered Nurse (RN) - NICU - Neonatal Intensive Care - $32-52 per hour - 1161380,nurse,nurse,auto,,
,registered nurse rn - nicu - neonatal intensive care - $32-58 per hour - 117063,1,Registered Nurse (RN) - NICU - Neonatal Intensive Care - $32-58 per hour - 117063,nurse,nurse,auto,,
,registered nurse rn - noc,1,Registered Nurse (RN) - NOC,nurse,nurse,auto,,
,registered nurse rn - nurse resident july 2024 icu neuro,1,"Registered Nurse (RN) - Nurse Resident, July 2024, ICU Neuro",nurse,nurse,auto,,
,registered nurse rn - nursing floats - full time day,1,Registered Nurse RN - Nursing Floats - Full Time Day,nurse,nurse,auto,,
,registered nurse rn - oncology - $32-52 per hour - r108969,1,Registered Nurse (RN) - Oncology - $32-52 per hour - R108969,nurse,nurse,auto,,
,registered nurse rn - oncology - $32-58 per hour - 115198,1,Registered Nurse (RN) - Oncology - $32-58 per hour - 115198,nurse,nurse,auto,,
,registered nurse rn - operating room - ft days,1,Registered Nurse RN - Operating Room - FT Days,nurse,nurse,auto,,
,registered nurse rn - operating room circulator full time days,1,Registered Nurse/RN – Operating Room Circulator Full Time Days,nurse,nurse,auto,,
,registered nurse rn - or - operating room - $21-31 per hour - r4372637,1,Registered Nurse (RN) - OR - Operating Room - $21-31 per hour - R4372637,nurse,nurse,auto,,
,registered nurse rn - or - operating room - $32-52 per hour - r107106,1,Registered Nurse (RN) - OR - Operating Room - $32-52 per hour - R107106,nurse,nurse,auto,,
,registered nurse rn - or - operating room - $32-52 per hour - r107433,1,Registered Nurse (RN) - OR - Operating Room - $32-52 per hour - R107433,nurse,nurse,auto,,
,registered nurse rn - or - operating room - $32-52 per hour - r109101,1,Registered Nurse (RN) - OR - Operating Room - $32-52 per hour - R109101,nurse,nurse,auto,,
,registered nurse rn - or - operating room - $32-52 per hour - r109104,1,Registered Nurse (RN) - OR - Operating Room - $32-52 per hour - R109104,nurse,nurse,auto,,
,registered nurse rn - or - operating room - $32-52 per hour - r110043,1,Registered Nurse (RN) - OR - Operating Room - $32-52 per hour - R110043,nurse,nurse,auto,,
,registered nurse rn - or - operating room - $32-58 per hour - 116149,1,Registered Nurse (RN) - OR - Operating Room - $32-58 per hour - 116149,nurse,nurse,auto,,
,registered nurse rn - outpatient -gi nurse endoscopy ambulatory surgery center ft,1,"Registered Nurse (RN)- Outpatient -GI Nurse, Endoscopy Ambulatory Surgery Center, FT",nurse,nurse,auto,,
,registered nurse rn - outpatient operating room ft days,1,"Registered Nurse (RN) - Outpatient, Operating Room, FT, Days",nurse,nurse,auto,,
,registered nurse rn - pacu,1,Registered Nurse (RN) - PACU,nurse,nurse,auto,,
,registered nurse rn - pacu - post anesthesia care - $32-58 per hour - 115852,1,Registered Nurse (RN) - PACU - Post Anesthesia Care - $32-58 per hour - 115852,nurse,nurse,auto,,
,registered nurse rn - pacu - post anesthesia care - $32-58 per hour - 115854,1,Registered Nurse (RN) - PACU - Post Anesthesia Care - $32-58 per hour - 115854,nurse,nurse,auto,,
,registered nurse rn - pacu - post anesthesia care - $32-58 per hour - 115887,1,Registered Nurse (RN) - PACU - Post Anesthesia Care - $32-58 per hour - 115887,nurse,nurse,auto,,
,registered nurse rn - pacu - post anesthesia care med surg - $32-58 per hour - 115738,1,Registered Nurse (RN) - PACU - Post Anesthesia Care Med Surg - $32-58 per hour - 115738,nurse,nurse,auto,,
,registered nurse rn - pacu - post anesthesia care med surg - $32-58 per hour - 115864,1,Registered Nurse (RN) - PACU - Post Anesthesia Care Med Surg - $32-58 per hour - 115864,nurse,nurse,auto,,
,registered nurse rn - part-time 3rd shift,1,Registered Nurse (RN) - Part-Time 3rd Shift,nurse,nurse,auto,,
,registered nurse rn - pccu surgical telemetry - full time days,1,Registered Nurse (RN) – PCCU Surgical Telemetry - Full Time Days,nurse,nurse,auto,,
,registered nurse rn - pcu - progressive care unit - $32-58 per hour - 116736,1,Registered Nurse (RN) - PCU - Progressive Care Unit - $32-58 per hour - 116736,nurse,nurse,auto,,
,registered nurse rn - pediatric care center part time,1,Registered Nurse (RN) - Pediatric Care Center (Part Time),nurse,nurse,auto,,
,registered nurse rn - pediatric emergency department,1,Registered Nurse (RN) - Pediatric Emergency Department,nurse,nurse,auto,,
,registered nurse rn - pediatrics - $32-58 per hour - 116250,1,Registered Nurse (RN) - Pediatrics - $32-58 per hour - 116250,nurse,nurse,auto,,
,registered nurse rn - pediatrics - $32-58 per hour - 116274,1,Registered Nurse (RN) - Pediatrics - $32-58 per hour - 116274,nurse,nurse,auto,,
,registered nurse rn - pediatrics - $32-58 per hour - 116276,1,Registered Nurse (RN) - Pediatrics - $32-58 per hour - 116276,nurse,nurse,auto,,
,registered nurse rn - per diem days,1,Registered Nurse (RN)- Per Diem Days,nurse,nurse,auto,,
,registered nurse rn - per diem prn,1,Registered Nurse (RN) - Per Diem/PRN,nurse,nurse,auto,,
,registered nurse rn - per diem- night shift,1,Registered Nurse (RN) - Per Diem- Night Shift,nurse,nurse,auto,,
,registered nurse rn - picu - nights ft,1,Registered Nurse (RN) - PICU - Nights/FT,nurse,nurse,auto,,
,registered nurse rn - preop resource pool - ft days,1,Registered Nurse RN - Preop Resource Pool - FT days,nurse,nurse,auto,,
,registered nurse rn - preoperative - $32-58 per hour - 103389,1,Registered Nurse (RN) - Preoperative - $32-58 per hour - 103389,nurse,nurse,auto,,
,registered nurse rn - preoperative - $32-58 per hour - 116517,1,Registered Nurse (RN) - Preoperative - $32-58 per hour - 116517,nurse,nurse,auto,,
,registered nurse rn - prn days clear lake north,1,Registered Nurse (RN) - PRN Days | Clear Lake North,nurse,nurse,auto,,
,registered nurse rn - prn days sarasota,1,Registered Nurse (RN) - PRN Days | Sarasota,nurse,nurse,auto,,
,registered nurse rn - prn days westover hills rehab,1,Registered Nurse (RN) - PRN Days | Westover Hills Rehab,nurse,nurse,auto,,
,registered nurse rn - prn night las vegas ltach,1,Registered Nurse (RN) - PRN Night | Las Vegas LTACH,nurse,nurse,auto,,
,registered nurse rn - prn nights,1,Registered Nurse (RN) - PRN Nights,nurse,nurse,auto,,
,registered nurse rn - progressive care 25 north,1,Registered Nurse (RN) - Progressive Care (25 North),nurse,nurse,auto,,
,registered nurse rn - progressive care step down - mercy health west hospital,1,Registered Nurse (RN) – Progressive Care (Step down) – Mercy Health West Hospital,nurse,nurse,auto,,
,registered nurse rn - pulmonary hospice unit - pt nights,1,Registered Nurse RN - Pulmonary / Hospice Unit - PT Nights,nurse,nurse,auto,,
,registered nurse rn - radiology main - enjoy up to enjoy a $10k sign-on bonus*,1,Registered Nurse (RN) – Radiology Main - Enjoy Up To Enjoy a $10k Sign-on Bonus*,nurse,nurse,auto,,
,registered nurse rn - rehabilitation - $21 per hour - 278768,1,Registered Nurse (RN) - Rehabilitation - $21 per hour - 278768,nurse,nurse,auto,,
,registered nurse rn - rehabilitation - $30-48 per hour - 110926,1,Registered Nurse (RN) - Rehabilitation - $30-48 per hour - 110926,nurse,nurse,auto,,
,registered nurse rn - rehabilitation - $60-91 per hour - 5068,1,Registered Nurse (RN) - Rehabilitation - $60-91 per hour - 5068,nurse,nurse,auto,,
,registered nurse rn - resource nursing pool - enjoy up to enjoy a $10k sign-on bonus*,1,Registered Nurse (RN) – Resource Nursing Pool - Enjoy Up To Enjoy a $10k Sign-on Bonus*,nurse,nurse,auto,,
,registered nurse rn - senior living communities,1,"Registered Nurse, (RN) - Senior Living Communities",nurse,nurse,auto,,
,registered nurse rn - special care nursery,1,Registered Nurse (RN) - Special Care Nursery,nurse,nurse,auto,,
,registered nurse rn - specialist ambulatory clinic ob gyn clinic ft,1,"Registered Nurse (RN) - Specialist Ambulatory Clinic, OB/GYN Clinic, FT",nurse,nurse,auto,,
,registered nurse rn - specialist ambulatory endocrinology ft,1,"Registered Nurse (RN) - Specialist Ambulatory, Endocrinology, FT",nurse,nurse,auto,,
,registered nurse rn - sticu - surgical trauma intensive care - $32-58 per hour - 114175,1,Registered Nurse (RN) - STICU - Surgical Trauma Intensive Care - $32-58 per hour - 114175,nurse,nurse,auto,,
,registered nurse rn - surgical icu,1,Registered Nurse RN - Surgical ICU,nurse,nurse,auto,,
,registered nurse rn - surgical trauma icu sticu,1,Registered Nurse (RN) - Surgical Trauma ICU (STICU),nurse,nurse,auto,,
,registered nurse rn - telemetry,1,Registered Nurse (RN) - Telemetry,nurse,nurse,auto,,
,registered nurse rn - telemetry 2c - full time day,1,Registered Nurse RN - Telemetry 2C - Full Time Day,nurse,nurse,auto,,
,registered nurse rn - telemetry 2c - part time day,1,Registered Nurse RN - Telemetry 2C - Part Time Day,nurse,nurse,auto,,
,registered nurse rn - thoracic cardiovascular intensive care unit tcv icu - wage prn,1,Registered Nurse (RN)  - Thoracic Cardiovascular Intensive Care Unit (TCV ICU) - Wage/PRN,nurse,nurse,auto,,
,registered nurse rn - thoracic cardiovascular surgical acute & intermediate unit - weekend program,1,Registered Nurse (RN) - Thoracic Cardiovascular Surgical Acute & Intermediate Unit - Weekend Program,nurse,nurse,auto,,
,registered nurse rn - tier 2 float pool icu critical care,1,Registered Nurse ( RN ) - Tier 2 Float Pool ( ICU / Critical Care ),nurse,nurse,auto,,
,registered nurse rn - urology clinic - kenner ft,1,Registered Nurse (RN) - Urology Clinic - Kenner FT,nurse,nurse,auto,,
,registered nurse rn - weekend visits,1,Registered Nurse ( RN ) - Weekend Visits,nurse,nurse,auto,,
,registered nurse rn - weekend warrior,1,Registered Nurse (RN) - Weekend Warrior,nurse,nurse,auto,,
,registered nurse rn - woc - prn days,1,"Registered Nurse / RN - WOC - PRN, Days",nurse,nurse,auto,,
,registered nurse rn - wound care - prn luling ltach rehab,1,Registered Nurse (RN) - WOUND CARE - PRN | Luling LTACH/Rehab,nurse,nurse,auto,,
,registered nurse rn - wow,1,Registered Nurse (RN) - WOW,nurse,nurse,auto,,
,registered nurse rn --pacu --thcds --prn ii days,1,Registered Nurse (RN)--PACU --THCDS --PRN II Days,nurse,nurse,auto,,
,registered nurse rn -12 week - acute care medicine,1,Registered Nurse (RN) -12 Week - Acute Care Medicine,nurse,nurse,auto,,
,registered nurse rn -acute care emergency dept ft nights,1,"Registered Nurse (RN)-Acute Care, Emergency Dept, FT, Nights",nurse,nurse,auto,,
,registered nurse rn -acute care family birthplace labor and delivery ft nights,1,"Registered Nurse (RN)-Acute Care, Family Birthplace Labor and Delivery, FT, Nights",nurse,nurse,auto,,
,registered nurse rn -acute care surgical inpatient ft nights,1,"Registered Nurse (RN)-Acute Care, Surgical Inpatient, FT, Nights",nurse,nurse,auto,,
,registered nurse rn -acute general medicine 3 central - weekend program full - time,1,Registered Nurse(RN)-Acute General Medicine 3 Central - Weekend Program Full - Time,nurse,nurse,auto,,
,registered nurse rn -ambulatory ob gyn ft,1,"Registered Nurse (RN)-Ambulatory, OB/GYN, FT",nurse,nurse,auto,,
,registered nurse rn -ambulatory primary care stone & main ft,1,"Registered Nurse (RN)-Ambulatory, Primary Care Stone & Main, FT",nurse,nurse,auto,,
,registered nurse rn -full time days,1,"Registered Nurse (RN)-Full Time, Days",nurse,nurse,auto,,
,registered nurse rn -neonatal icu 1 yr of nicu experience required,1,"Registered Nurse, RN -Neonatal ICU (1 yr of NICU experience required)",nurse,nurse,auto,,
,registered nurse rn -outpatient surgical pre-assessment prn days,1,"Registered Nurse (RN)-Outpatient, Surgical Pre-Assessment, PRN, Days",nurse,nurse,auto,,
,registered nurse rn -plastic surgery clinic,1,Registered Nurse (RN) -Plastic Surgery Clinic,nurse,nurse,auto,,
,registered nurse rn acute care icu,1,"Registered Nurse (RN), Acute Care, ICU",nurse,nurse,auto,,
,registered nurse rn ambulatory clinic specialist cardiac ct ft days,1,"Registered Nurse (RN) Ambulatory Clinic Specialist Cardiac CT, FT, Days",nurse,nurse,auto,,
,registered nurse rn ambulatory surgery center per diem day,1,Registered Nurse (RN) Ambulatory Surgery Center Per Diem Day,nurse,nurse,auto,,
,registered nurse rn assistant manager - medical surgical unit,1,Registered Nurse (RN) Assistant Manager - Medical Surgical Unit,nurse,nurse,auto,,
,registered nurse rn cardiac cath lab ft days,1,Registered Nurse (RN) Cardiac Cath Lab FT Days,nurse,nurse,auto,,
,registered nurse rn cardiac or prep & recovery,1,Registered Nurse (RN) Cardiac OR Prep & Recovery,nurse,nurse,auto,,
,registered nurse rn cardio program care telemetry full time night,1,Registered Nurse (RN) Cardio Program Care/Telemetry Full Time Night,nurse,nurse,auto,,
,registered nurse rn cardiovascular intensive care unit - contract - days,1,Registered Nurse (RN) | Cardiovascular Intensive Care Unit - Contract - Days,nurse,nurse,auto,,
,registered nurse rn cardiovascular invasive,1,Registered Nurse (RN) Cardiovascular Invasive,nurse,nurse,auto,,
,registered nurse rn care coordinator - oncology gi,1,Registered Nurse (RN) Care Coordinator - Oncology GI,nurse,nurse,auto,,
,registered nurse rn case manager,1,Registered Nurse RN Case Manager,nurse,nurse,auto,,
,registered nurse rn case manager - mon - fri 8 00am - 5 00pm,1,Registered Nurse RN Case Manager - Mon - Fri 8:00am - 5:00pm,nurse,nurse,auto,,
,registered nurse rn child psychiatry,1,"Registered Nurse (RN), Child Psychiatry",nurse,nurse,auto,,
,registered nurse rn cso care coordinator part-time day shift,1,Registered Nurse (RN) CSO Care Coordinator (Part-time/Day Shift),nurse,nurse,auto,,
,registered nurse rn cvicu,1,Registered Nurse (RN) CVICU,nurse,nurse,auto,,
,registered nurse rn day shift acute-care rehab,1,"Registered Nurse (RN), Day Shift, Acute-Care Rehab",nurse,nurse,auto,,
,registered nurse rn days,1,Registered Nurse (RN) / Days,nurse,nurse,auto,,
,registered nurse rn emergency department er - contract - nights,1,Registered Nurse (RN) | Emergency Department (ER) - Contract - Nights,nurse,nurse,auto,,
,registered nurse rn emergency room - musc chester medical center,1,Registered Nurse (RN) Emergency Room - MUSC Chester Medical Center,nurse,nurse,auto,,
,registered nurse rn emergency services - mid shift **sign on avail**,1,Registered Nurse (RN) Emergency Services - Mid Shift **Sign on Avail**,nurse,nurse,auto,,
,registered nurse rn fertility center full time day shift,1,Registered Nurse (RN) Fertility Center (Full Time/Day Shift),nurse,nurse,auto,,
,registered nurse rn float pool critical care ed part time nights,1,Registered Nurse (RN) Float Pool Critical Care / ED Part Time Nights,nurse,nurse,auto,,
,registered nurse rn full time 11pm-7am,1,Registered Nurse /RN Full Time 11PM-7AM,nurse,nurse,auto,,
,registered nurse rn full time day shift,1,Registered Nurse (RN) Full Time Day Shift,nurse,nurse,auto,,
,registered nurse rn full- time 32 hour role,1,Registered Nurse (RN) Full- Time 32 hour role,nurse,nurse,auto,,
,registered nurse rn gainesville - inpatient medical rehab - pt - days,1,Registered Nurse RN Gainesville - Inpatient Medical Rehab - PT - Days,nurse,nurse,auto,,
,registered nurse rn home health,1,Registered Nurse RN Home Health,nurse,nurse,auto,,
,registered nurse rn home health- muskegon,1,"Registered Nurse, RN Home Health- Muskegon",nurse,nurse,auto,,
,registered nurse rn hospice after-hours full-time,1,"Registered Nurse (RN), Hospice After-Hours, Full-time",nurse,nurse,auto,,
,registered nurse rn hospital - 5t imcu stepdown,1,Registered Nurse RN Hospital - 5T IMCU/Stepdown,nurse,nurse,auto,,
,registered nurse rn i - med surg,1,Registered Nurse (RN) I - Med/Surg,nurse,nurse,auto,,
,registered nurse rn i - med surg observation - days,1,Registered Nurse (RN) I - Med/Surg Observation - Days,nurse,nurse,auto,,
,registered nurse rn ii - progressive cardiac care unit - full time nights,1,Registered Nurse (RN II) – Progressive Cardiac Care Unit - Full Time Nights,nurse,nurse,auto,,
,registered nurse rn ii wound care part time days,1,Registered Nurse (RN) II Wound Care Part Time (Days),nurse,nurse,auto,,
,registered nurse rn ii- cvicu nights $10 000 sign-on bonus,1,"Registered Nurse (RN) II- CVICU Nights $10,000 Sign-On Bonus",nurse,nurse,auto,,
,registered nurse rn infection preventionist $3 500.00 sign-on bonus - agency free facility,1,"Registered Nurse (RN) Infection Preventionist $3,500.00 Sign-on bonus - Agency Free Facility",nurse,nurse,auto,,
,registered nurse rn inpatient case manager healthcare wellmed houston texas,1,Registered Nurse RN Inpatient Case Manager Healthcare WellMed Houston Texas,nurse,nurse,auto,,
,registered nurse rn inpatient orthopedic trauma surgery- ttwp 12 week contract,1,"Registered Nurse RN, Inpatient Orthopedic Trauma Surgery- TTWP 12 Week Contract",nurse,nurse,auto,,
,registered nurse rn intensive care nights,1,Registered Nurse (RN) Intensive Care Nights,nurse,nurse,auto,,
,registered nurse rn intensive care unit icu - contract - days,1,Registered Nurse (RN) | Intensive Care Unit (ICU) - Contract - Days,nurse,nurse,auto,,
,registered nurse rn intermediate care unit,1,Registered Nurse RN Intermediate Care Unit,nurse,nurse,auto,,
,registered nurse rn intermediate care unit per diem,1,"Registered Nurse RN Intermediate Care Unit, Per Diem",nurse,nurse,auto,,
,registered nurse rn interventional radiology - contract - days,1,Registered Nurse (RN) | Interventional Radiology - Contract - Days,nurse,nurse,auto,,
,registered nurse rn labor & delivery,1,"Registered Nurse (RN), Labor & Delivery",nurse,nurse,auto,,
,registered nurse rn level 1 trauma operating room weekends,1,Registered Nurse (RN) Level 1 Trauma Operating Room Weekends,nurse,nurse,auto,,
,registered nurse rn level one trauma emergency department,1,Registered Nurse (RN) Level One Trauma Emergency Department,nurse,nurse,auto,,
,registered nurse rn licensed practical nurse lpn,1,Registered Nurse (RN) Licensed Practical Nurse (LPN),nurse,nurse,auto,,
,registered nurse rn licensed practical nurse lpn 3-11,1,Registered Nurse (RN) Licensed Practical Nurse (LPN) 3-11,nurse,nurse,auto,,
,registered nurse rn licensed practical nurse lpn all shifts available,1,Registered Nurse (RN) Licensed Practical Nurse (LPN) ALL SHIFTS AVAILABLE,nurse,nurse,auto,,
,registered nurse rn med surg palliative,1,Registered Nurse (RN) Med Surg Palliative,nurse,nurse,auto,,
,registered nurse rn medical surgical - oncology full time days,1,Registered Nurse (RN) Medical Surgical – Oncology Full Time Days,nurse,nurse,auto,,
,registered nurse rn medical surgical - oncology full time nights,1,Registered Nurse (RN) Medical Surgical – Oncology Full Time Nights,nurse,nurse,auto,,
,registered nurse rn medical surgical unit iii,1,"Registered Nurse (RN), Medical Surgical Unit III",nurse,nurse,auto,,
,registered nurse rn medical telemetry nights,1,Registered Nurse RN Medical Telemetry Nights,nurse,nurse,auto,,
,registered nurse rn multiple sclerosis center,1,Registered Nurse RN Multiple Sclerosis Center,nurse,nurse,auto,,
,registered nurse rn navigator,1,Registered Nurse RN Navigator,nurse,nurse,auto,,
,registered nurse rn navigator - cancer clinic,1,Registered Nurse (RN) Navigator - Cancer Clinic,nurse,nurse,auto,,
,registered nurse rn neonatal icu nicu - part-time nights,1,Registered Nurse (RN) Neonatal ICU (NICU) - Part-Time Nights,nurse,nurse,auto,,
,registered nurse rn neuro telemetry - per diem,1,Registered Nurse (RN) Neuro Telemetry - Per Diem,nurse,nurse,auto,,
,registered nurse rn neurosurgery,1,"Registered Nurse (RN), Neurosurgery",nurse,nurse,auto,,
,registered nurse rn night shift acute-care rehab,1,"Registered Nurse (RN), Night Shift, Acute-Care Rehab",nurse,nurse,auto,,
,registered nurse rn observation unit,1,"Registered Nurse (RN), Observation Unit",nurse,nurse,auto,,
,registered nurse rn operating room prn,1,Registered Nurse RN Operating Room PRN,nurse,nurse,auto,,
,registered nurse rn operating room wilmington per diem 36 hours,1,Registered Nurse (RN) Operating Room Wilmington Per Diem 36 hours,nurse,nurse,auto,,
,registered nurse rn ortho med surg,1,Registered Nurse RN Ortho Med Surg,nurse,nurse,auto,,
,registered nurse rn orthopedic spine specialty unit - prn,1,Registered Nurse (RN) Orthopedic Spine Specialty Unit - PRN,nurse,nurse,auto,,
,registered nurse rn outpatient cardiac services,1,Registered Nurse RN Outpatient Cardiac Services,nurse,nurse,auto,,
,registered nurse rn pacu - contract - nights,1,Registered Nurse (RN) | PACU - Contract - Nights,nurse,nurse,auto,,
,registered nurse rn pacu liberty,1,"Registered Nurse, RN, PACU Liberty",nurse,nurse,auto,,
,registered nurse rn patient flow coordinator ft night,1,"Registered Nurse (RN) Patient Flow Coordinator, FT, Night",nurse,nurse,auto,,
,registered nurse rn patient flow operations patient flow coordinator pt day,1,"Registered Nurse (RN) Patient Flow Operations, Patient Flow Coordinator, PT, Day",nurse,nurse,auto,,
,registered nurse rn pediatrics peds - contract - nights,1,Registered Nurse (RN) | Pediatrics (PEDS) - Contract - Nights,nurse,nurse,auto,,
,registered nurse rn peds operating room,1,"Registered Nurse (RN), Peds Operating Room",nurse,nurse,auto,,
,registered nurse rn pre post-op pacu - full-time - st. charles surgery center,1,"Registered Nurse (RN), Pre/Post-Op/PACU - Full-Time - St. Charles Surgery Center",nurse,nurse,auto,,
,registered nurse rn pre-post op,1,Registered Nurse RN Pre-Post Op,nurse,nurse,auto,,
,registered nurse rn preop pacu,1,Registered Nurse (RN) PREOP/PACU,nurse,nurse,auto,,
,registered nurse rn prn 1 emergency room days,1,Registered Nurse (RN) PRN 1  Emergency Room days,nurse,nurse,auto,,
,registered nurse rn prn home care lake sumter & marion county visits,1,Registered Nurse RN PRN Home Care Lake / Sumter / & Marion County Visits,nurse,nurse,auto,,
,registered nurse rn progressive care unit,1,Registered Nurse RN Progressive Care Unit,nurse,nurse,auto,,
,registered nurse rn progressive care unit pcu - contract - days,1,Registered Nurse (RN) | Progressive Care Unit (PCU) - Contract - Days,nurse,nurse,auto,,
,registered nurse rn progressive care unit pcu - contract - nights,1,Registered Nurse (RN) | Progressive Care Unit (PCU) - Contract - Nights,nurse,nurse,auto,,
,registered nurse rn psychiatry nights,1,Registered Nurse (RN) Psychiatry Nights,nurse,nurse,auto,,
,registered nurse rn pulmonary acute care- full and part time positions,1,Registered Nurse (RN) Pulmonary Acute Care- Full and Part time positions,nurse,nurse,auto,,
,registered nurse rn radiology rates from $43.50 to $53 per hour + $shift diff,1,Registered Nurse (RN) (Radiology) (Rates from $43.50 to $53 per hour + $shift diff),nurse,nurse,auto,,
,registered nurse rn rehabilitation unit - contract - days,1,Registered Nurse (RN) | Rehabilitation Unit - Contract - Days,nurse,nurse,auto,,
,registered nurse rn research cancer center eastside ft days,1,"Registered Nurse (RN) Research, Cancer Center Eastside, FT, Days",nurse,nurse,auto,,
,registered nurse rn southern maine!!,1,Registered Nurse (RN) Southern Maine!!,nurse,nurse,auto,,
,registered nurse rn supervisor $3 500 sign-on bonus,1,"Registered Nurse (RN) Supervisor $3,500 Sign-on Bonus",nurse,nurse,auto,,
,registered nurse rn supervisor agency free facility,1,Registered Nurse (RN) Supervisor Agency Free Facility,nurse,nurse,auto,,
,registered nurse rn surgery circulator operating room --prn days,1,Registered Nurse (RN) Surgery Circulator (Operating Room) --PRN Days,nurse,nurse,auto,,
,registered nurse rn surgical cardiology days,1,Registered Nurse RN Surgical Cardiology Days,nurse,nurse,auto,,
,registered nurse rn unit supervisor - freestanding er,1,Registered Nurse (RN) Unit Supervisor - Freestanding ER,nurse,nurse,auto,,
,registered nurse rn visits bh eve ft,1,Registered Nurse RN Visits BH Eve FT,nurse,nurse,auto,,
,registered nurse rn visits eve bh ft,1,Registered Nurse RN Visits Eve BH FT,nurse,nurse,auto,,
,registered nurse rn visits ft bh,1,Registered Nurse RN Visits FT BH,nurse,nurse,auto,,
,registered nurse rn visits prn bh,1,Registered Nurse RN Visits PRN BH,nurse,nurse,auto,,
,registered nurse rn voluntary inpatient unit full time day,1,Registered Nurse (RN) Voluntary Inpatient Unit Full Time Day,nurse,nurse,auto,,
,registered nurse rn weekend baylor,1,Registered Nurse (RN) Weekend Baylor,nurse,nurse,auto,,
,registered nurse rn weekend premium- labor and delivery,1,Registered Nurse (RN) Weekend Premium- Labor and Delivery,nurse,nurse,auto,,
,registered nurse rn weekends- grand rapids,1,"Registered Nurse, RN Weekends- Grand Rapids",nurse,nurse,auto,,
,registered nurse rn wilmot peds multispecialty clinic,1,Registered Nurse RN Wilmot Peds Multispecialty Clinic,nurse,nurse,auto,,
,registered nurse rn women's health unit full time nights,1,Registered Nurse (RN) Women's Health Unit Full Time Nights,nurse,nurse,auto,,
,registered nurse rn- chesterfield meadows- days,1,Registered Nurse RN- Chesterfield Meadows- Days,nurse,nurse,auto,,
,registered nurse rn- full-time day shift,1,Registered Nurse RN- Full-time Day Shift,nurse,nurse,auto,,
,registered nurse rn- multispecialty- part-time,1,Registered Nurse RN- Multispecialty- Part-Time,nurse,nurse,auto,,
,registered nurse rn- neuro medical- ft days,1,Registered Nurse RN- Neuro/Medical- FT Days,nurse,nurse,auto,,
,registered nurse rn- stony point primary care clinic- days,1,Registered Nurse RN- Stony Point Primary Care Clinic- Days,nurse,nurse,auto,,
,registered nurse rn- telemetry new grads welcome,1,"Registered Nurse, RN- Telemetry (New Grads Welcome)",nurse,nurse,auto,,
,registered nurse rn- triage multispecialty family medicine- days,1,Registered Nurse RN- Triage Multispecialty Family Medicine- Days,nurse,nurse,auto,,
,registered nurse rn- urgent care,1,"Registered Nurse, RN- Urgent Care",nurse,nurse,auto,,
,registered nurse same day surgery + pacu,1,Registered Nurse (Same Day Surgery + PACU),nurse,nurse,auto,,
,registered nurse same day surgery prn,1,Registered Nurse Same Day Surgery PRN,nurse,nurse,auto,,
,registered nurse seasonal labor and delivery - full time,1,"Registered Nurse Seasonal, Labor and Delivery - Full time",nurse,nurse,auto,,
,registered nurse seasonal-acute medsurgical a-full time,1,Registered Nurse Seasonal-Acute MedSurgical A-Full Time,nurse,nurse,auto,,
,registered nurse seasonal-acute telemetry-full time,1,Registered Nurse Seasonal-Acute Telemetry-Full Time,nurse,nurse,auto,,
,registered nurse seasonal-surg general-full time,1,Registered Nurse Seasonal-Surg General-Full Time,nurse,nurse,auto,,
,registered nurse senior adult unit,1,REGISTERED NURSE SENIOR ADULT UNIT,nurse,nurse,auto,,
,registered nurse senior living home health visits,1,"Registered Nurse, Senior Living Home Health Visits",nurse,nurse,auto,,
,registered nurse shift coordinator telemetry,1,Registered Nurse Shift Coordinator Telemetry,nurse,nurse,auto,,
,registered nurse short stay observation full time days,1,Registered Nurse Short Stay Observation Full Time Days,nurse,nurse,auto,,
,registered nurse special care nursery in house registry,1,Registered Nurse Special Care Nursery In House Registry,nurse,nurse,auto,,
,registered nurse specialty wound care imperial pointe clinics - full time,1,"Registered Nurse, Specialty Wound Care, Imperial Pointe Clinics - Full time",nurse,nurse,auto,,
,registered nurse stroke response,1,Registered Nurse (Stroke Response),nurse,nurse,auto,,
,registered nurse supervisor,1,Registered Nurse Supervisor,nurse,nurse,auto,,
,registered nurse supervisor - rn sup - skilled nursing facility,1,Registered Nurse Supervisor - RN SUP - Skilled Nursing Facility,nurse,nurse,auto,,
,registered nurse supervisor 1 psychiatric kirby forensic psychiatric center p24721,1,"Registered Nurse Supervisor 1 Psychiatric, Kirby Forensic Psychiatric Center, P24721",nurse,nurse,auto,,
,registered nurse supervisor rn - bradley creek health center,1,REGISTERED NURSE SUPERVISOR (RN) - BRADLEY CREEK HEALTH CENTER,nurse,nurse,auto,,
,registered nurse surgical,1,Registered Nurse Surgical,nurse,nurse,auto,,
,registered nurse surgical associates,1,Registered Nurse Surgical Associates,nurse,nurse,auto,,
,registered nurse surgical icu 36 hours nights,1,Registered Nurse Surgical ICU 36 Hours Nights,nurse,nurse,auto,,
,registered nurse telemetry,1,Registered Nurse/Telemetry,nurse,nurse,auto,,
,registered nurse telemetry days,1,"Registered Nurse, Telemetry, Days",nurse,nurse,auto,,
,registered nurse telemetry medical surgical step down,1,Registered Nurse Telemetry Medical Surgical Step Down,nurse,nurse,auto,,
,registered nurse temp cardiac telemetry,1,Registered Nurse Temp Cardiac Telemetry,nurse,nurse,auto,,
,registered nurse temporary,1,Registered Nurse (Temporary),nurse,nurse,auto,,
,registered nurse temporary - surgical oncology,1,Registered Nurse Temporary - Surgical Oncology,nurse,nurse,auto,,
,registered nurse temporary-operating room,1,Registered Nurse Temporary-Operating Room,nurse,nurse,auto,,
,registered nurse trauma sicu 24 hrs wk,1,"Registered Nurse, Trauma SICU, 24 hrs/wk",nurse,nurse,auto,,
,registered nurse trauma sicu 36 hrs wk,1,"Registered Nurse, Trauma SICU, 36 hrs/wk",nurse,nurse,auto,,
,registered nurse university hospital adult emergency services,1,REGISTERED NURSE: University Hospital (Adult Emergency Services),nurse,nurse,auto,,
,registered nurse weekender - days - adult med surg,1,Registered Nurse Weekender - Days - Adult Med Surg,nurse,nurse,auto,,
,registered nurse women's health,1,"Registered Nurse, Women's Health",nurse,nurse,auto,,
,registered nurse wound care,1,Registered Nurse Wound Care,nurse,nurse,auto,,
,registered nurse- 225219,1,Registered Nurse- 225219,nurse,nurse,auto,,
,registered nurse- certified-operating room- prn,1,Registered Nurse- Certified-Operating Room- (PRN),nurse,nurse,auto,,
,registered nurse- emergency services,1,Registered Nurse- Emergency Services,nurse,nurse,auto,,
,registered nurse- f t - intensive care nursery,1,REGISTERED NURSE- F/T - INTENSIVE CARE NURSERY,nurse,nurse,auto,,
,registered nurse- f t intensive care nursery,1,REGISTERED NURSE- F/T INTENSIVE CARE NURSERY,nurse,nurse,auto,,
,registered nurse- float,1,Registered Nurse- Float,nurse,nurse,auto,,
,registered nurse- full time- days,1,Registered Nurse- Full Time- Days,nurse,nurse,auto,,
,registered nurse- full time- nights,1,Registered Nurse- Full Time- Nights,nurse,nurse,auto,,
,registered nurse- full time- variable shifts,1,Registered Nurse- Full Time- Variable Shifts,nurse,nurse,auto,,
,registered nurse- home health visits,1,Registered Nurse- Home Health Visits,nurse,nurse,auto,,
,registered nurse- med surg-telemetry kelemen 8,1,"REGISTERED NURSE- MED SURG-TELEMETRY, KELEMEN 8",nurse,nurse,auto,,
,registered nurse- micu - full time days,1,"Registered Nurse- MICU - Full Time, Days",nurse,nurse,auto,,
,registered nurse- nicu,1,Registered Nurse- NICU,nurse,nurse,auto,,
,registered nurse- oak neuromodulation,1,Registered Nurse- Oak Neuromodulation,nurse,nurse,auto,,
,registered nurse- p t intensive care nursery,1,REGISTERED NURSE- P/T INTENSIVE CARE NURSERY,nurse,nurse,auto,,
,registered nurse- part time,1,Registered Nurse- Part Time,nurse,nurse,auto,,
,registered nurse- part time days,1,Registered Nurse- Part Time Days,nurse,nurse,auto,,
,registered nurse- picu - prn,1,Registered Nurse- PICU - PRN,nurse,nurse,auto,,
,registered nurse- surgical telemetry- full time night,1,"Registered Nurse- Surgical/Telemetry- Full Time, Night",nurse,nurse,auto,,
,registered nurse- trauma step down 5e,1,Registered Nurse- Trauma Step Down 5E,nurse,nurse,auto,,
,registered nurse- travel no travel- cardiac cath lab,1,Registered Nurse- Travel No Travel- Cardiac Cath Lab,nurse,nurse,auto,,
,registered nurse- twain,1,Registered Nurse- Twain,nurse,nurse,auto,,
,registered nurse-- rn,1,Registered Nurse-- RN,nurse,nurse,auto,,
,registered nurse-acute phys rehab-full time,1,Registered Nurse-Acute Phys Rehab-Full Time,nurse,nurse,auto,,
,registered nurse-clinical documentation specialistclinical documentation specialist,1,Registered Nurse-Clinical Documentation SpecialistClinical Documentation Specialist,nurse,nurse,auto,,
,registered nurse-ft dtna mt holly nc,1,"Registered Nurse-FT: DTNA, Mt Holly, NC",nurse,nurse,auto,,
,registered nurse-ft tmmk georgetown ky,1,"Registered Nurse-FT: TMMK, Georgetown, KY",nurse,nurse,auto,,
,registered nurse-med tele,1,Registered Nurse-Med/Tele,nurse,nurse,auto,,
,registered nurse-medical surgical post op telemetry-per diem,1,REGISTERED NURSE-Medical/Surgical Post Op/Telemetry-Per Diem,nurse,nurse,auto,,
,registered nurse-mid shift-intensive care nursery,1,REGISTERED NURSE-MID SHIFT-INTENSIVE CARE NURSERY,nurse,nurse,auto,,
,registered nurse-per diem,1,Registered Nurse-Per Diem,nurse,nurse,auto,,
,registered nurse-virtual icu-office setting-24 hours-midnights-detroit,1,Registered Nurse-Virtual ICU-Office Setting-24 Hours-Midnights-Detroit,nurse,nurse,auto,,
,registered nurse-virtual intensive critical care-office setting-contingent-midnights-detroit,1,Registered Nurse-Virtual Intensive Critical Care-Office Setting-Contingent-Midnights-Detroit,nurse,nurse,auto,,
,registered nurse\ rn-float part-time,1,Registered Nurse\/RN-Float Part-Time,nurse,nurse,auto,,
,registered nursing- rn - long-term acute care latc,1,Registered Nursing- RN - Long-term Acute Care (LATC),nurse,nurse,auto,,
,registered nursing- rn - wound,1,Registered Nursing- RN - Wound,nurse,nurse,auto,,
,rehabilitation nurse,1,Rehabilitation Nurse,nurse,nurse,auto,,
,remote case manager rn,1,"Remote Case Manager, RN",nurse,nurse,auto,,
,remote inpatient review rn lvn nurse must have california licensure long-term temp w med benefits,1,"Remote Inpatient Review RN / LVN Nurse, Must have California Licensure (Long-Term Temp w/ Med Benefits)",nurse,nurse,auto,,
,remote utilization management nurse,1,Remote Utilization Management Nurse,nurse,nurse,auto,,
,renal vascular rn,1,Renal Vascular RN,nurse,nurse,auto,,
,reregistered nurse rn operating room women & babies hospital full-time day shift 32 hours,1,"Reregistered Nurse (RN), Operating Room, Women & Babies Hospital, Full-Time (Day Shift, 32 hours)",nurse,nurse,auto,,
,research rn cancer center,1,Research RN Cancer Center,nurse,nurse,auto,,
,resgisten nurse-rn- skilled nursing facility,1,Resgisten NURSE-RN- SKILLED NURSING FACILITY,nurse,nurse,auto,,
,resident care director - rn,1,Resident Care Director - RN,nurse,nurse,auto,,
,resource fertility rn,1,Resource Fertility RN,nurse,nurse,auto,,
,resource nurse adult psych- ft,1,Resource Nurse Adult Psych- FT,nurse,nurse,auto,,
,resource nurse radiation oncology,1,"Resource Nurse, Radiation Oncology",nurse,nurse,auto,,
,resource nursing float pool -critical care registered nurse,1,Resource Nursing (Float Pool) -Critical Care Registered Nurse,nurse,nurse,auto,,
,respiratory therapist nurse,1,Respiratory Therapist / Nurse,nurse,nurse,auto,,
,restorative nurse,1,Restorative Nurse,nurse,nurse,auto,,
,restorative nurse rn lpn,1,Restorative Nurse RN LPN,nurse,nurse,auto,,
,risk manager registered nurse,1,Risk Manager Registered Nurse,nurse,nurse,auto,,
,rn $55 hr psych,1,RN | $55/hr | Psych,nurse,nurse,auto,,
,rn $58 hr ltac,1,RN | $58/hr | LTAC,nurse,nurse,auto,,
,rn - $87 000 per year,1,"RN - $87,000 Per Year",nurse,nurse,auto,,
,rn - 1 1,1,RN - 1:1,nurse,nurse,auto,,
,rn - beavercreek - emergency room - ft varied,1,RN - Beavercreek - Emergency Room - FT/Varied,nurse,nurse,auto,,
,rn - behavioral health unit - full time - nights,1,RN - Behavioral Health Unit - Full Time - Nights,nurse,nurse,auto,,
,rn - birthplace ob 24 d e,1,RN - Birthplace/OB (24/D/E),nurse,nurse,auto,,
,rn - cardiac care unit - full time,1,RN - Cardiac Care Unit - Full Time,nurse,nurse,auto,,
,rn - cardiac cath lab and surgery center of phoenix,1,RN - Cardiac Cath Lab and Surgery Center of Phoenix,nurse,nurse,auto,,
,rn - cardiac rehab days,1,RN - Cardiac Rehab (Days),nurse,nurse,auto,,
,rn - cardiac telemetry,1,RN - Cardiac Telemetry,nurse,nurse,auto,,
,rn - cardiology,1,RN - Cardiology,nurse,nurse,auto,,
,rn - cardiothoracic icu - nights,1,RN - Cardiothoracic ICU - Nights,nurse,nurse,auto,,
,rn - case manager,1,RN - Case Manager,nurse,nurse,auto,,
,rn - clinic,1,RN - Clinic,nurse,nurse,auto,,
,rn - clinical supervisor,1,RN - Clinical Supervisor,nurse,nurse,auto,,
,rn - critical care coordinator prn,1,"RN - Critical Care Coordinator, PRN",nurse,nurse,auto,,
,rn - day surgery *0.6 fte variable*,1,RN - Day Surgery *0.6 FTE Variable*,nurse,nurse,auto,,
,rn - day surgery 0.6fte evening,1,RN - Day Surgery 0.6FTE Evening,nurse,nurse,auto,,
,rn - dayton - 5 west ortho neuro trauma med surg - ft days,1,RN - Dayton - 5 West Ortho/Neuro/Trauma Med Surg - FT/Days,nurse,nurse,auto,,
,rn - dialysis - full-time,1,RN - Dialysis - Full-Time,nurse,nurse,auto,,
,rn - ed nights sign on bonus,1,RN - ED Nights Sign On Bonus,nurse,nurse,auto,,
,rn - emergency boarder *part time nights*,1,RN - Emergency Boarder *Part Time/Nights*,nurse,nurse,auto,,
,rn - emergency department - full time and part time with numerous shifts available,1,RN - Emergency Department - Full time and Part time with numerous shifts available,nurse,nurse,auto,,
,rn - emergency department - part time - days,1,RN - Emergency Department - Part Time - Days,nurse,nurse,auto,,
,rn - emergency er,1,RN - Emergency (ER),nurse,nurse,auto,,
,rn - emergency room er - travel,1,RN - Emergency Room (ER) - Travel,nurse,nurse,auto,,
,rn - emergency room med surg - pt,1,RN - Emergency Room/Med Surg - PT,nurse,nurse,auto,,
,rn - emergency services - evening shift,1,RN - Emergency Services - EVENING SHIFT,nurse,nurse,auto,,
,rn - emergency services multiple fte and shifts available,1,RN - Emergency Services Multiple FTE and Shifts available,nurse,nurse,auto,,
,rn - employee health - day shift - monday-friday - st anne & st. mary - ft,1,RN - Employee Health - Day Shift - Monday-Friday - St Anne & St. Mary - FT,nurse,nurse,auto,,
,rn - er overflow - *days*,1,RN - ER Overflow - *DAYS*,nurse,nurse,auto,,
,rn - float pool - local prn,1,RN - Float Pool - Local PRN,nurse,nurse,auto,,
,rn - float pool - part time - nights,1,RN - Float Pool - Part Time - Nights,nurse,nurse,auto,,
,rn - float pool - part time - weekend - days,1,RN - Float Pool - Part Time - Weekend - Days,nurse,nurse,auto,,
,rn - ft days - samaritan hospital - 4 pav - medsurg,1,RN - FT Days - Samaritan Hospital - 4 Pav - MedSurg,nurse,nurse,auto,,
,rn - general surgery & medical acute - la jolla - nights - bonus eligible,1,RN - General Surgery & Medical Acute - La Jolla - Nights - Bonus Eligible,nurse,nurse,auto,,
,rn - high acuity - st. elias,1,RN - High Acuity - St. Elias,nurse,nurse,auto,,
,rn - hillandale - icu - full time - 7p-7 30a,1,RN - Hillandale - ICU - Full Time - 7p-7:30a,nurse,nurse,auto,,
,rn - home care 5k sob,1,RN - Home Care 5K SOB,nurse,nurse,auto,,
,rn - home health - assisted living based,1,RN - Home Health - Assisted Living Based,nurse,nurse,auto,,
,rn - home health - cleveland area,1,RN - Home Health - Cleveland Area,nurse,nurse,auto,,
,rn - home health full time,1,RN - Home Health Full Time,nurse,nurse,auto,,
,rn - home health start of care nurse full time days,1,RN - Home Health Start of Care Nurse Full Time Days,nurse,nurse,auto,,
,rn - home health weekends,1,"RN - Home Health, Weekends",nurse,nurse,auto,,
,rn - homecare nurse,1,RN - Homecare Nurse,nurse,nurse,auto,,
,rn - hospice,1,RN - Hospice,nurse,nurse,auto,,
,rn - hospice of north iowa - homecare - full time - days,1,RN - Hospice of North Iowa - Homecare - Full Time - Days,nurse,nurse,auto,,
,rn - hospital,1,RN - Hospital,nurse,nurse,auto,,
,rn - hyperbaric,1,RN - Hyperbaric,nurse,nurse,auto,,
,rn - icu - days,1,RN - ICU - Days,nurse,nurse,auto,,
,rn - infectious disease clinic - part time,1,RN - Infectious Disease Clinic - Part Time,nurse,nurse,auto,,
,rn - inpatient rehab,1,RN - Inpatient Rehab,nurse,nurse,auto,,
,rn - inpatient rehab neuro stroke,1,RN - Inpatient Rehab Neuro Stroke,nurse,nurse,auto,,
,rn - intensive care telemetry,1,RN - Intensive Care Telemetry,nurse,nurse,auto,,
,rn - intensive care unit telemetry,1,RN - Intensive Care Unit Telemetry,nurse,nurse,auto,,
,rn - internal traveler enid er - days,1,RN - Internal Traveler Enid ER - Days,nurse,nurse,auto,,
,rn - kettering - emergency room - ft days,1,RN - Kettering - Emergency Room - FT/Days,nurse,nurse,auto,,
,rn - labor & delivery - day shift,1,RN - Labor & Delivery - Day Shift,nurse,nurse,auto,,
,rn - labor & delivery full-time nights,1,"RN - Labor & Delivery, Full-time Nights",nurse,nurse,auto,,
,rn - labor and birth - ft days,1,RN - Labor and Birth - FT (Days),nurse,nurse,auto,,
,rn - long term care,1,RN - Long Term Care,nurse,nurse,auto,,
,rn - long term transitional care,1,RN - Long Term/Transitional Care,nurse,nurse,auto,,
,rn - manhattan,1,RN - Manhattan,nurse,nurse,auto,,
,rn - med surg - jeff hwy - days - $30 000 sign on bonus,1,"RN - Med Surg - Jeff Hwy - Days - $30,000 Sign On Bonus",nurse,nurse,auto,,
,rn - med surg - jeff hwy - weekend days - $30 000 sign on bonus,1,"RN - Med Surg - Jeff Hwy - Weekend Days - $30,000 Sign On Bonus",nurse,nurse,auto,,
,rn - med surg tele float pool - nights - san diego,1,RN - Med/Surg Tele Float Pool - Nights - San Diego,nurse,nurse,auto,,
,rn - medical floor nights 0.9 fte,1,"RN - Medical Floor, Nights 0.9 FTE",nurse,nurse,auto,,
,rn - medical icu,1,RN - Medical ICU,nurse,nurse,auto,,
,rn - medical telemetry,1,RN - Medical Telemetry,nurse,nurse,auto,,
,rn - medical temporary assignment,1,RN - Medical Temporary Assignment,nurse,nurse,auto,,
,rn - medical-surgical,1,RN - Medical-Surgical,nurse,nurse,auto,,
,rn - mercy rehab hospital north okc part- time days,1,RN - Mercy Rehab Hospital North OKC Part- Time Days,nurse,nurse,auto,,
,rn - metabolic clinic,1,RN - Metabolic Clinic,nurse,nurse,auto,,
,rn - mother baby *0.6 night*,1,RN - Mother Baby *0.6 Night*,nurse,nurse,auto,,
,rn - msicu - full time - day,1,RN - MSICU - Full Time - Day,nurse,nurse,auto,,
,rn - neuro - full time - days,1,RN - Neuro - Full Time - Days,nurse,nurse,auto,,
,rn - neuro - full time - nights,1,RN - Neuro - Full Time - Nights,nurse,nurse,auto,,
,rn - neuro - part time - weekend - nights,1,RN - Neuro - Part Time - Weekend - Nights,nurse,nurse,auto,,
,rn - neuro reg care 8t 0.9 fte day night shifts,1,"RN - Neuro Reg Care 8T; 0.9 FTE, Day/Night Shifts",nurse,nurse,auto,,
,rn - neuro telemetry,1,RN - Neuro Telemetry,nurse,nurse,auto,,
,rn - new grads,1,RN - New Grads,nurse,nurse,auto,,
,rn - nicu,1,RN - NICU,nurse,nurse,auto,,
,rn - nicu multiple shifts and fte available,1,RN - NICU Multiple Shifts and FTE Available,nurse,nurse,auto,,
,rn - nurse - first assistant or prn,1,"RN - Nurse - First Assistant, OR, PRN",nurse,nurse,auto,,
,rn - nurse - surgical pt days,1,"RN - Nurse - Surgical, PT, Days",nurse,nurse,auto,,
,rn - nurse residency program,1,RN - Nurse Residency Program,nurse,nurse,auto,,
,rn - nursery acute,1,RN - Nursery Acute,nurse,nurse,auto,,
,rn - nursing float - multi specialty,1,RN - Nursing Float - Multi Specialty,nurse,nurse,auto,,
,rn - obgyn ft nights,1,"RN - OBGYN, FT/Nights",nurse,nurse,auto,,
,rn - observation med tele full time,1,RN - Observation Med Tele Full Time,nurse,nurse,auto,,
,rn - obstetrics prn,1,RN - Obstetrics (PRN),nurse,nurse,auto,,
,rn - olgmc labor and delivery - part time night,1,RN - OLGMC Labor and Delivery - Part Time Night,nurse,nurse,auto,,
,rn - olgo orthopedics - full time days 7a-7p,1,RN - OLGO Orthopedics - Full Time Days 7a-7p,nurse,nurse,auto,,
,rn - oncology,1,RN - Oncology,nurse,nurse,auto,,
,rn - or sign on bonus,1,RN - OR Sign On Bonus,nurse,nurse,auto,,
,rn - ortho general surgical,1,RN - Ortho General Surgical,nurse,nurse,auto,,
,rn - ostomy,1,RN – Ostomy,nurse,nurse,auto,,
,rn - pacu - full time,1,RN - PACU - Full Time,nurse,nurse,auto,,
,rn - pacu 0.01 fte variable,1,RN - PACU 0.01 FTE Variable,nurse,nurse,auto,,
,rn - pain center,1,RN - Pain Center,nurse,nurse,auto,,
,rn - part -time -perinatal mother baby,1,RN - Part -Time -Perinatal Mother/Baby,nurse,nurse,auto,,
,rn - pediatric diabetes,1,RN - Pediatric Diabetes,nurse,nurse,auto,,
,rn - pediatric nursing,1,RN - Pediatric Nursing,nurse,nurse,auto,,
,rn - picu,1,RN - PICU,nurse,nurse,auto,,
,rn - pleasant hill clinic,1,RN - Pleasant Hill Clinic,nurse,nurse,auto,,
,rn - postpartum newborn 0.75fte night shift,1,RN - Postpartum/Newborn; 0.75FTE; Night Shift,nurse,nurse,auto,,
,rn - pre-op - full-time days,1,RN - Pre-Op - Full-time (Days),nurse,nurse,auto,,
,rn - pre-op and pacu 0.9 fte day,1,RN - Pre-op and PACU 0.9 FTE Day,nurse,nurse,auto,,
,rn - prn emergency room hpw - varied shifts,1,RN - PRN Emergency Room (HPW) - Varied Shifts,nurse,nurse,auto,,
,rn - prn variable,1,RN - PRN Variable,nurse,nurse,auto,,
,rn - progressive care unit st. elias,1,RN - Progressive Care Unit St. Elias,nurse,nurse,auto,,
,rn - psych intensive treatment - sharp grossmont - every weekend - evening shifts ***eligible for up $7.5k new hire incentives***,1,RN - Psych Intensive Treatment - Sharp Grossmont - Every Weekend - Evening Shifts ***Eligible for up $7.5K New Hire Incentives***,nurse,nurse,auto,,
,rn - psych senior,1,RN - PSYCH SENIOR,nurse,nurse,auto,,
,rn - radiology - various fte shifts,1,RN - Radiology - Various FTE/ Shifts,nurse,nurse,auto,,
,rn - registered nurse - acute care float,1,RN - Registered Nurse - Acute Care / Float,nurse,nurse,auto,,
,rn - registered nurse - cardiac acute care * nights - 36 hrs wk bonus eligible,1,RN - Registered Nurse - Cardiac Acute Care * Nights - 36 hrs/wk (BONUS ELIGIBLE),nurse,nurse,auto,,
,rn - registered nurse - cvor * days - 40 hrs wk bonus eligible,1,RN - Registered Nurse - CVOR * Days - 40 hrs/wk (BONUS ELIGIBLE),nurse,nurse,auto,,
,rn - registered nurse - med surg ortho - full time,1,RN - Registered Nurse - Med/Surg/Ortho - Full Time,nurse,nurse,auto,,
,rn - registered nurse - neuro unit - charge nurse - ft nights,1,RN - Registered Nurse - Neuro Unit - Charge Nurse - FT Nights,nurse,nurse,auto,,
,rn - registered nurse - operating room or * days - 36 hrs wk bonus eligible,1,RN - Registered Nurse - Operating Room (OR) * Days - 36 hrs/wk (BONUS ELIGIBLE),nurse,nurse,auto,,
,rn - registered nurse - part time nights,1,RN - Registered Nurse - Part Time Nights,nurse,nurse,auto,,
,rn - registered nurse -emergency department * nights - 36 hrs wk bonus eligible,1,RN - Registered Nurse -Emergency Department * Nights - 36 hrs/wk (BONUS ELIGIBLE),nurse,nurse,auto,,
,rn - registered nurse emergency department - capital medical center,1,RN - Registered Nurse Emergency Department - Capital Medical Center,nurse,nurse,auto,,
,rn - registered nurse skilled home visits full time,1,"RN - Registered Nurse, Skilled Home Visits, Full Time",nurse,nurse,auto,,
,rn - s.t.a.r. - days,1,RN - S.T.A.R. - Days,nurse,nurse,auto,,
,rn - sharp grossmont - behavioral health - full-time - evening shifts *** eligible for up to $20k new hire relocation incentives***,1,RN - Sharp Grossmont - Behavioral Health - Full-time - Evening Shifts *** Eligible for up to $20K New Hire Relocation Incentives***,nurse,nurse,auto,,
,rn - sjo 5w medsurg *ft nights*,1,RN - SJO 5W MedSurg *FT/Nights*,nurse,nurse,auto,,
,rn - sjo medsurg *ft days*,1,RN - SJO MEDSURG *FT/Days*,nurse,nurse,auto,,
,rn - stepdown,1,RN - Stepdown,nurse,nurse,auto,,
,rn - substitute school nurse 5k sob,1,RN - Substitute School Nurse 5K SOB,nurse,nurse,auto,,
,rn - surgery,1,RN - Surgery,nurse,nurse,auto,,
,rn - surgery pediatric,1,RN - Surgery Pediatric,nurse,nurse,auto,,
,rn - surgical - full time - days,1,RN - Surgical - Full Time - Days,nurse,nurse,auto,,
,rn - surgical - full time - nights,1,RN - Surgical - Full Time - Nights,nurse,nurse,auto,,
,rn - surgical - part time - weekend nights,1,RN - Surgical - Part Time - Weekend Nights,nurse,nurse,auto,,
,rn - surgical acute - san diego - days - bonus eligible,1,RN - Surgical Acute - San Diego - Days - Bonus Eligible,nurse,nurse,auto,,
,rn - surgical acute ii - san diego - days - bonus eligible,1,RN - Surgical Acute II - San Diego - Days - Bonus Eligible,nurse,nurse,auto,,
,rn - visiting nurse,1,RN - Visiting Nurse,nurse,nurse,auto,,
,rn - wound care,1,RN - Wound Care,nurse,nurse,auto,,
,rn - wound care pd day,1,RN - Wound Care PD Day,nurse,nurse,auto,,
,rn 1 1,1,RN 1:1,nurse,nurse,auto,,
,rn 1.1 elementary school,1,RN 1.1 Elementary School,nurse,nurse,auto,,
,rn 2n tele obs prn,1,RN 2N Tele Obs PRN,nurse,nurse,auto,,
,rn 3 south icu,1,RN 3 South ICU,nurse,nurse,auto,,
,rn 3 south med surg tele nights 7p-7 30a,1,RN 3 South Med/Surg tele nights 7p-7:30a,nurse,nurse,auto,,
,rn 4 north ortho med surg ft 7a,1,RN 4 North Ortho Med Surg FT 7a,nurse,nurse,auto,,
,rn acute am pm part time,1,"RN Acute, (AM/PM) Part Time",nurse,nurse,auto,,
,rn acute care rn acute care emergency trauma center ft midshift,1,"RN Acute Care (RN) Acute Care, Emergency Trauma Center, FT, Midshift",nurse,nurse,auto,,
,rn acute care- lgh 3d3 general medical unit-ft weo a 7p-7a,1,RN ACUTE CARE- LGH 3D3 General Medical Unit-FT/WEO A 7p-7a,nurse,nurse,auto,,
,rn acute care-lgh 3d3 general medical unit-ft 7p-7a,1,RN ACUTE CARE-LGH 3D3 General Medical Unit-FT/7p-7a,nurse,nurse,auto,,
,rn acute-surgery,1,RN Acute-Surgery,nurse,nurse,auto,,
,rn admit recovery unit,1,"RN, Admit Recovery Unit",nurse,nurse,auto,,
,rn ambulatory infusion,1,RN Ambulatory Infusion,nurse,nurse,auto,,
,rn antepartum,1,RN Antepartum,nurse,nurse,auto,,
,rn area director of operations home health,1,"RN Area Director of Operations, Home Health",nurse,nurse,auto,,
,rn bmt,1,RN BMT,nurse,nurse,auto,,
,rn caa - home health admissions nurse,1,RN CAA - Home Health Admissions Nurse,nurse,nurse,auto,,
,rn cardiac cath ft days,1,RN Cardiac Cath FT Days,nurse,nurse,auto,,
,rn cardiac cath lab - kings mills hospital,1,RN Cardiac Cath Lab - Kings Mills Hospital,nurse,nurse,auto,,
,rn cardiac cath lab electrophysiology lab- lgh ft 7a-7p late shift rotations required,1,RN CARDIAC CATH LAB/Electrophysiology Lab- LGH/FT 7A-7P; late shift rotations required,nurse,nurse,auto,,
,rn cardiac transitional care unit ft. thomas,1,RN Cardiac Transitional Care Unit Ft. Thomas,nurse,nurse,auto,,
,rn cardiothoracic icu ft nights,1,RN Cardiothoracic ICU FT Nights,nurse,nurse,auto,,
,rn cardiovascular icu,1,RN Cardiovascular ICU,nurse,nurse,auto,,
,rn cardiovascular pcu icu,1,RN Cardiovascular PCU ICU,nurse,nurse,auto,,
,rn care coordinator 20hrs days,1,"RN Care Coordinator (20hrs, Days)",nurse,nurse,auto,,
,rn care manager - full time norton shores michigan - business hours only,1,"RN Care Manager - Full Time (Norton Shores, Michigan - Business Hours Only)",nurse,nurse,auto,,
,rn care managment coordinator,1,RN Care Managment Coordinator,nurse,nurse,auto,,
,rn care navigator,1,RN Care Navigator,nurse,nurse,auto,,
,rn case management nurse,1,RN Case Management Nurse,nurse,nurse,auto,,
,rn case manager - hybrid north houston tx,1,"RN Case Manager - Hybrid, North Houston, TX",nurse,nurse,auto,,
,rn case manager - sullivan,1,RN Case Manager - Sullivan,nurse,nurse,auto,,
,rn case manager ft days heritage valley,1,RN Case Manager FT Days | Heritage Valley,nurse,nurse,auto,,
,rn case manager home health per diem,1,"RN Case Manager, Home Health Per Diem",nurse,nurse,auto,,
,rn case manager hospice,1,RN Case Manager (Hospice),nurse,nurse,auto,,
,rn case manager i - sharp memorial - ft - days,1,RN Case Manager I - Sharp Memorial - FT - Days,nurse,nurse,auto,,
,rn case manager inpatient & ambulatory per diem,1,"RN Case Manager, Inpatient & Ambulatory (Per Diem)",nurse,nurse,auto,,
,rn case manager next day feedback,1,"RN Case Manager, Next Day Feedback",nurse,nurse,auto,,
,rn case manager rncm -part time per diem - home health - north valley region merced atwater livingston planada le grand,1,"RN Case Manager (RNCM)-Part Time/Per Diem - Home Health - North Valley Region (Merced, Atwater, Livingston, Planada, Le Grand)",nurse,nurse,auto,,
,rn case manager waukesha,1,RN Case Manager Waukesha,nurse,nurse,auto,,
,rn cath lab prn days,1,RN Cath Lab PRN Days,nurse,nurse,auto,,
,rn charge nurse-med-surg tele,1,RN Charge Nurse-Med-Surg/Tele,nurse,nurse,auto,,
,rn clinic - anderson medical pavilion float,1,RN Clinic - Anderson Medical Pavilion Float,nurse,nurse,auto,,
,rn clinic wellness immunization,1,RN Clinic / Wellness / Immunization,nurse,nurse,auto,,
,rn clinical - 3fl hem onc bmt - full time 12 hour nights non-exempt union,1,RN Clinical - 3Fl HEM/ONC/BMT - Full Time 12 Hour Nights (Non-Exempt) (Union),nurse,nurse,auto,,
,rn clinical assessor hybrid west virginia,1,"RN Clinical Assessor (Hybrid, West Virginia)",nurse,nurse,auto,,
,rn clinical case manager,1,(RN) Clinical Case Manager,nurse,nurse,auto,,
,rn clinical documentation integrity,1,RN Clinical Documentation Integrity,nurse,nurse,auto,,
,rn clinical manager home health full time,1,RN Clinical Manager Home Health Full Time,nurse,nurse,auto,,
,rn clinical nurse coordinator - surgical oncology,1,RN Clinical Nurse Coordinator - Surgical Oncology,nurse,nurse,auto,,
,rn clinical nurse ii - emergency department,1,RN Clinical Nurse II - Emergency Department,nurse,nurse,auto,,
,rn clinical nurse ii - mother baby,1,RN Clinical Nurse II - Mother/Baby,nurse,nurse,auto,,
,rn clinical nurse ii - neonatal newborn nursery,1,RN Clinical Nurse II - Neonatal/Newborn Nursery,nurse,nurse,auto,,
,rn clinical nurse ii - surgical preop unit,1,RN Clinical Nurse II - Surgical PreOp Unit,nurse,nurse,auto,,
,rn clinical nurse ii acute care nights,1,RN Clinical Nurse II Acute Care Nights,nurse,nurse,auto,,
,rn clinical nurse ii med surg,1,RN Clinical Nurse II    Med/Surg,nurse,nurse,auto,,
,rn clinical nurse ii urgent care,1,RN Clinical Nurse II     Urgent Care,nurse,nurse,auto,,
,rn clinical nurse ii- 3 east - medical short stay unit acute care short stay,1,RN Clinical Nurse II- 3 East – Medical Short Stay Unit/Acute Care Short Stay,nurse,nurse,auto,,
,rn clinical nurse ii- hv - cardiovascular intensive care unit cicu,1,RN Clinical Nurse II-  HV – Cardiovascular Intensive Care Unit (CICU),nurse,nurse,auto,,
,rn clinical supervisor emergency services ed,1,"RN Clinical Supervisor, Emergency Services (ED)",nurse,nurse,auto,,
,rn clinical team manager - hospice,1,RN Clinical Team Manager - Hospice,nurse,nurse,auto,,
,rn coord structural heart prgm,1,"RN, Coord, Structural Heart Prgm",nurse,nurse,auto,,
,rn coordinator,1,RN Coordinator,nurse,nurse,auto,,
,rn coordinator patient care services - ed ems,1,RN Coordinator Patient Care Services - ED EMS,nurse,nurse,auto,,
,rn correctional,1,RN Correctional,nurse,nurse,auto,,
,rn corrections,1,RN Corrections,nurse,nurse,auto,,
,rn corrections - up to $2 362.00 week - hagerman nm,1,"RN Corrections – up to $2,362.00/week – Hagerman, NM",nurse,nurse,auto,,
,rn corrections days evenings full time!!!,1,RN Corrections Days/Evenings Full Time!!!,nurse,nurse,auto,,
,rn coumadin clinic med management clinc florence,1,RN Coumadin Clinic Med Management Clinc Florence,nurse,nurse,auto,,
,rn critical care 7pm - 7 30am weekend option,1,"RN, Critical Care, 7pm - 7:30am, Weekend Option",nurse,nurse,auto,,
,rn critical care float pool - day shift,1,RN Critical Care Float Pool – Day Shift,nurse,nurse,auto,,
,rn cvicu- seasonal agreement,1,"RN, CVICU- SEASONAL AGREEMENT",nurse,nurse,auto,,
,rn day surgery - sign on bonus,1,RN Day Surgery - Sign On Bonus,nurse,nurse,auto,,
,rn day surgery part time,1,RN Day Surgery Part Time,nurse,nurse,auto,,
,rn director of nursing,1,RN Director of Nursing,nurse,nurse,auto,,
,rn director of nursing- home health,1,RN Director of Nursing- Home Health,nurse,nurse,auto,,
,rn ed day shift,1,RN ED Day Shift,nurse,nurse,auto,,
,rn edgewood sicu night shift,1,RN Edgewood SICU Night Shift,nurse,nurse,auto,,
,rn emergency,1,RN Emergency,nurse,nurse,auto,,
,rn emergency department 11am-11pm,1,"RN, Emergency Department, 11am-11pm",nurse,nurse,auto,,
,rn emergency department 3pm-3am,1,"RN, Emergency Department, 3pm-3am",nurse,nurse,auto,,
,rn emergency dept seasonal,1,RN Emergency Dept Seasonal,nurse,nurse,auto,,
,rn emergency room mid-shift,1,RN Emergency Room Mid-Shift,nurse,nurse,auto,,
,rn emergency room night,1,RN Emergency Room Night,nurse,nurse,auto,,
,rn emergency services ed,1,"RN, Emergency Services (ED)",nurse,nurse,auto,,
,rn endoscopy part time - glenwood surgical center,1,"RN Endoscopy, Part Time - Glenwood Surgical Center",nurse,nurse,auto,,
,rn family medicine full time,1,RN Family Medicine Full Time,nurse,nurse,auto,,
,rn fellow - cardiac cath,1,RN Fellow - Cardiac Cath,nurse,nurse,auto,,
,rn fellow - emergency *psjhc june 2024*,1,RN Fellow - Emergency *PSJHC June 2024*,nurse,nurse,auto,,
,rn fellow - emergency *sjmc - june 2024*,1,RN Fellow - Emergency *SJMC - June 2024*,nurse,nurse,auto,,
,rn fellow - emergency services *pmh*,1,RN Fellow - Emergency Services *PMH*,nurse,nurse,auto,,
,rn fellow - emergency services *rmh - june 2024*,1,RN Fellow - Emergency Services *RMH - June 2024*,nurse,nurse,auto,,
,rn fellow - tele cardiac 4s *phcmc june 2024*,1,RN Fellow - Tele Cardiac 4S *PHCMC June 2024*,nurse,nurse,auto,,
,rn fellowship - critical care,1,RN Fellowship - Critical Care,nurse,nurse,auto,,
,rn fellowship - progressive care unit,1,RN Fellowship - Progressive Care Unit,nurse,nurse,auto,,
,rn fellowship - surgery oncology,1,RN Fellowship - Surgery Oncology,nurse,nurse,auto,,
,rn float - icu 24 30 36 or 40 hours wk.,1,"RN Float - ICU, 24 , 30, 36 or 40 hours/wk.",nurse,nurse,auto,,
,rn float prn,1,RN Float PRN,nurse,nurse,auto,,
,rn for skilled home visits per diem hours weekly,1,"RN for Skilled Home Visits, Per Diem Hours Weekly",nurse,nurse,auto,,
,rn full time night - er,1,RN Full Time Night - ER,nurse,nurse,auto,,
,rn full-time 3p-11p,1,RN Full-Time 3p-11p,nurse,nurse,auto,,
,rn full-time skilled home visits benefits start day one!,1,"RN, Full-time Skilled Home Visits, Benefits Start Day one!",nurse,nurse,auto,,
,rn gi,1,"RN, GI",nurse,nurse,auto,,
,rn gi lab prn,1,RN GI Lab PRN,nurse,nurse,auto,,
,rn home care - home care admin,1,RN Home Care - Home Care Admin,nurse,nurse,auto,,
,rn home care per diem,1,RN Home Care Per Diem,nurse,nurse,auto,,
,rn home health + telehealth hybrid,1,RN: Home Health + Telehealth (Hybrid),nurse,nurse,auto,,
,rn home health 7on 7off,1,RN Home Health 7on 7off,nurse,nurse,auto,,
,rn home health full-time,1,RN Home Health Full-time,nurse,nurse,auto,,
,rn home health per diem,1,RN Home Health Per Diem,nurse,nurse,auto,,
,rn home health weekend,1,RN Home Health Weekend,nurse,nurse,auto,,
,rn home infusion nurse - accredo,1,RN Home Infusion Nurse - Accredo,nurse,nurse,auto,,
,rn hospice supervisor-full time days,1,RN HOSPICE SUPERVISOR-Full Time/Days,nurse,nurse,auto,,
,rn house supervisor part time nights,1,RN House Supervisor Part Time Nights,nurse,nurse,auto,,
,rn i circulator,1,RN I Circulator,nurse,nurse,auto,,
,rn icu - dublin ga sign on up to $10k,1,"RN, ICU - Dublin, GA (Sign on Up to $10K)",nurse,nurse,auto,,
,rn icu full time,1,RN ICU Full TIme,nurse,nurse,auto,,
,rn icu night shift with multiple fte,1,RN ICU Night Shift with Multiple FTE,nurse,nurse,auto,,
,rn icu tele float - noc,1,RN ICU/Tele Float - NOC,nurse,nurse,auto,,
,rn icu telemetry -$15000 incentive port angeles .8 fte nights wknds hldy,1,"RN, ICU/Telemetry -$15000 Incentive, Port Angeles, .8 FTE, Nights, Wknds/Hldy",nurse,nurse,auto,,
,rn ii iii iv - pacu - springwoods village asc,1,RN II/III/IV - PACU - Springwoods Village (ASC),nurse,nurse,auto,,
,rn ii iii iv operating room - springwoods village asc,1,RN II/ III/ IV Operating Room - Springwoods Village ASC,nurse,nurse,auto,,
,rn ii oncology infusion prn annapolis,1,RN II Oncology Infusion PRN (Annapolis),nurse,nurse,auto,,
,rn imaging,1,RN Imaging,nurse,nurse,auto,,
,rn imcu,1,RN IMCU,nurse,nurse,auto,,
,rn inpatient - child & adolescent - part time,1,"RN, Inpatient - Child & Adolescent - Part Time",nurse,nurse,auto,,
,rn inpatient case manager,1,RN Inpatient Case Manager,nurse,nurse,auto,,
,rn internal med,1,"RN, Internal Med",nurse,nurse,auto,,
,rn interventional radiology per diem,1,RN Interventional Radiology Per Diem,nurse,nurse,auto,,
,rn iv specialist-full time variable hours,1,RN IV SPECIALIST-Full Time/Variable Hours,nurse,nurse,auto,,
,rn labor & birth,1,RN Labor & Birth,nurse,nurse,auto,,
,rn labor & delivery full time 7p-7a,1,"RN, Labor & Delivery Full Time 7p-7a",nurse,nurse,auto,,
,rn labor and delivery,1,RN Labor and Delivery,nurse,nurse,auto,,
,rn labor and delivery nights - sign on,1,RN Labor and Delivery Nights - Sign On,nurse,nurse,auto,,
,rn lb pacu ft days,1,RN/LB PACU FT days,nurse,nurse,auto,,
,rn lead - endoscopy -la jolla,1,RN Lead - Endoscopy -La Jolla,nurse,nurse,auto,,
,rn long term care ltc - day,1,RN Long Term Care (LTC) - DAY,nurse,nurse,auto,,
,rn lpn 3p -11p part time,1,RN/LPN 3p -11p Part Time,nurse,nurse,auto,,
,rn lpn cma - johnston family medicine - part time,1,RN/LPN/CMA - Johnston Family Medicine - Part Time,nurse,nurse,auto,,
,rn lpn cma - pierce street gastro & gen surg,1,RN/LPN/CMA - Pierce Street Gastro & Gen Surg,nurse,nurse,auto,,
,rn lpn occupational nurse,1,"RN, LPN Occupational Nurse",nurse,nurse,auto,,
,rn lpn private duty,1,RN/LPN Private Duty,nurse,nurse,auto,,
,rn manager - emergency services,1,RN Manager – Emergency Services,nurse,nurse,auto,,
,rn manager acute care,1,"RN, Manager Acute Care",nurse,nurse,auto,,
,rn manager emergency room,1,RN Manager Emergency Room,nurse,nurse,auto,,
,rn manager poha,1,RN Manager POHA,nurse,nurse,auto,,
,rn mds coordinator,1,(RN) MDS Coordinator,nurse,nurse,auto,,
,rn med surg - sign on bonus,1,RN Med Surg - Sign On Bonus,nurse,nurse,auto,,
,rn med surg 3nw florence weekend days,1,RN Med Surg 3NW Florence Weekend Days,nurse,nurse,auto,,
,rn med surg float pool needed! concord nh,1,"RN Med Surg/ Float Pool needed! (Concord, NH)",nurse,nurse,auto,,
,rn med surg general surgery new grads welcome,1,RN Med/Surg General Surgery (New Grads Welcome),nurse,nurse,auto,,
,rn med surg orthopedic,1,RN Med Surg Orthopedic,nurse,nurse,auto,,
,rn med surg prn,1,RN Med Surg PRN,nurse,nurse,auto,,
,rn med surg tele,1,RN Med Surg/Tele,nurse,nurse,auto,,
,rn med surg unit,1,RN Med Surg Unit,nurse,nurse,auto,,
,rn medical surgical,1,RN Medical/Surgical,nurse,nurse,auto,,
,rn medical surgical-sf,1,RN Medical/Surgical-SF,nurse,nurse,auto,,
,rn medical telemetry,1,RN Medical Telemetry,nurse,nurse,auto,,
,rn medical-surgical nights!!,1,RN Medical-Surgical Nights!!,nurse,nurse,auto,,
,rn medical-surgical rehab,1,RN Medical-Surgical / Rehab,nurse,nurse,auto,,
,rn medicine telemetry nights,1,RN Medicine Telemetry Nights,nurse,nurse,auto,,
,rn medsurg 7pm-7 30am full time,1,RN Medsurg 7pm-7:30am Full Time,nurse,nurse,auto,,
,rn medsurg interm care,1,RN MedSurg Interm Care,nurse,nurse,auto,,
,rn medsurg rehab - up to $2 242.00 week - yuma az,1,"RN MedSurg/Rehab – up to $2,242.00/week – Yuma, AZ",nurse,nurse,auto,,
,rn mother baby - part time nights,1,RN Mother Baby - Part Time Nights,nurse,nurse,auto,,
,rn ms tele in hackensack nj,1,"RN MS/Tele in Hackensack, NJ",nurse,nurse,auto,,
,rn navigator - advanced heart failure hocm amyloid,1,RN Navigator - Advanced Heart Failure/HOCM/Amyloid,nurse,nurse,auto,,
,rn neuro nights,1,RN Neuro (Nights),nurse,nurse,auto,,
,rn neuro stepdown nights,1,RN Neuro Stepdown (Nights),nurse,nurse,auto,,
,rn nicu,1,RN NICU,nurse,nurse,auto,,
,rn nurse navigator - ortho hospital prn days,1,RN Nurse Navigator - Ortho Hospital (PRN Days),nurse,nurse,auto,,
,rn nurse residency,1,RN Nurse Residency,nurse,nurse,auto,,
,rn nurse residency - fall '24 cohort,1,RN Nurse Residency - Fall '24 Cohort,nurse,nurse,auto,,
,rn nurse residency program,1,RN Nurse Residency Program,nurse,nurse,auto,,
,rn nurse supervisor - $10k sign on bonus!,1,RN Nurse Supervisor - $10K Sign on Bonus!,nurse,nurse,auto,,
,rn nursing supervisor outpatient cardio electrophysiology,1,RN Nursing Supervisor Outpatient Cardio Electrophysiology,nurse,nurse,auto,,
,rn oncology,1,RN Oncology,nurse,nurse,auto,,
,rn oncology 7pm-7 30am weo - sat sun + 1 week night emory decatur hospital,1,"RN, Oncology, 7pm-7:30am, (WEO - Sat/Sun + 1 week night) Emory Decatur Hospital",nurse,nurse,auto,,
,rn oncology unit - days 0.9 fte,1,"RN Oncology Unit - Days, 0.9 FTE",nurse,nurse,auto,,
,rn operating room circulator prn,1,RN Operating Room Circulator PRN,nurse,nurse,auto,,
,rn operating room full time 10hrs 0800-1830,1,RN Operating Room Full Time 10hrs (0800-1830),nurse,nurse,auto,,
,rn operating room on-call-heart team,1,RN Operating Room On-Call-Heart Team,nurse,nurse,auto,,
,rn or asc - 36 hours,1,"RN, OR/ASC - 36 hours",nurse,nurse,auto,,
,rn or circulator full time,1,RN OR Circulator full time,nurse,nurse,auto,,
,rn or ft days,1,RN OR FT days,nurse,nurse,auto,,
,rn or lpn pediatrics home care dubuque iowa,1,"RN or LPN Pediatrics Home Care Dubuque, Iowa",nurse,nurse,auto,,
,rn or operating room - ontario advanced surgery center,1,RN OR Operating Room - Ontario Advanced Surgery Center,nurse,nurse,auto,,
,rn ortho neuro surgery,1,RN Ortho/Neuro Surgery,nurse,nurse,auto,,
,rn orthosurgical medsurg noc shift,1,RN OrthoSurgical MedSurg NOC Shift,nurse,nurse,auto,,
,rn pace home care-ft 930-6pm,1,RN PACE HOME CARE-FT/930-6pm,nurse,nurse,auto,,
,rn pacu,1,RN PACU,nurse,nurse,auto,,
,rn pacu nurse prn - surgery center,1,RN PACU Nurse PRN - Surgery Center,nurse,nurse,auto,,
,rn pacu per diem 0600-1630,1,RN PACU Per Diem (0600-1630),nurse,nurse,auto,,
,rn pacu pool - northwest hills surgical hospital,1,"RN PACU, Pool - Northwest Hills Surgical Hospital",nurse,nurse,auto,,
,rn pacu weekends,1,RN PACU Weekends,nurse,nurse,auto,,
,rn palliative care - mercy home health montgomery county,1,RN Palliative Care - Mercy Home Health (Montgomery County),nurse,nurse,auto,,
,rn palliative care - mercy home health philadelphia area,1,RN PALLIATIVE CARE - Mercy Home Health (Philadelphia Area),nurse,nurse,auto,,
,rn palliative care - mercy home health upper bucks county,1,RN Palliative Care - Mercy Home Health (Upper Bucks County),nurse,nurse,auto,,
,rn patient care navigator - medical group urology,1,RN Patient Care Navigator - Medical Group Urology,nurse,nurse,auto,,
,rn patient flow,1,RN Patient Flow,nurse,nurse,auto,,
,rn pd icu nights overlook,1,RN PD ICU NIGHTS OVERLOOK,nurse,nurse,auto,,
,rn pediatric icu,1,RN Pediatric ICU,nurse,nurse,auto,,
,rn per diem on call - pace elderplace,1,RN (Per Diem/On Call) - PACE/Elderplace,nurse,nurse,auto,,
,rn performance improvement quality specialist,1,RN Performance Improvement/Quality Specialist,nurse,nurse,auto,,
,rn perioperative allocated resource team part,1,RN Perioperative Allocated Resource Team (PART),nurse,nurse,auto,,
,rn picu,1,"RN, PICU",nurse,nurse,auto,,
,rn picu days,1,"RN, PICU (DAYS)",nurse,nurse,auto,,
,rn postpartum,1,RN Postpartum,nurse,nurse,auto,,
,rn pre admission testing,1,RN Pre Admission Testing,nurse,nurse,auto,,
,rn pre op - encinitas - per diem,1,RN Pre Op - Encinitas - Per Diem,nurse,nurse,auto,,
,rn preop pacu - advanced surgery center of clifton,1,RN PreOp PACU - Advanced Surgery Center of Clifton,nurse,nurse,auto,,
,rn preop pacu - covenant high plains surgery center,1,RN PreOp PACU - Covenant High Plains Surgery Center,nurse,nurse,auto,,
,rn preop pacu - lutheran campus ambulatory surgery center,1,RN PreOp PACU - Lutheran Campus Ambulatory Surgery Center,nurse,nurse,auto,,
,rn preop pacu - memorial care outpatient surgery center long beach,1,RN PreOp PACU - Memorial Care Outpatient Surgery Center Long Beach,nurse,nurse,auto,,
,rn preop pacu pool - glenwood surgical center,1,"RN PreOp PACU, Pool - Glenwood Surgical Center",nurse,nurse,auto,,
,rn prn,1,RN PRN,nurse,nurse,auto,,
,rn procedures - watertown clinic - full time,1,RN Procedures - Watertown Clinic - Full Time,nurse,nurse,auto,,
,rn psych,1,RN Psych,nurse,nurse,auto,,
,rn psych adults 7a-7p ft,1,"RN, Psych, Adults, 7a-7p FT",nurse,nurse,auto,,
,rn psych adults 7p-7a,1,"RN, Psych, Adults, 7p-7a",nurse,nurse,auto,,
,rn recovery nurse specialist - revenue cycle solutions team - full time - days - work from home,1,RN Recovery Nurse Specialist - Revenue Cycle Solutions Team - Full Time - Days - Work from Home,nurse,nurse,auto,,
,rn registered nurse $3 500 sign-on bonus,1,"RN Registered Nurse $3,500 Sign-on Bonus",nurse,nurse,auto,,
,rn registered nurse - a2 cvicu,1,"RN, Registered Nurse - A2 CVICU",nurse,nurse,auto,,
,rn registered nurse - acute medsurgical a,1,"RN, Registered Nurse - Acute MedSurgical A",nurse,nurse,auto,,
,rn registered nurse - acute orthopedics,1,"RN, Registered Nurse - Acute Orthopedics",nurse,nurse,auto,,
,rn registered nurse - acute orthopedics - full time,1,"RN, Registered Nurse - Acute Orthopedics - Full Time",nurse,nurse,auto,,
,rn registered nurse - cvicu,1,"RN, Registered Nurse - CVICU",nurse,nurse,auto,,
,rn registered nurse - day shift - cardiac cath lab,1,RN Registered Nurse - DAY SHIFT - Cardiac Cath Lab,nurse,nurse,auto,,
,rn registered nurse - ecc emergency care - prn,1,"RN, Registered Nurse - ECC Emergency Care - PRN",nurse,nurse,auto,,
,rn registered nurse - emergency department - full time,1,"RN, Registered Nurse - Emergency Department - Full Time",nurse,nurse,auto,,
,rn registered nurse - free standing emergency - mount carmel reynoldsburg,1,"RN, Registered Nurse - Free Standing Emergency - Mount Carmel Reynoldsburg",nurse,nurse,auto,,
,rn registered nurse - hemodialysis - prn,1,"RN, Registered Nurse - Hemodialysis - PRN",nurse,nurse,auto,,
,rn registered nurse - icu medsurgical a,1,"RN, Registered Nurse - ICU MedSurgical A",nurse,nurse,auto,,
,rn registered nurse - intermediate care telemetry,1,"RN, Registered Nurse - Intermediate Care Telemetry",nurse,nurse,auto,,
,rn registered nurse - interventional radiology special procedures,1,"RN, Registered Nurse - Interventional Radiology/Special Procedures",nurse,nurse,auto,,
,rn registered nurse - l&d labor and delivery,1,RN (Registered Nurse) - L&D (Labor and Delivery),nurse,nurse,auto,,
,rn registered nurse - labor and delivery - full time,1,"RN, Registered Nurse - Labor and Delivery - Full Time",nurse,nurse,auto,,
,rn registered nurse - labor and delivery - sign on bonus,1,RN Registered Nurse - Labor and Delivery - Sign on Bonus,nurse,nurse,auto,,
,rn registered nurse - med surg - prn,1,RN Registered Nurse - Med/Surg - PRN,nurse,nurse,auto,,
,rn registered nurse - med surg medical surgical,1,RN (Registered Nurse) - Med Surg (Medical Surgical),nurse,nurse,auto,,
,rn registered nurse - mother baby,1,RN Registered Nurse - Mother/Baby,nurse,nurse,auto,,
,rn registered nurse - neuro icu - full time nights,1,RN (Registered Nurse) - Neuro ICU - Full Time Nights,nurse,nurse,auto,,
,rn registered nurse - night shift - labor & delivery room,1,RN Registered Nurse - NIGHT SHIFT - Labor & Delivery Room,nurse,nurse,auto,,
,rn registered nurse - pacu recovery,1,"RN, Registered Nurse - PACU/Recovery",nurse,nurse,auto,,
,rn registered nurse - physical rehabilitation 9nt,1,"RN, Registered Nurse - Physical Rehabilitation 9NT",nurse,nurse,auto,,
,rn registered nurse - postpartum,1,RN (Registered Nurse) - Postpartum,nurse,nurse,auto,,
,rn registered nurse - pre-op,1,"RN, Registered Nurse - Pre-Op",nurse,nurse,auto,,
,rn registered nurse - rehabilitation hospital - prn,1,"RN, Registered Nurse - Rehabilitation Hospital - PRN",nurse,nurse,auto,,
,rn registered nurse - toledo float vascular access team - full time days,1,RN (Registered Nurse) - Toledo Float Vascular Access Team - Full Time Days,nurse,nurse,auto,,
,rn registered nurse - weekend option - medical intermediate care unit,1,"RN, Registered Nurse - Weekend option - Medical Intermediate Care unit",nurse,nurse,auto,,
,rn registered nurse agency free facility,1,RN Registered Nurse Agency free facility,nurse,nurse,auto,,
,rn registered nurse attending - hematology oncology services harrisburg,1,RN Registered Nurse Attending - Hematology/Oncology Services Harrisburg,nurse,nurse,auto,,
,rn registered nurse clinic - specialty cardiology - full time,1,"RN, Registered Nurse Clinic - Specialty Cardiology - Full Time",nurse,nurse,auto,,
,rn registered nurse clinic - specialty cardiovasular surgery,1,"RN, Registered Nurse Clinic - Specialty Cardiovasular Surgery",nurse,nurse,auto,,
,rn registered nurse clinic- specialty cardiology clinic,1,"RN, Registered Nurse Clinic- Specialty Cardiology Clinic",nurse,nurse,auto,,
,rn registered nurse clinical coordinator - hematology oncology services harrisburg,1,RN Registered Nurse Clinical Coordinator - Hematology/Oncology Services Harrisburg,nurse,nurse,auto,,
,rn registered nurse cnc women's care,1,RN Registered Nurse CNC Women's Care,nurse,nurse,auto,,
,rn registered nurse float prn l1 - varied shifts - nursing float pool,1,RN Registered Nurse Float (PRN L1) - VARIED SHIFTS - Nursing Float Pool,nurse,nurse,auto,,
,rn registered nurse icu,1,RN Registered Nurse ICU,nurse,nurse,auto,,
,rn registered nurse inpatient - day shift - 4 main,1,RN Registered Nurse Inpatient - DAY SHIFT - 4 Main,nurse,nurse,auto,,
,rn registered nurse inpatient - night shift - behavioral health inpatient acute care,1,RN Registered Nurse Inpatient - NIGHT SHIFT - Behavioral Health Inpatient Acute Care,nurse,nurse,auto,,
,rn registered nurse inpatient prn l2 telemetry - varied shifts - inpatient nursing med surg 3,1,RN Registered Nurse Inpatient (PRN L2) Telemetry - VARIED SHIFTS - Inpatient Nursing MED/SURG 3,nurse,nurse,auto,,
,rn registered nurse lead - icu neonatal,1,"RN, Registered Nurse Lead - ICU Neonatal",nurse,nurse,auto,,
,rn registered nurse maternal newborn full time nights,1,RN Registered Nurse Maternal/Newborn Full time nights,nurse,nurse,auto,,
,rn registered nurse medical surgical,1,RN Registered Nurse Medical Surgical,nurse,nurse,auto,,
,rn registered nurse medicine ep 9-7 - telemetry,1,"RN, Registered Nurse Medicine EP 9-7 - Telemetry",nurse,nurse,auto,,
,rn registered nurse medicine v5n,1,"RN, Registered Nurse Medicine V5N",nurse,nurse,auto,,
,rn registered nurse neonatal icu nicu full time,1,RN Registered Nurse Neonatal ICU NICU Full time,nurse,nurse,auto,,
,rn registered nurse new wage rate up to $41.45 per hour!,1,RN Registered Nurse New Wage Rate Up To $41.45 per hour!,nurse,nurse,auto,,
,rn registered nurse potential 10k attendance bonus!,1,RN Registered Nurse POTENTIAL 10K ATTENDANCE BONUS!,nurse,nurse,auto,,
,rn registered nurse rn - neuro medical- pt days,1,RN Registered Nurse RN - Neuro / Medical- PT Days,nurse,nurse,auto,,
,rn rehab prn,1,RN Rehab PRN,nurse,nurse,auto,,
,rn research nurse or research coordinator cri personnel,1,RN Research Nurse or Research Coordinator CRI Personnel,nurse,nurse,auto,,
,rn resident - cardiac acute care,1,RN Resident - Cardiac Acute Care,nurse,nurse,auto,,
,rn resident - cardiac telemetry,1,RN Resident - Cardiac Telemetry,nurse,nurse,auto,,
,rn resident - clinical decision unit,1,RN Resident - Clinical Decision Unit,nurse,nurse,auto,,
,rn resident - intermediate medical care unit,1,RN Resident - Intermediate Medical Care Unit,nurse,nurse,auto,,
,rn resident - medical surgical,1,RN Resident - Medical Surgical,nurse,nurse,auto,,
,rn resident - oncology,1,RN Resident - Oncology,nurse,nurse,auto,,
,rn resident - prmce - indeed virtual hiring event 4-17-24,1,RN Resident - PRMCE - Indeed Virtual Hiring Event 4-17-24,nurse,nurse,auto,,
,rn resource 1152 - springfield - emergency room - prn varied,1,RN Resource 1152 - Springfield - Emergency Room - PRN/Varied,nurse,nurse,auto,,
,rn resource gold option - kettering - 5nw icu step down - prn nights,1,RN Resource Gold Option - Kettering - 5NW ICU Step Down - PRN/Nights,nurse,nurse,auto,,
,rn school - crestwood illinois,1,RN School - Crestwood Illinois,nurse,nurse,auto,,
,rn school nurse omaha ne 24 25 school year,1,"RN School Nurse | Omaha, NE | 24/25 School Year",nurse,nurse,auto,,
,rn seasonal icu days,1,RN Seasonal ICU Days,nurse,nurse,auto,,
,rn shift coordinator nicu 7p-7a,1,"RN Shift Coordinator, NICU, 7p-7a",nurse,nurse,auto,,
,rn shift lead rural,1,RN Shift Lead Rural,nurse,nurse,auto,,
,rn sicu,1,RN SICU,nurse,nurse,auto,,
,rn south nampa urgent care full-time days,1,RN South Nampa Urgent Care Full-Time Days,nurse,nurse,auto,,
,rn south sioux city middle school,1,RN South Sioux City Middle School,nurse,nurse,auto,,
,rn specialty,1,RN SPECIALTY,nurse,nurse,auto,,
,rn sr,1,RN Sr,nurse,nurse,auto,,
,rn sr-clinical research,1,RN Sr-Clinical Research,nurse,nurse,auto,,
,rn st. peter's hospital ft nights - detox - no weekend commitment,1,"RN, St. Peter's Hospital, FT Nights - Detox - No weekend commitment",nurse,nurse,auto,,
,rn staff nurse - med surg tele pcu,1,RN Staff Nurse - Med/Surg/Tele PCU,nurse,nurse,auto,,
,rn staff nurse - nicu,1,RN Staff Nurse - NICU,nurse,nurse,auto,,
,rn staff nurse ambulatory clinic - cardiac rehab,1,RN Staff Nurse Ambulatory Clinic - Cardiac Rehab,nurse,nurse,auto,,
,rn staff nurse i - pediatrics dermatology,1,RN Staff Nurse I - Pediatrics Dermatology,nurse,nurse,auto,,
,rn supervisor,1,RN Supervisor,nurse,nurse,auto,,
,rn supervisor outpatient dialysis,1,RN Supervisor Outpatient Dialysis,nurse,nurse,auto,,
,rn supervisor prn,1,RN Supervisor PRN,nurse,nurse,auto,,
,rn supervisor- operations coordinator - satellite pediatric clinics,1,RN Supervisor- Operations Coordinator - Satellite Pediatric Clinics,nurse,nurse,auto,,
,rn supervisor-marion ed,1,RN Supervisor-Marion ED,nurse,nurse,auto,,
,rn surgery,1,RN Surgery,nurse,nurse,auto,,
,rn tcu 4nw florence day shift,1,RN TCU 4NW Florence Day Shift,nurse,nurse,auto,,
,rn team lead,1,RN Team Lead,nurse,nurse,auto,,
,rn telemetry - south weymouth ma,1,"RN Telemetry - South Weymouth, MA",nurse,nurse,auto,,
,rn telemetry - spencer wv - $2314 weekly,1,"RN Telemetry - Spencer, WV - $2314 weekly",nurse,nurse,auto,,
,rn telemetry in north nj,1,RN Telemetry in North NJ,nurse,nurse,auto,,
,rn telemetry supervisor nights,1,"RN, Telemetry Supervisor (Nights)",nurse,nurse,auto,,
,rn trauma,1,RN Trauma,nurse,nurse,auto,,
,rn triage - ob gyn mb3 clinic - full time,1,RN Triage - OB/GYN MB3 Clinic - Full Time,nurse,nurse,auto,,
,rn unit based per diem- 13 west tower gen surg,1,RN Unit Based Per Diem- 13 West Tower (Gen Surg),nurse,nurse,auto,,
,rn unit manager - villa hills kentucky - easy commute for greater cincinnati area,1,RN Unit Manager - Villa Hills Kentucky - easy commute for Greater Cincinnati Area,nurse,nurse,auto,,
,rn unit-based specialist - dayton - 3 east pre post cath lab - ft first shift,1,RN Unit-Based Specialist - Dayton - 3 East Pre/Post Cath Lab - FT/First Shift,nurse,nurse,auto,,
,rn unitypoint at work onsite,1,RN UnityPoint at Work Onsite,nurse,nurse,auto,,
,rn up - advanced care med surg pv8,1,RN UP - Advanced Care/Med Surg PV8,nurse,nurse,auto,,
,rn up - med surg - card-pulm unit,1,RN UP - Med/Surg - Card-Pulm Unit,nurse,nurse,auto,,
,rn up - neuro med surg - 8c,1,RN UP - Neuro Med/Surg - 8C,nurse,nurse,auto,,
,rn vascular surgery clinic midtown,1,"RN, Vascular Surgery Clinic, Midtown",nurse,nurse,auto,,
,rn visit float- day shift,1,RN Visit Float- Day shift,nurse,nurse,auto,,
,rn visiting - per diem,1,"RN, Visiting - Per Diem",nurse,nurse,auto,,
,rn weekend - cardiovascular icu full time nights,1,"RN Weekend - Cardiovascular ICU, Full Time Nights",nurse,nurse,auto,,
,rn weekend clinical assessment advisor home health,1,"RN Weekend Clinical Assessment Advisor, Home Health",nurse,nurse,auto,,
,rn weekend package neuro icu,1,RN Weekend Package Neuro ICU,nurse,nurse,auto,,
,rn weekend package nicu,1,RN Weekend Package NICU,nurse,nurse,auto,,
,rn weekend supervisor sa su 6 45a-7 15p,1,RN Weekend Supervisor Sa/Su 6:45a-7:15p,nurse,nurse,auto,,
,rn weekend wound care nurse,1,RN Weekend Wound Care Nurse,nurse,nurse,auto,,
,rn women's & children,1,RN Women's & Children,nurse,nurse,auto,,
,rn wound care,1,RN Wound Care,nurse,nurse,auto,,
,rn wound specialist - home health,1,RN Wound Specialist - Home Health,nurse,nurse,auto,,
,rn's - per diem - burdett birthing center,1,RN's - Per Diem - Burdett Birthing Center,nurse,nurse,auto,,
,rn- 2 heart,1,RN- 2 Heart,nurse,nurse,auto,,
,rn- clinic,1,RN- Clinic,nurse,nurse,auto,,
,rn- clinical decision unit 36 d e,1,RN- Clinical Decision Unit (36/D/E),nurse,nurse,auto,,
,rn- olgmc 10w observation- full time days,1,RN- OLGMC 10W Observation- Full Time Days,nurse,nurse,auto,,
,rn- olgmc 8s med surg- part time days,1,RN- OLGMC 8S Med Surg- Part Time Days,nurse,nurse,auto,,
,rn- orthopedics - weekend option,1,RN- Orthopedics - Weekend Option,nurse,nurse,auto,,
,rn- primary care,1,RN- Primary Care,nurse,nurse,auto,,
,rn- registered nurse- ft rotating- women's health antepartum unit,1,RN- Registered Nurse- FT Rotating- Women's Health Antepartum Unit,nurse,nurse,auto,,
,rn- surgical acute,1,RN- Surgical Acute,nurse,nurse,auto,,
,rn- utilization review nurse,1,RN- Utilization Review Nurse,nurse,nurse,auto,,
,rn-cardiac tele-$15k sign-on-ft nights-bhn-#7941,1,RN-Cardiac/Tele-$15K Sign-On-FT Nights-BHN-#7941,nurse,nurse,auto,,
,rn-cardiac telemetry pcu,1,RN-Cardiac Telemetry PCU,nurse,nurse,auto,,
,rn-emergency marion,1,RN-Emergency Marion,nurse,nurse,auto,,
,rn-emergency medicine- olgmc ed- full time,1,RN-Emergency Medicine- OLGMC ED- Full Time,nurse,nurse,auto,,
,rn-hospital case manager,1,RN-Hospital Case Manager,nurse,nurse,auto,,
,rn-inpatient rehab - full time lafayette,1,RN-Inpatient Rehab - Full Time  Lafayette,nurse,nurse,auto,,
,rn-manager case management - enjoy up to enjoy a $10k sign-on bonus*,1,RN-Manager Case Management - Enjoy Up To Enjoy a $10k Sign-on Bonus*,nurse,nurse,auto,,
,rn-medical surgical,1,RN-Medical/Surgical,nurse,nurse,auto,,
,rn-new grad- hire ahead,1,RN-New Grad- Hire Ahead,nurse,nurse,auto,,
,rn-or surgery,1,RN-OR/Surgery,nurse,nurse,auto,,
,rn-pain clinic,1,RN-Pain Clinic,nurse,nurse,auto,,
,rn-pediatrics-full time nights,1,RN-Pediatrics-Full time Nights,nurse,nurse,auto,,
,rn-pre admit clinic 1fte days,1,RN-Pre Admit Clinic 1FTE Days,nurse,nurse,auto,,
,rn-progressive care-pool nights-bhip #7865,1,RN-Progressive Care-Pool Nights-BHIP (#7865),nurse,nurse,auto,,
,rn-psych adult - night,1,RN-Psych Adult - Night,nurse,nurse,auto,,
,rn-registered nurse rn- neuro icu- ft day,1,RN-Registered Nurse RN- Neuro ICU- FT Day,nurse,nurse,auto,,
,rn-short stay,1,RN-Short Stay,nurse,nurse,auto,,
,rn-short stay 0.9fte evening,1,RN-Short Stay 0.9FTE Evening,nurse,nurse,auto,,
,rn-staff ochsner clearview extended stay- day shift,1,RN-Staff Ochsner Clearview Extended Stay- Day shift,nurse,nurse,auto,,
,rn-thoracic vascular imcu,1,RN-Thoracic Vascular IMCU,nurse,nurse,auto,,
,rnii or lpn - ft day - clifton park,1,RNII or LPN - FT/DAY - Clifton Park,nurse,nurse,auto,,
,saint alphonsus medical group urgent care rn - prn,1,Saint Alphonsus Medical Group Urgent Care RN - PRN,nurse,nurse,auto,,
,salem hospital nsmc -s-dav8 medical telemetry sh1314 -rn telemetry i,1,Salem Hospital(NSMC)-S-Dav8 Medical Telemetry (SH1314)-RN Telemetry I,nurse,nurse,auto,,
,sbh - level 3 er rn day,1,SBH - Level 3 ER RN DAY,nurse,nurse,auto,,
,sc clinic nurse rn,1,SC Clinic Nurse (RN),nurse,nurse,auto,,
,school nurse,1,School Nurse,nurse,nurse,auto,,
,school nurse sy24-25,1,School Nurse (SY24-25),nurse,nurse,auto,,
,school rn 23 24,1,School RN 23/24,nurse,nurse,auto,,
,school rn lpn,1,School RN/ LPN,nurse,nurse,auto,,
,seasonal registered nurse emergency department,1,Seasonal Registered Nurse Emergency Department,nurse,nurse,auto,,
,seeking registered nurse rn ~ dialysis experienced part-time !!,1,Seeking Registered Nurse (RN) ~ Dialysis Experienced (Part-time)!!,nurse,nurse,auto,,
,seeking registered nurse rn ~ training provided!!,1,Seeking Registered Nurse (RN) ~ Training Provided!!,nurse,nurse,auto,,
,senior clinical nurse specialist - medical surgical,1,Senior Clinical Nurse Specialist - Medical Surgical,nurse,nurse,auto,,
,senior clinical nurse specialist medical asset support team o-5 billet non-supervisory,1,"Senior Clinical Nurse Specialist, Medical Asset Support Team (O-5 Billet) Non-Supervisory",nurse,nurse,auto,,
,senior living program manager rn or pt,1,Senior Living Program Manager (RN or PT),nurse,nurse,auto,,
,senior nurse case manager,1,Senior Nurse Case Manager,nurse,nurse,auto,,
,senior registered nurse rn pacu - 3 pm-11 30 pm,1,Senior Registered Nurse (RN) PACU - (3 PM-11:30 PM),nurse,nurse,auto,,
,sepsis nurse navigator,1,Sepsis Nurse Navigator,nurse,nurse,auto,,
,service unit assistant department manager rn,1,Service Unit Assistant Department Manager RN,nurse,nurse,auto,,
,sharp rees stealy - rn - triage - full time - day shift,1,Sharp Rees Stealy - RN - Triage - Full Time - Day Shift,nurse,nurse,auto,,
,sharp rees stealy - rn-triage - pediatrics - otay - full time - day shift,1,Sharp Rees Stealy - RN-Triage - Pediatrics - Otay - Full Time - Day Shift,nurse,nurse,auto,,
,shift charge nurse - lvn lpn,1,Shift/Charge Nurse - LVN/LPN,nurse,nurse,auto,,
,shift nurse,1,Shift Nurse,nurse,nurse,auto,,
,sicu registered nurse,1,SICU Registered Nurse,nurse,nurse,auto,,
,site occupational health nurse,1,Site Occupational Health Nurse,nurse,nurse,auto,,
,specialty care nurse-transition coordinator,1,Specialty Care Nurse-Transition Coordinator,nurse,nurse,auto,,
,specialty nurse - rheumatology,1,Specialty Nurse - Rheumatology,nurse,nurse,auto,,
,specialty registered nurse,1,Specialty Registered Nurse,nurse,nurse,auto,,
,specialty registered nurse - surgery center,1,Specialty Registered Nurse - Surgery Center,nurse,nurse,auto,,
,specialty registered nurse endoscopy,1,Specialty Registered Nurse Endoscopy,nurse,nurse,auto,,
,specialty rn 12 hr - rral er,1,Specialty RN 12 HR - RRAL ER,nurse,nurse,auto,,
,specialty unit staff rn - hospital - dou sdu w vent,1,Specialty Unit Staff RN - Hospital - DOU/SDU w/Vent,nurse,nurse,auto,,
,sr - rn per diem ii,1,SR - RN Per Diem II,nurse,nurse,auto,,
,sr registered nurse rn specialty - oncology infusion therapy - part time,1,Sr Registered Nurse (RN) Specialty - Oncology Infusion Therapy - Part Time,nurse,nurse,auto,,
,sr specialist quality improvement rn,1,"Sr Specialist, Quality Improvement (RN)",nurse,nurse,auto,,
,sr. licensed practical nurse - total joint and spine unit - weekend program,1,Sr. Licensed Practical Nurse - Total Joint and Spine Unit - Weekend Program,nurse,nurse,auto,,
,sr. professional staff nurse bsn -- pre post op,1,"Sr. Professional Staff Nurse, BSN -- Pre/Post Op",nurse,nurse,auto,,
,sr. professional staff nurse bsn part time operating room upmc carlisle,1,"Sr. Professional Staff Nurse BSN (Part Time) Operating Room, UPMC Carlisle",nurse,nurse,auto,,
,sr. professional staff nurse ii bsn rn - icu west shore hospital,1,"Sr. Professional Staff Nurse II, BSN (RN) - ICU (West Shore Hospital)",nurse,nurse,auto,,
,sr. professional staff nurse or upmc west shore,1,"Sr. Professional Staff Nurse, OR, UPMC West Shore",nurse,nurse,auto,,
,sr. professional staff nurse rn - neuro & medical unit west shore hospital,1,Sr. Professional Staff Nurse (RN) - Neuro & Medical Unit (West Shore Hospital),nurse,nurse,auto,,
,sr. professional staff nurse rn bsn casual - neuro & medical unit west shore hospital,1,"Sr. Professional Staff Nurse (RN), BSN, Casual - Neuro & Medical Unit (West Shore Hospital)",nurse,nurse,auto,,
,sr. professional staff nurse-icu york memorial,1,Sr. Professional Staff Nurse-ICU (York Memorial),nurse,nurse,auto,,
,sr. research nurse,1,Sr. Research Nurse,nurse,nurse,auto,,
,staff development coordinator registered nurse rn,1,Staff Development Coordinator (Registered Nurse/RN),nurse,nurse,auto,,
,staff development coordinator registered nurse rn agency free facility,1,Staff Development Coordinator (Registered Nurse/RN) Agency Free Facility,nurse,nurse,auto,,
,staff development coordinator rn wound care,1,Staff Development Coordinator RN / Wound Care,nurse,nurse,auto,,
,staff development coordinator rn- full time,1,Staff Development Coordinator RN- FULL TIME,nurse,nurse,auto,,
,staff development coordinator wound care rn,1,Staff Development Coordinator/Wound Care RN,nurse,nurse,auto,,
,staff development manager rn nh,1,Staff Development Manager RN NH,nurse,nurse,auto,,
,staff development nurse - rn,1,Staff Development Nurse - RN,nurse,nurse,auto,,
,staff lpn - critical care unit 24hr wk night,1,"Staff LPN - Critical Care Unit (24hr/wk, night)",nurse,nurse,auto,,
,staff nurse - csicu - the mount sinai hospital - full time night,1,Staff Nurse - CSICU - The Mount Sinai Hospital - Full Time Night,nurse,nurse,auto,,
,staff nurse - inpatient psychiatry - morningside - full time days,1,Staff Nurse - Inpatient Psychiatry - Morningside - Full Time/Days,nurse,nurse,auto,,
,staff nurse - intervention radiology $20 000 sign on bonus available,1,"Staff Nurse - Intervention Radiology ($20,000 Sign On Bonus Available)",nurse,nurse,auto,,
,staff nurse - labor delivery,1,Staff Nurse - Labor/Delivery,nurse,nurse,auto,,
,staff nurse - operating room,1,Staff Nurse - Operating Room,nurse,nurse,auto,,
,staff nurse - pacu,1,Staff Nurse - PACU,nurse,nurse,auto,,
,staff nurse - pacu prn,1,Staff Nurse - PACU (PRN),nurse,nurse,auto,,
,staff nurse correctional health services **day tour** 8am-8 30pm,1,"Staff Nurse, Correctional Health Services **Day Tour** (8am-8:30pm)",nurse,nurse,auto,,
,staff nurse correctional health services **night tour** 8pm-8 30am mwf grvc,1,"Staff Nurse, Correctional Health Services **Night Tour** (8pm-8:30am, MWF), GRVC",nurse,nurse,auto,,
,staff nurse correctional health services **night tour** 8pm-8 30am sws emtc,1,"Staff Nurse, Correctional Health Services **Night Tour** (8pm-8:30am, SWS), EMTC",nurse,nurse,auto,,
,staff nurse i intermediate intensive care unit days,1,"Staff Nurse I, Intermediate Intensive Care Unit, Days",nurse,nurse,auto,,
,staff nurse i med-surg oncology,1,"Staff Nurse I, Med-Surg Oncology",nurse,nurse,auto,,
,staff nurse i oncology,1,"Staff Nurse I, Oncology",nurse,nurse,auto,,
,staff nurse ii - icu,1,Staff Nurse II - ICU,nurse,nurse,auto,,
,staff nurse ii - labor and delivery,1,Staff Nurse II - Labor and Delivery,nurse,nurse,auto,,
,staff nurse ii - med tele unit 28 hour evenings - walnut creek,1,Staff Nurse II - Med/Tele Unit 28 Hour Evenings - Walnut Creek,nurse,nurse,auto,,
,staff nurse ii emergency services ashby flex,1,"Staff Nurse II, Emergency Services Ashby FLEX",nurse,nurse,auto,,
,staff nurse ii float - med surg telemetry - 32 hour -night,1,Staff Nurse II Float - Med Surg/Telemetry - 32 Hour -Night,nurse,nurse,auto,,
,staff nurse ii icu cpu summit,1,"Staff Nurse II, ICU/CPU Summit",nurse,nurse,auto,,
,staff nurse ii intermediate telemetry care itc ashby,1,"Staff Nurse II, Intermediate Telemetry Care (ITC) Ashby",nurse,nurse,auto,,
,staff nurse ii med surg,1,"Staff Nurse II, Med Surg",nurse,nurse,auto,,
,staff nurse ii mom baby,1,"Staff Nurse II, Mom/Baby",nurse,nurse,auto,,
,staff nurse ii neonatal intensive care unit,1,"Staff Nurse II, Neonatal Intensive Care Unit",nurse,nurse,auto,,
,staff nurse internal travel,1,"Staff nurse , internal travel",nurse,nurse,auto,,
,staff nurse rn,1,Staff Nurse (RN),nurse,nurse,auto,,
,staff nurse rn - part time,1,Staff Nurse (RN) - Part Time,nurse,nurse,auto,,
,staff nurse rn - per diem,1,Staff Nurse (RN) - Per Diem,nurse,nurse,auto,,
,staff nurse rn advanced,1,"Staff Nurse, (RN), Advanced",nurse,nurse,auto,,
,staff nurse- behavioral health services,1,Staff Nurse- Behavioral Health Services,nurse,nurse,auto,,
,staff nurse- hemodialysis- mount sinai west- full time days,1,Staff Nurse- Hemodialysis- Mount Sinai West- Full Time Days,nurse,nurse,auto,,
,staff nurse-behav hlth svcs,1,Staff Nurse-Behav Hlth Svcs,nurse,nurse,auto,,
,staff nurse-behavioral health svcs,1,Staff Nurse-Behavioral Health Svcs,nurse,nurse,auto,,
,staff nurse-emergency department-msq-full time-nights,1,Staff Nurse-Emergency Department-MSQ-Full Time-Nights,nurse,nurse,auto,,
,staff rn - cath lab pre post,1,Staff RN - Cath Lab Pre/Post,nurse,nurse,auto,,
,staff rn - hospital - full time nights - west la med ctr - med surg,1,Staff RN - Hospital - Full Time Nights - West LA Med Ctr - Med Surg,nurse,nurse,auto,,
,staff rn - hospital - med surg telemetry - part time - night shift - 5k sign on bonus eligible,1,Staff RN - Hospital - Med Surg/Telemetry - Part Time - Night Shift - 5K sign on bonus eligible,nurse,nurse,auto,,
,staff rn - hospital - part time days - west la med ctr - med surg,1,Staff RN - Hospital - Part Time Days - West LA Med Ctr - Med Surg,nurse,nurse,auto,,
,staff rn - hospital y5 - med tele,1,Staff RN - Hospital Y5 - Med Tele,nurse,nurse,auto,,
,staff rn - icu,1,Staff RN - ICU,nurse,nurse,auto,,
,staff rn per diem nights - telemetry,1,Staff RN Per Diem Nights - Telemetry,nurse,nurse,auto,,
,staff rn union - 12hr - smrmc emergency svc,1,Staff RN Union - 12hr - SMRMC Emergency Svc,nurse,nurse,auto,,
,staff rn- ed,1,Staff RN- ED,nurse,nurse,auto,,
,staff rn-womens and children,1,Staff RN-Womens and Children,nurse,nurse,auto,,
,staffing coordinator non nurse,1,Staffing Coordinator (Non Nurse),nurse,nurse,auto,,
,staffing coordinator rn - resource pool - full time,1,Staffing Coordinator RN - Resource Pool - Full Time,nurse,nurse,auto,,
,step down registered nurse,1,Step Down Registered Nurse,nurse,nurse,auto,,
,student nurse - telemetry,1,Student Nurse - Telemetry,nurse,nurse,auto,,
,student nurse tech per diem,1,Student Nurse Tech Per Diem,nurse,nurse,auto,,
,summer 2024 nurse extern program - ephrata hospital,1,Summer 2024 Nurse Extern Program - Ephrata Hospital,nurse,nurse,auto,,
,summer school licensed practical nurse 3 positions #2024-312,1,Summer School Licensed Practical Nurse (3 Positions) #2024-312,nurse,nurse,auto,,
,supervising registered nurse safety,1,SUPERVISING REGISTERED NURSE (SAFETY),nurse,nurse,auto,,
,supervisor clinic rn - swedish birth family - edmonds wa,1,Supervisor Clinic RN - Swedish Birth Family - Edmonds WA,nurse,nurse,auto,,
,supervisor infusion rn,1,Supervisor Infusion RN,nurse,nurse,auto,,
,supervisory nurse consultant - branch chief pd24r065 - health systems bureau,1,"Supervisory Nurse Consultant - Branch Chief, PD24R065 - Health Systems Bureau",nurse,nurse,auto,,
,surgical center licensed vocational nurse lvn,1,Surgical Center Licensed Vocational Nurse (LVN),nurse,nurse,auto,,
,surgical nurse,1,Surgical Nurse,nurse,nurse,auto,,
,surgical nurse part time - phoenix central - evernorth care group,1,Surgical Nurse Part Time - Phoenix Central - Evernorth Care Group,nurse,nurse,auto,,
,surgical technologist high school graduate with lpn,1,Surgical Technologist (High School Graduate with LPN),nurse,nurse,auto,,
,sw kc mkt progressive care rn,1,SW KC Mkt Progressive Care RN,nurse,nurse,auto,,
,team lead charge nurse - acute medicine,1,Team Lead/Charge Nurse - Acute Medicine,nurse,nurse,auto,,
,team lead charge nurse - med pulmonary - ft days weekend option,1,Team Lead Charge Nurse - Med/Pulmonary - FT Days Weekend Option,nurse,nurse,auto,,
,team lead charge nurse - med pulmonary - part time nights weekend option,1,Team Lead Charge Nurse - Med/Pulmonary - Part Time Nights Weekend Option,nurse,nurse,auto,,
,team lead charge nurse weekend option part time,1,Team Lead Charge Nurse Weekend Option Part Time,nurse,nurse,auto,,
,team lead rn 4sw med surg ft thomas full time days,1,Team Lead RN 4SW Med Surg Ft Thomas Full Time Days,nurse,nurse,auto,,
,team lead rn edgewood sicu weekend option day shift,1,Team Lead RN Edgewood SICU Weekend Option Day Shift,nurse,nurse,auto,,
,team nurse - agency only,1,Team Nurse - Agency Only,nurse,nurse,auto,,
,telehealth registered nurse,1,TeleHealth Registered Nurse,nurse,nurse,auto,,
,telemedicine rn - clinical trainer,1,Telemedicine RN - Clinical Trainer,nurse,nurse,auto,,
,telemedicine rn - patient care survey outreach specialist,1,Telemedicine RN - Patient Care Survey Outreach Specialist,nurse,nurse,auto,,
,telemetry rn-austell,1,Telemetry RN-Austell,nurse,nurse,auto,,
,telephonic nurse case manager,1,Telephonic Nurse Case Manager,nurse,nurse,auto,,
,temp - rn - icu nights coos bay or,1,"Temp - RN - ICU (Nights) Coos Bay, OR",nurse,nurse,auto,,
,temp - rn - telemetry - cardiac med surg float days glens falls ny,1,"Temp - RN - Telemetry - Cardiac / Med Surg / Float (Days) Glens Falls, NY",nurse,nurse,auto,,
,temp to perm - licensed practical nurse lpn - up to $45 hr,1,Temp to Perm - Licensed Practical Nurse (LPN) - Up to $45/hr,nurse,nurse,auto,,
,temp to perm - registered nurse rn - up to $55 hr,1,Temp to Perm - Registered Nurse (RN) - Up to $55/hr,nurse,nurse,auto,,
,temporary registered nurse-cardiovascular unit,1,Temporary Registered Nurse-Cardiovascular Unit,nurse,nurse,auto,,
,temporary registered nurse-operating room,1,Temporary Registered Nurse-Operating Room,nurse,nurse,auto,,
,transition nurse fellow 6 east pediatric ortho,1,Transition Nurse Fellow / 6 East / Pediatric Ortho,nurse,nurse,auto,,
,transition nurse fellow medical surgical 5 east,1,Transition Nurse Fellow / Medical Surgical / 5 East,nurse,nurse,auto,,
,transition nurse fellow transplant gi post-surgical 6 west,1,"Transition Nurse Fellow / Transplant, GI, Post-Surgical / 6 West",nurse,nurse,auto,,
,transitional care manager rn,1,"Transitional Care Manager, RN",nurse,nurse,auto,,
,transplant coordinator rn,1,Transplant Coordinator RN,nurse,nurse,auto,,
,trauma performance improvement nurse coordinator,1,Trauma Performance Improvement Nurse Coordinator,nurse,nurse,auto,,
,travel - cvpicu - nurse job - $2 072 wk - $2 297 wk,1,"Travel - CVPICU - Nurse Job - $2,072/wk - $2,297/wk",nurse,nurse,auto,,
,travel - cvpicu - nurse job - $2 644 wk - $2 825 wk,1,"Travel - CVPICU - Nurse Job - $2,644/wk - $2,825/wk",nurse,nurse,auto,,
,travel - cvpicu - nurse job - $2 726 wk - $2 972 wk,1,"Travel - CVPICU - Nurse Job - $2,726/wk - $2,972/wk",nurse,nurse,auto,,
,travel - ltc - nurse job - $1 630 wk - $1 862 wk,1,"Travel - LTC - Nurse Job - $1,630/wk - $1,862/wk",nurse,nurse,auto,,
,travel - ltc - nurse job - $1 646 wk - $1 869 wk,1,"Travel - LTC - Nurse Job - $1,646/wk - $1,869/wk",nurse,nurse,auto,,
,travel - med surg - nurse job - $1 462 wk - $1 735 wk,1,"Travel - Med Surg - Nurse Job - $1,462/wk - $1,735/wk",nurse,nurse,auto,,
,travel - med surg - nurse job - $1 547 wk - $1 772 wk,1,"Travel - Med Surg - Nurse Job - $1,547/wk - $1,772/wk",nurse,nurse,auto,,
,travel - med surg - nurse job - $1 666 wk - $1 885 wk,1,"Travel - Med Surg - Nurse Job - $1,666/wk - $1,885/wk",nurse,nurse,auto,,
,travel - med surg - nurse job - $1 696 wk - $1 921 wk,1,"Travel - Med Surg - Nurse Job - $1,696/wk - $1,921/wk",nurse,nurse,auto,,
,travel - med surg - nurse job - $1 767 wk - $1 975 wk,1,"Travel - Med Surg - Nurse Job - $1,767/wk - $1,975/wk",nurse,nurse,auto,,
,travel - med surg - nurse job - $1 784 wk - $2 010 wk,1,"Travel - Med Surg - Nurse Job - $1,784/wk - $2,010/wk",nurse,nurse,auto,,
,travel - med surg - nurse job - $1 845 wk - $2 040 wk,1,"Travel - Med Surg - Nurse Job - $1,845/wk - $2,040/wk",nurse,nurse,auto,,
,travel - med surg - nurse job - $1 885 wk - $2 074 wk,1,"Travel - Med Surg - Nurse Job - $1,885/wk - $2,074/wk",nurse,nurse,auto,,
,travel - med surg - nurse job - $1 887 wk - $2 077 wk,1,"Travel - Med Surg - Nurse Job - $1,887/wk - $2,077/wk",nurse,nurse,auto,,
,travel - med surg - nurse job - $1 896 wk - $2 072 wk,1,"Travel - Med Surg - Nurse Job - $1,896/wk - $2,072/wk",nurse,nurse,auto,,
,travel - med surg - nurse job - $1 958 wk - $2 162 wk,1,"Travel - Med Surg - Nurse Job - $1,958/wk - $2,162/wk",nurse,nurse,auto,,
,travel - med surg - nurse job - $1 962 wk - $2 152 wk,1,"Travel - Med Surg - Nurse Job - $1,962/wk - $2,152/wk",nurse,nurse,auto,,
,travel - med surg - nurse job - $1 997 wk - $2 186 wk,1,"Travel - Med Surg - Nurse Job - $1,997/wk - $2,186/wk",nurse,nurse,auto,,
,travel - med surg - nurse job - $2 105 wk - $2 295 wk,1,"Travel - Med Surg - Nurse Job - $2,105/wk - $2,295/wk",nurse,nurse,auto,,
,travel - med surg - nurse job - $2 136 wk - $2 325 wk,1,"Travel - Med Surg - Nurse Job - $2,136/wk - $2,325/wk",nurse,nurse,auto,,
,travel - med surg - nurse job - $2 181 wk - $2 370 wk,1,"Travel - Med Surg - Nurse Job - $2,181/wk - $2,370/wk",nurse,nurse,auto,,
,travel - med surg - nurse job - $2 473 wk - $2 663 wk,1,"Travel - Med Surg - Nurse Job - $2,473/wk - $2,663/wk",nurse,nurse,auto,,
,travel - med surg - nurse job - $2 476 wk - $2 684 wk,1,"Travel - Med Surg - Nurse Job - $2,476/wk - $2,684/wk",nurse,nurse,auto,,
,travel - med surg - nurse job - $2 640 wk - $2 827 wk,1,"Travel - Med Surg - Nurse Job - $2,640/wk - $2,827/wk",nurse,nurse,auto,,
,travel - med surg - nurse job - $2 736 wk - $2 925 wk,1,"Travel - Med Surg - Nurse Job - $2,736/wk - $2,925/wk",nurse,nurse,auto,,
,travel - ms tele - nurse job - $1 278 wk - $1 502 wk,1,"Travel - MS/Tele - Nurse Job - $1,278/wk - $1,502/wk",nurse,nurse,auto,,
,travel - ms tele - nurse job - $1 839 wk - $2 035 wk,1,"Travel - MS/Tele - Nurse Job - $1,839/wk - $2,035/wk",nurse,nurse,auto,,
,travel - ms tele - nurse job - $1 866 wk - $2 055 wk,1,"Travel - MS/Tele - Nurse Job - $1,866/wk - $2,055/wk",nurse,nurse,auto,,
,travel - ms tele - nurse job - $1 940 wk - $2 152 wk,1,"Travel - MS/Tele - Nurse Job - $1,940/wk - $2,152/wk",nurse,nurse,auto,,
,travel - ms tele - nurse job - $2 014 wk - $2 203 wk,1,"Travel - MS/Tele - Nurse Job - $2,014/wk - $2,203/wk",nurse,nurse,auto,,
,travel - ms tele - nurse job - $2 015 wk - $2 204 wk,1,"Travel - MS/Tele - Nurse Job - $2,015/wk - $2,204/wk",nurse,nurse,auto,,
,travel - ms tele - nurse job - $2 112 wk - $2 301 wk,1,"Travel - MS/Tele - Nurse Job - $2,112/wk - $2,301/wk",nurse,nurse,auto,,
,travel - ms tele - nurse job - $2 201 wk - $2 390 wk,1,"Travel - MS/Tele - Nurse Job - $2,201/wk - $2,390/wk",nurse,nurse,auto,,
,travel - ms tele - nurse job - $2 370 wk - $2 594 wk,1,"Travel - MS/Tele - Nurse Job - $2,370/wk - $2,594/wk",nurse,nurse,auto,,
,travel - ms tele - nurse job - $2 428 wk - $2 637 wk,1,"Travel - MS/Tele - Nurse Job - $2,428/wk - $2,637/wk",nurse,nurse,auto,,
,travel - ms tele - nurse job - $2 468 wk - $2 657 wk,1,"Travel - MS/Tele - Nurse Job - $2,468/wk - $2,657/wk",nurse,nurse,auto,,
,travel - ms tele - nurse job - $2 791 wk - $2 980 wk,1,"Travel - MS/Tele - Nurse Job - $2,791/wk - $2,980/wk",nurse,nurse,auto,,
,travel - pcu - nurse job - $1 518 wk - $1 745 wk,1,"Travel - PCU - Nurse Job - $1,518/wk - $1,745/wk",nurse,nurse,auto,,
,travel - pcu - nurse job - $1 922 wk - $2 111 wk,1,"Travel - PCU - Nurse Job - $1,922/wk - $2,111/wk",nurse,nurse,auto,,
,travel - pcu - nurse job - $1 935 wk - $2 160 wk,1,"Travel - PCU - Nurse Job - $1,935/wk - $2,160/wk",nurse,nurse,auto,,
,travel - pcu - nurse job - $1 938 wk - $2 163 wk,1,"Travel - PCU - Nurse Job - $1,938/wk - $2,163/wk",nurse,nurse,auto,,
,travel - pcu - nurse job - $1 985 wk - $2 203 wk,1,"Travel - PCU - Nurse Job - $1,985/wk - $2,203/wk",nurse,nurse,auto,,
,travel - pcu - nurse job - $2 034 wk - $2 238 wk,1,"Travel - PCU - Nurse Job - $2,034/wk - $2,238/wk",nurse,nurse,auto,,
,travel - pcu - nurse job - $2 058 wk - $2 257 wk,1,"Travel - PCU - Nurse Job - $2,058/wk - $2,257/wk",nurse,nurse,auto,,
,travel - pcu - nurse job - $2 515 wk - $2 704 wk,1,"Travel - PCU - Nurse Job - $2,515/wk - $2,704/wk",nurse,nurse,auto,,
,travel - registered nurse - med surg * $2 200 wk*,1,"Travel - Registered Nurse - Med/Surg * $2,200/Wk*",nurse,nurse,auto,,
,travel - registered nurse - step down,1,Travel - Registered Nurse - Step Down,nurse,nurse,auto,,
,travel - step down - nurse job - $1 800 wk - $2 003 wk,1,"Travel - Step Down - Nurse Job - $1,800/wk - $2,003/wk",nurse,nurse,auto,,
,travel - step down - nurse job - $1 885 wk - $2 074 wk,1,"Travel - Step Down - Nurse Job - $1,885/wk - $2,074/wk",nurse,nurse,auto,,
,travel - step down - nurse job - $1 997 wk - $2 186 wk,1,"Travel - Step Down - Nurse Job - $1,997/wk - $2,186/wk",nurse,nurse,auto,,
,travel - step down - nurse job - $2 042 wk - $2 231 wk,1,"Travel - Step Down - Nurse Job - $2,042/wk - $2,231/wk",nurse,nurse,auto,,
,travel - step down - nurse job - $2 500 wk - $2 730 wk,1,"Travel - Step Down - Nurse Job - $2,500/wk - $2,730/wk",nurse,nurse,auto,,
,travel - telemetry - nurse job - $1 683 wk - $1 910 wk,1,"Travel - Telemetry - Nurse Job - $1,683/wk - $1,910/wk",nurse,nurse,auto,,
,travel - telemetry - nurse job - $1 685 wk - $1 910 wk,1,"Travel - Telemetry - Nurse Job - $1,685/wk - $1,910/wk",nurse,nurse,auto,,
,travel - telemetry - nurse job - $1 718 wk - $1 933 wk,1,"Travel - Telemetry - Nurse Job - $1,718/wk - $1,933/wk",nurse,nurse,auto,,
,travel - telemetry - nurse job - $1 804 wk - $2 028 wk,1,"Travel - Telemetry - Nurse Job - $1,804/wk - $2,028/wk",nurse,nurse,auto,,
,travel - telemetry - nurse job - $1 821 wk - $2 020 wk,1,"Travel - Telemetry - Nurse Job - $1,821/wk - $2,020/wk",nurse,nurse,auto,,
,travel - telemetry - nurse job - $1 865 wk - $2 055 wk,1,"Travel - Telemetry - Nurse Job - $1,865/wk - $2,055/wk",nurse,nurse,auto,,
,travel - telemetry - nurse job - $2 108 wk - $2 298 wk,1,"Travel - Telemetry - Nurse Job - $2,108/wk - $2,298/wk",nurse,nurse,auto,,
,travel - telemetry - nurse job - $2 500 wk - $2 730 wk,1,"Travel - Telemetry - Nurse Job - $2,500/wk - $2,730/wk",nurse,nurse,auto,,
,travel contract long term care registered nurse up to $2600 wk,1,Travel/Contract Long Term Care Registered Nurse (Up to $2600/wk),nurse,nurse,auto,,
,travel contract medical-surgical registered nurse *up to $2 150 wk!*,1,"Travel/Contract Medical-Surgical Registered Nurse *Up To $2,150/WK!*",nurse,nurse,auto,,
,travel contract medical-surgical registered nurse *up to $2 400 wk!*,1,"Travel/Contract Medical-Surgical Registered Nurse *Up To $2,400/WK!*",nurse,nurse,auto,,
,travel contract medical-surgical registered nurse *up to $2 420 wk!*,1,"Travel/Contract Medical-Surgical Registered Nurse *Up To $2,420/WK!*",nurse,nurse,auto,,
,travel contract operating room registered nurse *up to $2 520 wk!*,1,"Travel/Contract Operating Room Registered Nurse *Up To $2,520/WK!*",nurse,nurse,auto,,
,travel contract registered nurse med surg - $4.4k weekly + paid housing,1,Travel/Contract Registered Nurse (Med/Surg) - $4.4K weekly + Paid housing,nurse,nurse,auto,,
,travel contract registered nurse med surg - 48hr work week 4.4k week - housing included,1,Travel/Contract Registered Nurse (Med/Surg) - 48hr work week (4.4k/week) - housing included,nurse,nurse,auto,,
,travel contract rn *up to $2 400 wk*,1,"Travel/Contract RN *up to $2,400/wk*",nurse,nurse,auto,,
,travel contract rn *up to $2 500 wk*,1,"Travel/Contract RN *up to $2,500/wk*",nurse,nurse,auto,,
,travel er rn job in albuquerque nm - make $2 147 to $2 343 week,1,"Travel ER RN job in Albuquerque, NM - Make $2,147 to $2,343/week",nurse,nurse,auto,,
,travel er rn job in augusta ga - make $1 530 to $1 756 week,1,"Travel ER RN job in Augusta, GA - Make $1,530 to $1,756/week",nurse,nurse,auto,,
,travel er rn job in charlottesville va - make $1 809 to $2 035 week,1,"Travel ER RN job in Charlottesville, VA - Make $1,809 to $2,035/week",nurse,nurse,auto,,
,travel er rn job in hanford ca - make $1 890 to $2 131 week,1,"Travel ER RN job in Hanford, CA - Make $1,890 to $2,131/week",nurse,nurse,auto,,
,travel er rn job in hays ks - make $1 929 to $2 118 week,1,"Travel ER RN job in Hays, KS - Make $1,929 to $2,118/week",nurse,nurse,auto,,
,travel er rn job in indianapolis in - make $1 784 to $2 010 week,1,"Travel ER RN job in Indianapolis, IN - Make $1,784 to $2,010/week",nurse,nurse,auto,,
,travel er rn job in lake havasu city az - make $1 988 to $2 177 week,1,"Travel ER RN job in Lake Havasu City, AZ - Make $1,988 to $2,177/week",nurse,nurse,auto,,
,travel er rn job in pikeville ky - make $2 494 to $2 684 week,1,"Travel ER RN job in Pikeville, KY - Make $2,494 to $2,684/week",nurse,nurse,auto,,
,travel er rn job in rice lake wi - make $2 276 to $2 465 week,1,"Travel ER RN job in Rice Lake, WI - Make $2,276 to $2,465/week",nurse,nurse,auto,,
,travel er rn job in sun city az - make $2 411 to $2 600 week,1,"Travel ER RN job in Sun City, AZ - Make $2,411 to $2,600/week",nurse,nurse,auto,,
,travel er rn job in torrance ca - make $1 763 to $2 035 week,1,"Travel ER RN job in Torrance, CA - Make $1,763 to $2,035/week",nurse,nurse,auto,,
,travel er rn job in winfield ks - make $1 328 to $1 555 week,1,"Travel ER RN job in Winfield, KS - Make $1,328 to $1,555/week",nurse,nurse,auto,,
,travel er rn job in winston-salem nc - make $1 812 to $1 981 week,1,"Travel ER RN job in Winston-Salem, NC - Make $1,812 to $1,981/week",nurse,nurse,auto,,
,travel l&d registered nurse - 13 weeks,1,Travel L&D Registered Nurse - 13 Weeks,nurse,nurse,auto,,
,travel local contract - ltc licensed practical nurse **up to 1 600 wk** lpn,1,"Travel/LOCAL CONTRACT - LTC Licensed Practical Nurse **up to 1,600/wk** (LPN)",nurse,nurse,auto,,
,travel local contract - ltc registered nurse **up to 2 200 wk** rn,1,"Travel/LOCAL CONTRACT - LTC Registered Nurse **up to 2,200/wk** (RN)",nurse,nurse,auto,,
,travel long-term care licensed practical nurse**up to 1 800 wk** lpn,1,"Travel Long-Term Care Licensed Practical Nurse**up to 1,800/wk** (LPN)",nurse,nurse,auto,,
,travel lpn lvn - lpn lvn,1,Travel LPN / LVN - LPN / LVN,nurse,nurse,auto,,
,travel lpn nursing home setting contract,1,Travel LPN Nursing Home Setting (Contract),nurse,nurse,auto,,
,travel ltc snf lpn lvn license practical nurse in de smet sd - 679088,1,"Travel LTC/SNF LPN/LVN (License Practical Nurse) in De Smet, SD - 679088",nurse,nurse,auto,,
,travel nurse - case management rn,1,Travel Nurse - Case Management RN,nurse,nurse,auto,,
,travel nurse - licensed practical nurse - lpn,1,Travel Nurse - Licensed Practical Nurse - LPN,nurse,nurse,auto,,
,travel nurse - registered nurse - rn,1,Travel Nurse - Registered Nurse - RN,nurse,nurse,auto,,
,travel nurse rn - $1 864 per week in bangor me,1,"Travel Nurse RN - $1,864 per week in Bangor, ME",nurse,nurse,auto,,
,travel nurse rn - $1 967 to $2 181 per week in san mateo ca,1,"Travel Nurse RN - $1,967 to $2,181 per week in San Mateo, CA",nurse,nurse,auto,,
,travel nurse rn - $2 249 per week in globe az,1,"Travel Nurse RN - $2,249 per week in Globe, AZ",nurse,nurse,auto,,
,travel nurse rn - $2 384 per week in tuba city az,1,"Travel Nurse RN - $2,384 per week in Tuba City, AZ",nurse,nurse,auto,,
,travel nurse rn - $38 094 to $42 234 per week in santa clara ca,1,"Travel Nurse RN - $38,094 to $42,234 per week in Santa Clara, CA",nurse,nurse,auto,,
,travel nurse rn - case manager - $1 332 per week in gardner ma,1,"Travel Nurse RN - Case Manager - $1,332 per week in Gardner, MA",nurse,nurse,auto,,
,travel nurse rn - case manager - $2 470 per week in los angeles ca,1,"Travel Nurse RN - Case Manager - $2,470 per week in Los Angeles, CA",nurse,nurse,auto,,
,travel nurse rn - cath lab - $2 034 per week in charleston sc,1,"Travel Nurse RN - Cath Lab - $2,034 per week in Charleston, SC",nurse,nurse,auto,,
,travel nurse rn - cath lab - $2 139 to $2 292 per week in bolingbrook il,1,"Travel Nurse RN - Cath Lab - $2,139 to $2,292 per week in Bolingbrook, IL",nurse,nurse,auto,,
,travel nurse rn - cath lab - $2 193 to $2 437 per week in texas city tx,1,"Travel Nurse RN - Cath Lab - $2,193 to $2,437 per week in Texas City, TX",nurse,nurse,auto,,
,travel nurse rn - cvicu - $1 925 per week,1,"Travel Nurse RN - CVICU - $1,925 per week",nurse,nurse,auto,,
,travel nurse rn - cvicu - $2 228 per week in medford or,1,"Travel Nurse RN - CVICU - $2,228 per week in Medford, OR",nurse,nurse,auto,,
,travel nurse rn - cvicu - $2 250 per week in allentown pa,1,"Travel Nurse RN - CVICU - $2,250 per week in Allentown, PA",nurse,nurse,auto,,
,travel nurse rn - cvicu - $2 308 per week in edgewood ky,1,"Travel Nurse RN - CVICU - $2,308 per week in Edgewood, KY",nurse,nurse,auto,,
,travel nurse rn - cvicu in seattle wa - excellent benefits 2024-04-18,1,"Travel Nurse RN - CVICU in Seattle, WA - Excellent Benefits 2024-04-18",nurse,nurse,auto,,
,travel nurse rn - cvor - $2 249 to $2 317 per week in rapid city sd,1,"Travel Nurse RN - CVOR - $2,249 to $2,317 per week in Rapid City, SD",nurse,nurse,auto,,
,travel nurse rn - cvor - $2 680 per week in wausau wi,1,"Travel Nurse RN - CVOR - $2,680 per week in Wausau, WI",nurse,nurse,auto,,
,travel nurse rn - cvor in kansas city ks - excellent benefits 2024-04-11,1,"Travel Nurse RN - CVOR in Kansas City, KS - Excellent Benefits 2024-04-11",nurse,nurse,auto,,
,travel nurse rn - dialysis - $1 745 per week in westlake oh,1,"Travel Nurse RN - Dialysis - $1,745 per week in Westlake, OH",nurse,nurse,auto,,
,travel nurse rn - dialysis - $2 026 per week in jersey city nj,1,"Travel Nurse RN - Dialysis - $2,026 per week in Jersey City, NJ",nurse,nurse,auto,,
,travel nurse rn - dialysis in charleston sc - excellent benefits 2024-04-17,1,"Travel Nurse RN - Dialysis in Charleston, SC - Excellent Benefits 2024-04-17",nurse,nurse,auto,,
,travel nurse rn - ed - emergency department - $2 009 per week,1,"Travel Nurse RN - ED - Emergency Department - $2,009 per week",nurse,nurse,auto,,
,travel nurse rn - endoscopy - $2 310 per week in lexington ky,1,"Travel Nurse RN - Endoscopy - $2,310 per week in Lexington, KY",nurse,nurse,auto,,
,travel nurse rn - er trauma - $1 673 to $1 854 per week in norristown pa,1,"Travel Nurse RN - ER/Trauma - $1,673 to $1,854 per week in Norristown, PA",nurse,nurse,auto,,
,travel nurse rn - er trauma - $1 770 to $1 962 per week in terre haute in,1,"Travel Nurse RN - ER/Trauma - $1,770 to $1,962 per week in Terre Haute, IN",nurse,nurse,auto,,
,travel nurse rn - er trauma - $1 990 per week in lewiston me,1,"Travel Nurse RN - ER/Trauma - $1,990 per week in Lewiston, ME",nurse,nurse,auto,,
,travel nurse rn - er trauma - $2 016 per week in hilo hi,1,"Travel Nurse RN - ER/Trauma - $2,016 per week in Hilo, HI",nurse,nurse,auto,,
,travel nurse rn - er trauma - $2 025 to $2 239 per week in alamogordo nm,1,"Travel Nurse RN - ER/Trauma - $2,025 to $2,239 per week in Alamogordo, NM",nurse,nurse,auto,,
,travel nurse rn - er trauma - $2 052 per week in cleveland oh,1,"Travel Nurse RN - ER/Trauma - $2,052 per week in Cleveland, OH",nurse,nurse,auto,,
,travel nurse rn - er trauma - $2 062 per week in dyersville ia,1,"Travel Nurse RN - ER/Trauma - $2,062 per week in Dyersville, IA",nurse,nurse,auto,,
,travel nurse rn - er trauma - $2 281 per week in elizabethtown ny,1,"Travel Nurse RN - ER/Trauma - $2,281 per week in Elizabethtown, NY",nurse,nurse,auto,,
,travel nurse rn - er trauma - $2 429 per week in elizabethtown ny,1,"Travel Nurse RN - ER/Trauma - $2,429 per week in Elizabethtown, NY",nurse,nurse,auto,,
,travel nurse rn - er trauma - $2 569 per week in beverly ma,1,"Travel Nurse RN - ER/Trauma - $2,569 per week in Beverly, MA",nurse,nurse,auto,,
,travel nurse rn - er trauma - $2 611 per week in fresno ca,1,"Travel Nurse RN - ER/Trauma - $2,611 per week in Fresno, CA",nurse,nurse,auto,,
,travel nurse rn - er trauma - $2 722 per week in pikeville ky,1,"Travel Nurse RN - ER/Trauma - $2,722 per week in Pikeville, KY",nurse,nurse,auto,,
,travel nurse rn - er trauma in fort madison ia - excellent benefits 2024-04-11,1,"Travel Nurse RN - ER/Trauma in Fort Madison, IA - Excellent Benefits 2024-04-11",nurse,nurse,auto,,
,travel nurse rn - er trauma in fresno ca - excellent benefits 2024-04-11,1,"Travel Nurse RN - ER/Trauma in Fresno, CA - Excellent Benefits 2024-04-11",nurse,nurse,auto,,
,travel nurse rn - er trauma in utica ny - excellent benefits 2024-04-10,1,"Travel Nurse RN - ER/Trauma in Utica, NY - Excellent Benefits 2024-04-10",nurse,nurse,auto,,
,travel nurse rn - home health - $2 210 per week in lexington va,1,"Travel Nurse RN - Home Health - $2,210 per week in Lexington, VA",nurse,nurse,auto,,
,travel nurse rn - home health - $2 998 per week,1,"Travel Nurse RN - Home Health - $2,998 per week",nurse,nurse,auto,,
,travel nurse rn - hospice - $1 814 to $2 011 per week in newport news va,1,"Travel Nurse RN - Hospice - $1,814 to $2,011 per week in Newport News, VA",nurse,nurse,auto,,
,travel nurse rn - hospice - $1 940 per week in land o lakes fl,1,"Travel Nurse RN - Hospice - $1,940 per week in Land O Lakes, FL",nurse,nurse,auto,,
,travel nurse rn - icu critical care - $1 338 to $1 483 per week in bentonville ar,1,"Travel Nurse RN - ICU/Critical Care - $1,338 to $1,483 per week in Bentonville, AR",nurse,nurse,auto,,
,travel nurse rn - icu critical care - $1 623 to $1 788 week,1,"Travel Nurse RN - ICU/Critical Care - $1,623 to $1,788 / week",nurse,nurse,auto,,
,travel nurse rn - icu critical care - $1 852 to $2 041 per week in dickinson nd,1,"Travel Nurse RN - ICU/Critical Care - $1,852 to $2,041 per week in Dickinson, ND",nurse,nurse,auto,,
,travel nurse rn - icu critical care - $1 869 per week in moberly mo,1,"Travel Nurse RN - ICU/Critical Care - $1,869 per week in Moberly, MO",nurse,nurse,auto,,
,travel nurse rn - icu critical care - $1 895 per week in fayetteville nc,1,"Travel Nurse RN - ICU/Critical Care - $1,895 per week in Fayetteville, NC",nurse,nurse,auto,,
,travel nurse rn - icu critical care - $1 908 per week in tulsa ok,1,"Travel Nurse RN - ICU/Critical Care - $1,908 per week in Tulsa, OK",nurse,nurse,auto,,
,travel nurse rn - icu critical care - $1 913 to $2 114 per week in chesapeake va,1,"Travel Nurse RN - ICU/Critical Care - $1,913 to $2,114 per week in Chesapeake, VA",nurse,nurse,auto,,
,travel nurse rn - icu critical care - $1 923 to $2 119 per week in greenville nc,1,"Travel Nurse RN - ICU/Critical Care - $1,923 to $2,119 per week in Greenville, NC",nurse,nurse,auto,,
,travel nurse rn - icu critical care - $2 003 to $2 221 per week in montgomery al,1,"Travel Nurse RN - ICU/Critical Care - $2,003 to $2,221 per week in Montgomery, AL",nurse,nurse,auto,,
,travel nurse rn - icu critical care - $2 004 per week in springfield ma,1,"Travel Nurse RN - ICU/Critical Care - $2,004 per week in Springfield, MA",nurse,nurse,auto,,
,travel nurse rn - icu critical care - $2 016 per week in hickory nc,1,"Travel Nurse RN - ICU/Critical Care - $2,016 per week in Hickory, NC",nurse,nurse,auto,,
,travel nurse rn - icu critical care - $2 076 per week in ukiah ca,1,"Travel Nurse RN - ICU/Critical Care - $2,076 per week in Ukiah, CA",nurse,nurse,auto,,
,travel nurse rn - icu critical care - $2 082 to $2 309 per week in janesville wi,1,"Travel Nurse RN - ICU/Critical Care - $2,082 to $2,309 per week in Janesville, WI",nurse,nurse,auto,,
,travel nurse rn - icu critical care - $2 090 per week in pontiac mi,1,"Travel Nurse RN - ICU/Critical Care - $2,090 per week in Pontiac, MI",nurse,nurse,auto,,
,travel nurse rn - icu critical care - $2 174 per week in glens falls ny,1,"Travel Nurse RN - ICU/Critical Care - $2,174 per week in Glens Falls, NY",nurse,nurse,auto,,
,travel nurse rn - icu critical care - $2 250 per week in johnson city tn,1,"Travel Nurse RN - ICU/Critical Care - $2,250 per week in Johnson City, TN",nurse,nurse,auto,,
,travel nurse rn - icu critical care - $2 376 per week in ogdensburg ny,1,"Travel Nurse RN - ICU/Critical Care - $2,376 per week in Ogdensburg, NY",nurse,nurse,auto,,
,travel nurse rn - icu critical care - $2 394 per week in lexington ky,1,"Travel Nurse RN - ICU/Critical Care - $2,394 per week in Lexington, KY",nurse,nurse,auto,,
,travel nurse rn - icu critical care - $2 436 per week in perth amboy nj,1,"Travel Nurse RN - ICU/Critical Care - $2,436 per week in Perth Amboy, NJ",nurse,nurse,auto,,
,travel nurse rn - icu critical care - $2 668 per week in pittsburg ks,1,"Travel Nurse RN - ICU/Critical Care - $2,668 per week in Pittsburg, KS",nurse,nurse,auto,,
,travel nurse rn - icu critical care in bentonville ar - excellent benefits 2024-04-09,1,"Travel Nurse RN - ICU/Critical Care in Bentonville, AR - Excellent Benefits 2024-04-09",nurse,nurse,auto,,
,travel nurse rn - icu critical care in cedar rapids ia - excellent benefits 2024-04-11,1,"Travel Nurse RN - ICU/Critical Care in Cedar Rapids, IA - Excellent Benefits 2024-04-11",nurse,nurse,auto,,
,travel nurse rn - icu critical care in chillicothe oh - excellent benefits 2024-04-11,1,"Travel Nurse RN - ICU/Critical Care in Chillicothe, OH - Excellent Benefits 2024-04-11",nurse,nurse,auto,,
,travel nurse rn - icu critical care in coos bay or - excellent benefits 2024-04-11,1,"Travel Nurse RN - ICU/Critical Care in Coos Bay, OR - Excellent Benefits 2024-04-11",nurse,nurse,auto,,
,travel nurse rn - icu critical care in coos bay or - excellent benefits 2024-04-19,1,"Travel Nurse RN - ICU/Critical Care in Coos Bay, OR - Excellent Benefits 2024-04-19",nurse,nurse,auto,,
,travel nurse rn - icu critical care in cortland ny - excellent benefits 2024-04-18,1,"Travel Nurse RN - ICU/Critical Care in Cortland, NY - Excellent Benefits 2024-04-18",nurse,nurse,auto,,
,travel nurse rn - icu critical care in grand forks nd - excellent benefits 2024-04-11,1,"Travel Nurse RN - ICU/Critical Care in Grand Forks, ND - Excellent Benefits 2024-04-11",nurse,nurse,auto,,
,travel nurse rn - icu critical care in monroe mi - excellent benefits 2024-04-12,1,"Travel Nurse RN - ICU/Critical Care in Monroe, MI - Excellent Benefits 2024-04-12",nurse,nurse,auto,,
,travel nurse rn - icu critical care in pottsville pa - excellent benefits 2024-04-11,1,"Travel Nurse RN - ICU/Critical Care in Pottsville, PA - Excellent Benefits 2024-04-11",nurse,nurse,auto,,
,travel nurse rn - icu critical care in seattle wa - excellent benefits 2024-04-18,1,"Travel Nurse RN - ICU/Critical Care in Seattle, WA - Excellent Benefits 2024-04-18",nurse,nurse,auto,,
,travel nurse rn - imc in stockbridge ga - excellent benefits 2024-04-18,1,"Travel Nurse RN - IMC in Stockbridge, GA - Excellent Benefits 2024-04-18",nurse,nurse,auto,,
,travel nurse rn - interventional radiology - $2 610 per week in canton ga,1,"Travel Nurse RN - Interventional Radiology - $2,610 per week in Canton, GA",nurse,nurse,auto,,
,travel nurse rn - labor delivery - $1 990 per week in midland tx,1,"Travel Nurse RN - Labor/Delivery - $1,990 per week in Midland, TX",nurse,nurse,auto,,
,travel nurse rn - labor delivery - $15 to $40 per hour in kealakekua hi,1,"Travel Nurse RN - Labor/Delivery - $15 to $40 per hour in Kealakekua, HI",nurse,nurse,auto,,
,travel nurse rn - labor delivery - $2 268 per week in keene nh,1,"Travel Nurse RN - Labor/Delivery - $2,268 per week in Keene, NH",nurse,nurse,auto,,
,travel nurse rn - labor delivery - $2 338 per week in show low az,1,"Travel Nurse RN - Labor/Delivery - $2,338 per week in Show Low, AZ",nurse,nurse,auto,,
,travel nurse rn - labor delivery - $2 619 to $2 798 per week in lamar co,1,"Travel Nurse RN - Labor/Delivery - $2,619 to $2,798 per week in Lamar, CO",nurse,nurse,auto,,
,travel nurse rn - labor delivery in joliet il - excellent benefits 2024-04-11,1,"Travel Nurse RN - Labor/Delivery in Joliet, IL - Excellent Benefits 2024-04-11",nurse,nurse,auto,,
,travel nurse rn - labor delivery in oregon city or - excellent benefits 2024-04-18,1,"Travel Nurse RN - Labor/Delivery in Oregon City, OR - Excellent Benefits 2024-04-18",nurse,nurse,auto,,
,travel nurse rn - long-term care - $1 080 per week in gardendale al,1,"Travel Nurse RN - Long-Term Care - $1,080 per week in Gardendale, AL",nurse,nurse,auto,,
,travel nurse rn - long-term care - $783 per week in wyncote pa,1,"Travel Nurse RN - Long-Term Care - $783 per week in Wyncote, PA",nurse,nurse,auto,,
,travel nurse rn - long-term care in honokaa hi,1,"Travel Nurse RN - Long-Term Care in Honokaa, HI",nurse,nurse,auto,,
,travel nurse rn - long-term care in north adams ma - excellent benefits 2024-04-12,1,"Travel Nurse RN - Long-Term Care in North Adams, MA - Excellent Benefits 2024-04-12",nurse,nurse,auto,,
,travel nurse rn - ltac in camp hill pa - excellent benefits 2024-04-11,1,"Travel Nurse RN - LTAC in Camp Hill, PA - Excellent Benefits 2024-04-11",nurse,nurse,auto,,
,travel nurse rn - ltac in cody wy,1,"Travel Nurse RN - LTAC in Cody, WY",nurse,nurse,auto,,
,travel nurse rn - med surg - $1 455 per week in glens falls ny,1,"Travel Nurse RN - Med/Surg - $1,455 per week in Glens Falls, NY",nurse,nurse,auto,,
,travel nurse rn - med surg - $1 552 per week in jackson ms,1,"Travel Nurse RN - Med/Surg - $1,552 per week in Jackson, MS",nurse,nurse,auto,,
,travel nurse rn - med surg - $1 629 per week in lexington va,1,"Travel Nurse RN - Med/Surg - $1,629 per week in Lexington, VA",nurse,nurse,auto,,
,travel nurse rn - med surg - $1 633 per week in key west fl,1,"Travel Nurse RN - Med/Surg - $1,633 per week in Key West, FL",nurse,nurse,auto,,
,travel nurse rn - med surg - $1 666 per week in bryan tx,1,"Travel Nurse RN - Med/Surg - $1,666 per week in Bryan, TX",nurse,nurse,auto,,
,travel nurse rn - med surg - $1 690 per week in monroe nc,1,"Travel Nurse RN - Med/Surg - $1,690 per week in Monroe, NC",nurse,nurse,auto,,
,travel nurse rn - med surg - $1 729 to $1 882 per week in boone nc,1,"Travel Nurse RN - Med/Surg - $1,729 to $1,882 per week in Boone, NC",nurse,nurse,auto,,
,travel nurse rn - med surg - $1 807 per week in lorain oh,1,"Travel Nurse RN - Med/Surg - $1,807 per week in Lorain, OH",nurse,nurse,auto,,
,travel nurse rn - med surg - $1 817 to $1 872 per week in peoria il,1,"Travel Nurse RN - Med/Surg - $1,817 to $1,872 per week in Peoria, IL",nurse,nurse,auto,,
,travel nurse rn - med surg - $1 825 per week in lorain oh,1,"Travel Nurse RN - Med/Surg - $1,825 per week in Lorain, OH",nurse,nurse,auto,,
,travel nurse rn - med surg - $1 831 to $1 887 per week in wilson nc,1,"Travel Nurse RN - Med/Surg - $1,831 to $1,887 per week in Wilson, NC",nurse,nurse,auto,,
,travel nurse rn - med surg - $1 913 to $2 114 per week in owensboro ky,1,"Travel Nurse RN - Med/Surg - $1,913 to $2,114 per week in Owensboro, KY",nurse,nurse,auto,,
,travel nurse rn - med surg - $1 966 per week in danville va,1,"Travel Nurse RN - Med/Surg - $1,966 per week in Danville, VA",nurse,nurse,auto,,
,travel nurse rn - med surg - $1 976 per week in odessa tx,1,"Travel Nurse RN - Med/Surg - $1,976 per week in Odessa, TX",nurse,nurse,auto,,
,travel nurse rn - med surg - $1 997 per week in sioux city ia,1,"Travel Nurse RN - Med/Surg - $1,997 per week in Sioux City, IA",nurse,nurse,auto,,
,travel nurse rn - med surg - $1 998 per week,1,"Travel Nurse RN - Med Surg - $1,998 per week",nurse,nurse,auto,,
,travel nurse rn - med surg - $2 062 per week in cape girardeau mo,1,"Travel Nurse RN - Med/Surg - $2,062 per week in Cape Girardeau, MO",nurse,nurse,auto,,
,travel nurse rn - med surg - $2 062 per week in globe az,1,"Travel Nurse RN - Med/Surg - $2,062 per week in Globe, AZ",nurse,nurse,auto,,
,travel nurse rn - med surg - $2 062 per week in ottumwa ia,1,"Travel Nurse RN - Med/Surg - $2,062 per week in Ottumwa, IA",nurse,nurse,auto,,
,travel nurse rn - med surg - $2 070 per week in newport news va,1,"Travel Nurse RN - Med/Surg - $2,070 per week in Newport News, VA",nurse,nurse,auto,,
,travel nurse rn - med surg - $2 074 per week in travelers rest sc,1,"Travel Nurse RN - Med/Surg - $2,074 per week in Travelers Rest, SC",nurse,nurse,auto,,
,travel nurse rn - med surg - $2 126 week,1,"Travel Nurse RN - Med/Surg - $2,126 / week",nurse,nurse,auto,,
,travel nurse rn - med surg - $2 142 per week in coeur d alene id,1,"Travel Nurse RN - Med/Surg - $2,142 per week in Coeur D Alene, ID",nurse,nurse,auto,,
,travel nurse rn - med surg - $2 146 per week in nashua nh,1,"Travel Nurse RN - Med/Surg - $2,146 per week in Nashua, NH",nurse,nurse,auto,,
,travel nurse rn - med surg - $2 161 per week in rockford il,1,"Travel Nurse RN - Med/Surg - $2,161 per week in Rockford, IL",nurse,nurse,auto,,
,travel nurse rn - med surg - $2 180 per week in wausau wi,1,"Travel Nurse RN - Med/Surg - $2,180 per week in Wausau, WI",nurse,nurse,auto,,
,travel nurse rn - med surg - $2 183 per week,1,"Travel Nurse RN - Med Surg - $2,183 per week",nurse,nurse,auto,,
,travel nurse rn - med surg - $2 249 per week in hyannis ma,1,"Travel Nurse RN - Med/Surg - $2,249 per week in Hyannis, MA",nurse,nurse,auto,,
,travel nurse rn - med surg - $2 296 per week in sioux falls sd,1,"Travel Nurse RN - Med/Surg - $2,296 per week in Sioux Falls, SD",nurse,nurse,auto,,
,travel nurse rn - med surg - $2 468 per week in biddeford me,1,"Travel Nurse RN - Med/Surg - $2,468 per week in Biddeford, ME",nurse,nurse,auto,,
,travel nurse rn - med surg in beaufort sc - excellent benefits 2024-04-11,1,"Travel Nurse RN - Med/Surg in Beaufort, SC - Excellent Benefits 2024-04-11",nurse,nurse,auto,,
,travel nurse rn - med surg in chattanooga tn - excellent benefits 2024-04-12,1,"Travel Nurse RN - Med/Surg in Chattanooga, TN - Excellent Benefits 2024-04-12",nurse,nurse,auto,,
,travel nurse rn - med surg in el paso tx - excellent benefits 2024-04-11,1,"Travel Nurse RN - Med/Surg in El Paso, TX - Excellent Benefits 2024-04-11",nurse,nurse,auto,,
,travel nurse rn - med surg in evansville in - excellent benefits 2024-04-11,1,"Travel Nurse RN - Med/Surg in Evansville, IN - Excellent Benefits 2024-04-11",nurse,nurse,auto,,
,travel nurse rn - med surg in great barrington ma - excellent benefits 2024-04-11,1,"Travel Nurse RN - Med/Surg in Great Barrington, MA - Excellent Benefits 2024-04-11",nurse,nurse,auto,,
,travel nurse rn - med surg in marrero la - excellent benefits 2024-04-19,1,"Travel Nurse RN - Med/Surg in Marrero, LA - Excellent Benefits 2024-04-19",nurse,nurse,auto,,
,travel nurse rn - med surg in plattsburgh ny - excellent benefits 2024-04-11,1,"Travel Nurse RN - Med/Surg in Plattsburgh, NY - Excellent Benefits 2024-04-11",nurse,nurse,auto,,
,travel nurse rn - med surg in schuyler ne - excellent benefits 2024-04-11,1,"Travel Nurse RN - Med/Surg in Schuyler, NE - Excellent Benefits 2024-04-11",nurse,nurse,auto,,
,travel nurse rn - med surg in st. louis mo - excellent benefits 2024-04-11,1,"Travel Nurse RN - Med/Surg in St. Louis, MO - Excellent Benefits 2024-04-11",nurse,nurse,auto,,
,travel nurse rn - ob gyn - $2 088 per week in petoskey mi,1,"Travel Nurse RN - OB/GYN - $2,088 per week in Petoskey, MI",nurse,nurse,auto,,
,travel nurse rn - occupational in fort defiance az - excellent benefits 2024-04-05,1,"Travel Nurse RN - Occupational in Fort Defiance, AZ - Excellent Benefits 2024-04-05",nurse,nurse,auto,,
,travel nurse rn - oncology - $1 926 per week in seattle wa,1,"Travel Nurse RN - Oncology - $1,926 per week in Seattle, WA",nurse,nurse,auto,,
,travel nurse rn - oncology - $2 286 per week in cedar rapids ia,1,"Travel Nurse RN - Oncology - $2,286 per week in Cedar Rapids, IA",nurse,nurse,auto,,
,travel nurse rn - oncology in new brunswick nj - excellent benefits 2024-04-11,1,"Travel Nurse RN - Oncology in New Brunswick, NJ - Excellent Benefits 2024-04-11",nurse,nurse,auto,,
,travel nurse rn - or - $1 740 per week in abingdon va,1,"Travel Nurse RN - OR - $1,740 per week in Abingdon, VA",nurse,nurse,auto,,
,travel nurse rn - or - $2 093 to $2 307 per week in arcata ca,1,"Travel Nurse RN - OR - $2,093 to $2,307 per week in Arcata, CA",nurse,nurse,auto,,
,travel nurse rn - or - $2 553 per week in arcata ca,1,"Travel Nurse RN - OR - $2,553 per week in Arcata, CA",nurse,nurse,auto,,
,travel nurse rn - orthopedics - $2 210 per week in urbana il,1,"Travel Nurse RN - Orthopedics - $2,210 per week in Urbana, IL",nurse,nurse,auto,,
,travel nurse rn - orthopedics in evansville in - excellent benefits 2024-04-18,1,"Travel Nurse RN - Orthopedics in Evansville, IN - Excellent Benefits 2024-04-18",nurse,nurse,auto,,
,travel nurse rn - pacu pre-post op - $1 623 to $1 788 per week in greeneville tn,1,"Travel Nurse RN - PACU/Pre-Post Op - $1,623 to $1,788 per week in Greeneville, TN",nurse,nurse,auto,,
,travel nurse rn - pacu pre-post op - $1 646 to $1 796 per week in the woodlands tx,1,"Travel Nurse RN - PACU/Pre-Post Op - $1,646 to $1,796 per week in The Woodlands, TX",nurse,nurse,auto,,
,travel nurse rn - pacu pre-post op - $1 863 to $2 059 per week in charleston sc,1,"Travel Nurse RN - PACU/Pre-Post Op - $1,863 to $2,059 per week in Charleston, SC",nurse,nurse,auto,,
,travel nurse rn - pacu pre-post op in chelan wa - excellent benefits 2024-04-12,1,"Travel Nurse RN - PACU/Pre-Post Op in Chelan, WA - Excellent Benefits 2024-04-12",nurse,nurse,auto,,
,travel nurse rn - pacu pre-post op in lodi ca - excellent benefits 2024-04-11,1,"Travel Nurse RN - PACU/Pre-Post Op in Lodi, CA - Excellent Benefits 2024-04-11",nurse,nurse,auto,,
,travel nurse rn - pcu - $1 611 per week in lancaster sc,1,"Travel Nurse RN - PCU - $1,611 per week in Lancaster, SC",nurse,nurse,auto,,
,travel nurse rn - pcu - $1 792 per week in murfreesboro tn,1,"Travel Nurse RN - PCU - $1,792 per week in Murfreesboro, TN",nurse,nurse,auto,,
,travel nurse rn - pcu - $1 942 per week in boone nc,1,"Travel Nurse RN - PCU - $1,942 per week in Boone, NC",nurse,nurse,auto,,
,travel nurse rn - pcu - $1 967 week,1,"Travel Nurse RN - PCU - $1,967 / week",nurse,nurse,auto,,
,travel nurse rn - pcu - $2 079 per week in bowling green ky,1,"Travel Nurse RN - PCU - $2,079 per week in Bowling Green, KY",nurse,nurse,auto,,
,travel nurse rn - pcu - $2 132 per week in portsmouth nh,1,"Travel Nurse RN - PCU - $2,132 per week in Portsmouth, NH",nurse,nurse,auto,,
,travel nurse rn - pcu - $2 272 per week in madison wi,1,"Travel Nurse RN - PCU - $2,272 per week in Madison, WI",nurse,nurse,auto,,
,travel nurse rn - pcu - $2 727 per week in murfreesboro tn,1,"Travel Nurse RN - PCU - $2,727 per week in Murfreesboro, TN",nurse,nurse,auto,,
,travel nurse rn - pcu - progressive care unit - $1 836 per week,1,"Travel Nurse RN - PCU - Progressive Care Unit - $1,836 per week",nurse,nurse,auto,,
,travel nurse rn - pcu - progressive care unit - $2 602 per week,1,"Travel Nurse RN - PCU - Progressive Care Unit - $2,602 per week",nurse,nurse,auto,,
,travel nurse rn - pcu in alma mi - excellent benefits 2024-04-11,1,"Travel Nurse RN - PCU in Alma, MI - Excellent Benefits 2024-04-11",nurse,nurse,auto,,
,travel nurse rn - pcu in muncie in - excellent benefits 2024-04-11,1,"Travel Nurse RN - PCU in Muncie, IN - Excellent Benefits 2024-04-11",nurse,nurse,auto,,
,travel nurse rn - pcu in springfield vt - excellent benefits 2024-04-18,1,"Travel Nurse RN - PCU in Springfield, VT - Excellent Benefits 2024-04-18",nurse,nurse,auto,,
,travel nurse rn - pediatrics - $2 540 per week in gardner ma,1,"Travel Nurse RN - Pediatrics - $2,540 per week in Gardner, MA",nurse,nurse,auto,,
,travel nurse rn - psych - $1 662 per week in moosic pa,1,"Travel Nurse RN - Psych - $1,662 per week in Moosic, PA",nurse,nurse,auto,,
,travel nurse rn - psych - $1 728 week,1,"Travel Nurse RN - Psych - $1,728 / week",nurse,nurse,auto,,
,travel nurse rn - psych - $1 854 per week in bolivar mo,1,"Travel Nurse RN - Psych - $1,854 per week in Bolivar, MO",nurse,nurse,auto,,
,travel nurse rn - psych - $2 060 per week in plattsburgh ny,1,"Travel Nurse RN - Psych - $2,060 per week in Plattsburgh, NY",nurse,nurse,auto,,
,travel nurse rn - psych - $2 396 per week in buffalo ny,1,"Travel Nurse RN - Psych - $2,396 per week in Buffalo, NY",nurse,nurse,auto,,
,travel nurse rn - rehab - $1 112 per week in montgomeryville pa,1,"Travel Nurse RN - Rehab - $1,112 per week in Montgomeryville, PA",nurse,nurse,auto,,
,travel nurse rn - rehab - $1 248 to $1 384 per week in montgomery pa,1,"Travel Nurse RN - Rehab - $1,248 to $1,384 per week in Montgomery, PA",nurse,nurse,auto,,
,travel nurse rn - rehab - $2 101 per week in pasco wa,1,"Travel Nurse RN - Rehab - $2,101 per week in Pasco, WA",nurse,nurse,auto,,
,travel nurse rn - rehab - $2 187 per week in fort thomas ky,1,"Travel Nurse RN - Rehab - $2,187 per week in Fort Thomas, KY",nurse,nurse,auto,,
,travel nurse rn - sicu - surgical intensive care - $1 901 per week,1,"Travel Nurse RN - SICU - Surgical Intensive Care - $1,901 per week",nurse,nurse,auto,,
,travel nurse rn - stepdown - $1 980 per week in richmond va,1,"Travel Nurse RN - Stepdown - $1,980 per week in Richmond, VA",nurse,nurse,auto,,
,travel nurse rn - stepdown - $1 998 per week in new orleans la,1,"Travel Nurse RN - Stepdown - $1,998 per week in New Orleans, LA",nurse,nurse,auto,,
,travel nurse rn - stepdown in greenville nc - excellent benefits 2024-04-18,1,"Travel Nurse RN - Stepdown in Greenville, NC - Excellent Benefits 2024-04-18",nurse,nurse,auto,,
,travel nurse rn - stepdown in rock island il - excellent benefits 2024-04-11,1,"Travel Nurse RN - Stepdown in Rock Island, IL - Excellent Benefits 2024-04-11",nurse,nurse,auto,,
,travel nurse rn - telemetry - $1 736 to $1 925 per week in knoxville tn,1,"Travel Nurse RN - Telemetry - $1,736 to $1,925 per week in Knoxville, TN",nurse,nurse,auto,,
,travel nurse rn - telemetry - $1 756 per week in warren mi,1,"Travel Nurse RN - Telemetry - $1,756 per week in Warren, MI",nurse,nurse,auto,,
,travel nurse rn - telemetry - $1 764 to $1 944 per week in hazard ky,1,"Travel Nurse RN - Telemetry - $1,764 to $1,944 per week in Hazard, KY",nurse,nurse,auto,,
,travel nurse rn - telemetry - $1 836 per week in kalamazoo mi,1,"Travel Nurse RN - Telemetry - $1,836 per week in Kalamazoo, MI",nurse,nurse,auto,,
,travel nurse rn - telemetry - $1 849 per week in fayetteville nc,1,"Travel Nurse RN - Telemetry - $1,849 per week in Fayetteville, NC",nurse,nurse,auto,,
,travel nurse rn - telemetry - $1 849 per week in houston tx,1,"Travel Nurse RN - Telemetry - $1,849 per week in Houston, TX",nurse,nurse,auto,,
,travel nurse rn - telemetry - $1 931 per week in saginaw mi,1,"Travel Nurse RN - Telemetry - $1,931 per week in Saginaw, MI",nurse,nurse,auto,,
,travel nurse rn - telemetry - $1 951 to $2 163 per week in akron oh,1,"Travel Nurse RN - Telemetry - $1,951 to $2,163 per week in Akron, OH",nurse,nurse,auto,,
,travel nurse rn - telemetry - $2 026 per week in jackson tn,1,"Travel Nurse RN - Telemetry - $2,026 per week in Jackson, TN",nurse,nurse,auto,,
,travel nurse rn - telemetry - $2 206 per week in martinsburg wv,1,"Travel Nurse RN - Telemetry - $2,206 per week in Martinsburg, WV",nurse,nurse,auto,,
,travel nurse rn - telemetry - $2 220 per week in burlington nc,1,"Travel Nurse RN - Telemetry - $2,220 per week in Burlington, NC",nurse,nurse,auto,,
,travel nurse rn - telemetry - $2 297 per week in hazard ky,1,"Travel Nurse RN - Telemetry - $2,297 per week in Hazard, KY",nurse,nurse,auto,,
,travel nurse rn - telemetry - $2 334 per week in cape girardeau mo,1,"Travel Nurse RN - Telemetry - $2,334 per week in Cape Girardeau, MO",nurse,nurse,auto,,
,travel nurse rn - telemetry - $2 616 per week,1,"Travel Nurse RN - Telemetry - $2,616 per week",nurse,nurse,auto,,
,travel nurse rn - telemetry - $2 744 per week in nampa id,1,"Travel Nurse RN - Telemetry - $2,744 per week in Nampa, ID",nurse,nurse,auto,,
,travel nurse rn - telemetry - $2 834 per week in richland wa,1,"Travel Nurse RN - Telemetry - $2,834 per week in Richland, WA",nurse,nurse,auto,,
,travel nurse rn - telemetry - $2 838 per week in portland me,1,"Travel Nurse RN - Telemetry - $2,838 per week in Portland, ME",nurse,nurse,auto,,
,travel nurse rn - telemetry in bangor me - excellent benefits 2024-04-06,1,"Travel Nurse RN - Telemetry in Bangor, ME - Excellent Benefits 2024-04-06",nurse,nurse,auto,,
,travel nurse rn - telemetry in muskegon mi - excellent benefits 2024-04-18,1,"Travel Nurse RN - Telemetry in Muskegon, MI - Excellent Benefits 2024-04-18",nurse,nurse,auto,,
,travel nurse rn - telemetry in stevens point wi - excellent benefits 2024-04-08,1,"Travel Nurse RN - Telemetry in Stevens Point, WI - Excellent Benefits 2024-04-08",nurse,nurse,auto,,
,travel nurse rn - wound care - $2 866 per week,1,"Travel Nurse RN - Wound Care - $2,866 per week",nurse,nurse,auto,,
,travel nurse rn cvor cardiovascular,1,Travel Nurse (RN) CVOR (Cardiovascular),nurse,nurse,auto,,
,travel nurse rn in laconia nh - excellent benefits 2024-04-11,1,"Travel Nurse RN in Laconia, NH - Excellent Benefits 2024-04-11",nurse,nurse,auto,,
,travel nurse rn lpn - nursing home ltc,1,Travel Nurse (RN)/LPN - Nursing Home/LTC,nurse,nurse,auto,,
,travel per diem mobile research nurse,1,Travel Per Diem Mobile Research Nurse,nurse,nurse,auto,,
,travel registered nurse - er trauma - $2 476 week,1,"Travel Registered Nurse - ER/Trauma - $2,476 / week",nurse,nurse,auto,,
,travel rn - cardiac cath lab,1,Travel RN - Cardiac Cath Lab,nurse,nurse,auto,,
,travel rn - endoscopy,1,Travel RN - Endoscopy,nurse,nurse,auto,,
,travel rn - hospice,1,Travel RN - Hospice,nurse,nurse,auto,,
,travel rn - neuro icu,1,Travel RN - Neuro ICU,nurse,nurse,auto,,
,travel rn - nicu - neonatal intensive care,1,Travel RN - NICU - Neonatal Intensive Care,nurse,nurse,auto,,
,travel rn - ob gyn,1,Travel RN - OB/GYN,nurse,nurse,auto,,
,travel rn - oncology,1,Travel RN - Oncology,nurse,nurse,auto,,
,travel. rn - med surg telemetry,1,Travel. RN - Med/Surg Telemetry,nurse,nurse,auto,,
,travelnursesource - travel nurse rn - er trauma - $200 per week in lincoln city,1,"TravelNurseSource - Travel Nurse RN - ER/Trauma - $200 per week in Lincoln City,",nurse,nurse,auto,,
,travelnursesource - travel nurse rn - psych - $1 695 per week in chattanooga,1,"TravelNurseSource - Travel Nurse RN - Psych - $1,695 per week in Chattanooga,",nurse,nurse,auto,,
,travelnursesource - travel registered nurse - cvicu - $2 540 to $2 816 week,1,"TravelNurseSource - Travel Registered Nurse - CVICU - $2,540 to $2,816 / week",nurse,nurse,auto,,
,travelnursesource - travel registered nurse - med surg - $2 067,1,"TravelNurseSource - Travel Registered Nurse - Med/Surg - $2,067 /",nurse,nurse,auto,,
,travelnursesource - travel registered nurse - neuro - $2 205,1,"TravelNurseSource - Travel Registered Nurse - Neuro - $2,205 /",nurse,nurse,auto,,
,treatment nurse - lpn,1,Treatment Nurse - LPN,nurse,nurse,auto,,
,treatment nurse licensed practical nurse lpn $1 000.00 sign on bonus - agency free facility,1,"Treatment Nurse (Licensed Practical Nurse/LPN) $1,000.00 Sign on Bonus - Agency Free Facility",nurse,nurse,auto,,
,triage cma lpn rn,1,Triage CMA/LPN/RN,nurse,nurse,auto,,
,triage nurse - full time & part time options,1,Triage Nurse - Full Time & Part Time Options,nurse,nurse,auto,,
,triage nurse - primary care lakeview full time days,1,Triage Nurse - Primary Care Lakeview Full time Days,nurse,nurse,auto,,
,unit care coordinator licensed practical nurse lpn $3 500 sign-on bonus,1,"Unit Care Coordinator (Licensed Practical Nurse/LPN) $3,500 Sign-on Bonus",nurse,nurse,auto,,
,unit care coordinator licensed practical nurse lpn manager,1,Unit Care Coordinator (Licensed Practical Nurse/LPN) Manager,nurse,nurse,auto,,
,unit care coordinator registered nurse rn agency free facility,1,Unit Care Coordinator (Registered Nurse/RN) Agency Free Facility,nurse,nurse,auto,,
,unit manager registered nurse rn,1,Unit Manager (Registered Nurse/RN),nurse,nurse,auto,,
,unit manager rn lpn,1,UNIT MANAGER (RN/LPN),nurse,nurse,auto,,
,unit manager rn supervisor,1,Unit Manager/RN Supervisor,nurse,nurse,auto,,
,utilization management nurse consultant,1,"Utilization Management Nurse, Consultant",nurse,nurse,auto,,
,utilization management nurse midwest region,1,Utilization Management Nurse (Midwest Region),nurse,nurse,auto,,
,utilization management nurse supervisor 6 month contract with stipend!,1,Utilization management nurse supervisor 6 month contract with Stipend!,nurse,nurse,auto,,
,utilization management rn,1,Utilization Management RN,nurse,nurse,auto,,
,utilization management rn - per diem,1,Utilization Management RN - Per Diem,nurse,nurse,auto,,
,utilization review rn - case management,1,Utilization Review RN - Case Management,nurse,nurse,auto,,
,variable staffing - registered nurse pool critical care,1,Variable Staffing - Registered Nurse Pool Critical Care,nurse,nurse,auto,,
,vascular registered nurse,1,Vascular Registered Nurse,nurse,nurse,auto,,
,virtual acute care registered nurse - full time - days,1,Virtual Acute Care Registered Nurse - Full Time - Days,nurse,nurse,auto,,
,virtual critical care registered nurse - pulse center - full time - nights,1,Virtual Critical Care Registered Nurse - Pulse Center - Full Time - Nights,nurse,nurse,auto,,
,weekend option licensed practical nurse upmc harrisburg main 10- neurology.,1,"Weekend Option, Licensed Practical Nurse, UPMC Harrisburg, Main 10- Neurology.",nurse,nurse,auto,,
,weekend registered nurse days,1,"Weekend Registered Nurse, Days",nurse,nurse,auto,,
,weekend registered nurse rn - $15 000 signing bonus,1,"Weekend Registered Nurse (RN) - $15,000 Signing Bonus",nurse,nurse,auto,,
,weekend registered nurse rn or licensed practical nurse lpn,1,WEEKEND Registered Nurse (RN) or Licensed Practical Nurse (LPN),nurse,nurse,auto,,
,weekend rn,1,Weekend RN,nurse,nurse,auto,,
,wellness nurse rn $5 000 sign-on bonus!,1,"Wellness Nurse (RN) $5,000 Sign-on Bonus!",nurse,nurse,auto,,
,wi- registered nurse home health case manager # 24-02701,1,WI- Registered Nurse Home Health Case Manager #: 24-02701,nurse,nurse,auto,,
,wi- registered nurse med surg # 24-02676,1,WI- Registered Nurse Med/Surg #: 24-02676,nurse,nurse,auto,,
,wound care nurse lpn,1,Wound Care Nurse ( LPN ),nurse,nurse,auto,,
,wound care rn,1,Wound Care RN,nurse,nurse,auto,,
,wound ostomy and continence nurse,1,"Wound, Ostomy, and Continence Nurse",nurse,nurse,auto,,
,wound ostomy and continence nurse wocn - home health visits,1,"Wound, Ostomy, and Continence Nurse (WOCN) - Home Health Visits",nurse,nurse,auto,,
,ycci clinical research nurse ii 87180br,1,YCCI Clinical Research Nurse II (87180BR),nurse,nurse,auto,,
,paralegal,65,Paralegal,paralegal,paralegal,auto,,
,legal assistant,44,Legal Assistant,paralegal,paralegal,auto,,
,litigation paralegal,37,Litigation Paralegal,paralegal,paralegal,auto,,
,corporate paralegal,12,Corporate Paralegal,paralegal,paralegal,auto,,
,legal assistant management analyst i,8,Legal Assistant (Management Analyst I),paralegal,paralegal,auto,,
,real estate paralegal,7,Real Estate Paralegal,paralegal,paralegal,auto,,
,legal assistant paralegal,6,Legal Assistant / Paralegal,paralegal,paralegal,auto,,
,litigation legal assistant,6,Litigation Legal Assistant,paralegal,paralegal,auto,,
,senior paralegal,6,Senior Paralegal,paralegal,paralegal,auto,,
,immigration paralegal,5,Immigration Paralegal,paralegal,paralegal,auto,,
,legal assistant remote,5,Legal Assistant (REMOTE),paralegal,paralegal,auto,,
,senior litigation paralegal,5,Senior Litigation Paralegal,paralegal,paralegal,auto,,
,family law paralegal,4,Family Law Paralegal,paralegal,paralegal,auto,,
,legal assistant ii,4,Legal Assistant II,paralegal,paralegal,auto,,
,personal injury legal assistant,3,Personal Injury Legal Assistant,paralegal,paralegal,auto,,
,personal injury paralegal,3,Personal Injury Paralegal,paralegal,paralegal,auto,,
,business immigration paralegal,2,Business Immigration Paralegal,paralegal,paralegal,auto,,
,executive legal assistant,2,Executive Legal Assistant,paralegal,paralegal,auto,,
,in-house paralegal,2,In-house Paralegal,paralegal,paralegal,auto,,
,ip paralegal,2,IP PARALEGAL,paralegal,paralegal,auto,,
,paralegal assistant,2,Paralegal Assistant,paralegal,paralegal,auto,,
,paralegal i,2,Paralegal I,paralegal,paralegal,auto,,
,paralegal legal assistant,2,Paralegal/Legal Assistant,paralegal,paralegal,auto,,
,paralegal supervisor,2,Paralegal Supervisor,paralegal,paralegal,auto,,
,senior legal assistant,2,Senior Legal Assistant,paralegal,paralegal,auto,,
,backgrounds legal assistant,1,Backgrounds Legal Assistant,paralegal,paralegal,auto,,
,bilingual - spanish and english litigation paralegal,1,Bilingual - (Spanish and English) Litigation Paralegal,paralegal,paralegal,auto,,
,bilingual legal assistant,1,Bilingual Legal Assistant,paralegal,paralegal,auto,,
,bilingual personal injury litigation paralegal,1,Bilingual Personal Injury Litigation Paralegal,paralegal,paralegal,auto,,
,business immigration paralegal perm,1,Business Immigration Paralegal (PERM),paralegal,paralegal,auto,,
,civil legal assistant,1,Civil Legal Assistant,paralegal,paralegal,auto,,
,civil litigation paralegal,1,Civil Litigation Paralegal,paralegal,paralegal,auto,,
,commercial litigation paralegal,1,Commercial Litigation Paralegal,paralegal,paralegal,auto,,
,commercial paralegal,1,Commercial Paralegal,paralegal,paralegal,auto,,
,commercial real estate paralegal,1,Commercial Real Estate Paralegal,paralegal,paralegal,auto,,
,commercial real estate paralegal temp,1,Commercial Real Estate Paralegal (TEMP),paralegal,paralegal,auto,,
,complex litigation paralegal,1,Complex Litigation Paralegal,paralegal,paralegal,auto,,
,construction law paralegal,1,Construction Law Paralegal,paralegal,paralegal,auto,,
,contract analyst corporate paralegal,1,Contract Analyst/Corporate Paralegal,paralegal,paralegal,auto,,
,contract litigation paralegal,1,Contract | Litigation Paralegal,paralegal,paralegal,auto,,
,contract paralegal,1,Contract Paralegal,paralegal,paralegal,auto,,
,contracts manager paralegal,1,Contracts Manager/Paralegal,paralegal,paralegal,auto,,
,corporate litigation paralegal in-house,1,Corporate Litigation Paralegal (In-House),paralegal,paralegal,auto,,
,corporate paralegal - elite firm,1,Corporate Paralegal - ELITE FIRM,paralegal,paralegal,auto,,
,corporate paralegal - financial services,1,Corporate Paralegal - Financial Services,paralegal,paralegal,auto,,
,corporate paralegal - real estate,1,Corporate Paralegal - Real Estate,paralegal,paralegal,auto,,
,corporate paralegal - technology,1,Corporate Paralegal - Technology,paralegal,paralegal,auto,,
,corporate paralegal remote,1,Corporate Paralegal (remote),paralegal,paralegal,auto,,
,criminal defense paralegal in glendale,1,Criminal Defense Paralegal in Glendale,paralegal,paralegal,auto,,
,defense litigation paralegal,1,Defense Litigation Paralegal,paralegal,paralegal,auto,,
,defense paralegal- litigation,1,Defense Paralegal- Litigation,paralegal,paralegal,auto,,
,director of paralegal management,1,Director of Paralegal Management,paralegal,paralegal,auto,,
,document review paralegal,1,Document Review Paralegal,paralegal,paralegal,auto,,
,domestic relations paralegal,1,Domestic Relations Paralegal,paralegal,paralegal,auto,,
,employment law paralegal must sit in est,1,Employment Law Paralegal (Must Sit in EST),paralegal,paralegal,auto,,
,employment-based corporate immigration paralegal,1,Employment-Based / Corporate Immigration Paralegal,paralegal,paralegal,auto,,
,estate planning paralegal,1,Estate Planning Paralegal,paralegal,paralegal,auto,,
,experienced litigation paralegal or secretary,1,Experienced Litigation Paralegal or Secretary,paralegal,paralegal,auto,,
,experienced paralegal insurance defense,1,Experienced Paralegal Insurance Defense,paralegal,paralegal,auto,,
,fiduciary litigation paralegal,1,Fiduciary Litigation Paralegal,paralegal,paralegal,auto,,
,florida certified paralegal - insurance defense,1,Florida Certified Paralegal - Insurance Defense,paralegal,paralegal,auto,,
,foreign filing paralegal,1,Foreign Filing Paralegal,paralegal,paralegal,auto,,
,front desk receptionist legal assistant,1,Front Desk Receptionist/Legal Assistant,paralegal,paralegal,auto,,
,idb invest - paralegal consultant,1,IDB Invest - Paralegal Consultant,paralegal,paralegal,auto,,
,in-house litigation paralegal remote,1,In-House Litigation Paralegal (Remote),paralegal,paralegal,auto,,
,insurance defense paralegal,1,Insurance Defense Paralegal,paralegal,paralegal,auto,,
,insurance legal and compliance paralegal,1,Insurance Legal and Compliance Paralegal,paralegal,paralegal,auto,,
,intellectual property legal assistant,1,Intellectual Property Legal Assistant,paralegal,paralegal,auto,,
,ip and bankruptcy legal assistant amlaw100,1,"IP and Bankruptcy Legal Assistant, AmLaw100",paralegal,paralegal,auto,,
,ip foreign filing paralegal,1,IP Foreign Filing Paralegal,paralegal,paralegal,auto,,
,ip litigation paralegal 39837,1,IP Litigation Paralegal (39837),paralegal,paralegal,auto,,
,ip litigation paralegal temp - hybrid,1,IP Litigation Paralegal (Temp - Hybrid),paralegal,paralegal,auto,,
,ip paralegal - patent prosecution,1,IP Paralegal - Patent Prosecution,paralegal,paralegal,auto,,
,junior paralegal,1,Junior Paralegal,paralegal,paralegal,auto,,
,junior paralegal in brentwood,1,Junior Paralegal in Brentwood,paralegal,paralegal,auto,,
,junior paralegal legal assistant,1,Junior Paralegal/Legal Assistant,paralegal,paralegal,auto,,
,legal administrative assistant paralegal national law firm,1,Legal Administrative Assistant/Paralegal (National Law Firm),paralegal,paralegal,auto,,
,legal assistant #36216,1,Legal Assistant #36216,paralegal,paralegal,auto,,
,legal assistant - tech transactions,1,Legal Assistant - Tech Transactions,paralegal,paralegal,auto,,
,legal assistant - trust & estates,1,Legal Assistant - Trust & Estates,paralegal,paralegal,auto,,
,legal assistant - washington dc,1,Legal Assistant - Washington DC,paralegal,paralegal,auto,,
,legal assistant 1,1,Legal Assistant 1,paralegal,paralegal,auto,,
,legal assistant and receptionist,1,Legal Assistant and Receptionist,paralegal,paralegal,auto,,
,legal assistant bi um,1,Legal Assistant BI/UM,paralegal,paralegal,auto,,
,legal assistant for in-house opportunity,1,Legal Assistant for In-House Opportunity,paralegal,paralegal,auto,,
,legal assistant legal access officer,1,Legal Assistant (Legal Access Officer),paralegal,paralegal,auto,,
,legal assistant mid-level bi um,1,Legal Assistant (Mid-Level) BI/UM,paralegal,paralegal,auto,,
,legal assistant office of legal affairs - hybrid,1,Legal Assistant (Office of Legal Affairs) - HYBRID,paralegal,paralegal,auto,,
,legal assistant personal injury,1,Legal Assistant | Personal Injury,paralegal,paralegal,auto,,
,legal assistant real estate $20-21 hr,1,Legal Assistant (Real Estate) $20-21/HR,paralegal,paralegal,auto,,
,legal secretary paralegal,1,Legal Secretary / Paralegal,paralegal,paralegal,auto,,
,litigation administrative assistant paralegal,1,Litigation Administrative Assistant/Paralegal,paralegal,paralegal,auto,,
,litigation legal assistant - construction defect litigation,1,Litigation Legal Assistant - Construction Defect Litigation,paralegal,paralegal,auto,,
,litigation legal assistant - healthcare,1,Litigation Legal Assistant - Healthcare,paralegal,paralegal,auto,,
,litigation paralegal - arbitration investigations,1,Litigation Paralegal - Arbitration/Investigations,paralegal,paralegal,auto,,
,litigation paralegal - hybrid,1,Litigation Paralegal - Hybrid,paralegal,paralegal,auto,,
,litigation paralegal - legal assistant,1,Litigation Paralegal - Legal Assistant,paralegal,paralegal,auto,,
,litigation paralegal - personal injury,1,Litigation Paralegal - Personal Injury,paralegal,paralegal,auto,,
,litigation paralegal complex commericial & antitrust,1,"Litigation Paralegal, Complex Commericial & Antitrust",paralegal,paralegal,auto,,
,litigation paralegal healthcare - 3+ years,1,Litigation Paralegal (Healthcare) - 3+ years,paralegal,paralegal,auto,,
,litigation paralegal municipal governance,1,Litigation Paralegal (Municipal Governance),paralegal,paralegal,auto,,
,litigation paralegal office manager,1,Litigation Paralegal / Office Manager,paralegal,paralegal,auto,,
,medical malpractice paralegal,1,Medical Malpractice Paralegal,paralegal,paralegal,auto,,
,mergers & acquisitions paralegal,1,Mergers & Acquisitions Paralegal,paralegal,paralegal,auto,,
,paralegal - commercial transactions,1,Paralegal - Commercial Transactions,paralegal,paralegal,auto,,
,paralegal - hybrid,1,Paralegal - Hybrid,paralegal,paralegal,auto,,
,paralegal - in-house - insurance defense - hybrid remote,1,Paralegal - In-House - Insurance Defense - Hybrid Remote,paralegal,paralegal,auto,,
,paralegal - insurance defense litigation,1,Paralegal - Insurance Defense Litigation,paralegal,paralegal,auto,,
,paralegal - international,1,Paralegal - International,paralegal,paralegal,auto,,
,paralegal - legal contracts,1,Paralegal - Legal Contracts,paralegal,paralegal,auto,,
,paralegal - litigation,1,Paralegal – Litigation,paralegal,paralegal,auto,,
,paralegal - pip,1,Paralegal - PIP,paralegal,paralegal,auto,,
,paralegal - real estate investment company,1,Paralegal - Real Estate Investment Company,paralegal,paralegal,auto,,
,paralegal - trusts & estates,1,Paralegal - Trusts & Estates,paralegal,paralegal,auto,,
,paralegal 139824,1,Paralegal (139824),paralegal,paralegal,auto,,
,paralegal 2,1,Paralegal 2,paralegal,paralegal,auto,,
,paralegal analyst i - corporate governance,1,"Paralegal Analyst I - Corporate Governance,",paralegal,paralegal,auto,,
,paralegal and legal assistant - family law,1,Paralegal and Legal Assistant - Family Law,paralegal,paralegal,auto,,
,paralegal clerk,1,Paralegal Clerk,paralegal,paralegal,auto,,
,paralegal commercial loan closing specialist,1,Paralegal Commercial Loan Closing Specialist,paralegal,paralegal,auto,,
,paralegal commercial real estate,1,Paralegal Commercial Real Estate,paralegal,paralegal,auto,,
,paralegal crp - hybrid remote,1,Paralegal CRP - Hybrid Remote,paralegal,paralegal,auto,,
,paralegal health care,1,Paralegal (Health Care),paralegal,paralegal,auto,,
,paralegal ii,1,Paralegal II,paralegal,paralegal,auto,,
,paralegal iii,1,Paralegal III,paralegal,paralegal,auto,,
,paralegal internship,1,Paralegal Internship,paralegal,paralegal,auto,,
,paralegal legal admin,1,Paralegal / Legal Admin,paralegal,paralegal,auto,,
,paralegal legal assistant - westlaw software experience required,1,Paralegal/Legal Assistant - (Westlaw Software Experience Required),paralegal,paralegal,auto,,
,paralegal legal assistant attorney,1,Paralegal/ Legal Assistant/ Attorney,paralegal,paralegal,auto,,
,paralegal legal operations - hedge fund,1,"Paralegal, Legal Operations - Hedge Fund",paralegal,paralegal,auto,,
,paralegal litigation secretary,1,Paralegal/Litigation Secretary,paralegal,paralegal,auto,,
,paralegal manager,1,Paralegal Manager,paralegal,paralegal,auto,,
,paralegal office manager,1,Paralegal/office manager,paralegal,paralegal,auto,,
,paralegal onsite,1,Paralegal/Onsite,paralegal,paralegal,auto,,
,paralegal or legal assistant,1,Paralegal or Legal Assistant,paralegal,paralegal,auto,,
,paralegal or legal secretary,1,Paralegal OR Legal Secretary,paralegal,paralegal,auto,,
,paralegal prpa,1,Paralegal Prpa,paralegal,paralegal,auto,,
,paralegal specialist,1,Paralegal Specialist,paralegal,paralegal,auto,,
,paralegal worker's comp and liability,1,Paralegal Worker's Comp and Liability,paralegal,paralegal,auto,,
,paralegal- contracts- hedge fund,1,Paralegal- Contracts- Hedge Fund,paralegal,paralegal,auto,,
,paralegal- vendor management for hedge fund,1,Paralegal- Vendor Management for Hedge Fund,paralegal,paralegal,auto,,
,patent paralegal,1,Patent Paralegal,paralegal,paralegal,auto,,
,patent prosecution paralegal,1,Patent Prosecution Paralegal,paralegal,paralegal,auto,,
,personal injury paralegal - medical experience,1,Personal Injury Paralegal - Medical Experience,paralegal,paralegal,auto,,
,personal injury pre-litigation paralegal,1,Personal Injury Pre-Litigation Paralegal,paralegal,paralegal,auto,,
,pre-litigation paralegal,1,Pre-Litigation Paralegal,paralegal,paralegal,auto,,
,pre-suit paralegal,1,Pre-Suit Paralegal,paralegal,paralegal,auto,,
,privacy paralegal - nationwide,1,Privacy Paralegal - Nationwide,paralegal,paralegal,auto,,
,private wealth paralegal,1,Private Wealth Paralegal,paralegal,paralegal,auto,,
,probate and administration paralegal,1,Probate and Administration Paralegal,paralegal,paralegal,auto,,
,probate estate planning paralegal - 1905785,1,Probate/Estate Planning Paralegal - 1905785,paralegal,paralegal,auto,,
,probate paralegal,1,Probate Paralegal,paralegal,paralegal,auto,,
,prosecution paralegal,1,Prosecution Paralegal,paralegal,paralegal,auto,,
,real estate legal assistant,1,Real Estate Legal Assistant,paralegal,paralegal,auto,,
,real estate paralegal - corporate legal department,1,Real Estate Paralegal – Corporate Legal Department,paralegal,paralegal,auto,,
,receptionist legal assistant,1,Receptionist/Legal Assistant,paralegal,paralegal,auto,,
,remote legal secretary legal assistant,1,Remote Legal Secretary / Legal Assistant,paralegal,paralegal,auto,,
,senior ip litigation paralegal,1,Senior IP Litigation Paralegal,paralegal,paralegal,auto,,
,senior leasing paralegal - real estate investment firm,1,Senior Leasing Paralegal – Real Estate Investment Firm,paralegal,paralegal,auto,,
,senior legal assistant - comed hybrid,1,Senior Legal Assistant - ComEd (Hybrid),paralegal,paralegal,auto,,
,senior legal assistant litigation,1,"Senior Legal Assistant, Litigation",paralegal,paralegal,auto,,
,senior litigation paralegal white collar,1,"Senior Litigation Paralegal, White Collar",paralegal,paralegal,auto,,
,senior paralegal - estate planning,1,Senior Paralegal - Estate Planning,paralegal,paralegal,auto,,
,senior paralegal and legal operations associate,1,Senior Paralegal and Legal Operations Associate,paralegal,paralegal,auto,,
,senior paralegal litigation,1,"Senior Paralegal, Litigation",paralegal,paralegal,auto,,
,senior paralegal manager,1,Senior Paralegal Manager,paralegal,paralegal,auto,,
,senior paralegal- settlements,1,Senior Paralegal- Settlements,paralegal,paralegal,auto,,
,senior real estate paralegal,1,Senior Real Estate Paralegal,paralegal,paralegal,auto,,
,sr corporate paralegal - m&a - 1 day in office,1,Sr Corporate Paralegal - M&A - 1 Day in Office,paralegal,paralegal,auto,,
,sr trademark paralegal - hybrid,1,Sr Trademark Paralegal - Hybrid,paralegal,paralegal,auto,,
,sr. litigation paralegal,1,Sr. Litigation Paralegal,paralegal,paralegal,auto,,
,surrogate paralegal,1,Surrogate Paralegal,paralegal,paralegal,auto,,
,trademark legal assistant,1,Trademark Legal Assistant,paralegal,paralegal,auto,,
,trademark paralegal,1,Trademark Paralegal,paralegal,paralegal,auto,,
,transaction paralegal,1,Transaction Paralegal,paralegal,paralegal,auto,,
,trial defense paralegal in downtown los angeles,1,Trial Defense Paralegal in Downtown Los Angeles,paralegal,paralegal,auto,,
,trial paralegal - hybrid in oc or la!,1,Trial Paralegal - Hybrid in OC or LA!,paralegal,paralegal,auto,,
,trial paralegal civil litigation,1,"Trial Paralegal, Civil Litigation",paralegal,paralegal,auto,,
,trust & probate paralegal,1,Trust & Probate Paralegal,paralegal,paralegal,auto,,
,trust and estates paralegal,1,Trust and Estates Paralegal,paralegal,paralegal,auto,,
,trust and estates paralegal-1920015,1,Trust and Estates Paralegal-1920015,paralegal,paralegal,auto,,
,ucc legal assistant,1,UCC Legal Assistant,paralegal,paralegal,auto,,
,worker's compensation paralegal,1,Worker's Compensation Paralegal,paralegal,paralegal,auto,,
,workers' compensation paralegal ii,1,Workers' Compensation Paralegal II,paralegal,paralegal,auto,,
,associate pastor,1,Associate Pastor,pastor,pastor,auto,,
,children's pastor,1,Children's Pastor,pastor,pastor,auto,,
,worship arts pastor,1,Worship Arts Pastor,pastor,pastor,auto,,
,youth & family pastor,1,Youth & Family Pastor,pastor,pastor,auto,,
,personal trainer,16,Personal Trainer,personal_trainer,personal_trainer,auto,,
,certified personal trainer,2,Certified Personal Trainer,personal_trainer,personal_trainer,auto,,
,fitness coach,1,Fitness Coach,personal_trainer,personal_trainer,auto,,
,fitness trainer,1,Fitness Trainer,personal_trainer,personal_trainer,auto,,
,personal trainer substitute,1,Personal Trainer (substitute),personal_trainer,personal_trainer,auto,,
,personal trainer- east valley locations,1,Personal Trainer- East Valley Locations,personal_trainer,personal_trainer,auto,,
,recreation assistant - personal trainer,1,Recreation Assistant - Personal Trainer,personal_trainer,personal_trainer,auto,,
,photographer,3,Photographer,photographer,photographer,auto,,
,contract food photographer taste of home,1,"Contract Food Photographer, Taste of Home",photographer,photographer,auto,,
,contract food writer & photographer taste of home,1,"Contract Food Writer & Photographer, Taste of Home",photographer,photographer,auto,,
,freelance photographer,1,Freelance Photographer,photographer,photographer,auto,,
,ophthalmic photographer,1,Ophthalmic Photographer,photographer,photographer,auto,,
,part time guitar photographer,1,Part Time Guitar Photographer,photographer,photographer,auto,,
,photographer - winston salem onsite may 1st,1,Photographer - Winston/Salem onsite May 1st,photographer,photographer,auto,,
,photographer content creator,1,Photographer/Content Creator,photographer,photographer,auto,,
,photographer showingtime+ boston ma,1,"Photographer, ShowingTime+ (Boston, MA)",photographer,photographer,auto,,
,product detail photographer,1,Product Detail Photographer,photographer,photographer,auto,,
,product photographer,1,Product Photographer,photographer,photographer,auto,,
,real estate photographer,1,Real Estate Photographer,photographer,photographer,auto,,
,primary care physician,20,Primary Care Physician,physician,physician,auto,,
,psychiatrist,15,Psychiatrist,physician,physician,auto,,
,family physician,9,Family Physician,physician,physician,auto,,
,family medicine physician,8,Family Medicine Physician,physician,physician,auto,,
,physician,8,Physician,physician,physician,auto,,
,emergency medicine physician - $275 yearly,7,Emergency Medicine Physician - $275/yearly,physician,physician,auto,,
,physician psychiatry,7,Physician Psychiatry,physician,physician,auto,,
,dermatologist,6,Dermatologist,physician,physician,auto,,
,locum physician obstetrics and gynecology,6,Locum | Physician Obstetrics and Gynecology,physician,physician,auto,,
,physician - family medicine,6,Physician - Family Medicine,physician,physician,auto,,
,physician family practice,6,Physician Family Practice,physician,physician,auto,,
,radiologist,6,Radiologist,physician,physician,auto,,
,licensed physician medical director,5,Licensed Physician/Medical Director,physician,physician,auto,,
,locum physician psychiatry,5,Locum | Physician Psychiatry,physician,physician,auto,,
,pediatrician,5,Pediatrician,physician,physician,auto,,
,staff physician,5,Staff Physician,physician,physician,auto,,
,collaborating physician,4,Collaborating Physician,physician,physician,auto,,
,emergency medicine physician,4,Emergency Medicine Physician,physician,physician,auto,,
,hematologist oncologist - clearview cancer institute,4,Hematologist Oncologist - Clearview Cancer Institute,physician,physician,auto,,
,hematologist oncologist opportunity,4,Hematologist Oncologist Opportunity,physician,physician,auto,,
,speech pathologist,4,Speech Pathologist,physician,physician,auto,,
,attending physician,3,Attending Physician,physician,physician,auto,,
,emergency medicine - physician,3,Emergency Medicine - Physician,physician,physician,auto,,
,family medicine physician - sign-on bonus available,3,Family Medicine Physician - Sign-On Bonus Available,physician,physician,auto,,
,family practice-without ob physician - $ yearly - $315 000 yearly,3,"Family Practice-Without OB Physician - $/yearly - $315,000/yearly",physician,physician,auto,,
,internal medicine physician,3,Internal Medicine Physician,physician,physician,auto,,
,locum physician gastroenterology,3,Locum | Physician Gastroenterology,physician,physician,auto,,
,locum physician medical oncology,3,Locum | Physician Medical Oncology,physician,physician,auto,,
,locum physician physical medicine and rehabilitation,3,Locum | Physician Physical Medicine and Rehabilitation,physician,physician,auto,,
,neurologist,3,Neurologist,physician,physician,auto,,
,pediatric hospitalist,3,Pediatric Hospitalist,physician,physician,auto,,
,physician gastroenterology,3,Physician Gastroenterology,physician,physician,auto,,
,urgent care physician,3,Urgent Care Physician,physician,physician,auto,,
,anesthesiologist,2,Anesthesiologist,physician,physician,auto,,
,cardiologist,2,Cardiologist,physician,physician,auto,,
,child and adolescent psychiatrist,2,Child And Adolescent Psychiatrist,physician,physician,auto,,
,clinical pathologist i,2,Clinical Pathologist I,physician,physician,auto,,
,drug safety physician,2,Drug Safety Physician,physician,physician,auto,,
,endocrinologist,2,Endocrinologist,physician,physician,auto,,
,family practice-without ob physician - $133 yearly,2,Family Practice-Without OB Physician - $133/yearly,physician,physician,auto,,
,gastroenterologist,2,Gastroenterologist,physician,physician,auto,,
,general surgical pathologist,2,GENERAL SURGICAL PATHOLOGIST,physician,physician,auto,,
,internal medicine physician - $250 000 yearly - $300 000 yearly,2,"Internal Medicine Physician - $250,000/yearly - $300,000/yearly",physician,physician,auto,,
,internal medicine physician - $900 daily - $1 200 daily,2,"Internal Medicine Physician - $900/daily - $1,200/daily",physician,physician,auto,,
,interventional radiologist,2,Interventional Radiologist,physician,physician,auto,,
,locum physician pathology,2,Locum | Physician Pathology,physician,physician,auto,,
,locum physician radiology,2,Locum | Physician Radiology,physician,physician,auto,,
,neonatologist,2,Neonatologist,physician,physician,auto,,
,non-physician provider,2,Non-Physician Provider,physician,physician,auto,,
,obstetrics and gynecology physician,2,Obstetrics and Gynecology Physician,physician,physician,auto,,
,pain medicine physician,2,Pain Medicine Physician,physician,physician,auto,,
,physician - anesthesiology,2,Physician - Anesthesiology,physician,physician,auto,,
,physician - emergency medicine,2,Physician - Emergency Medicine,physician,physician,auto,,
,physician - gastroenterology,2,Physician - Gastroenterology,physician,physician,auto,,
,physician - south denver obgyn,2,Physician - South Denver OBGYN,physician,physician,auto,,
,physician anesthesiology,2,Physician Anesthesiology,physician,physician,auto,,
,physician emergency medicine,2,"Physician,  Emergency Medicine",physician,physician,auto,,
,physician internal medicine,2,Physician Internal Medicine,physician,physician,auto,,
,physician urology,2,Physician Urology,physician,physician,auto,,
,pulmonology physician,2,Pulmonology Physician,physician,physician,auto,,
,staff physician for urgent care,2,STAFF PHYSICIAN FOR URGENT CARE,physician,physician,auto,,
,supervisory physician clinical director,2,Supervisory Physician (Clinical Director),physician,physician,auto,,
,academic internal medicine physician- binghamton im medical center,1,Academic Internal Medicine Physician- Binghamton IM Medical Center,physician,physician,auto,,
,academic pediatric rheumatology physician - visit us at pas booth #819,1,Academic Pediatric Rheumatology Physician – Visit Us at PAS Booth #819,physician,physician,auto,,
,addiction medicine physician - seneca county ny,1,"Addiction Medicine Physician - Seneca County, NY",physician,physician,auto,,
,addiction physician,1,Addiction Physician,physician,physician,auto,,
,advanced provider - hospitalist - victor valley global medical center,1,Advanced Provider - Hospitalist - Victor Valley Global Medical Center,physician,physician,auto,,
,ambulatory primary care physician leader - community health centers,1,Ambulatory Primary Care Physician Leader - Community Health Centers,physician,physician,auto,,
,an illinois facility needs a locum tenens gastroenterologist,1,An Illinois Facility Needs a Locum Tenens Gastroenterologist,physician,physician,auto,,
,anesthesiologist - $476k+ doe plus up to $100k sign on bonus,1,Anesthesiologist - $476k+ (DOE) Plus Up To $100k Sign On Bonus,physician,physician,auto,,
,anesthesiology physician - $300 hourly - $315 hourly,1,Anesthesiology Physician - $300/hourly - $315/hourly,physician,physician,auto,,
,anesthesiology physician - $320 hourly - $332 hourly,1,Anesthesiology Physician - $320/hourly - $332/hourly,physician,physician,auto,,
,anesthesiology physician - $400 000 yearly - $600 000 yearly,1,"Anesthesiology Physician - $400,000/yearly - $600,000/yearly",physician,physician,auto,,
,anesthesiology physician - $410 hourly,1,Anesthesiology Physician - $410/hourly,physician,physician,auto,,
,attending psychiatrist contractor,1,Attending Psychiatrist (Contractor),physician,physician,auto,,
,board certified eligible pediatrician - hayward wellness center,1,Board Certified/Eligible Pediatrician - Hayward Wellness Center,physician,physician,auto,,
,board certified internal medicine physician,1,Board Certified Internal Medicine Physician,physician,physician,auto,,
,board certified psychiatrist,1,Board Certified Psychiatrist,physician,physician,auto,,
,bone health physician,1,Bone Health Physician,physician,physician,auto,,
,charles george vamc- inter. cardiologist opportunity,1,Charles George VAMC- Inter. Cardiologist opportunity,physician,physician,auto,,
,chief financial officer multi-location physician practice management 78767,1,"Chief Financial Officer, Multi-location Physician Practice Management, 78767",physician,physician,auto,,
,chief medical officer psychiatrist,1,"Chief Medical Officer, Psychiatrist",physician,physician,auto,,
,child psychiatrist,1,Child Psychiatrist,physician,physician,auto,,
,clinic - physician,1,Clinic - Physician,physician,physician,auto,,
,clinic - physician - eloh-rvp psychology,1,Clinic - Physician - ELOH-RVP Psychology,physician,physician,auto,,
,clinical pathologist,1,Clinical Pathologist,physician,physician,auto,,
,clinical research physician - dermatologist 218522,1,Clinical Research Physician - Dermatologist (218522),physician,physician,auto,,
,clinical research physician - neurologist - part time 224392,1,Clinical Research Physician - Neurologist - Part Time (224392) (,physician,physician,auto,,
,clinical research physician - neurologist 221750,1,Clinical Research Physician - Neurologist (221750),physician,physician,auto,,
,coder provider practice hospitalist,1,"Coder, Provider Practice Hospitalist",physician,physician,auto,,
,collaborative medical doctor or psychiatrist,1,Collaborative Medical Doctor or Psychiatrist,physician,physician,auto,,
,customer service representative physician practice,1,"Customer Service Representative, Physician Practice",physician,physician,auto,,
,digestive disease focused physician scientist in coastal charleston sc,1,"Digestive Disease focused Physician Scientist in Coastal Charleston, SC",physician,physician,auto,,
,electrophysiology physician,1,Electrophysiology Physician,physician,physician,auto,,
,emergency medicine physician - $185 yearly,1,Emergency Medicine Physician - $185/yearly,physician,physician,auto,,
,emergency medicine physician - $225 hourly - $250 hourly,1,Emergency Medicine Physician - $225/hourly - $250/hourly,physician,physician,auto,,
,emergency medicine physician - $300 hourly - $315 hourly,1,Emergency Medicine Physician - $300/hourly - $315/hourly,physician,physician,auto,,
,emergency medicine physician - $385 hourly,1,Emergency Medicine Physician - $385/hourly,physician,physician,auto,,
,endocrinologist east,1,Endocrinologist East,physician,physician,auto,,
,endocrinologist obesity medicine specialist,1,Endocrinologist / Obesity Medicine Specialist,physician,physician,auto,,
,endocrinologist physician,1,Endocrinologist Physician,physician,physician,auto,,
,ent otolaryngology physician,1,ENT / Otolaryngology Physician,physician,physician,auto,,
,family medicine physician - $205k to $378k salary plus $29k in bonuses,1,Family Medicine Physician - $205k to $378k Salary Plus $29k in Bonuses,physician,physician,auto,,
,family medicine physician needed for locum tenens coverage at facility in rocklin california,1,"Family Medicine Physician Needed for Locum Tenens Coverage at Facility in Rocklin, California",physician,physician,auto,,
,family medicine physician needed for locum tenens coverage at facility in san luis obispo california,1,"Family Medicine Physician Needed for Locum Tenens Coverage at Facility in San Luis Obispo, California",physician,physician,auto,,
,family medicine physician-wi mn ia 100% remote,1,"Family Medicine Physician-WI, MN, IA , 100% Remote",physician,physician,auto,,
,family practice physician,1,Family Practice Physician,physician,physician,auto,,
,family practice with obstetrics physician,1,Family Practice with Obstetrics Physician,physician,physician,auto,,
,family practice-without ob physician - $ yearly - $270 000 yearly,1,"Family Practice-Without OB Physician - $/yearly - $270,000/yearly",physician,physician,auto,,
,family practice-without ob physician - $ yearly - $370 000 yearly,1,"Family Practice-Without OB Physician - $/yearly - $370,000/yearly",physician,physician,auto,,
,family practice-without ob physician - $125 hourly - $135 hourly,1,Family Practice-Without OB Physician - $125/hourly - $135/hourly,physician,physician,auto,,
,family practice-without ob physician - $175 000 yearly - $240 000 yearly,1,"Family Practice-Without OB Physician - $175,000/yearly - $240,000/yearly",physician,physician,auto,,
,family practice-without ob physician - $178 000 yearly - $241 000 yearly,1,"Family Practice-Without OB Physician - $178,000/yearly - $241,000/yearly",physician,physician,auto,,
,family practice-without ob physician - $211 yearly - $291 yearly,1,Family Practice-Without OB Physician - $211/yearly - $291/yearly,physician,physician,auto,,
,family practice-without ob physician - $220 000 yearly - $250 000 yearly,1,"Family Practice-Without OB Physician - $220,000/yearly - $250,000/yearly",physician,physician,auto,,
,family practice-without ob physician - $225 000 yearly - $250 yearly,1,"Family Practice-Without OB Physician - $225,000/yearly - $250/yearly",physician,physician,auto,,
,family practice-without ob physician - $240 000 yearly - $260 000 yearly,1,"Family Practice-Without OB Physician - $240,000/yearly - $260,000/yearly",physician,physician,auto,,
,family practice-without ob physician - $250 000 yearly - $275 000 yearly,1,"Family Practice-Without OB Physician - $250,000/yearly - $275,000/yearly",physician,physician,auto,,
,family practice-without ob physician - $270 000 yearly - $350 000 yearly,1,"Family Practice-Without OB Physician - $270,000/yearly - $350,000/yearly",physician,physician,auto,,
,family practice-without ob physician - $275 000 yearly - $325 000 yearly,1,"Family Practice-Without OB Physician - $275,000/yearly - $325,000/yearly",physician,physician,auto,,
,family practice-without ob physician - $275 000 yearly - $500 000 yearly,1,"Family Practice-Without OB Physician - $275,000/yearly - $500,000/yearly",physician,physician,auto,,
,family practice-without ob physician - $300 000 yearly - $400 000 yearly,1,"Family Practice-Without OB Physician - $300,000/yearly - $400,000/yearly",physician,physician,auto,,
,family practice-without ob physician - $430 000 yearly - $431 000 yearly,1,"Family Practice-Without OB Physician - $430,000/yearly - $431,000/yearly",physician,physician,auto,,
,financial analyst - multi-group physician practice,1,Financial Analyst - Multi-Group Physician Practice,physician,physician,auto,,
,florida blue - certified medical coder physician-based coding,1,"Florida Blue - Certified Medical Coder, (Physician-based Coding)",physician,physician,auto,,
,forensic psychiatrist,1,Forensic Psychiatrist,physician,physician,auto,,
,ft family physician - $25k sign on bonus,1,FT Family Physician - $25K Sign On Bonus,physician,physician,auto,,
,ft occupational health physician bc be,1,FT Occupational Health Physician BC/BE,physician,physician,auto,,
,full time b c urologist,1,Full Time B/C Urologist,physician,physician,auto,,
,full-time clinic psychiatrist phd,1,Full-Time Clinic Psychiatrist (PHD),physician,physician,auto,,
,functional medicine physician,1,Functional Medicine Physician,physician,physician,auto,,
,gastroenterologist - $522k++ up to $100k sign on bonus,1,Gastroenterologist - $522k++ Up To $100k Sign On Bonus,physician,physician,auto,,
,gastroenterologist - musc health lancaster medical center minutes from charlotte,1,"Gastroenterologist - MUSC Health Lancaster Medical Center, Minutes from Charlotte",physician,physician,auto,,
,general dermatologist,1,General Dermatologist,physician,physician,auto,,
,general hospital pathologist,1,GENERAL HOSPITAL PATHOLOGIST,physician,physician,auto,,
,general pathologist,1,GENERAL PATHOLOGIST,physician,physician,auto,,
,general psychiatrist,1,General Psychiatrist,physician,physician,auto,,
,gi hospitalist in hawaii $150k sign on,1,GI Hospitalist in Hawaii $150K Sign On,physician,physician,auto,,
,gi internist,1,GI Internist,physician,physician,auto,,
,hospice physician,1,Hospice Physician,physician,physician,auto,,
,hospitalist,1,Hospitalist,physician,physician,auto,,
,hospitalist critical care opportunity in panama city florida,1,"Hospitalist, Critical Care Opportunity in Panama City, Florida",physician,physician,auto,,
,hospitalist opportunity - be a part of a brand new hospital with baptist health,1,Hospitalist opportunity - Be a part of a brand new hospital with Baptist Health,physician,physician,auto,,
,hospitalist opportunity in fresno ca,1,"Hospitalist Opportunity in Fresno, CA",physician,physician,auto,,
,hospitalist opportunity in port st. lucie fl,1,"Hospitalist Opportunity in Port St. Lucie, FL",physician,physician,auto,,
,hospitalist pediatric,1,"Hospitalist, Pediatric",physician,physician,auto,,
,hospitalist physician,1,Hospitalist Physician,physician,physician,auto,,
,hospitalist physician - $1 800 yearly,1,"Hospitalist Physician - $1,800/yearly",physician,physician,auto,,
,hospitalist physician - $185 hourly - $200 hourly,1,Hospitalist Physician - $185/hourly - $200/hourly,physician,physician,auto,,
,hospitalist physician - $185 yearly,1,Hospitalist Physician - $185/yearly,physician,physician,auto,,
,hospitalist physician-waterloo ia,1,"Hospitalist, Physician-Waterloo, IA",physician,physician,auto,,
,hospitalist practice specialist,1,Hospitalist Practice Specialist,physician,physician,auto,,
,hyperbaric and wound medicine physician,1,Hyperbaric and Wound Medicine Physician,physician,physician,auto,,
,inpatient attending physician,1,Inpatient Attending Physician,physician,physician,auto,,
,intensivist - tucson az,1,"Intensivist - Tucson, AZ",physician,physician,auto,,
,internal medicine physician - $ yearly - $360 000 yearly,1,"Internal Medicine Physician - $/yearly - $360,000/yearly",physician,physician,auto,,
,internal medicine physician - $125 hourly - $135 hourly,1,Internal Medicine Physician - $125/hourly - $135/hourly,physician,physician,auto,,
,interventional cardiology physician,1,Interventional Cardiology Physician,physician,physician,auto,,
,locum anesthesiology physician job in fredericksburg va - make $300 hr - $315 hr,1,"Locum Anesthesiology Physician job in Fredericksburg, VA - Make $300/hr - $315/hr",physician,physician,auto,,
,locum emergency medicine pediatric physician job in philadelphia pa - make $300 hr - $315 hr,1,"Locum Emergency Medicine Pediatric Physician job in Philadelphia, PA - Make $300/hr - $315/hr",physician,physician,auto,,
,locum emergency medicine physician job in brownsville tx - make $225 hr - $250 hr,1,"Locum Emergency Medicine Physician job in Brownsville, TX - Make $225/hr - $250/hr",physician,physician,auto,,
,locum emergency medicine physician job in chattanooga tn - make $225 hr - $250 hr,1,"Locum Emergency Medicine Physician job in Chattanooga, TN - Make $225/hr - $250/hr",physician,physician,auto,,
,locum emergency medicine physician job in edinburg tx - make $225 hr - $250 hr,1,"Locum Emergency Medicine Physician job in Edinburg, TX - Make $225/hr - $250/hr",physician,physician,auto,,
,locum emergency medicine physician job in eureka ca - make $225 hr - $250 hr,1,"Locum Emergency Medicine Physician job in Eureka, CA - Make $225/hr - $250/hr",physician,physician,auto,,
,locum emergency medicine physician job in goldendale wa - make $150 hr - $165 hr,1,"Locum Emergency Medicine Physician job in Goldendale, WA - Make $150/hr - $165/hr",physician,physician,auto,,
,locum emergency medicine physician job in hendersonville tn - make $225 hr - $250 hr,1,"Locum Emergency Medicine Physician job in Hendersonville, TN - Make $225/hr - $250/hr",physician,physician,auto,,
,locum emergency medicine physician job in mcallen tx - make $225 hr - $250 hr,1,"Locum Emergency Medicine Physician job in Mcallen, TX - Make $225/hr - $250/hr",physician,physician,auto,,
,locum emergency medicine physician job in mission tx - make $225 hr - $250 hr,1,"Locum Emergency Medicine Physician job in Mission, TX - Make $225/hr - $250/hr",physician,physician,auto,,
,locum emergency medicine physician job in san juan tx - make $225 hr - $250 hr,1,"Locum Emergency Medicine Physician job in San Juan, TX - Make $225/hr - $250/hr",physician,physician,auto,,
,locum gastroenterology physician job in las cruces nm - make $295 hr - $320 hr,1,"Locum Gastroenterology Physician job in Las Cruces, NM - Make $295/hr - $320/hr",physician,physician,auto,,
,locum hospitalist physician job in fort walton fl - make $180 hr - $200 hr,1,"Locum Hospitalist Physician job in Fort Walton, FL - Make $180/hr - $200/hr",physician,physician,auto,,
,locum hospitalist physician job in hermitage tn - make $180 hr - $200 hr,1,"Locum Hospitalist Physician job in Hermitage, TN - Make $180/hr - $200/hr",physician,physician,auto,,
,locum hospitalist physician job in hudson fl - make $180 hr - $200 hr,1,"Locum Hospitalist Physician job in Hudson, FL - Make $180/hr - $200/hr",physician,physician,auto,,
,locum hospitalist physician job in owatonna mn - make $180 hr - $200 hr,1,"Locum Hospitalist Physician job in Owatonna, MN - Make $180/hr - $200/hr",physician,physician,auto,,
,locum hospitalist physician job in panama city fl - make $180 hr - $200 hr,1,"Locum Hospitalist Physician job in Panama City, FL - Make $180/hr - $200/hr",physician,physician,auto,,
,locum hospitalist physician job in portsmouth nh - make $180 hr - $200 hr,1,"Locum Hospitalist Physician job in Portsmouth, NH - Make $180/hr - $200/hr",physician,physician,auto,,
,locum hospitalist physician job in springfield tn - make $180 hr - $200 hr,1,"Locum Hospitalist Physician job in Springfield, TN - Make $180/hr - $200/hr",physician,physician,auto,,
,locum hospitalist physician job in trinity fl - make $180 hr - $200 hr,1,"Locum Hospitalist Physician job in Trinity, FL - Make $180/hr - $200/hr",physician,physician,auto,,
,locum infectious disease physician job in cedar rapids ia - make $1520 day - $1760 day,1,"Locum Infectious Disease Physician job in Cedar Rapids, IA - Make $1520/day - $1760/day",physician,physician,auto,,
,locum obstetrics gynecology physician job in palmer ak - make $150 hr - $170 hr,1,"Locum Obstetrics/Gynecology Physician job in Palmer, AK - Make $150/hr - $170/hr",physician,physician,auto,,
,locum occupational medicine physician job in alamosa co - make $115 hr - $125 hr,1,"Locum Occupational Medicine Physician job in Alamosa, CO - Make $115/hr - $125/hr",physician,physician,auto,,
,locum physician anesthesiology,1,Locum | Physician Anesthesiology,physician,physician,auto,,
,locum physician cardiology,1,Locum | Physician Cardiology,physician,physician,auto,,
,locum physician family practice,1,Locum | Physician Family Practice,physician,physician,auto,,
,locum physician neurological surgery,1,Locum | Physician Neurological Surgery,physician,physician,auto,,
,locum physician pediatric hospitalist,1,Locum | Physician Pediatric Hospitalist,physician,physician,auto,,
,locum physician urology,1,Locum | Physician Urology,physician,physician,auto,,
,locum radiology pediatric physician job in dallas tx - make $2400 day - $2700 day,1,"Locum Radiology Pediatric Physician job in Dallas, TX - Make $2400/day - $2700/day",physician,physician,auto,,
,locum tenens gastroenterologist is wanted in ca,1,Locum Tenens Gastroenterologist Is Wanted in CA,physician,physician,auto,,
,locum urology physician job in columbus oh - make $300 hr - $325 hr,1,"Locum Urology Physician job in Columbus, OH - Make $300/hr - $325/hr",physician,physician,auto,,
,locums emergency medicine physician - belton regional medical center - belton missouri,1,Locums: Emergency Medicine Physician - Belton Regional Medical Center - Belton Missouri,physician,physician,auto,,
,locums emergency medicine physician - centerpoint medical center - indpendence mo,1,Locums: Emergency Medicine Physician - Centerpoint Medical Center - Indpendence MO,physician,physician,auto,,
,locums emergency medicine physician - hca houston healthcare pearland,1,Locums: Emergency Medicine Physician - HCA Houston Healthcare Pearland,physician,physician,auto,,
,locums emergency medicine physician - hca houston healthcare tomball,1,Locums: Emergency Medicine Physician - HCA Houston Healthcare Tomball,physician,physician,auto,,
,locums emergency medicine physician - methodist texsan hospital - san antonio tx,1,"Locums: Emergency Medicine Physician - Methodist Texsan Hospital - San Antonio, TX",physician,physician,auto,,
,locums emergency medicine physician - metropolitan methodist hospital - san antonio tx,1,"Locums: Emergency Medicine Physician - Metropolitan Methodist Hospital - San Antonio, TX",physician,physician,auto,,
,locums emergency medicine physician - research medical center - kansas city mo,1,"Locums: Emergency Medicine Physician - Research Medical Center - Kansas City, MO",physician,physician,auto,,
,locums emergency medicine physician - spotsylvania regional medical center,1,Locums: Emergency Medicine Physician - Spotsylvania Regional Medical Center,physician,physician,auto,,
,locums frisbie memorial hospital - emergency medicine physician,1,Locums: Frisbie Memorial Hospital - EMERGENCY MEDICINE PHYSICIAN,physician,physician,auto,,
,locums hospitalist medicine physician - frankfort regional medical center - frankfort ky,1,"Locums: Hospitalist Medicine Physician - Frankfort Regional Medical Center - Frankfort, KY",physician,physician,auto,,
,locums hospitalist medicine physician - hca houston healthcare pearland,1,Locums: Hospitalist Medicine Physician - HCA Houston Healthcare Pearland,physician,physician,auto,,
,locums hospitalist medicine physician - hca houston healthcare west,1,Locums: Hospitalist Medicine Physician - HCA Houston Healthcare West,physician,physician,auto,,
,locums opportunity in al for anesthesiologist,1,Locums Opportunity in AL for Anesthesiologist,physician,physician,auto,,
,manager physician practice f t day - peds and int med - squires point & palmetto medical associates,1,Manager Physician Practice F/T Day - Peds and Int Med - Squires Point & Palmetto Medical Associates,physician,physician,auto,,
,manager physician training,1,"Manager, Physician Training",physician,physician,auto,,
,medical oncologist and hematologist,1,Medical Oncologist and Hematologist,physician,physician,auto,,
,medical oncologist and hematologist-25k sign-on bonus!,1,Medical Oncologist and Hematologist-25k Sign-On Bonus!,physician,physician,auto,,
,mgr physician operations ihmg metro primary care operations,1,"Mgr Physician Operations, IHMG Metro Primary Care Operations",physician,physician,auto,,
,mgr physician training,1,"Mgr, Physician Training",physician,physician,auto,,
,moonlighting gig in moss point ms- local psychiatrist needed 1-2 days mo,1,"Moonlighting Gig in Moss Point, MS- Local Psychiatrist Needed 1-2 Days/mo",physician,physician,auto,,
,movement disorders neurologist opportunity with kaiser permanente in baldwin park,1,Movement Disorders Neurologist Opportunity with Kaiser Permanente in Baldwin Park,physician,physician,auto,,
,neurologist - movement disorders,1,Neurologist - Movement Disorders,physician,physician,auto,,
,neurologist - stroke,1,Neurologist - Stroke,physician,physician,auto,,
,neuromuscular neurologist,1,Neuromuscular Neurologist,physician,physician,auto,,
,new anesthesiologist opportunity available at memorial regional in south florida with start date bonus and lucrative compensation,1,New Anesthesiologist Opportunity Available at Memorial Regional in South Florida with Start Date Bonus and Lucrative Compensation,physician,physician,auto,,
,nocturnist - physician - des moines ia,1,"Nocturnist - Physician - Des Moines, IA",physician,physician,auto,,
,non-invasive cardiologist,1,Non-Invasive Cardiologist,physician,physician,auto,,
,non-invasive cardiology physician,1,Non-Invasive Cardiology Physician,physician,physician,auto,,
,ob gyn physician,1,OB GYN Physician,physician,physician,auto,,
,ob hospitalist,1,OB Hospitalist,physician,physician,auto,,
,obgyn physician - gotham health williamsburg - brooklyn new york,1,"OBGYN Physician - Gotham Health/Williamsburg - Brooklyn, New York",physician,physician,auto,,
,obgyn physician resident pathways program optum ma,1,"OBGYN Physician Resident, Pathways Program Optum MA",physician,physician,auto,,
,obstetrician gynecologist - outpatient only,1,Obstetrician/Gynecologist - Outpatient Only,physician,physician,auto,,
,obstetrician gynecologist physician,1,Obstetrician Gynecologist Physician,physician,physician,auto,,
,obstetrics & gynecology physician - $1 800 yearly,1,"Obstetrics & Gynecology Physician - $1,800/yearly",physician,physician,auto,,
,obstetrics & gynecology physician - $240 000 yearly,1,"Obstetrics & Gynecology Physician - $240,000/yearly",physician,physician,auto,,
,obstetrics & gynecology physician - $400 000 yearly,1,"Obstetrics & Gynecology Physician - $400,000/yearly",physician,physician,auto,,
,orthopaedic total joint physician,1,Orthopaedic Total Joint Physician,physician,physician,auto,,
,outpatient family medicine physician,1,Outpatient Family Medicine Physician,physician,physician,auto,,
,outpatient internal medicine physician southpark,1,Outpatient Internal Medicine Physician Southpark,physician,physician,auto,,
,outpatient pediatrician - mckinney lake forest clinic,1,Outpatient Pediatrician - McKinney (Lake Forest Clinic),physician,physician,auto,,
,outpatient primary care physician family or internal medicine,1,Outpatient Primary Care Physician (Family or Internal Medicine),physician,physician,auto,,
,pain management physician - austin tx full-time!!!,1,"Pain Management Physician - Austin, TX (Full-Time!!!)",physician,physician,auto,,
,palliative care physician,1,Palliative Care Physician,physician,physician,auto,,
,palliative care physician needed - houston methodist - learn more!,1,Palliative Care Physician Needed - Houston Methodist - Learn More!,physician,physician,auto,,
,part time occupational health physician,1,Part Time Occupational Health Physician,physician,physician,auto,,
,part-time consultant dermatologist- remote,1,Part-time Consultant Dermatologist- (remote),physician,physician,auto,,
,pathologist,1,Pathologist,physician,physician,auto,,
,pathologist lab director,1,Pathologist/Lab Director,physician,physician,auto,,
,patient account representative - physician claims,1,Patient Account Representative - Physician Claims,physician,physician,auto,,
,patient physician services - call center representative,1,Patient Physician Services - Call Center Representative,physician,physician,auto,,
,pediatric and sports medicine physician,1,Pediatric and Sports Medicine Physician,physician,physician,auto,,
,pediatric cardiac anesthesiologist,1,Pediatric Cardiac Anesthesiologist,physician,physician,auto,,
,pediatric endocrinologist,1,Pediatric Endocrinologist,physician,physician,auto,,
,pediatric hospitalist - prn prosper texas,1,"Pediatric Hospitalist - PRN (Prosper, Texas)",physician,physician,auto,,
,pediatric hospitalist - prosper texas,1,"Pediatric Hospitalist - Prosper, Texas",physician,physician,auto,,
,pediatric neurologist,1,Pediatric Neurologist,physician,physician,auto,,
,pediatric pathologist,1,PEDIATRIC PATHOLOGIST,physician,physician,auto,,
,pediatric pulmonologist,1,Pediatric Pulmonologist,physician,physician,auto,,
,pediatric pulmonologist - visit us at pas booth #819,1,Pediatric Pulmonologist – Visit Us at PAS Booth #819,physician,physician,auto,,
,pediatric radiologist physican,1,Pediatric Radiologist Physican,physician,physician,auto,,
,pediatrician needed! $25k sign on bonus,1,Pediatrician needed! $25k sign on bonus,physician,physician,auto,,
,permanent dermatologist needed at a private practice in raleigh north carolina,1,"Permanent Dermatologist Needed at a Private Practice in Raleigh, North Carolina",physician,physician,auto,,
,physician - academics-hepatology,1,Physician - Academics-Hepatology,physician,physician,auto,,
,physician - anesthesiology - sequoia surgical pavilion,1,Physician - Anesthesiology - Sequoia Surgical Pavilion,physician,physician,auto,,
,physician - cardiac anesthesiologist fee basis,1,Physician - Cardiac Anesthesiologist (Fee Basis),physician,physician,auto,,
,physician - centerwell - matthews nc,1,"Physician - CenterWell - Matthews, NC",physician,physician,auto,,
,physician - chief of ophthalmology,1,Physician - Chief of Ophthalmology,physician,physician,auto,,
,physician - chief quality safety and improvement,1,"Physician - Chief, Quality Safety and Improvement",physician,physician,auto,,
,physician - cvt surgery - thoracic surgery - copley main campus,1,Physician - CVT Surgery - Thoracic Surgery - Copley/Main Campus,physician,physician,auto,,
,physician - dermatology,1,Physician - Dermatology,physician,physician,auto,,
,physician - emergency medicine - adventist health selma,1,Physician - Emergency Medicine - Adventist Health Selma,physician,physician,auto,,
,physician - emergency medicine - ascension st. vincent williamsport,1,Physician - Emergency Medicine - Ascension St. Vincent Williamsport,physician,physician,auto,,
,physician - emergency medicine - los alamitos medical center,1,Physician - Emergency Medicine - Los Alamitos Medical Center,physician,physician,auto,,
,physician - emergency medicine - st. mary's medical center,1,Physician - Emergency Medicine - St. Mary's Medical Center,physician,physician,auto,,
,physician - emergency medicine - umc northeast emergency department,1,Physician - Emergency Medicine - UMC Northeast Emergency Department,physician,physician,auto,,
,physician - emergency medicine - up to $50k sign on bonus - umc east emergency department,1,Physician - Emergency Medicine - Up to $50K Sign On Bonus - UMC East Emergency Department,physician,physician,auto,,
,physician - endocrinology,1,Physician - Endocrinology,physician,physician,auto,,
,physician - ent-otolaryngology,1,Physician - ENT-Otolaryngology,physician,physician,auto,,
,physician - family medicine - arrowhead family health center - fontana,1,Physician - Family Medicine - Arrowhead Family Health Center - Fontana,physician,physician,auto,,
,physician - family medicine - arrowhead regional medical center,1,Physician - Family Medicine - Arrowhead Regional Medical Center,physician,physician,auto,,
,physician - family medicine - internal medicine - baptist primary care yellow bluff,1,Physician - Family Medicine - Internal Medicine - Baptist Primary Care Yellow Bluff,physician,physician,auto,,
,physician - family medicine with ob,1,Physician - Family Medicine with OB,physician,physician,auto,,
,physician - family practice,1,Physician - Family Practice,physician,physician,auto,,
,physician - full time,1,Physician - Full Time,physician,physician,auto,,
,physician - gastro - oconee,1,Physician - Gastro - Oconee,physician,physician,auto,,
,physician - gastroenterology hospitalist - st louis,1,Physician - Gastroenterology Hospitalist - St Louis,physician,physician,auto,,
,physician - general surgery,1,Physician - General Surgery,physician,physician,auto,,
,physician - hbpc medical director extended care & palliative medicine,1,Physician - HBPC Medical Director (Extended Care & Palliative Medicine),physician,physician,auto,,
,physician - hospitalist - adventist health simi valley,1,Physician - Hospitalist - Adventist Health Simi Valley,physician,physician,auto,,
,physician - hospitalist - adventist health white memorial montebello,1,Physician - Hospitalist - Adventist Health White Memorial Montebello,physician,physician,auto,,
,physician - hospitalist - union hospital terre haute,1,Physician - Hospitalist - Union Hospital Terre Haute,physician,physician,auto,,
,physician - hospitalist - wynn hospital,1,Physician - Hospitalist - Wynn Hospital,physician,physician,auto,,
,physician - infectious disease,1,Physician - Infectious Disease,physician,physician,auto,,
,physician - internal medicine,1,Physician - Internal Medicine,physician,physician,auto,,
,physician - internal medicine medical oncology - genetics division chief pmpc #11112,1,Physician - Internal Medicine: Medical Oncology - (Genetics Division Chief) (PMPC #11112),physician,physician,auto,,
,physician - interventional cardiology,1,Physician - Interventional Cardiology,physician,physician,auto,,
,physician - interventional cardiology thomas,1,Physician - Interventional Cardiology (Thomas),physician,physician,auto,,
,physician - medical director primary care,1,Physician - Medical Director Primary Care,physician,physician,auto,,
,physician - mv emergency medicine,1,Physician - MV Emergency Medicine,physician,physician,auto,,
,physician - nephrologist,1,Physician - Nephrologist,physician,physician,auto,,
,physician - neuro-ophthalmologist,1,Physician - Neuro-Ophthalmologist,physician,physician,auto,,
,physician - neurosurgeon,1,Physician - Neurosurgeon,physician,physician,auto,,
,physician - nuclear medicine radiologist,1,Physician - Nuclear Medicine Radiologist,physician,physician,auto,,
,physician - ob gyn minimally invasive,1,Physician - OB/GYN: Minimally Invasive,physician,physician,auto,,
,physician - obesity medicine,1,Physician - Obesity Medicine,physician,physician,auto,,
,physician - orthopedic hospitalist,1,Physician - Orthopedic Hospitalist,physician,physician,auto,,
,physician - pediatric nephrologist,1,Physician - Pediatric Nephrologist,physician,physician,auto,,
,physician - physiatrist,1,Physician - Physiatrist,physician,physician,auto,,
,physician - primary care - adelanto community health center,1,Physician - Primary Care - Adelanto Community Health Center,physician,physician,auto,,
,physician - primary care - samaritan medical care center,1,Physician - Primary Care - Samaritan Medical Care Center,physician,physician,auto,,
,physician - psychiatrist,1,Physician - Psychiatrist,physician,physician,auto,,
,physician - pulmonary critical care,1,Physician - Pulmonary Critical Care,physician,physician,auto,,
,physician - rheumatology,1,Physician - Rheumatology,physician,physician,auto,,
,physician - sports medicine family medicine,1,Physician - Sports Medicine Family Medicine,physician,physician,auto,,
,physician advisor,1,Physician Advisor,physician,physician,auto,,
,physician advisor psychiatrist,1,Physician Advisor (Psychiatrist),physician,physician,auto,,
,physician cardiology,1,Physician Cardiology,physician,physician,auto,,
,physician cmo,1,Physician (CMO),physician,physician,auto,,
,physician compensation analyst,1,Physician Compensation Analyst,physician,physician,auto,,
,physician consultant,1,Physician Consultant,physician,physician,auto,,
,physician director quality management,1,"Physician (Director, Quality Management)",physician,physician,auto,,
,physician epidemiology,1,Physician (Epidemiology),physician,physician,auto,,
,physician family medicine in freeland michigan,1,"Physician: Family Medicine in Freeland, Michigan",physician,physician,auto,,
,physician family medicine physician,1,"Physician, Family Medicine Physician",physician,physician,auto,,
,physician family or internal med,1,Physician (Family or Internal Med),physician,physician,auto,,
,physician ft interventional radiology okc metro,1,Physician FT Interventional Radiology OKC Metro,physician,physician,auto,,
,physician gastroenterologist,1,Physician (Gastroenterologist),physician,physician,auto,,
,physician general ophthalmology opportunity - chicago's western suburbs,1,Physician: General Ophthalmology Opportunity - Chicago's Western Suburbs,physician,physician,auto,,
,physician home care,1,Physician Home Care,physician,physician,auto,,
,physician hospitalist,1,Physician Hospitalist,physician,physician,auto,,
,physician ii - board certified eligible pediatrician hayward ca.,1,"Physician II - Board Certified/Eligible Pediatrician, Hayward, CA.",physician,physician,auto,,
,physician in functional medicine and nutrition,1,Physician in Functional Medicine and Nutrition,physician,physician,auto,,
,physician internal medicine - los benos ca,1,"Physician (Internal Medicine) - Los Benos, CA",physician,physician,auto,,
,physician internal medicine - remote,1,"Physician, Internal Medicine - Remote",physician,physician,auto,,
,physician liaision - owensboro surgery center,1,Physician Liaision - Owensboro Surgery Center,physician,physician,auto,,
,physician liaision - surgical center of greensboro,1,Physician Liaision - Surgical Center of Greensboro,physician,physician,auto,,
,physician md do,1,Physician (MD/DO),physician,physician,auto,,
,physician neurologist baltimore md,1,"Physician Neurologist Baltimore, MD",physician,physician,auto,,
,physician neurology - movement disorders,1,"Physician, Neurology - Movement Disorders",physician,physician,auto,,
,physician ob gyn- osceola wi,1,"Physician, OB/GYN- Osceola, WI",physician,physician,auto,,
,physician obstetrics and gynecology,1,Physician Obstetrics and Gynecology,physician,physician,auto,,
,physician office nursing supervisor mcleod orthopaedics,1,"Physician Office Nursing Supervisor, McLeod Orthopaedics",physician,physician,auto,,
,physician orthopedic surgery,1,Physician Orthopedic Surgery,physician,physician,auto,,
,physician pediatrics j1 h1b visa waiver up-to first $10 000,1,"Physician (Pediatrics) :: J1/H1B Visa Waiver up-to first $10,000",physician,physician,auto,,
,physician practice administrative specialist - family medicine clinic - full time,1,Physician Practice Administrative Specialist - Family Medicine Clinic - Full Time,physician,physician,auto,,
,physician practice manager ii,1,Physician Practice Manager II,physician,physician,auto,,
,physician practice receptionist - prn - float,1,Physician Practice Receptionist - PRN - Float,physician,physician,auto,,
,physician section chief neurology,1,Physician (Section Chief Neurology),physician,physician,auto,,
,physician tucson care center,1,Physician Tucson Care Center,physician,physician,auto,,
,physician- bhip psychiatrist,1,Physician- BHIP Psychiatrist,physician,physician,auto,,
,physician- family medicine,1,Physician- Family Medicine,physician,physician,auto,,
,physician- obstetrics gynecology,1,Physician– Obstetrics/Gynecology,physician,physician,auto,,
,physician-internal medicine- upper east side manhattan,1,Physician-Internal Medicine- Upper East Side Manhattan,physician,physician,auto,,
,physician-pulmonary-sleep physician,1,Physician-Pulmonary-Sleep Physician,physician,physician,auto,,
,primary care physician - $250k,1,Primary Care Physician - $250K,physician,physician,auto,,
,primary care physician - $25k sign on bonus low call,1,"Primary Care Physician - $25k Sign on Bonus, Low Call",physician,physician,auto,,
,primary care physician - sign-on bonus available,1,Primary Care Physician - Sign-On Bonus Available,physician,physician,auto,,
,primary care physician your own boss,1,Primary Care Physician (Your own boss),physician,physician,auto,,
,primary care physician- las vegas nevada,1,"Primary Care Physician- Las Vegas, Nevada",physician,physician,auto,,
,primary care provider - experienced app or physician,1,Primary Care Provider - Experienced APP or Physician,physician,physician,auto,,
,principle investigator - research physician 224013,1,Principle Investigator - Research Physician (224013),physician,physician,auto,,
,prn advanced practice provider hospitalist,1,PRN Advanced Practice Provider Hospitalist,physician,physician,auto,,
,prn psychiatrist ip adult,1,PRN Psychiatrist IP Adult,physician,physician,auto,,
,program director- internal medicine physician,1,Program Director- Internal Medicine Physician,physician,physician,auto,,
,psychiatric emergency physician,1,Psychiatric Emergency Physician,physician,physician,auto,,
,psychiatric-mental health physician - $200 000 yearly,1,"Psychiatric-Mental Health Physician - $200,000/yearly",physician,physician,auto,,
,psychiatric-mental health physician - $312 000 yearly,1,"Psychiatric-Mental Health Physician - $312,000/yearly",physician,physician,auto,,
,psychiatric-mental health physician - $700 daily - $1 000 daily,1,"Psychiatric-Mental Health Physician - $700/daily - $1,000/daily",physician,physician,auto,,
,psychiatric-mental health physician - $900 daily - $1 100 daily,1,"Psychiatric-Mental Health Physician - $900/daily - $1,100/daily",physician,physician,auto,,
,psychiatrist - remote outpatient,1,Psychiatrist - Remote Outpatient,physician,physician,auto,,
,psychiatrist - wickenburg,1,Psychiatrist - Wickenburg,physician,physician,auto,,
,psychiatrist 2 children and youth sagamore children's psychiatric center p24696,1,"Psychiatrist 2, Children and Youth, Sagamore Children's Psychiatric Center, P24696",physician,physician,auto,,
,psychiatrist medical director - outpatient and tms services,1,Psychiatrist Medical Director – Outpatient and TMS Services,physician,physician,auto,,
,psychiatrist needed for locum tenens coverage at facility in loma linda california,1,"Psychiatrist Needed for Locum Tenens Coverage at Facility in Loma Linda, California",physician,physician,auto,,
,psychiatrist southest clinic,1,Psychiatrist Southest Clinic,physician,physician,auto,,
,radiation oncologist,1,Radiation Oncologist,physician,physician,auto,,
,radiologist medical director,1,Radiologist Medical Director,physician,physician,auto,,
,radiologist opportunity in fort pierce fl,1,"Radiologist Opportunity in Fort Pierce, FL",physician,physician,auto,,
,remote licensed psychiatrist,1,Remote Licensed Psychiatrist,physician,physician,auto,,
,remote radiologist - independent contractor opportunity,1,Remote Radiologist – Independent Contractor Opportunity,physician,physician,auto,,
,research physician,1,Research Physician,physician,physician,auto,,
,resident fellow physician - keck family medicine residency - full time 8 hour days exempt non-union,1,Resident/Fellow Physician - Keck Family Medicine Residency - Full Time 8 Hour Days (Exempt) (Non-Union),physician,physician,auto,,
,resource physician - radiology,1,Resource Physician - Radiology,physician,physician,auto,,
,rheumatologist,1,Rheumatologist,physician,physician,auto,,
,senior director global oncology therapeutic area safety physician,1,"Senior Director, Global Oncology Therapeutic Area Safety Physician",physician,physician,auto,,
,senior health physician - value based care,1,Senior Health Physician - Value Based Care,physician,physician,auto,,
,slp speech pathologist - healthpark plaza,1,"SLP, Speech Pathologist - HealthPark Plaza",physician,physician,auto,,
,speech lang pathologist,1,Speech Lang Pathologist,physician,physician,auto,,
,speech pathologist - outpatient rehab,1,SPEECH PATHOLOGIST - OUTPATIENT REHAB,physician,physician,auto,,
,speech pathologist acute,1,Speech Pathologist (Acute),physician,physician,auto,,
,speech pathologist prn,1,Speech Pathologist PRN,physician,physician,auto,,
,speech pathologist- clinic outpatient,1,Speech Pathologist- Clinic Outpatient,physician,physician,auto,,
,speech pathologist-cfy,1,Speech Pathologist-CFY,physician,physician,auto,,
,speech pathologist-inpatient therapy,1,Speech Pathologist-Inpatient Therapy,physician,physician,auto,,
,staff psychiatrist,1,Staff Psychiatrist,physician,physician,auto,,
,staff psychiatrist virtual,1,Staff Psychiatrist (Virtual),physician,physician,auto,,
,surgery trauma physician,1,Surgery Trauma Physician,physician,physician,auto,,
,surgery-general physician - $2 200 yearly,1,"Surgery-General Physician - $2,200/yearly",physician,physician,auto,,
,svp of physician affairs,1,SVP of Physician Affairs,physician,physician,auto,,
,svp physician operations - medical affairs administration,1,SVP Physician Operations – Medical Affairs Administration,physician,physician,auto,,
,telemedicine gastroenterologist,1,Telemedicine Gastroenterologist,physician,physician,auto,,
,telemedicine hrt weight loss physician,1,Telemedicine HRT/Weight Loss Physician,physician,physician,auto,,
,telemedicine physician - ca 100% remote,1,Telemedicine Physician - CA 100% Remote,physician,physician,auto,,
,telemedicine physician - north carolina,1,Telemedicine Physician - North Carolina,physician,physician,auto,,
,telemedicine psychiatry physician,1,Telemedicine Psychiatry Physician,physician,physician,auto,,
,transplant cardiologist,1,Transplant Cardiologist,physician,physician,auto,,
,ucc physician part-time,1,UCC Physician (Part-time),physician,physician,auto,,
,ucsf fresno & vacchcs - sleep medicine physician,1,UCSF Fresno & VACCHCS - Sleep Medicine Physician,physician,physician,auto,,
,urgent care pediatrician - north texas,1,Urgent Care Pediatrician - North Texas,physician,physician,auto,,
,urologist,1,Urologist,physician,physician,auto,,
,urology physician,1,Urology Physician,physician,physician,auto,,
,vascular neurologist neurology,1,Vascular Neurologist (Neurology),physician,physician,auto,,
,vascular surgery - physician,1,Vascular Surgery - Physician,physician,physician,auto,,
,assistant professor,6,Assistant Professor,professor,professor,auto,,
,adjunct faculty,4,Adjunct Faculty,professor,professor,auto,,
,assistant research professor,3,Assistant Research Professor,professor,professor,auto,,
,assistant professor term,2,Assistant Professor Term,professor,professor,auto,,
,full time tenure track faculty economics instructor,2,"Full Time Tenure Track Faculty, Economics Instructor",professor,professor,auto,,
,part-time lecturer,2,Part-Time Lecturer,professor,professor,auto,,
,academic professional track non-tenure instructional assistant professor,1,Academic Professional Track (Non-Tenure): Instructional Assistant Professor,professor,professor,auto,,
,academic professional track non-tenure lecturer in english technical editing,1,Academic Professional Track (Non-Tenure): Lecturer in English (Technical Editing),professor,professor,auto,,
,adjunct faculty - film 361 brand storytelling ii,1,Adjunct Faculty - FILM 361: Brand Storytelling II,professor,professor,auto,,
,adjunct faculty - jmwh,1,Adjunct Faculty - JMWH,professor,professor,auto,,
,adjunct faculty - medical ethics,1,Adjunct Faculty - Medical Ethics,professor,professor,auto,,
,adjunct faculty - physician assistant chs,1,"Adjunct Faculty - Physician Assistant, CHS",professor,professor,auto,,
,adjunct faculty anatomy & physiology,1,"Adjunct Faculty, Anatomy & Physiology",professor,professor,auto,,
,adjunct faculty chs,1,Adjunct Faculty CHS,professor,professor,auto,,
,adjunct faculty financial analysis,1,"Adjunct Faculty, Financial Analysis",professor,professor,auto,,
,adjunct faculty information technology software design and programming,1,"Adjunct Faculty, Information Technology, Software Design and Programming",professor,professor,auto,,
,adjunct faculty med surg or psych,1,"Adjunct Faculty, Med/Surg or Psych",professor,professor,auto,,
,adjunct faculty physical therapy,1,"Adjunct Faculty, Physical Therapy",professor,professor,auto,,
,adjunct faculty undergraduate nursing,1,"Adjunct Faculty, Undergraduate Nursing",professor,professor,auto,,
,assistant \ associate professor of nursing doctor of nursing practice program,1,"Assistant \/ Associate Professor of Nursing, Doctor of Nursing Practice Program",professor,professor,auto,,
,assistant associate full professor - civil materials and environmental engineering,1,"Assistant/Associate/Full Professor – Civil, Materials and Environmental Engineering",professor,professor,auto,,
,assistant associate industry professor in fintech,1,Assistant/Associate Industry Professor in FinTech,professor,professor,auto,,
,assistant associate or professor in communication sciences and disorders,1,"Assistant, Associate or Professor in Communication Sciences and Disorders",professor,professor,auto,,
,assistant associate professor of anesthesiology near miami florida,1,"Assistant/Associate Professor of Anesthesiology near Miami, Florida",professor,professor,auto,,
,assistant or associate professor in clinical or counseling psychology,1,Assistant or Associate Professor in Clinical or Counseling Psychology,professor,professor,auto,,
,assistant professional practice professor social studies division chair,1,Assistant Professional Practice Professor (Social Studies Division Chair),professor,professor,auto,,
,assistant professor - biomedical engineering notice of filing,1,Assistant Professor - Biomedical Engineering Notice of Filing,professor,professor,auto,,
,assistant professor - clinical counseling master's program macc - remote,1,"Assistant Professor - Clinical Counseling, Master's Program (MACC) - Remote",professor,professor,auto,,
,assistant professor - organizational behavior human resources,1,ASSISTANT PROFESSOR - ORGANIZATIONAL BEHAVIOR/HUMAN RESOURCES,professor,professor,auto,,
,assistant professor - school counseling program - csoe remote san diego,1,Assistant Professor - School Counseling Program - CSOE (Remote/San Diego),professor,professor,auto,,
,assistant professor - tenure-track,1,Assistant Professor - Tenure-track,professor,professor,auto,,
,assistant professor contemporary art history,1,Assistant Professor Contemporary Art History,professor,professor,auto,,
,assistant professor of audiology,1,Assistant Professor of Audiology,professor,professor,auto,,
,assistant professor of business analytics,1,Assistant Professor of Business Analytics,professor,professor,auto,,
,assistant professor of english secondary education,1,Assistant Professor of English Secondary Education,professor,professor,auto,,
,assistant professor of finance,1,Assistant Professor of Finance,professor,professor,auto,,
,assistant professor of nursing,1,Assistant Professor of Nursing,professor,professor,auto,,
,assistant professor of nursing - experiential learning coordinator,1,Assistant Professor of Nursing - Experiential Learning Coordinator,professor,professor,auto,,
,assistant professor of practice exercise & sport physiology,1,"Assistant Professor of Practice, Exercise & Sport Physiology",professor,professor,auto,,
,assistant professor of psychology,1,Assistant Professor of Psychology,professor,professor,auto,,
,assistant professor of social work in family life and human development,1,Assistant Professor of Social Work in Family Life and Human Development,professor,professor,auto,,
,assistant professor printmaking,1,Assistant Professor Printmaking,professor,professor,auto,,
,assistant professor respiratory care,1,"Assistant Professor, Respiratory Care",professor,professor,auto,,
,assistant professor series ii online master of science in health informatics,1,Assistant Professor (Series II) Online Master of Science in Health Informatics,professor,professor,auto,,
,assistant professor team leader oral health promotion,1,"Assistant Professor/Team Leader, Oral Health Promotion",professor,professor,auto,,
,assistant professor term open rank,1,Assistant Professor Term (Open Rank),professor,professor,auto,,
,assistant teaching professor in business information & analytics,1,Assistant Teaching Professor in Business Information & Analytics,professor,professor,auto,,
,assistant teaching professor in chinese,1,Assistant Teaching Professor in Chinese,professor,professor,auto,,
,associate professor open rank - oral immunology and infectious diseases,1,Associate Professor (Open Rank) - Oral Immunology and Infectious Diseases,professor,professor,auto,,
,associate professor term open rank - department of medicine pulmonary critical care and sleep disorders,1,"Associate Professor Term (Open Rank) - Department of Medicine (Pulmonary, Critical Care and Sleep Disorders)",professor,professor,auto,,
,clinical assistant associate professor of pediatrics practitioner chla div of adolescent and young adult medicine,1,Clinical Assistant/Associate Professor of Pediatrics (Practitioner) CHLA DIv of Adolescent and Young Adult Medicine,professor,professor,auto,,
,clinical assistant professor of art therapy - counseling & human development - college of education and human development,1,Clinical Assistant Professor of Art Therapy - Counseling & Human Development - College of Education and Human Development,professor,professor,auto,,
,contract lecturer- sociology and criminology,1,Contract Lecturer- Sociology and Criminology,professor,professor,auto,,
,cybersecurity non-tenure-track faculty,1,Cybersecurity Non-Tenure-Track Faculty,professor,professor,auto,,
,lecturer,1,Lecturer,professor,professor,auto,,
,lecturer - chemical and biochemical engineering #00090901,1,LECTURER - Chemical and Biochemical Engineering #00090901,professor,professor,auto,,
,lecturer - interdisciplinary learning and teaching,1,Lecturer – Interdisciplinary Learning and Teaching,professor,professor,auto,,
,lecturer assistant professor of instruction,1,Lecturer/Assistant Professor of Instruction,professor,professor,auto,,
,lecturer assistant professor of instruction in psychology,1,Lecturer/Assistant Professor of Instruction in Psychology,professor,professor,auto,,
,lecturer in journalism and communication - school of the arts & media,1,Lecturer in Journalism and Communication - School of the Arts & Media,professor,professor,auto,,
,lecturer of computing sciences,1,Lecturer of Computing Sciences,professor,professor,auto,,
,lecturer school counseling,1,Lecturer School Counseling,professor,professor,auto,,
,lecturer-cu succeed silver,1,Lecturer-CU Succeed (Silver),professor,professor,auto,,
,online adjunct faculty- gen ed humanities,1,Online Adjunct Faculty- Gen Ed Humanities,professor,professor,auto,,
,open rank - instructor - professor,1,Open Rank - Instructor - Professor,professor,professor,auto,,
,open rank lecturer communication,1,"Open Rank Lecturer, Communication",professor,professor,auto,,
,part-time lecturer communication pool ad,1,Part-Time Lecturer Communication (Pool Ad),professor,professor,auto,,
,professor new product development miba,1,Professor: New Product Development (MIBA),professor,professor,auto,,
,pulmonologist critical care - assistant associate full professor,1,Pulmonologist Critical Care - Assistant/Associate/Full Professor,professor,professor,auto,,
,richard n. claytor distinguished professor - optics photonics,1,Richard N. Claytor Distinguished Professor - Optics/Photonics,professor,professor,auto,,
,sociology professor - content writer remote or onsite - 70k+ salary,1,Sociology Professor - Content Writer (Remote or Onsite) - 70K+ Salary,professor,professor,auto,,
,teaching assistant professor,1,Teaching Assistant Professor,professor,professor,auto,,
,teaching assistant professor of communication studies and director of debate,1,Teaching Assistant Professor of Communication Studies and Director of Debate,professor,professor,auto,,
,teaching faculty,1,Teaching Faculty,professor,professor,auto,,
,visiting assistant professor,1,Visiting Assistant Professor,professor,professor,auto,,
,visiting assistant professor of instruction,1,Visiting Assistant Professor of Instruction,professor,professor,auto,,
,visiting assistant professor of psychology,1,Visiting Assistant Professor of Psychology,professor,professor,auto,,
,licensed psychologist,13,Licensed Psychologist,psychologist,psychologist,auto,,
,psychologist,10,Psychologist,psychologist,psychologist,auto,,
,school psychologist,6,School Psychologist,psychologist,psychologist,auto,,
,clinical psychologist,4,Clinical Psychologist,psychologist,psychologist,auto,,
,staff psychologist,4,Staff Psychologist,psychologist,psychologist,auto,,
,licensed clinical psychologist,3,Licensed Clinical Psychologist,psychologist,psychologist,auto,,
,psychologist 1 2 ny helps,2,Psychologist 1/2 (NY HELPS),psychologist,psychologist,auto,,
,remote licensed clinical psychologist,2,Remote Licensed Clinical Psychologist,psychologist,psychologist,auto,,
,associate psychologist manhattan psychiatric center p24754,1,"Associate Psychologist, Manhattan Psychiatric Center, P24754",psychologist,psychologist,auto,,
,associate psychologist ny helps,1,Associate Psychologist (NY HELPS),psychologist,psychologist,auto,,
,child and adolescent psychologist,1,Child and Adolescent Psychologist,psychologist,psychologist,auto,,
,clinic director - therapist or psychologist,1,Clinic Director - Therapist or Psychologist,psychologist,psychologist,auto,,
,clinical psychologist - duluth mn,1,"Clinical Psychologist - Duluth, MN",psychologist,psychologist,auto,,
,clinical psychologist - government,1,Clinical Psychologist - Government,psychologist,psychologist,auto,,
,clinical psychologist - hauppauge ny,1,Clinical Psychologist - Hauppauge NY,psychologist,psychologist,auto,,
,clinical psychologist - jacksonville nc,1,Clinical Psychologist - Jacksonville NC,psychologist,psychologist,auto,,
,clinical psychologist - lincoln ne,1,"Clinical Psychologist - Lincoln, NE",psychologist,psychologist,auto,,
,clinical psychologist - omaha ne,1,"Clinical Psychologist - Omaha, NE",psychologist,psychologist,auto,,
,clinical psychologist - yuma az,1,Clinical Psychologist - Yuma AZ,psychologist,psychologist,auto,,
,clinical psychologist drug abuse program coordinator,1,Clinical Psychologist (Drug Abuse Program Coordinator),psychologist,psychologist,auto,,
,clinical psychologist restrictive housing psychologist,1,Clinical Psychologist (Restrictive Housing Psychologist),psychologist,psychologist,auto,,
,clinical psychologist v vi - kauai district,1,"Clinical Psychologist V, VI - Kauai District",psychologist,psychologist,auto,,
,clinical psychologist- savannah ga,1,Clinical Psychologist- Savannah GA,psychologist,psychologist,auto,,
,clinical psychologist-alamogordo nm,1,Clinical Psychologist-Alamogordo NM,psychologist,psychologist,auto,,
,clinical psychologist-fairbanks ak,1,Clinical Psychologist-Fairbanks AK,psychologist,psychologist,auto,,
,clinical psychologist-tacoma wa,1,Clinical Psychologist-Tacoma WA,psychologist,psychologist,auto,,
,contract - school psychologist k - 12 2024-2025 school year lake havasu az,1,"Contract - School Psychologist (K - 12) 2024-2025 school year, Lake Havasu, AZ",psychologist,psychologist,auto,,
,contract licensed clinical or counseling psychologist,1,Contract Licensed Clinical or Counseling Psychologist,psychologist,psychologist,auto,,
,licensed child therapist or psychologist,1,Licensed Child Therapist or Psychologist,psychologist,psychologist,auto,,
,licensed clinical psychologist - new york remote,1,Licensed Clinical Psychologist - New York/Remote,psychologist,psychologist,auto,,
,licensed psychologist - autism services,1,Licensed Psychologist - Autism Services,psychologist,psychologist,auto,,
,licensed psychologist central new york psychiatric center hudson satellite unit p24744,1,"Licensed Psychologist, Central New York Psychiatric Center, Hudson Satellite Unit, P24744",psychologist,psychologist,auto,,
,licensed psychologist central new york psychiatric center smi-v hudson river field house p24741,1,"Licensed Psychologist, Central New York Psychiatric Center, SMI-V, Hudson River Field House, P24741",psychologist,psychologist,auto,,
,licensed psychologist kingsboro psychiatric center canarsie clinic p24373,1,"Licensed Psychologist, Kingsboro Psychiatric Center, Canarsie Clinic, P24373",psychologist,psychologist,auto,,
,licensed psychologist manager corrections - sci laurel highlands,1,"Licensed Psychologist Manager, Corrections - SCI Laurel Highlands",psychologist,psychologist,auto,,
,licensed psychologist ny helps,1,Licensed Psychologist (NY HELPS),psychologist,psychologist,auto,,
,licensed psychologist testing,1,Licensed Psychologist (Testing),psychologist,psychologist,auto,,
,licensed psychologist- employee health services ny helps,1,Licensed Psychologist- Employee Health Services (NY HELPS),psychologist,psychologist,auto,,
,lpcc apcc lmft amft lcsw asw licensed psychologist infant and early childhood mental health therapist,1,"LPCC, APCC, LMFT, AMFT, LCSW, ASW Licensed Psychologist Infant and Early Childhood Mental Health Therapist",psychologist,psychologist,auto,,
,pain management health psychologist - corona,1,Pain Management Health Psychologist - Corona,psychologist,psychologist,auto,,
,pain management psychologist - prn,1,Pain Management Psychologist - PRN,psychologist,psychologist,auto,,
,psychologist - contracted virtual,1,Psychologist - Contracted (Virtual),psychologist,psychologist,auto,,
,psychologist - day treatment and youth residential,1,Psychologist - Day Treatment and Youth Residential,psychologist,psychologist,auto,,
,psychologist 2 - rome,1,Psychologist 2 - Rome,psychologist,psychologist,auto,,
,psychologist 2 central new york psychiatric center- mid-state satellite unit p24747,1,"Psychologist 2, Central New York Psychiatric Center- Mid-State Satellite Unit, P24747",psychologist,psychologist,auto,,
,psychologist contractor,1,Psychologist (Contractor),psychologist,psychologist,auto,,
,psychologist personal injury,1,Psychologist : Personal Injury,psychologist,psychologist,auto,,
,psychologist senior,1,Psychologist Senior,psychologist,psychologist,auto,,
,psychologist social worker lcsw lmhc lmft or lpc,1,"Psychologist, Social Worker (LCSW), LMHC, LMFT or LPC",psychologist,psychologist,auto,,
,psychologist youth focused,1,Psychologist Youth Focused,psychologist,psychologist,auto,,
,psychologist- social learning program fsh,1,Psychologist- Social Learning Program (FSH),psychologist,psychologist,auto,,
,psychologist-pediatrics feeding program,1,Psychologist-Pediatrics Feeding Program,psychologist,psychologist,auto,,
,research psychologist,1,Research Psychologist,psychologist,psychologist,auto,,
,research psychologist ii,1,Research Psychologist II,psychologist,psychologist,auto,,
,school psychologist - st,1,School Psychologist - ST,psychologist,psychologist,auto,,
,school psychologist 24 25 school year,1,School Psychologist 24/25 School Year,psychologist,psychologist,auto,,
,school psychologist opportunity for 24 25 school year,1,School Psychologist Opportunity For 24/25 School Year,psychologist,psychologist,auto,,
,staff psychologist i ii iii embedded with international affairs,1,"Staff Psychologist (I,II,III) Embedded with International Affairs",psychologist,psychologist,auto,,
,staff psychologist virtual,1,Staff Psychologist (Virtual),psychologist,psychologist,auto,,
,suicide prevention coordinator clinical psychologist,1,Suicide Prevention Coordinator (Clinical Psychologist),psychologist,psychologist,auto,,
,tennessee clinical psychologist,1,Tennessee Clinical Psychologist,psychologist,psychologist,auto,,
,senior software engineer,153,Senior Software Engineer,software_engineer,software_engineer,auto,,
,software engineer,144,Software Engineer,software_engineer,software_engineer,auto,,
,full stack engineer,55,Full Stack Engineer,software_engineer,software_engineer,auto,,
,embedded software engineer,29,Embedded Software Engineer,software_engineer,software_engineer,auto,,
,software developer,22,Software Developer,software_engineer,software_engineer,auto,,
,principal software engineer,21,Principal Software Engineer,software_engineer,software_engineer,auto,,
,frontend developer,20,Frontend Developer,software_engineer,software_engineer,auto,,
,staff software engineer,18,Staff Software Engineer,software_engineer,software_engineer,auto,,
,back end developer,17,Back End Developer,software_engineer,software_engineer,auto,,
,lead software engineer,17,Lead Software Engineer,software_engineer,software_engineer,auto,,
,full stack developer,15,Full Stack Developer,software_engineer,software_engineer,auto,,
,software engineer ii,15,Software Engineer II,software_engineer,software_engineer,auto,,
,java software engineer,13,Java Software Engineer,software_engineer,software_engineer,auto,,
,software development engineer,13,Software Development Engineer,software_engineer,software_engineer,auto,,
,senior java software engineer,11,Senior Java Software Engineer,software_engineer,software_engineer,auto,,
,java full stack developer,9,Java Full Stack Developer,software_engineer,software_engineer,auto,,
,software engineer intern,9,Software Engineer Intern,software_engineer,software_engineer,auto,,
,software engineer iii,8,Software Engineer III,software_engineer,software_engineer,auto,,
,sr. software engineer,8,Sr. Software Engineer,software_engineer,software_engineer,auto,,
,plc programmer,7,PLC Programmer,software_engineer,software_engineer,auto,,
,senior software developer,7,Senior Software Developer,software_engineer,software_engineer,auto,,
,java backend developer,6,Java Backend developer,software_engineer,software_engineer,auto,,
,software engineer senior,6,Software Engineer Senior,software_engineer,software_engineer,auto,,
,sr software engineer,6,Sr Software Engineer,software_engineer,software_engineer,auto,,
,cnc programmer,5,CNC Programmer,software_engineer,software_engineer,auto,,
,front end developer,5,Front End Developer,software_engineer,software_engineer,auto,,
,frontend engineer,5,Frontend Engineer,software_engineer,software_engineer,auto,,
,java fullstack developer,5,JAVA FULLSTACK DEVELOPER,software_engineer,software_engineer,auto,,
,senior embedded software engineer,5,Senior Embedded Software Engineer,software_engineer,software_engineer,auto,,
,senior software development engineer,5,Senior Software Development Engineer,software_engineer,software_engineer,auto,,
,software development engineer aws marketplace,5,"Software Development Engineer, AWS Marketplace",software_engineer,software_engineer,auto,,
,software engineer i,5,Software Engineer I,software_engineer,software_engineer,auto,,
,backend engineer,4,Backend Engineer,software_engineer,software_engineer,auto,,
,cloud software engineer,4,Cloud Software Engineer,software_engineer,software_engineer,auto,,
,computer numerical control programmer,4,Computer Numerical Control Programmer,software_engineer,software_engineer,auto,,
,coordinate measuring machine programmer,4,Coordinate Measuring Machine Programmer,software_engineer,software_engineer,auto,,
,fullstack developer,4,Fullstack Developer,software_engineer,software_engineer,auto,,
,junior software engineer,4,Junior Software Engineer,software_engineer,software_engineer,auto,,
,lead software developer,4,Lead Software Developer,software_engineer,software_engineer,auto,,
,lead software engineer full stack,4,"Lead Software Engineer, Full Stack",software_engineer,software_engineer,auto,,
,principal statistical programmer,4,Principal Statistical Programmer,software_engineer,software_engineer,auto,,
,python- data analytics -senior software engineer,4,Python- Data Analytics -Senior Software Engineer,software_engineer,software_engineer,auto,,
,senior frontend developer,4,Senior Frontend Developer,software_engineer,software_engineer,auto,,
,senior full stack developer,4,Senior Full Stack Developer,software_engineer,software_engineer,auto,,
,senior full stack engineer,4,Senior Full Stack Engineer,software_engineer,software_engineer,auto,,
,senior full stack software engineer,4,Senior Full Stack Software Engineer,software_engineer,software_engineer,auto,,
,senior software engineer backend,4,"Senior Software Engineer, BackEnd",software_engineer,software_engineer,auto,,
,senior staff software engineer,4,Senior Staff Software Engineer,software_engineer,software_engineer,auto,,
,.net full stack developer,3,.NET Full stack Developer,software_engineer,software_engineer,auto,,
,cobol programmer,3,Cobol Programmer,software_engineer,software_engineer,auto,,
,full stack software engineer,3,Full Stack Software Engineer,software_engineer,software_engineer,auto,,
,hp nonstop software engineer,3,HP Nonstop Software Engineer,software_engineer,software_engineer,auto,,
,mainframe system programmer,3,Mainframe System Programmer,software_engineer,software_engineer,auto,,
,oracle it programmer software engineer iii,3,Oracle IT Programmer/Software Engineer III,software_engineer,software_engineer,auto,,
,senior .net software engineer,3,Senior .Net Software Engineer,software_engineer,software_engineer,auto,,
,senior backend engineer,3,Senior Backend Engineer,software_engineer,software_engineer,auto,,
,senior frontend engineer,3,Senior Frontend Engineer,software_engineer,software_engineer,auto,,
,senior software engineer - backend,3,Senior Software Engineer - Backend,software_engineer,software_engineer,auto,,
,senior software engineer back end,3,"Senior Software Engineer, Back End",software_engineer,software_engineer,auto,,
,senior software engineer c# .net services,3,"Senior Software Engineer (C#/.NET), Services",software_engineer,software_engineer,auto,,
,senior software engineer machine learning,3,"Senior Software Engineer, Machine Learning",software_engineer,software_engineer,auto,,
,senior software engineer- mainframe sql etl,3,Senior Software Engineer-(Mainframe/ SQL/ ETL),software_engineer,software_engineer,auto,,
,software development engineer 2,3,Software Development Engineer 2,software_engineer,software_engineer,auto,,
,software development engineer 4,3,Software Development Engineer 4,software_engineer,software_engineer,auto,,
,software development engineer iii,3,Software Development Engineer III,software_engineer,software_engineer,auto,,
,software engineer full stack,3,"Software Engineer, Full Stack",software_engineer,software_engineer,auto,,
,sr. software developer,3,Sr. Software Developer,software_engineer,software_engineer,auto,,
,.net senior software engineer - credit card operations,2,.NET Senior Software Engineer - Credit Card Operations,software_engineer,software_engineer,auto,,
,associate software engineer,2,Associate Software Engineer,software_engineer,software_engineer,auto,,
,backend software engineer,2,Backend Software Engineer,software_engineer,software_engineer,auto,,
,cmm programmer,2,CMM Programmer,software_engineer,software_engineer,auto,,
,cnc machinist programmer,2,CNC Machinist/Programmer,software_engineer,software_engineer,auto,,
,credit bureau management technology lead software engineer,2,Credit Bureau Management Technology Lead Software Engineer,software_engineer,software_engineer,auto,,
,database software engineer,2,Database Software Engineer,software_engineer,software_engineer,auto,,
,flight software engineer,2,Flight Software Engineer,software_engineer,software_engineer,auto,,
,front-end developer,2,Front-End Developer,software_engineer,software_engineer,auto,,
,full-stack developer,2,Full-Stack Developer,software_engineer,software_engineer,auto,,
,full-stack engineer,2,Full-Stack Engineer,software_engineer,software_engineer,auto,,
,game programmer uefn - verse,2,Game Programmer (UEFN - Verse),software_engineer,software_engineer,auto,,
,gis analyst programmer,2,GIS Analyst Programmer,software_engineer,software_engineer,auto,,
,infrastructure software engineer,2,Infrastructure Software Engineer,software_engineer,software_engineer,auto,,
,it software developer lead,2,IT Software Developer Lead,software_engineer,software_engineer,auto,,
,java backend engineer,2,Java Backend Engineer,software_engineer,software_engineer,auto,,
,junior full stack developer,2,Junior Full Stack Developer,software_engineer,software_engineer,auto,,
,lead automation software engineer,2,Lead Automation Software Engineer,software_engineer,software_engineer,auto,,
,lead front end developer,2,Lead Front End Developer,software_engineer,software_engineer,auto,,
,lead java backend developer,2,Lead Java Backend Developer,software_engineer,software_engineer,auto,,
,lead software development engineer,2,Lead Software Development Engineer,software_engineer,software_engineer,auto,,
,lead software engineer - java microservices cloud,2,Lead Software Engineer - Java / Microservices / Cloud,software_engineer,software_engineer,auto,,
,magento fullstack developer php + react worldwide remote,2,Magento Fullstack Developer PHP + React (worldwide remote),software_engineer,software_engineer,auto,,
,mission software engineer - fury cca generalist,2,Mission Software Engineer - Fury / CCA (Generalist),software_engineer,software_engineer,auto,,
,oracle it programmer,2,Oracle IT Programmer,software_engineer,software_engineer,auto,,
,principal embedded software engineer,2,Principal Embedded Software Engineer,software_engineer,software_engineer,auto,,
,principal full stack engineer,2,Principal Full Stack Engineer,software_engineer,software_engineer,auto,,
,principal software engineer python,2,Principal Software Engineer (Python),software_engineer,software_engineer,auto,,
,programmer analyst,2,Programmer Analyst,software_engineer,software_engineer,auto,,
,python software engineer,2,Python Software Engineer,software_engineer,software_engineer,auto,,
,senior backend engineer treat team,2,"Senior Backend Engineer, Treat Team",software_engineer,software_engineer,auto,,
,senior bioinformatics programmer,2,Senior Bioinformatics Programmer,software_engineer,software_engineer,auto,,
,senior full stack software developer,2,Senior Full Stack Software Developer,software_engineer,software_engineer,auto,,
,senior lead software engineer,2,Senior Lead Software Engineer,software_engineer,software_engineer,auto,,
,senior lead software engineer full stack,2,"Senior Lead Software Engineer, Full Stack",software_engineer,software_engineer,auto,,
,senior software engineer - cloud platform,2,Senior Software Engineer - Cloud Platform,software_engineer,software_engineer,auto,,
,senior software engineer back end golang,2,"Senior Software Engineer, Back End (GoLang)",software_engineer,software_engineer,auto,,
,senior software engineer data streaming,2,"Senior Software Engineer, Data Streaming",software_engineer,software_engineer,auto,,
,senior software engineer front end,2,Senior Software Engineer (Front End),software_engineer,software_engineer,auto,,
,senior software engineer payments,2,"Senior Software Engineer, Payments",software_engineer,software_engineer,auto,,
,senior sre sde,2,Senior SRE/SDE,software_engineer,software_engineer,auto,,
,senior staff software engineer - simulation scenario full stack,2,Senior/Staff Software Engineer - Simulation Scenario Full Stack,software_engineer,software_engineer,auto,,
,software development engineer ii,2,Software Development Engineer II,software_engineer,software_engineer,auto,,
,software engineer - senior,2,Software Engineer - Senior,software_engineer,software_engineer,auto,,
,software engineer 3,2,Software Engineer 3,software_engineer,software_engineer,auto,,
,software engineer data streaming,2,"Software Engineer, Data Streaming",software_engineer,software_engineer,auto,,
,software engineer hybrid,2,Software Engineer (Hybrid),software_engineer,software_engineer,auto,,
,software engineer lead,2,"Software Engineer, Lead",software_engineer,software_engineer,auto,,
,sr embedded software engineer,2,Sr Embedded Software Engineer,software_engineer,software_engineer,auto,,
,sr. full stack engineer,2,Sr. Full Stack Engineer,software_engineer,software_engineer,auto,,
,sr. full stack engineer sitecore - kohler ventures,2,Sr. Full Stack Engineer Sitecore - Kohler Ventures,software_engineer,software_engineer,auto,,
,sr. software engineer - full stack,2,Sr. Software Engineer - (Full Stack),software_engineer,software_engineer,auto,,
,staff software engineer - cloud platform,2,Staff Software Engineer - Cloud Platform,software_engineer,software_engineer,auto,,
,staff software engineer backend software delivery,2,"Staff Software Engineer, Backend (Software Delivery)",software_engineer,software_engineer,auto,,
,statistical programmer,2,Statistical Programmer,software_engineer,software_engineer,auto,,
,z os programmer,2,z/os Programmer,software_engineer,software_engineer,auto,,
,. net full stack engineer - w2,1,. Net Full Stack Engineer - W2,software_engineer,software_engineer,auto,,
,.net full stack developer oracle pl sql,1,.NET Full Stack Developer (Oracle PL/SQL),software_engineer,software_engineer,auto,,
,.net full stack developer technical lead,1,.NET Full Stack Developer/Technical Lead,software_engineer,software_engineer,auto,,
,.net full-stack developer,1,.NET Full-Stack Developer,software_engineer,software_engineer,auto,,
,.net full-stack developer - blazor - mainframe - winforms w2 contract,1,.Net Full-stack Developer  - Blazor - Mainframe - WinForms W2 Contract,software_engineer,software_engineer,auto,,
,.net fullstack developer sre,1,.Net FullStack Developer/SRE,software_engineer,software_engineer,auto,,
,.netcore software developer,1,.NetCore Software Developer,software_engineer,software_engineer,auto,,
,2024 intern - software development engineer,1,2024 Intern - Software Development Engineer,software_engineer,software_engineer,auto,,
,2024 intern - software engineer,1,2024 Intern - Software Engineer,software_engineer,software_engineer,auto,,
,2024 launch program junior software engineer intern,1,2024 Launch Program: Junior Software Engineer Intern,software_engineer,software_engineer,auto,,
,2024 summer intern software development engineer i,1,2024 Summer Intern: Software Development Engineer I,software_engineer,software_engineer,auto,,
,5 axis mill programmer,1,5 Axis Mill Programmer,software_engineer,software_engineer,auto,,
,5g system architect sr principal software developer,1,5G System Architect Sr Principal Software Developer,software_engineer,software_engineer,auto,,
,adabas natural construct programmer,1,Adabas Natural Construct Programmer,software_engineer,software_engineer,auto,,
,adabas systems programmer,1,Adabas Systems Programmer,software_engineer,software_engineer,auto,,
,adas software development engineer - embedded safety,1,ADAS Software Development Engineer - Embedded Safety,software_engineer,software_engineer,auto,,
,advanced software engineer,1,Advanced Software Engineer,software_engineer,software_engineer,auto,,
,aem full stack developer,1,AEM Full Stack Developer,software_engineer,software_engineer,auto,,
,aem full stack engineer only w2,1,AEM Full Stack Engineer(Only w2),software_engineer,software_engineer,auto,,
,aem react.js front-end developer,1,AEM React.js Front-End Developer,software_engineer,software_engineer,auto,,
,agile software engineer java scala jersey city,1,Agile Software Engineer (Java/Scala) (Jersey City),software_engineer,software_engineer,auto,,
,ai ml software engineer - artificial integence machine learning,1,AI ML Software Engineer - Artificial Integence / Machine Learning,software_engineer,software_engineer,auto,,
,ai software engineer,1,AI Software Engineer,software_engineer,software_engineer,auto,,
,android kotlin lead software engineer,1,Android Kotlin Lead Software Engineer,software_engineer,software_engineer,auto,,
,android software engineer,1,Android Software Engineer,software_engineer,software_engineer,auto,,
,android software engineer core and monetization,1,"Android Software Engineer, Core and Monetization",software_engineer,software_engineer,auto,,
,angular front end developer contract-to-hire,1,Angular Front End Developer (Contract-to-Hire),software_engineer,software_engineer,auto,,
,angular software engineer,1,Angular Software Engineer,software_engineer,software_engineer,auto,,
,animation programmer sequencer,1,"Animation Programmer, Sequencer",software_engineer,software_engineer,auto,,
,applications development senior programmer analyst,1,Applications Development Senior Programmer Analyst,software_engineer,software_engineer,auto,,
,applications programmer i,1,Applications Programmer I,software_engineer,software_engineer,auto,,
,asp.net software engineer,1,ASP.Net Software Engineer,software_engineer,software_engineer,auto,,
,associate java j2ee backend developer,1,"Associate, Java/J2EE Backend Developer",software_engineer,software_engineer,auto,,
,associate software developer java scala,1,Associate Software Developer (Java/Scala),software_engineer,software_engineer,auto,,
,associate software engineer software engineer-aits,1,Associate Software Engineer/Software Engineer-AITS,software_engineer,software_engineer,auto,,
,audio visual programmer,1,Audio Visual Programmer,software_engineer,software_engineer,auto,,
,autosar cybersecurity software engineer,1,Autosar Cybersecurity Software Engineer,software_engineer,software_engineer,auto,,
,aws - mysql - crm programmer developer,1,AWS - MySQL - CRM Programmer/Developer,software_engineer,software_engineer,auto,,
,aws java full stack developer,1,AWS Java Full Stack Developer,software_engineer,software_engineer,auto,,
,aws rds database software engineer ii,1,AWS RDS Database Software Engineer II,software_engineer,software_engineer,auto,,
,back end developer c# defi,1,Back End Developer / C# / DeFi,software_engineer,software_engineer,auto,,
,back end developer fte,1,Back End Developer (FTE),software_engineer,software_engineer,auto,,
,back end engineer w2,1,Back End Engineer ( W2),software_engineer,software_engineer,auto,,
,back-end developer junior,1,Back-End Developer (Junior),software_engineer,software_engineer,auto,,
,back-end engineer,1,Back-End Engineer,software_engineer,software_engineer,auto,,
,back-end software engineer - gcp,1,Back-End Software Engineer - GCP,software_engineer,software_engineer,auto,,
,back-end software engineer hybrid,1,Back-End Software Engineer (Hybrid),software_engineer,software_engineer,auto,,
,backend engineer distributed services - mesh platform,1,"Backend Engineer, Distributed Services - Mesh Platform",software_engineer,software_engineer,auto,,
,backend engineer fully remote u.s. only,1,"Backend Engineer (Fully Remote, U.S. Only)",software_engineer,software_engineer,auto,,
,backend engineer solidity,1,Backend Engineer (Solidity),software_engineer,software_engineer,auto,,
,backend engineer subscriptions & payments,1,"Backend Engineer, Subscriptions & Payments",software_engineer,software_engineer,auto,,
,backend engineer- direct client- only w2-go python or java python- with handling large scale of data- spark,1,Backend Engineer- Direct Client- Only W2-GO/Python or Java/Python- With handling Large scale of Data- Spark,software_engineer,software_engineer,auto,,
,backend java senior software engineer developer,1,Backend Java Senior Software Engineer Developer,software_engineer,software_engineer,auto,,
,backend software engineer - infrastructure,1,Backend Software Engineer - Infrastructure,software_engineer,software_engineer,auto,,
,bilingual software developer,1,Bilingual Software Developer,software_engineer,software_engineer,auto,,
,c linux software engineer,1,C Linux Software Engineer,software_engineer,software_engineer,auto,,
,c++ algo software engineer - chicago new york- leading quant-driven market-maker,1,C++ Algo Software Engineer - Chicago/New York- Leading Quant-Driven Market-Maker,software_engineer,software_engineer,auto,,
,c++ backend developer ii,1,C++ Backend Developer II,software_engineer,software_engineer,auto,,
,c++ software developer,1,C++ Software Developer,software_engineer,software_engineer,auto,,
,c++ software engineer quant trading,1,C++ Software Engineer (Quant Trading),software_engineer,software_engineer,auto,,
,cad cam programmer,1,CAD/CAM Programmer,software_engineer,software_engineer,auto,,
,cas programmer,1,CAS Programmer,software_engineer,software_engineer,auto,,
,clinical statistical sas programmer,1,Clinical Statistical (SAS) Programmer,software_engineer,software_engineer,auto,,
,cloud analytics - software development engineer,1,Cloud Analytics - Software Development Engineer,software_engineer,software_engineer,auto,,
,cloud application software engineer,1,Cloud Application Software Engineer,software_engineer,software_engineer,auto,,
,cloud software developer,1,Cloud Software Developer,software_engineer,software_engineer,auto,,
,cmm programmer inspector operator,1,CMM Programmer / Inspector / Operator,software_engineer,software_engineer,auto,,
,cnc cam programmer 246501,1,CNC/CAM Programmer (246501),software_engineer,software_engineer,auto,,
,cnc machine programmer mastercam fusion 360,1,CNC Machine Programmer  Mastercam Fusion 360,software_engineer,software_engineer,auto,,
,cnc machinist and programmer,1,CNC Machinist and Programmer,software_engineer,software_engineer,auto,,
,cnc operator ii programmer,1,CNC OPERATOR II/Programmer,software_engineer,software_engineer,auto,,
,cnc programmer & operator,1,CNC Programmer & Operator,software_engineer,software_engineer,auto,,
,cnc programmer machinist,1,CNC Programmer/Machinist,software_engineer,software_engineer,auto,,
,cnc programmer weekend shift,1,CNC Programmer (Weekend Shift),software_engineer,software_engineer,auto,,
,co-founder senior full stack engineer - front end expert **equity based position,1,"Co-founder, Senior Full Stack Engineer - Front End Expert (**Equity Based Position)",software_engineer,software_engineer,auto,,
,colleague software programmer,1,Colleague Software Programmer,software_engineer,software_engineer,auto,,
,contract software engineer,1,Contract Software Engineer,software_engineer,software_engineer,auto,,
,contractor real-world evidence programmer,1,"Contractor, Real-World Evidence Programmer",software_engineer,software_engineer,auto,,
,copy of machinist programmer,1,Copy of Machinist/Programmer,software_engineer,software_engineer,auto,,
,cyber security software engineer,1,Cyber Security Software Engineer,software_engineer,software_engineer,auto,,
,cybersecurity software engineer,1,Cybersecurity Software Engineer,software_engineer,software_engineer,auto,,
,data analyst - programmer department of translational medicine and human genetics,1,Data Analyst - Programmer (Department of Translational Medicine and Human Genetics),software_engineer,software_engineer,auto,,
,data platform senior software engineer,1,Data Platform Senior Software Engineer,software_engineer,software_engineer,auto,,
,data platform software engineer,1,Data Platform Software Engineer,software_engineer,software_engineer,auto,,
,data programmer analyst,1,Data Programmer Analyst,software_engineer,software_engineer,auto,,
,data science software engineer,1,Data Science Software Engineer,software_engineer,software_engineer,auto,,
,dataplane software engineer sase,1,Dataplane Software Engineer (SASE),software_engineer,software_engineer,auto,,
,db2 z os system programmer,1,DB2 Z/OS System Programmer,software_engineer,software_engineer,auto,,
,devops senior software engineer,1,DevOps Senior Software Engineer,software_engineer,software_engineer,auto,,
,devops software engineer,1,DevOps Software Engineer,software_engineer,software_engineer,auto,,
,devops software engineer with security clearance,1,DevOps Software Engineer with Security Clearance,software_engineer,software_engineer,auto,,
,diamond point operator programmer #13975,1,Diamond Point Operator/Programmer #13975,software_engineer,software_engineer,auto,,
,digital software engineer senior analyst,1,Digital Software Engineer Senior Analyst,software_engineer,software_engineer,auto,,
,direct mail data programmer and processor,1,Direct Mail Data Programmer and Processor,software_engineer,software_engineer,auto,,
,display software engineer 16939,1,Display Software Engineer (16939),software_engineer,software_engineer,auto,,
,distinguished software engineer,1,Distinguished Software Engineer,software_engineer,software_engineer,auto,,
,distinguished software engineer cryptography and data protection remote,1,Distinguished Software Engineer Cryptography and Data Protection (REMOTE),software_engineer,software_engineer,auto,,
,drupal back end developer,1,Drupal Back End Developer,software_engineer,software_engineer,auto,,
,ecc designer programmer,1,ECC Designer/Programmer,software_engineer,software_engineer,auto,,
,ecommerce senior php laravel software engineer,1,Ecommerce Senior PHP (Laravel) Software Engineer,software_engineer,software_engineer,auto,,
,elastic path product fullstack developer,1,Elastic Path Product (Fullstack Developer),software_engineer,software_engineer,auto,,
,elite hedge fund software engineer,1,Elite Hedge Fund | Software Engineer,software_engineer,software_engineer,auto,,
,embedded linux software developer,1,Embedded Linux Software Developer,software_engineer,software_engineer,auto,,
,embedded real-time software engineer,1,Embedded Real-Time Software Engineer,software_engineer,software_engineer,auto,,
,embedded sensor ew real-time software engineer,1,Embedded Sensor/EW Real-Time Software Engineer,software_engineer,software_engineer,auto,,
,embedded sensor ew real-time software engineer - atas - open rank,1,Embedded Sensor/EW Real-Time Software Engineer - ATAS - Open Rank,software_engineer,software_engineer,auto,,
,embedded software engineer associate experienced or lead,1,"Embedded Software Engineer (Associate, Experienced Or Lead)",software_engineer,software_engineer,auto,,
,embedded software engineer flight systems infrastructure,1,"Embedded Software Engineer, Flight Systems Infrastructure",software_engineer,software_engineer,auto,,
,embedded software engineer middleware,1,Embedded Software Engineer (Middleware),software_engineer,software_engineer,auto,,
,embedded software engineer semiconductor domain,1,Embedded Software Engineer (Semiconductor Domain),software_engineer,software_engineer,auto,,
,entry level software engineer,1,Entry Level Software Engineer,software_engineer,software_engineer,auto,,
,erp programmer,1,ERP Programmer,software_engineer,software_engineer,auto,,
,etl data software engineer,1,ETL Data Software Engineer,software_engineer,software_engineer,auto,,
,event programmer part-timer,1,Event Programmer (Part-Timer),software_engineer,software_engineer,auto,,
,experienced security systems installer programmer,1,Experienced Security Systems Installer/Programmer,software_engineer,software_engineer,auto,,
,experienced software developer,1,Experienced Software Developer,software_engineer,software_engineer,auto,,
,experienced software engineer salesforce,1,Experienced Software Engineer (Salesforce),software_engineer,software_engineer,auto,,
,expert react frontend developer,1,Expert React Frontend Developer,software_engineer,software_engineer,auto,,
,fe fullstack software engineer,1,FE/Fullstack Software Engineer,software_engineer,software_engineer,auto,,
,financial model software engineer professional hybrid - 3 days in office,1,"Financial Model Software Engineer, Professional (Hybrid - 3 Days in Office)",software_engineer,software_engineer,auto,,
,flight software engineer iii displays & control - space systems development,1,"Flight Software Engineer III, Displays & Control - Space Systems Development",software_engineer,software_engineer,auto,,
,founding front-end engineer web,1,Founding Front-End Engineer (Web),software_engineer,software_engineer,auto,,
,freelance front end developer,1,Freelance Front End Developer,software_engineer,software_engineer,auto,,
,freelance principal software engineer 74452,1,Freelance Principal Software Engineer [74452],software_engineer,software_engineer,auto,,
,front end engineer ii aws accessibility,1,"Front End Engineer II, AWS Accessibility",software_engineer,software_engineer,auto,,
,front end engineer javascript,1,Front End Engineer (Javascript),software_engineer,software_engineer,auto,,
,front end software engineer,1,Front End Software Engineer,software_engineer,software_engineer,auto,,
,front end software engineer intern,1,Front End Software Engineer Intern,software_engineer,software_engineer,auto,,
,front-end developer - remote ohio,1,Front-End Developer - Remote Ohio,software_engineer,software_engineer,auto,,
,front-end engineer,1,Front-End Engineer,software_engineer,software_engineer,auto,,
,front-end engineer - phoenix ny fl onsite,1,"Front-End Engineer - Phoenix, NY, FL (Onsite)",software_engineer,software_engineer,auto,,
,front-end engineer ii aws marketplace product types,1,"Front-End Engineer II, AWS Marketplace, Product Types",software_engineer,software_engineer,auto,,
,front-end software development engineer i,1,Front-End Software Development Engineer I,software_engineer,software_engineer,auto,,
,frontend developer !! only on w2,1,Frontend Developer !! only on W2,software_engineer,software_engineer,auto,,
,frontend developer javascript angular,1,Frontend Developer Javascript/Angular,software_engineer,software_engineer,auto,,
,frontend developer react,1,Frontend Developer React,software_engineer,software_engineer,auto,,
,frontend developer react& python,1,Frontend Developer (React& Python),software_engineer,software_engineer,auto,,
,frontend engineer extensibility,1,"Frontend Engineer, Extensibility",software_engineer,software_engineer,auto,,
,frontend software engineer contract hybrid - 4315,1,Frontend Software Engineer (Contract) (Hybrid) – 4315,software_engineer,software_engineer,auto,,
,frontend software engineer ii,1,Frontend Software Engineer II,software_engineer,software_engineer,auto,,
,full stack developer - angular,1,Full Stack Developer - Angular,software_engineer,software_engineer,auto,,
,full stack developer angular .net core,1,Full Stack Developer (Angular/.NET Core),software_engineer,software_engineer,auto,,
,full stack developer data engineer,1,Full Stack Developer/Data Engineer,software_engineer,software_engineer,auto,,
,full stack developer java react,1,Full Stack Developer (Java/React),software_engineer,software_engineer,auto,,
,full stack developer mid,1,Full Stack Developer(Mid),software_engineer,software_engineer,auto,,
,full stack developer sql nosql bigquery,1,Full stack developer (SQL/NoSQL/Bigquery),software_engineer,software_engineer,auto,,
,full stack developer sr. nodejs,1,Full Stack Developer (Sr. NodeJS),software_engineer,software_engineer,auto,,
,full stack engineer - angular - java - api dev,1,Full Stack Engineer - Angular - Java - API Dev,software_engineer,software_engineer,auto,,
,full stack engineer - bigbox,1,Full Stack Engineer - BigBox,software_engineer,software_engineer,auto,,
,full stack engineer - technical lead,1,Full Stack Engineer – Technical Lead,software_engineer,software_engineer,auto,,
,full stack engineer .net,1,Full Stack Engineer (.NET),software_engineer,software_engineer,auto,,
,full stack engineer i,1,Full Stack Engineer I,software_engineer,software_engineer,auto,,
,full stack engineer kafka,1,Full Stack Engineer (Kafka),software_engineer,software_engineer,auto,,
,full stack engineer on-site,1,Full Stack Engineer (On-Site),software_engineer,software_engineer,auto,,
,full stack engineer product,1,Full Stack Engineer (Product),software_engineer,software_engineer,auto,,
,full stack engineer python & react - remote us latam europe,1,"Full Stack Engineer (Python & React) - Remote US, LATAM, Europe",software_engineer,software_engineer,auto,,
,full stack engineer react node aws,1,"Full Stack Engineer (React, Node, AWS)",software_engineer,software_engineer,auto,,
,full stack engineer registry,1,"Full Stack Engineer, Registry",software_engineer,software_engineer,auto,,
,full stack engineer san fransisco,1,Full Stack Engineer (San Fransisco),software_engineer,software_engineer,auto,,
,full stack engineer with c# oracle and reactjs,1,"Full Stack Engineer with C#, Oracle, and ReactJS",software_engineer,software_engineer,auto,,
,full stack senior software engineer - close,1,Full Stack Senior Software Engineer - Close,software_engineer,software_engineer,auto,,
,full stack software developer,1,Full Stack Software Developer,software_engineer,software_engineer,auto,,
,full stack software developer - property and casualty,1,Full Stack Software Developer - Property and Casualty,software_engineer,software_engineer,auto,,
,full stack software development engineer 2,1,Full Stack Software Development Engineer 2,software_engineer,software_engineer,auto,,
,full stack software engineer - api platform,1,Full Stack Software Engineer - API Platform,software_engineer,software_engineer,auto,,
,full stack software engineer bankrate.com,1,Full Stack Software Engineer | Bankrate.com,software_engineer,software_engineer,auto,,
,full stack software engineer intern developer infrastructure- offcycle,1,"Full Stack Software Engineer Intern, Developer Infrastructure- Offcycle",software_engineer,software_engineer,auto,,
,full-stack engineer intern unpaid,1,Full-Stack Engineer Intern (Unpaid),software_engineer,software_engineer,auto,,
,full-stack software developer,1,Full-Stack Software Developer,software_engineer,software_engineer,auto,,
,fullstack developer - .net core angular,1,FullStack Developer –  .Net Core/Angular,software_engineer,software_engineer,auto,,
,fullstack developer local to minnesota - hybrid,1,Fullstack Developer (Local to Minnesota - Hybrid),software_engineer,software_engineer,auto,,
,fullstack software engineer - mid level,1,Fullstack Software Engineer - Mid Level,software_engineer,software_engineer,auto,,
,fulltime opportunity lead ui fullstack developer,1,Fulltime Opportunity : Lead UI Fullstack Developer,software_engineer,software_engineer,auto,,
,game programmer - match 3 celebrity mobile video game,1,Game Programmer - Match 3 Celebrity Mobile Video Game,software_engineer,software_engineer,auto,,
,gameplay programmer,1,Gameplay Programmer,software_engineer,software_engineer,auto,,
,general interest - frontend engineer,1,General Interest - Frontend Engineer,software_engineer,software_engineer,auto,,
,geospatial software engineer,1,Geospatial Software Engineer,software_engineer,software_engineer,auto,,
,gis analyst programmer dc local only - onsite role,1,GIS Analyst/Programmer (DC local only - Onsite role),software_engineer,software_engineer,auto,,
,graphics software engineer,1,Graphics Software Engineer,software_engineer,software_engineer,auto,,
,guidewire software engineer - mid level,1,Guidewire Software Engineer - Mid Level,software_engineer,software_engineer,auto,,
,guidewire software engineer senior,1,Guidewire Software Engineer Senior,software_engineer,software_engineer,auto,,
,hardcore dataplane software engineer. if you think like a packet this job is for you!,1,"Hardcore Dataplane Software Engineer. If you think like a packet, this job is for you!",software_engineer,software_engineer,auto,,
,hft trading firm senior software engineer,1,HFT Trading Firm | Senior Software Engineer,software_engineer,software_engineer,auto,,
,high frequency trading senior software engineer,1,High Frequency Trading | Senior Software Engineer,software_engineer,software_engineer,auto,,
,hoh social programmer i,1,HoH Social Programmer I,software_engineer,software_engineer,auto,,
,hvac automation application programmer,1,HVAC Automation Application Programmer,software_engineer,software_engineer,auto,,
,hvac controls software engineer,1,HVAC Controls Software Engineer,software_engineer,software_engineer,auto,,
,hvac programmer,1,HVAC Programmer,software_engineer,software_engineer,auto,,
,hybrid role quantitative programmer 6+ months nj fl or tx,1,"HYBRID ROLE : Quantitative Programmer  ( 6+ Months, NJ, FL or TX )",software_engineer,software_engineer,auto,,
,iam full stack engineer,1,IAM Full Stack Engineer,software_engineer,software_engineer,auto,,
,ibm tivoli software engineer,1,IBM Tivoli Software Engineer,software_engineer,software_engineer,auto,,
,informatics programmer analyst,1,Informatics Programmer Analyst,software_engineer,software_engineer,auto,,
,information technology programmer,1,Information Technology Programmer,software_engineer,software_engineer,auto,,
,infrastructure - software engineer css - seattle,1,"Infrastructure - Software Engineer, CSS - Seattle",software_engineer,software_engineer,auto,,
,infrastructure software engineer for 3+ month contract at global device company in cupertino ca,1,"Infrastructure Software Engineer for 3+ month contract at Global Device Company in Cupertino, CA",software_engineer,software_engineer,auto,,
,interactive nlp software engineer,1,Interactive NLP Software Engineer,software_engineer,software_engineer,auto,,
,intern - front end engineer,1,Intern – Front End Engineer,software_engineer,software_engineer,auto,,
,internship ml performance software engineer dojo fall 2024,1,"Internship, ML Performance Software Engineer, Dojo (Fall 2024)",software_engineer,software_engineer,auto,,
,ios software engineer,1,iOS Software Engineer,software_engineer,software_engineer,auto,,
,ios software engineer 4 - consumer engineering,1,iOS Software Engineer 4 - Consumer Engineering,software_engineer,software_engineer,auto,,
,ios software engineer intern creative tools - 2024 summer bs ms,1,iOS Software Engineer Intern (Creative Tools) - 2024 Summer (BS/MS),software_engineer,software_engineer,auto,,
,it procurement specialist entry level programmer,1,IT Procurement Specialist/Entry Level Programmer,software_engineer,software_engineer,auto,,
,it product engineering software developer,1,IT Product Engineering Software Developer,software_engineer,software_engineer,auto,,
,it programmer hybrid option,1,IT Programmer (Hybrid Option),software_engineer,software_engineer,auto,,
,java backend developer - - weehawken nj hybrid 3 days onsite - - only on w2,1,"Java Backend Developer - - Weehawken, NJ (hybrid 3 days onsite) - - Only on W2",software_engineer,software_engineer,auto,,
,java backend developer core java jee microservices spring boot hibernate rest api sql,1,"Java Backend Developer (Core Java, JEE, Microservices, Spring Boot, Hibernate, REST API, SQL)",software_engineer,software_engineer,auto,,
,java backend developer w2,1,Java Backend Developer (W2),software_engineer,software_engineer,auto,,
,java backend developer with graphql,1,Java Backend Developer (with GraphQL),software_engineer,software_engineer,auto,,
,java full stack developer - junior or mid,1,Java Full Stack Developer - Junior or Mid,software_engineer,software_engineer,auto,,
,java full stack developer - only w2,1,Java full stack Developer - Only W2,software_engineer,software_engineer,auto,,
,java full stack developer at onsite full time,1,Java Full stack developer at Onsite ( Full Time ),software_engineer,software_engineer,auto,,
,java full stack developer core java jee microservices spring boot hibernate rest api sql angular react,1,"Java Full Stack Developer (Core Java, JEE, Microservices, Spring Boot, Hibernate, REST API, SQL, Angular/React)",software_engineer,software_engineer,auto,,
,java full stack developer with angular,1,Java Full Stack Developer with Angular,software_engineer,software_engineer,auto,,
,java full stack developer with angular 14,1,Java Full Stack Developer with Angular 14,software_engineer,software_engineer,auto,,
,java full stack developer with react js,1,Java Full Stack Developer with React JS,software_engineer,software_engineer,auto,,
,java full stack developer.,1,Java Full Stack Developer.,software_engineer,software_engineer,auto,,
,java fullstack developer fully remote,1,Java FullStack Developer (Fully Remote),software_engineer,software_engineer,auto,,
,java fullstack developer with aws,1,JAVA FULLSTACK DEVELOPER WITH AWS,software_engineer,software_engineer,auto,,
,java fullstack developer-aws @ chicago il - 6 months with ext - hybrid role only local profiles,1,"JAVA Fullstack Developer-AWS @ Chicago, IL - 6 Months with EXT - Hybrid Role ONLY LOCAL PROFILES",software_engineer,software_engineer,auto,,
,java leads sr. java full stack developer,1,Java Leads /Sr. Java Full Stack Developer,software_engineer,software_engineer,auto,,
,java software engineer - mid level,1,Java Software Engineer - Mid Level,software_engineer,software_engineer,auto,,
,java software engineer only visa indepedent,1,Java Software Engineer ( Only Visa Indepedent),software_engineer,software_engineer,auto,,
,javafx software engineer,1,JavaFX Software Engineer,software_engineer,software_engineer,auto,,
,jr back end developer - dallas or phoenix,1,Jr Back End Developer - Dallas or Phoenix,software_engineer,software_engineer,auto,,
,jr full stack developer,1,Jr Full Stack Developer,software_engineer,software_engineer,auto,,
,jr. gis analyst programmer,1,Jr. GIS Analyst/Programmer,software_engineer,software_engineer,auto,,
,junior ai ml software engineer,1,Junior AI/ML Software Engineer,software_engineer,software_engineer,auto,,
,junior data scientist software programmer,1,Junior data scientist/software programmer,software_engineer,software_engineer,auto,,
,junior front end developer - government experience required,1,Junior Front End Developer - Government Experience Required,software_engineer,software_engineer,auto,,
,junior full-stack software engineer,1,Junior Full-Stack Software Engineer,software_engineer,software_engineer,auto,,
,junior fullstack software engineer,1,Junior Fullstack Software Engineer,software_engineer,software_engineer,auto,,
,junior software engineer - cohort,1,Junior Software Engineer - Cohort,software_engineer,software_engineer,auto,,
,junior software engineer ai,1,"Junior Software Engineer, AI",software_engineer,software_engineer,auto,,
,junior specialist full-time research software engineer,1,Junior Specialist: Full-Time Research Software Engineer,software_engineer,software_engineer,auto,,
,kotlin backend engineer java,1,Kotlin Backend Engineer (Java),software_engineer,software_engineer,auto,,
,labview software engineer,1,LabVIEW Software Engineer,software_engineer,software_engineer,auto,,
,lead .net full stack engineer onsite,1,Lead .NET full stack engineer (Onsite),software_engineer,software_engineer,auto,,
,lead cloud software engineer,1,Lead Cloud Software Engineer,software_engineer,software_engineer,auto,,
,lead embedded software engineer c++ qt,1,Lead Embedded Software Engineer (C++/Qt),software_engineer,software_engineer,auto,,
,lead frontend developer,1,Lead Frontend Developer,software_engineer,software_engineer,auto,,
,lead full stack developer,1,lead full stack developer,software_engineer,software_engineer,auto,,
,lead full stack software developer - security engineering,1,Lead Full Stack Software Developer – Security Engineering,software_engineer,software_engineer,auto,,
,lead fullstack developer,1,Lead/ FullStack Developer,software_engineer,software_engineer,auto,,
,lead game programmer,1,Lead Game Programmer,software_engineer,software_engineer,auto,,
,lead java backend developer with aws certified,1,Lead Java Backend Developer with AWS Certified,software_engineer,software_engineer,auto,,
,lead java full stack developer,1,Lead Java Full Stack Developer,software_engineer,software_engineer,auto,,
,lead java fullstack developer,1,Lead Java Fullstack Developer,software_engineer,software_engineer,auto,,
,lead java software engineer remote,1,"Lead Java Software Engineer, Remote",software_engineer,software_engineer,auto,,
,lead principal software engineer,1,Lead/Principal Software Engineer,software_engineer,software_engineer,auto,,
,lead programmer analyst,1,Lead Programmer Analyst,software_engineer,software_engineer,auto,,
,lead python backend engineer,1,Lead Python Backend Engineer,software_engineer,software_engineer,auto,,
,lead python software engineer,1,Lead Python Software Engineer,software_engineer,software_engineer,auto,,
,lead r&d software engineer software hardware integration,1,"Lead R&D Software Engineer, Software/Hardware Integration",software_engineer,software_engineer,auto,,
,lead software developer - remote,1,Lead Software Developer - REMOTE,software_engineer,software_engineer,auto,,
,lead software developer - secret clearance,1,Lead Software Developer - Secret Clearance,software_engineer,software_engineer,auto,,
,lead software development engineer developer platform team - golang remote,1,"Lead Software Development Engineer, Developer Platform Team - Golang (Remote)",software_engineer,software_engineer,auto,,
,lead software engineer - cloud full stack,1,Lead Software Engineer – Cloud/Full Stack,software_engineer,software_engineer,auto,,
,lead software engineer - finance hybrid,1,Lead Software Engineer - Finance (Hybrid),software_engineer,software_engineer,auto,,
,lead software engineer - ml infrastructure,1,Lead Software Engineer - ML Infrastructure,software_engineer,software_engineer,auto,,
,lead software engineer - pharmacy core platform,1,Lead Software Engineer – Pharmacy Core Platform,software_engineer,software_engineer,auto,,
,lead software engineer .net,1,Lead Software Engineer (.NET),software_engineer,software_engineer,auto,,
,lead software engineer 001651,1,Lead Software Engineer (001651),software_engineer,software_engineer,auto,,
,lead software engineer 3 openings,1,Lead Software Engineer (3 Openings),software_engineer,software_engineer,auto,,
,lead software engineer android,1,"Lead Software Engineer, Android",software_engineer,software_engineer,auto,,
,lead software engineer application administrator sis,1,"Lead Software Engineer, Application Administrator, SIS",software_engineer,software_engineer,auto,,
,lead software engineer application support,1,"Lead Software Engineer, Application Support",software_engineer,software_engineer,auto,,
,lead software engineer back end,1,"Lead Software Engineer, Back End",software_engineer,software_engineer,auto,,
,lead software engineer backend international solutions,1,"Lead Software Engineer, Backend, International Solutions",software_engineer,software_engineer,auto,,
,lead software engineer backend java go,1,"Lead Software Engineer, Backend (Java, Go)",software_engineer,software_engineer,auto,,
,lead software engineer front end,1,"Lead Software Engineer, Front End",software_engineer,software_engineer,auto,,
,lead software engineer frontend,1,"Lead Software Engineer, Frontend",software_engineer,software_engineer,auto,,
,lead software engineer full stack java go,1,"Lead Software Engineer, Full Stack (Java, Go)",software_engineer,software_engineer,auto,,
,lead software engineer i frontend cea - application monitoring thousandeyes,1,"Lead Software Engineer I(Frontend), CEA - Application Monitoring ThousandEyes",software_engineer,software_engineer,auto,,
,lead software engineer mobile sdk,1,Lead Software Engineer (Mobile SDK),software_engineer,software_engineer,auto,,
,lead software engineer mri-simmons,1,Lead Software Engineer (MRI-Simmons),software_engineer,software_engineer,auto,,
,lead software engineer tidal artist platform,1,"Lead Software Engineer, TIDAL Artist Platform",software_engineer,software_engineer,auto,,
,lead software engineer with security clearance,1,Lead Software Engineer with Security Clearance,software_engineer,software_engineer,auto,,
,lead software engineer- android,1,Lead Software Engineer- Android,software_engineer,software_engineer,auto,,
,lead specialty software engineer,1,Lead Specialty Software Engineer,software_engineer,software_engineer,auto,,
,lead sr. software engineer react + front end,1,"Lead / Sr. Software Engineer, React + Front End",software_engineer,software_engineer,auto,,
,lead tech i show control programmer,1,"Lead Tech I, Show Control Programmer",software_engineer,software_engineer,auto,,
,machine learning software engineer,1,Machine Learning Software Engineer,software_engineer,software_engineer,auto,,
,machinist programmer,1,Machinist/Programmer,software_engineer,software_engineer,auto,,
,mainframe cobol software engineer,1,Mainframe/COBOL Software Engineer,software_engineer,software_engineer,auto,,
,mainframe programmer,1,Mainframe Programmer,software_engineer,software_engineer,auto,,
,mainframe systems programmer,1,Mainframe Systems Programmer,software_engineer,software_engineer,auto,,
,mainframe systems programmer engineer,1,Mainframe Systems Programmer/Engineer,software_engineer,software_engineer,auto,,
,managing full stack engineer,1,Managing Full Stack Engineer,software_engineer,software_engineer,auto,,
,manufacturing programmer,1,Manufacturing Programmer,software_engineer,software_engineer,auto,,
,mastercam programmer machinist,1,Mastercam Programmer/Machinist,software_engineer,software_engineer,auto,,
,mazatrol programmer,1,Mazatrol Programmer,software_engineer,software_engineer,auto,,
,medical data analyst programmer,1,Medical Data Analyst / Programmer,software_engineer,software_engineer,auto,,
,medical device sr. principal software engineer - lcm,1,Medical Device Sr. Principal Software Engineer - LCM,software_engineer,software_engineer,auto,,
,microsoft full stack engineer,1,Microsoft Full Stack Engineer,software_engineer,software_engineer,auto,,
,mid level .net core backend developer - government experience,1,Mid Level .NET Core Backend Developer - Government Experience,software_engineer,software_engineer,auto,,
,mid-level full stack developer,1,Mid-Level Full Stack Developer,software_engineer,software_engineer,auto,,
,mid-level java full stack developer - hybrid,1,Mid-Level Java Full Stack Developer - Hybrid,software_engineer,software_engineer,auto,,
,mid-level plc hmi programmer,1,Mid-Level PLC/HMI Programmer,software_engineer,software_engineer,auto,,
,mid-level software developer,1,Mid-Level Software Developer,software_engineer,software_engineer,auto,,
,mid. software developer,1,Mid. Software Developer,software_engineer,software_engineer,auto,,
,mission operations software engineer,1,"Mission Operations, Software Engineer",software_engineer,software_engineer,auto,,
,mission software engineer - fury cca c++ rust,1,Mission Software Engineer - Fury / CCA (C++/Rust),software_engineer,software_engineer,auto,,
,mobile sdk swe multiple levels,1,Mobile SDK SWE (multiple levels),software_engineer,software_engineer,auto,,
,mobile software engineer,1,Mobile Software Engineer,software_engineer,software_engineer,auto,,
,mobile software engineer ios,1,Mobile Software Engineer (iOS),software_engineer,software_engineer,auto,,
,modeling and simulation software engineer associate or experienced,1,Modeling and Simulation Software Engineer (Associate or Experienced),software_engineer,software_engineer,auto,,
,motorsports junior software engineer,1,Motorsports Junior Software Engineer,software_engineer,software_engineer,auto,,
,ms power apps dynamics software engineer,1,MS Power Apps/Dynamics Software Engineer,software_engineer,software_engineer,auto,,
,mts 1 full stack engineer,1,"MTS 1, Full Stack Engineer",software_engineer,software_engineer,auto,,
,multi-strat hedge fund senior software engineer,1,Multi-Strat Hedge Fund | Senior Software Engineer,software_engineer,software_engineer,auto,,
,network software engineer,1,Network Software Engineer,software_engineer,software_engineer,auto,,
,new grad back-end software engineer,1,New Grad Back-End Software Engineer,software_engineer,software_engineer,auto,,
,ngts vttc software engineer developer jr. - 18702,1,NGTS VTTC Software Engineer Developer Jr. - 18702,software_engineer,software_engineer,auto,,
,ni software development engineer,1,NI Software Development Engineer,software_engineer,software_engineer,auto,,
,node.js backend developer,1,Node.JS Backend Developer,software_engineer,software_engineer,auto,,
,nodejs backend developer,1,NodeJS Backend Developer,software_engineer,software_engineer,auto,,
,northrop grumman dod skillbridge - cyber software engineer - cincinnati oh,1,Northrop Grumman (DoD SkillBridge) - Cyber Software Engineer - Cincinnati OH,software_engineer,software_engineer,auto,,
,numerical control programmer 3,1,Numerical Control Programmer 3,software_engineer,software_engineer,auto,,
,ofsaa programmer analyst,1,OFSAA Programmer/Analyst,software_engineer,software_engineer,auto,,
,onboard performance tool opt software engineer experienced senior lead,1,Onboard Performance Tool (OPT) Software Engineer (Experienced/Senior/Lead),software_engineer,software_engineer,auto,,
,only w2 .net back end or full stack developer,1,(only W2) .NET Back End or Full Stack Developer,software_engineer,software_engineer,auto,,
,pharmacy software engineer,1,Pharmacy Software Engineer,software_engineer,software_engineer,auto,,
,php full stack developer,1,PHP Full Stack Developer,software_engineer,software_engineer,auto,,
,plc & robotics programmer lumberton,1,PLC & Robotics Programmer (Lumberton),software_engineer,software_engineer,auto,,
,powerbi gis programmer analyst,1,PowerBI/GIS Programmer Analyst,software_engineer,software_engineer,auto,,
,principal backend developer node.js aws mobile development,1,Principal Backend Developer (Node.js/AWS/Mobile development),software_engineer,software_engineer,auto,,
,principal backend engineer,1,Principal Backend Engineer,software_engineer,software_engineer,auto,,
,principal controls software engineer,1,Principal Controls Software Engineer,software_engineer,software_engineer,auto,,
,principal full stack engineer- azure java angular springboot,1,Principal Full Stack Engineer- Azure (Java/ Angular/ SpringBoot),software_engineer,software_engineer,auto,,
,principal software developer,1,Principal Software Developer,software_engineer,software_engineer,auto,,
,principal software development engineer apptio,1,"Principal Software Development Engineer, Apptio",software_engineer,software_engineer,auto,,
,principal software engineer - .net azure hybrid $175k+,1,Principal Software Engineer - .NET/Azure (Hybrid)  $175K+,software_engineer,software_engineer,auto,,
,principal software engineer - actt datalinks onsite,1,Principal Software Engineer - ACTT Datalinks (Onsite),software_engineer,software_engineer,auto,,
,principal software engineer - backend - python xpanse,1,Principal Software Engineer - Backend - Python (Xpanse),software_engineer,software_engineer,auto,,
,principal software engineer - data,1,Principal Software Engineer - Data,software_engineer,software_engineer,auto,,
,principal software engineer - front end developer,1,Principal Software Engineer - Front End Developer,software_engineer,software_engineer,auto,,
,principal software engineer - provisioning & authorization,1,Principal Software Engineer - Provisioning & Authorization,software_engineer,software_engineer,auto,,
,principal software engineer ai security,1,Principal Software Engineer (AI Security),software_engineer,software_engineer,auto,,
,principal software engineer ai security cloud,1,Principal Software Engineer (AI Security Cloud),software_engineer,software_engineer,auto,,
,principal software engineer automation,1,"Principal Software Engineer, Automation",software_engineer,software_engineer,auto,,
,principal software engineer c++,1,Principal Software Engineer (C++),software_engineer,software_engineer,auto,,
,principal software engineer cash commerce,1,"Principal Software Engineer, Cash Commerce",software_engineer,software_engineer,auto,,
,principal software engineer cloud native nms,1,Principal Software Engineer (Cloud Native NMS),software_engineer,software_engineer,auto,,
,principal software engineer core mail backend,1,"Principal Software Engineer, Core Mail Backend",software_engineer,software_engineer,auto,,
,principal software engineer knowledge and ai,1,"Principal Software Engineer, Knowledge and AI",software_engineer,software_engineer,auto,,
,principal software engineer large platform,1,"Principal Software Engineer, Large Platform",software_engineer,software_engineer,auto,,
,principal software engineer network file system,1,Principal Software Engineer (Network File System),software_engineer,software_engineer,auto,,
,principal software engineer on-site,1,Principal Software Engineer (On-Site),software_engineer,software_engineer,auto,,
,principal software engineer product platform,1,"Principal Software Engineer, Product Platform",software_engineer,software_engineer,auto,,
,principal software engineer r2 storage,1,"Principal Software Engineer, R2 Storage",software_engineer,software_engineer,auto,,
,principal software engineer realyze intelligence,1,"Principal Software Engineer, Realyze Intelligence",software_engineer,software_engineer,auto,,
,principal software engineer software hardware controls,1,"Principal Software Engineer, Software Hardware Controls",software_engineer,software_engineer,auto,,
,principal software engineer springboot fintech,1,Principal Software Engineer (Springboot / Fintech),software_engineer,software_engineer,auto,,
,principal software engineer- homebase,1,Principal Software Engineer- Homebase,software_engineer,software_engineer,auto,,
,principal software engineer- java remote,1,Principal Software Engineer- Java (Remote),software_engineer,software_engineer,auto,,
,principal software front-end developer,1,Principal Software Front-End Developer,software_engineer,software_engineer,auto,,
,principal systems software engineer,1,Principal Systems Software Engineer,software_engineer,software_engineer,auto,,
,principle software engineer,1,Principle Software Engineer,software_engineer,software_engineer,auto,,
,professional software engineer,1,Professional Software Engineer,software_engineer,software_engineer,auto,,
,professional- big data software engineer,1,Professional- Big Data Software Engineer,software_engineer,software_engineer,auto,,
,professional-software engineer,1,Professional-Software Engineer,software_engineer,software_engineer,auto,,
,programmer,1,Programmer,software_engineer,software_engineer,auto,,
,programmer analyst .net core,1,Programmer Analyst .NET Core,software_engineer,software_engineer,auto,,
,programmer analyst 10319-2024284,1,Programmer Analyst (10319-2024284),software_engineer,software_engineer,auto,,
,programmer analyst 4 - dynamics 365 developer,1,Programmer Analyst 4 - Dynamics 365 Developer,software_engineer,software_engineer,auto,,
,programmer analyst data api modeler,1,Programmer Analyst: Data/API Modeler,software_engineer,software_engineer,auto,,
,programmer analyst front-end developer vue,1,Programmer Analyst: Front-End Developer (Vue),software_engineer,software_engineer,auto,,
,programmer analyst iv,1,Programmer Analyst IV,software_engineer,software_engineer,auto,,
,programmer analyst process engineering,1,"Programmer Analyst, Process Engineering",software_engineer,software_engineer,auto,,
,programmer software developer - remote hybrid in-office flexible,1,Programmer/Software Developer - (REMOTE/HYBRID/IN-OFFICE FLEXIBLE),software_engineer,software_engineer,auto,,
,python developer software engineer,1,Python Developer / Software Engineer,software_engineer,software_engineer,auto,,
,python full-stack developer,1,Python Full-Stack Developer,software_engineer,software_engineer,auto,,
,python react full stack developer,1,Python React Full Stack Developer,software_engineer,software_engineer,auto,,
,python software developer,1,Python Software Developer,software_engineer,software_engineer,auto,,
,qlik sense software engineer,1,Qlik Sense Software Engineer,software_engineer,software_engineer,auto,,
,qlik sense software engineer data,1,Qlik Sense Software Engineer (Data),software_engineer,software_engineer,auto,,
,quantitative programmer,1,Quantitative Programmer,software_engineer,software_engineer,auto,,
,quantitative programmer java -experience with statistical analysis tools,1,Quantitative Programmer (Java)-Experience with statistical analysis tools,software_engineer,software_engineer,auto,,
,quantitative software developer - investment models,1,Quantitative Software Developer -  Investment Models,software_engineer,software_engineer,auto,,
,r&d computer science software engineer satellite remote systems experienced - onsite,1,R&D Computer Science Software Engineer/Satellite Remote Systems (Experienced) - Onsite,software_engineer,software_engineer,auto,,
,r&d scientific programmer,1,R&D Scientific Programmer,software_engineer,software_engineer,auto,,
,r0018037 sr. software engineer,1,R0018037 Sr. Software Engineer,software_engineer,software_engineer,auto,,
,rate $50 hr onsite php full-stack developer - tallahassee fl,1,(Rate: $50/hr)(Onsite) PHP Full-Stack Developer - Tallahassee FL,software_engineer,software_engineer,auto,,
,react front end developer - remote,1,React Front End Developer - Remote,software_engineer,software_engineer,auto,,
,react java full stack developer,1,React/Java Full Stack Developer,software_engineer,software_engineer,auto,,
,react software engineer,1,React Software Engineer,software_engineer,software_engineer,auto,,
,remote - software engineer - oipa configurator,1,Remote - Software Engineer - OIPA Configurator,software_engineer,software_engineer,auto,,
,remote full stack engineer,1,Remote Full Stack Engineer,software_engineer,software_engineer,auto,,
,remote java software engineer,1,Remote Java Software Engineer,software_engineer,software_engineer,auto,,
,remote senior software engineer c# .net vue.js,1,"REMOTE / Senior Software Engineer / C#, .NET, Vue.JS",software_engineer,software_engineer,auto,,
,remote software engineer python,1,Remote Software Engineer (Python),software_engineer,software_engineer,auto,,
,remote sr software engineer - infrastructure systems & software,1,Remote Sr Software Engineer - Infrastructure Systems & Software,software_engineer,software_engineer,auto,,
,robotics software engineer - perception,1,Robotics Software Engineer - Perception,software_engineer,software_engineer,auto,,
,rpg programmer,1,RPG Programmer,software_engineer,software_engineer,auto,,
,rpg programmer analyst bpcs,1,RPG Programmer Analyst (BPCS),software_engineer,software_engineer,auto,,
,ruby on rails software engineer - remote usa,1,Ruby on Rails Software Engineer - REMOTE (USA),software_engineer,software_engineer,auto,,
,sage x3 software developer,1,Sage X3 Software Developer,software_engineer,software_engineer,auto,,
,salesforce developer with software engineer,1,Salesforce Developer with Software Engineer,software_engineer,software_engineer,auto,,
,salesforce software engineer,1,Salesforce Software Engineer,software_engineer,software_engineer,auto,,
,sap abap technical programmer -24-00450,1,SAP ABAP Technical Programmer -24-00450,software_engineer,software_engineer,auto,,
,sap ecommerce cloud frontend developer,1,SAP eCommerce Cloud Frontend Developer,software_engineer,software_engineer,auto,,
,sap ixp intern - software developer,1,SAP iXp Intern - Software Developer,software_engineer,software_engineer,auto,,
,sap software engineer ii,1,SAP Software Engineer II,software_engineer,software_engineer,auto,,
,sde intern - reston va 2024,1,"SDE Intern - Reston, VA 2024",software_engineer,software_engineer,auto,,
,security clearance full stack engineer react typescript,1,Security Clearance Full Stack Engineer / React TypeScript,software_engineer,software_engineer,auto,,
,senior .net full stack developer,1,Senior .Net Full Stack developer,software_engineer,software_engineer,auto,,
,senior ai programmer,1,Senior AI Programmer,software_engineer,software_engineer,auto,,
,senior ai programmer unreal engine,1,"Senior AI Programmer, Unreal Engine",software_engineer,software_engineer,auto,,
,senior application software engineer remote,1,Senior Application Software Engineer (Remote),software_engineer,software_engineer,auto,,
,senior associate full-stack engineer,1,"Senior Associate, Full-Stack Engineer",software_engineer,software_engineer,auto,,
,senior audio-visual systems programmer,1,Senior Audio-Visual Systems Programmer,software_engineer,software_engineer,auto,,
,senior back-end engineer,1,Senior Back-End Engineer,software_engineer,software_engineer,auto,,
,senior back-end software engineer contract hybrid - 4314,1,Senior Back-end Software Engineer (Contract) (Hybrid) – 4314,software_engineer,software_engineer,auto,,
,senior back-end software engineer machine learning emphasis,1,Senior Back-End Software Engineer (Machine Learning Emphasis),software_engineer,software_engineer,auto,,
,senior backend developer 16116,1,Senior Backend Developer (16116),software_engineer,software_engineer,auto,,
,senior backend developer remote,1,Senior Backend Developer Remote,software_engineer,software_engineer,auto,,
,senior backend engineer - node.js typescript postgresql,1,"Senior Backend Engineer - Node.js, TypeScript, PostgreSQL",software_engineer,software_engineer,auto,,
,senior backend engineer ruby on rails,1,Senior Backend Engineer (Ruby on Rails),software_engineer,software_engineer,auto,,
,senior backend engineer ts+ node.js,1,Senior Backend Engineer (TS+ Node.js),software_engineer,software_engineer,auto,,
,senior backend software developer,1,Senior Backend Software Developer,software_engineer,software_engineer,auto,,
,senior backend software engineer,1,Senior Backend Software Engineer,software_engineer,software_engineer,auto,,
,senior backend software engineer - global e-commerce supply chain billing & settlement,1,Senior Backend Software Engineer - Global E-Commerce Supply Chain Billing & Settlement,software_engineer,software_engineer,auto,,
,senior c++ software engineer medical devices - no visa - onsite,1,Senior C++ Software Engineer (Medical Devices) - No Visa - Onsite,software_engineer,software_engineer,auto,,
,senior cmm programmer,1,Senior CMM Programmer,software_engineer,software_engineer,auto,,
,senior control software engineer,1,Senior Control Software Engineer,software_engineer,software_engineer,auto,,
,senior director software engineer - advanced advertising,1,Senior Director Software Engineer - Advanced Advertising,software_engineer,software_engineer,auto,,
,senior embedded software engineer qt,1,Senior Embedded Software Engineer (QT),software_engineer,software_engineer,auto,,
,senior engine programmer hmi,1,"Senior Engine Programmer, HMI",software_engineer,software_engineer,auto,,
,senior financial software engineer - workday hybrid,1,Senior Financial Software Engineer - Workday (Hybrid),software_engineer,software_engineer,auto,,
,senior flight software engineer - space systems development,1,Senior Flight Software Engineer - Space Systems Development,software_engineer,software_engineer,auto,,
,senior front end developer,1,Senior Front End Developer,software_engineer,software_engineer,auto,,
,senior front end developer with vue js experience,1,Senior Front End Developer with Vue JS experience,software_engineer,software_engineer,auto,,
,senior front end engineer financial products and infrastructure,1,"Senior Front End Engineer, Financial Products and Infrastructure",software_engineer,software_engineer,auto,,
,senior front-end engineer,1,Senior Front-End Engineer,software_engineer,software_engineer,auto,,
,senior front-end engineer remote,1,Senior Front-End Engineer (remote),software_engineer,software_engineer,auto,,
,senior frontend developer - r01536866,1,Senior Frontend developer - R01536866,software_engineer,software_engineer,auto,,
,senior frontend developer react,1,Senior Frontend Developer(React),software_engineer,software_engineer,auto,,
,senior full stack developer - c# .net javascript react,1,"Senior Full Stack Developer - C#/.NET, Javascript, React",software_engineer,software_engineer,auto,,
,senior full stack developer - security engineering,1,Senior Full Stack Developer – Security Engineering,software_engineer,software_engineer,auto,,
,senior full stack developer blockchain,1,Senior Full Stack Developer (Blockchain),software_engineer,software_engineer,auto,,
,senior full stack developer java,1,Senior Full Stack Developer (Java),software_engineer,software_engineer,auto,,
,senior full stack developer njus,1,Senior Full Stack Developer (NJUS),software_engineer,software_engineer,auto,,
,senior full stack developer php laravel javascript,1,"Senior Full Stack Developer (PHP, Laravel JavaScript)",software_engineer,software_engineer,auto,,
,senior full stack developer rails,1,"Senior Full Stack Developer, Rails",software_engineer,software_engineer,auto,,
,senior full stack engineer - payments,1,Senior Full Stack Engineer - Payments,software_engineer,software_engineer,auto,,
,senior full stack engineer .net angular civil process,1,"Senior Full Stack Engineer (.NET/Angular), Civil Process",software_engineer,software_engineer,auto,,
,senior full stack engineer java aws angular wlk,1,"Senior Full Stack Engineer (Java, AWS, Angular) (WLK)",software_engineer,software_engineer,auto,,
,senior full stack engineer mmk,1,Senior Full Stack Engineer (MMK),software_engineer,software_engineer,auto,,
,senior full stack engineer nc,1,Senior Full Stack Engineer (NC),software_engineer,software_engineer,auto,,
,senior full stack engineer react and node.js,1,Senior Full Stack Engineer (React and Node.JS),software_engineer,software_engineer,auto,,
,senior full stack engineer us remote,1,Senior Full Stack Engineer (US Remote),software_engineer,software_engineer,auto,,
,senior full stack engineer- smithfield,1,Senior Full Stack Engineer- Smithfield,software_engineer,software_engineer,auto,,
,senior full stack software development engineer,1,Senior Full Stack Software Development Engineer,software_engineer,software_engineer,auto,,
,senior full stack software engineer php react - us,1,Senior Full Stack Software Engineer (PHP/React) - US,software_engineer,software_engineer,auto,,
,senior full-stack developer java+react,1,Senior Full-stack developer Java+React,software_engineer,software_engineer,auto,,
,senior full-stack developer us citizens only gigster network,1,"Senior Full-Stack Developer (US Citizens Only), Gigster Network",software_engineer,software_engineer,auto,,
,senior full-stack engineer credit inventory,1,"Senior Full-Stack Engineer, Credit Inventory",software_engineer,software_engineer,auto,,
,senior full-stack software engineer,1,Senior Full-Stack Software Engineer,software_engineer,software_engineer,auto,,
,senior full-stack software engineer ux platform,1,"Senior Full-Stack Software Engineer, UX Platform",software_engineer,software_engineer,auto,,
,senior fullstack developer,1,Senior FullStack Developer,software_engineer,software_engineer,auto,,
,senior fullstack engineer,1,Senior Fullstack Engineer,software_engineer,software_engineer,auto,,
,senior fullstack engineer remote,1,Senior Fullstack Engineer || Remote,software_engineer,software_engineer,auto,,
,senior gameplay systems programmer unreal engine,1,"Senior Gameplay Systems Programmer, Unreal Engine",software_engineer,software_engineer,auto,,
,senior gis programmer analyst,1,Senior GIS Programmer/Analyst,software_engineer,software_engineer,auto,,
,senior ground software engineer ii,1,Senior Ground Software Engineer II,software_engineer,software_engineer,auto,,
,senior high performance computing hpc software engineer,1,Senior High Performance Computing (HPC) Software Engineer,software_engineer,software_engineer,auto,,
,senior ios software engineer - growth,1,Senior iOS Software Engineer - Growth,software_engineer,software_engineer,auto,,
,senior it analyst programmer,1,SENIOR IT ANALYST/PROGRAMMER,software_engineer,software_engineer,auto,,
,senior java software engineer - w2 position global banking,1,Senior Java Software Engineer - W2 Position (Global Banking),software_engineer,software_engineer,auto,,
,senior java software engineer 10+ years fulltime,1,Senior Java Software Engineer (10+ years) (Fulltime),software_engineer,software_engineer,auto,,
,senior lead data software engineer,1,Senior/Lead Data Software Engineer,software_engineer,software_engineer,auto,,
,senior lead principal full-stack software engineer - backend,1,Senior/Lead/Principal Full-Stack Software Engineer - Backend,software_engineer,software_engineer,auto,,
,senior lead software engineer - full stack,1,Senior Lead Software Engineer - Full Stack,software_engineer,software_engineer,auto,,
,senior lead software engineer - mainframe,1,Senior Lead Software Engineer - Mainframe,software_engineer,software_engineer,auto,,
,senior lead software engineer front end,1,"Senior Lead Software Engineer, Front End",software_engineer,software_engineer,auto,,
,senior lead software engineer full stack remote -eligible,1,"Senior Lead Software Engineer, Full Stack (Remote -Eligible)",software_engineer,software_engineer,auto,,
,senior mainframe network systems programmer,1,Senior Mainframe Network Systems Programmer,software_engineer,software_engineer,auto,,
,senior mainframe programmer -on-site,1,Senior Mainframe programmer -On-site,software_engineer,software_engineer,auto,,
,senior mission software engineer - fury cca generalist,1,Senior Mission Software Engineer - Fury / CCA (Generalist),software_engineer,software_engineer,auto,,
,senior performance software engineer - avatar,1,Senior Performance Software Engineer - Avatar,software_engineer,software_engineer,auto,,
,senior principal software engineer,1,Senior Principal Software Engineer,software_engineer,software_engineer,auto,,
,senior principal software engineer - gameplay remote,1,Senior/Principal Software Engineer - Gameplay (Remote),software_engineer,software_engineer,auto,,
,senior product software engineer c# azure,1,Senior Product Software Engineer | C# | Azure,software_engineer,software_engineer,auto,,
,senior programmer,1,Senior Programmer,software_engineer,software_engineer,auto,,
,senior programmer analyst,1,Senior Programmer Analyst,software_engineer,software_engineer,auto,,
,senior programmer analyst insight analytics,1,"Senior Programmer Analyst, Insight Analytics",software_engineer,software_engineer,auto,,
,senior security software engineer,1,Senior Security Software Engineer,software_engineer,software_engineer,auto,,
,senior software developer .net,1,Senior Software Developer (.NET),software_engineer,software_engineer,auto,,
,senior software developer warren nj hq,1,"Senior Software Developer / Warren, NJ (HQ)",software_engineer,software_engineer,auto,,
,senior software developer zen engine,1,Senior Software Developer (Zen Engine),software_engineer,software_engineer,auto,,
,senior software development engineer amazon,1,"Senior Software Development Engineer, Amazon",software_engineer,software_engineer,auto,,
,senior software engineer #001483,1,Senior Software Engineer (#001483),software_engineer,software_engineer,auto,,
,senior software engineer - .net,1,Senior Software Engineer - .NET,software_engineer,software_engineer,auto,,
,senior software engineer - actt datalinks onsite,1,Senior Software Engineer - ACTT Datalinks (Onsite),software_engineer,software_engineer,auto,,
,senior software engineer - android,1,Senior Software Engineer - Android,software_engineer,software_engineer,auto,,
,senior software engineer - angular,1,Senior Software Engineer - Angular,software_engineer,software_engineer,auto,,
,senior software engineer - applications,1,Senior Software Engineer - Applications,software_engineer,software_engineer,auto,,
,senior software engineer - artificial intelligence group,1,Senior Software Engineer - Artificial Intelligence Group,software_engineer,software_engineer,auto,,
,senior software engineer - back end,1,Senior Software Engineer - Back End,software_engineer,software_engineer,auto,,
,senior software engineer - backend us-remote,1,Senior Software Engineer - Backend (US-Remote),software_engineer,software_engineer,auto,,
,senior software engineer - capacity engineering and analysis,1,Senior Software Engineer - Capacity Engineering and Analysis,software_engineer,software_engineer,auto,,
,senior software engineer - conversational ai chatbots,1,Senior Software Engineer - Conversational AI / Chatbots,software_engineer,software_engineer,auto,,
,senior software engineer - data analytics,1,Senior Software Engineer - Data Analytics,software_engineer,software_engineer,auto,,
,senior software engineer - data connect,1,Senior Software Engineer - Data Connect,software_engineer,software_engineer,auto,,
,senior software engineer - data platforms,1,Senior Software Engineer - Data Platforms,software_engineer,software_engineer,auto,,
,senior software engineer - data platforms us,1,Senior Software Engineer - Data Platforms (US),software_engineer,software_engineer,auto,,
,senior software engineer - developer experience,1,Senior Software Engineer — Developer Experience,software_engineer,software_engineer,auto,,
,senior software engineer - ecm filenet,1,Senior Software Engineer - ECM / FileNet,software_engineer,software_engineer,auto,,
,senior software engineer - ethereum and altcoins,1,Senior Software Engineer - Ethereum and Altcoins,software_engineer,software_engineer,auto,,
,senior software engineer - fraud tooling,1,Senior Software Engineer - Fraud Tooling,software_engineer,software_engineer,auto,,
,senior software engineer - full stack,1,Senior Software Engineer - Full Stack,software_engineer,software_engineer,auto,,
,senior software engineer - governance,1,Senior Software Engineer - Governance,software_engineer,software_engineer,auto,,
,senior software engineer - identity,1,Senior Software Engineer - Identity,software_engineer,software_engineer,auto,,
,senior software engineer - infrastructure,1,Senior Software Engineer - Infrastructure,software_engineer,software_engineer,auto,,
,senior software engineer - kiewit technology group,1,Senior Software Engineer - Kiewit Technology Group,software_engineer,software_engineer,auto,,
,senior software engineer - kubernetes 1927890,1,Senior Software Engineer - Kubernetes (1927890),software_engineer,software_engineer,auto,,
,senior software engineer - kubernetes platform engineering team,1,Senior Software Engineer - Kubernetes Platform Engineering team,software_engineer,software_engineer,auto,,
,senior software engineer - llm services,1,Senior Software Engineer - LLM services,software_engineer,software_engineer,auto,,
,senior software engineer - mft,1,Senior Software Engineer - MFT,software_engineer,software_engineer,auto,,
,senior software engineer - observability,1,Senior Software Engineer - Observability,software_engineer,software_engineer,auto,,
,senior software engineer - open source,1,Senior Software Engineer - Open Source,software_engineer,software_engineer,auto,,
,senior software engineer - oracle pl sql,1,Senior Software Engineer - Oracle PL/SQL,software_engineer,software_engineer,auto,,
,senior software engineer - php,1,Senior Software Engineer - PHP,software_engineer,software_engineer,auto,,
,senior software engineer - platform,1,Senior Software Engineer - Platform,software_engineer,software_engineer,auto,,
,senior software engineer - power apps,1,Senior Software Engineer - Power Apps,software_engineer,software_engineer,auto,,
,senior software engineer - remote,1,Senior Software Engineer - Remote,software_engineer,software_engineer,auto,,
,senior software engineer - spoton payments go react,1,Senior Software Engineer - SpotOn Payments (Go/React),software_engineer,software_engineer,auto,,
,senior software engineer - video,1,Senior Software Engineer - Video,software_engineer,software_engineer,auto,,
,senior software engineer - web,1,Senior Software Engineer - Web,software_engineer,software_engineer,auto,,
,senior software engineer - wordpress,1,Senior Software Engineer - Wordpress,software_engineer,software_engineer,auto,,
,senior software engineer .net,1,Senior Software Engineer (.net),software_engineer,software_engineer,auto,,
,senior software engineer .net - 100% remote - contract w2,1,Senior Software Engineer (.NET) - 100% Remote - Contract (W2),software_engineer,software_engineer,auto,,
,senior software engineer .net full stack,1,Senior Software Engineer .NET Full Stack,software_engineer,software_engineer,auto,,
,senior software engineer 32707699,1,"Senior Software Engineer, 32707699",software_engineer,software_engineer,auto,,
,senior software engineer 4 openings,1,Senior Software Engineer (4 Openings),software_engineer,software_engineer,auto,,
,senior software engineer ai developer tools - cloud software,1,"Senior Software Engineer, AI Developer Tools - Cloud Software",software_engineer,software_engineer,auto,,
,senior software engineer ai personalization & progress,1,"Senior Software Engineer (AI, Personalization & Progress)",software_engineer,software_engineer,auto,,
,senior software engineer android platform,1,"Senior Software Engineer, Android Platform",software_engineer,software_engineer,auto,,
,senior software engineer applications - hybrid,1,"Senior Software Engineer, Applications - HYBRID",software_engineer,software_engineer,auto,,
,senior software engineer applied ai ml audio video,1,"Senior Software Engineer, Applied AI/ML, Audio/Video",software_engineer,software_engineer,auto,,
,senior software engineer aws kumo,1,"Senior Software Engineer, AWS Kumo",software_engineer,software_engineer,auto,,
,senior software engineer back end java python spring boot aws,1,"Senior Software Engineer Back End (Java, Python, Spring Boot, AWS)",software_engineer,software_engineer,auto,,
,senior software engineer back end python,1,"Senior Software Engineer, Back End (Python)",software_engineer,software_engineer,auto,,
,senior software engineer back end python kubernetes aws,1,"Senior Software Engineer, Back End (Python, Kubernetes, AWS)",software_engineer,software_engineer,auto,,
,senior software engineer backend + infra,1,Senior Software Engineer (Backend + Infra),software_engineer,software_engineer,auto,,
,senior software engineer c#,1,Senior Software Engineer (C#),software_engineer,software_engineer,auto,,
,senior software engineer c# and .net south jersey,1,Senior Software Engineer / C# and .NET / South Jersey,software_engineer,software_engineer,auto,,
,senior software engineer c# and .net trading,1,Senior Software Engineer / C# and .NET / Trading,software_engineer,software_engineer,auto,,
,senior software engineer cash commerce,1,"Senior Software Engineer, Cash Commerce",software_engineer,software_engineer,auto,,
,senior software engineer clojure,1,Senior Software Engineer (Clojure),software_engineer,software_engineer,auto,,
,senior software engineer container orchestration,1,"Senior Software Engineer, Container Orchestration",software_engineer,software_engineer,auto,,
,senior software engineer corporate treasury gs bank engineering,1,"Senior Software Engineer, Corporate Treasury, GS Bank Engineering",software_engineer,software_engineer,auto,,
,senior software engineer customer experience,1,"Senior Software Engineer, Customer Experience",software_engineer,software_engineer,auto,,
,senior software engineer data engineering - thousandeyes,1,"Senior Software Engineer, Data Engineering - ThousandEyes",software_engineer,software_engineer,auto,,
,senior software engineer data services,1,"Senior Software Engineer, Data Services",software_engineer,software_engineer,auto,,
,senior software engineer driver marketplace,1,"Senior Software Engineer, Driver Marketplace",software_engineer,software_engineer,auto,,
,senior software engineer drivers developer,1,Senior Software Engineer (drivers developer),software_engineer,software_engineer,auto,,
,senior software engineer edge infra,1,"Senior Software Engineer, Edge (Infra)",software_engineer,software_engineer,auto,,
,senior software engineer embedded systems firmware pixel,1,"Senior Software Engineer, Embedded Systems/Firmware, Pixel",software_engineer,software_engineer,auto,,
,senior software engineer experienced level professional,1,Senior Software Engineer (Experienced Level Professional),software_engineer,software_engineer,auto,,
,senior software engineer forecasting,1,"Senior Software Engineer, Forecasting",software_engineer,software_engineer,auto,,
,senior software engineer full stack,1,"Senior, Software Engineer, Full Stack",software_engineer,software_engineer,auto,,
,senior software engineer full stack java,1,"Senior Software Engineer, Full Stack (Java)",software_engineer,software_engineer,auto,,
,senior software engineer full stack java aws,1,"Senior Software Engineer, Full Stack (Java, AWS)",software_engineer,software_engineer,auto,,
,senior software engineer full stack java react aws,1,"Senior Software Engineer, Full Stack (Java, React, AWS)",software_engineer,software_engineer,auto,,
,senior software engineer full stack node,1,"Senior Software Engineer, Full Stack (Node)",software_engineer,software_engineer,auto,,
,senior software engineer full stack personalization & progress,1,"Senior Software Engineer (Full Stack, Personalization & Progress)",software_engineer,software_engineer,auto,,
,senior software engineer full stack spring boot javascript aws,1,"Senior Software Engineer, Full Stack (Spring Boot, JavaScript, AWS)",software_engineer,software_engineer,auto,,
,senior software engineer full stack typescript node react aws,1,"Senior Software Engineer, Full Stack (TypeScript, Node, React, AWS)",software_engineer,software_engineer,auto,,
,senior software engineer full-stack,1,"Senior Software Engineer, Full-Stack",software_engineer,software_engineer,auto,,
,senior software engineer google ads,1,"Senior Software Engineer, Google Ads",software_engineer,software_engineer,auto,,
,senior software engineer ii linux performance - remote,1,Senior Software Engineer II (Linux Performance) - Remote,software_engineer,software_engineer,auto,,
,senior software engineer ii ruby on rails,1,Senior Software Engineer II (Ruby on Rails),software_engineer,software_engineer,auto,,
,senior software engineer ii-hybrid in boca raton fl,1,"Senior Software Engineer II-Hybrid in Boca Raton, FL",software_engineer,software_engineer,auto,,
,senior software engineer infrastructure google cloud data management,1,"Senior Software Engineer, Infrastructure, Google Cloud Data Management",software_engineer,software_engineer,auto,,
,senior software engineer insurance platform,1,Senior Software Engineer Insurance Platform,software_engineer,software_engineer,auto,,
,senior software engineer ios,1,"Senior Software Engineer, iOS",software_engineer,software_engineer,auto,,
,senior software engineer java,1,Senior Software Engineer (Java),software_engineer,software_engineer,auto,,
,senior software engineer mobile bitkey,1,"Senior Software Engineer (Mobile), Bitkey",software_engineer,software_engineer,auto,,
,senior software engineer mobile sdk,1,Senior Software Engineer (Mobile SDK),software_engineer,software_engineer,auto,,
,senior software engineer new product development remote,1,"Senior Software Engineer, New Product Development (Remote)",software_engineer,software_engineer,auto,,
,senior software engineer node.js aws,1,Senior Software Engineer (Node.js/AWS),software_engineer,software_engineer,auto,,
,senior software engineer nodejs +.net,1,Senior Software Engineer (NodeJS +.Net),software_engineer,software_engineer,auto,,
,senior software engineer on minecraft,1,Senior Software Engineer on Minecraft,software_engineer,software_engineer,auto,,
,senior software engineer peacock direct-to-consumer,1,"Senior Software Engineer, Peacock, Direct-to-Consumer",software_engineer,software_engineer,auto,,
,senior software engineer php,1,"Senior Software Engineer, PHP",software_engineer,software_engineer,auto,,
,senior software engineer project starline,1,"Senior Software Engineer, Project Starline",software_engineer,software_engineer,auto,,
,senior software engineer python aws,1,"Senior Software Engineer (Python, AWS)",software_engineer,software_engineer,auto,,
,senior software engineer python c++,1,Senior Software Engineer (Python/C++),software_engineer,software_engineer,auto,,
,senior software engineer python defi,1,Senior Software Engineer / Python / DeFi,software_engineer,software_engineer,auto,,
,senior software engineer react+full stack,1,Senior Software Engineer (React+Full Stack),software_engineer,software_engineer,auto,,
,senior software engineer ref #001135,1,Senior Software Engineer (Ref #001135),software_engineer,software_engineer,auto,,
,senior software engineer ref #001260,1,Senior Software Engineer (Ref #001260),software_engineer,software_engineer,auto,,
,senior software engineer server - poker,1,Senior Software Engineer (Server)- Poker,software_engineer,software_engineer,auto,,
,senior software engineer site reliability engineer,1,Senior Software Engineer (Site Reliability Engineer),software_engineer,software_engineer,auto,,
,senior software engineer technical lead,1,Senior Software Engineer Technical Lead,software_engineer,software_engineer,auto,,
,senior software engineer vp - microsoft power platform jersey city nj,1,"Senior Software Engineer, VP - Microsoft Power Platform (Jersey City, NJ)",software_engineer,software_engineer,auto,,
,senior software engineer web audio products & services,1,"Senior Software Engineer, Web Audio Products & Services",software_engineer,software_engineer,auto,,
,senior software engineer web credit card contract,1,"Senior Software Engineer Web, Credit Card (Contract)",software_engineer,software_engineer,auto,,
,senior software engineer web video audio products & services,1,"Senior Software Engineer, Web Video/Audio Products & Services",software_engineer,software_engineer,auto,,
,senior software engineer with python and backend,1,Senior Software Engineer with Python and backend,software_engineer,software_engineer,auto,,
,senior software engineer workday,1,"Senior Software Engineer, Workday",software_engineer,software_engineer,auto,,
,senior software engineer- android team lead,1,Senior Software Engineer- Android Team Lead,software_engineer,software_engineer,auto,,
,senior software engineer- backend,1,Senior Software Engineer- Backend,software_engineer,software_engineer,auto,,
,senior software engineer-gcp,1,Senior Software Engineer-GCP,software_engineer,software_engineer,auto,,
,senior software frontend engineer moderation review,1,"Senior Software Frontend Engineer, Moderation Review",software_engineer,software_engineer,auto,,
,senior specialist software engineer,1,Senior Specialist Software Engineer,software_engineer,software_engineer,auto,,
,senior staff software engineer - autonomy data mp data engine,1,Senior Staff Software Engineer - Autonomy Data: MP Data Engine,software_engineer,software_engineer,auto,,
,senior staff software engineer - python,1,Senior Staff Software Engineer - Python,software_engineer,software_engineer,auto,,
,senior staff software engineer front end - ui focus,1,Senior Staff Software Engineer (Front End - UI Focus),software_engineer,software_engineer,auto,,
,senior staff software engineer google cloud looker,1,"Senior Staff Software Engineer, Google Cloud, Looker",software_engineer,software_engineer,auto,,
,senior staff software engineer workload identity management,1,"Senior Staff Software Engineer, Workload Identity Management",software_engineer,software_engineer,auto,,
,senior statistical programmer remote,1,Senior Statistical Programmer (Remote),software_engineer,software_engineer,auto,,
,senior system software engineer,1,Senior System Software Engineer,software_engineer,software_engineer,auto,,
,senior systems programmer,1,Senior Systems Programmer,software_engineer,software_engineer,auto,,
,senior systems programmer physics,1,Senior Systems Programmer (Physics),software_engineer,software_engineer,auto,,
,senior systems software engineer-remote,1,Senior Systems Software Engineer-REMOTE,software_engineer,software_engineer,auto,,
,service delivery center senior - financial services organization - fullstack engineer,1,Service Delivery Center Senior - Financial Services Organization - Fullstack Engineer,software_engineer,software_engineer,auto,,
,sft - software engineer i,1,SFT - Software Engineer I,software_engineer,software_engineer,auto,,
,simulations software engineer,1,Simulations Software Engineer,software_engineer,software_engineer,auto,,
,simulator software engineer - comanche peak,1,Simulator Software Engineer - Comanche Peak,software_engineer,software_engineer,auto,,
,software back end engineer,1,Software Back End Engineer,software_engineer,software_engineer,auto,,
,software developer - .net iii,1,Software Developer - .NET III,software_engineer,software_engineer,auto,,
,software developer - audio,1,Software Developer - Audio,software_engineer,software_engineer,auto,,
,software developer - golang w2 only,1,Software Developer - Golang (W2 Only),software_engineer,software_engineer,auto,,
,software developer - intermediate,1,Software Developer - Intermediate,software_engineer,software_engineer,auto,,
,software developer - intermediate us,1,Software Developer - Intermediate (US),software_engineer,software_engineer,auto,,
,software developer - intern,1,Software Developer - Intern,software_engineer,software_engineer,auto,,
,software developer - junior,1,Software Developer - Junior,software_engineer,software_engineer,auto,,
,software developer - remote,1,Software Developer - Remote,software_engineer,software_engineer,auto,,
,software developer - ruby on rails,1,Software Developer - Ruby on Rails,software_engineer,software_engineer,auto,,
,software developer - senior,1,Software Developer - Senior,software_engineer,software_engineer,auto,,
,software developer 3,1,Software Developer 3,software_engineer,software_engineer,auto,,
,software developer 3 nacc,1,Software Developer 3 (NACC),software_engineer,software_engineer,auto,,
,software developer 3+ yrs of java or c# exp req. $80-90k,1,Software Developer (3+ yrs of Java or C# exp req. $80-90K),software_engineer,software_engineer,auto,,
,software developer i - backend,1,Software Developer I - Backend,software_engineer,software_engineer,auto,,
,software developer iii,1,Software Developer III,software_engineer,software_engineer,auto,,
,software developer intern,1,Software Developer Intern,software_engineer,software_engineer,auto,,
,software developer intern - backend,1,Software Developer Intern - Backend,software_engineer,software_engineer,auto,,
,software developer intern - corporate systems,1,Software Developer Intern – Corporate Systems,software_engineer,software_engineer,auto,,
,software developer intern - federal health grants - campus 2024 -,1,Software Developer Intern - Federal Health Grants - Campus 2024 -,software_engineer,software_engineer,auto,,
,software developer java c++ python - quantitative engineering - one delta shares - gbm public,1,Software Developer (Java/C++/Python) - Quantitative Engineering - One Delta Shares - GBM Public,software_engineer,software_engineer,auto,,
,software developer linux kernel developer,1,Software Developer/Linux Kernel Developer,software_engineer,software_engineer,auto,,
,software developer python go,1,Software Developer (Python/Go),software_engineer,software_engineer,auto,,
,software developer systems software - firestorm,1,Software Developer (Systems Software) - Firestorm,software_engineer,software_engineer,auto,,
,software developer ut libraries,1,"Software Developer, UT Libraries",software_engineer,software_engineer,auto,,
,software development engineer - data capture,1,Software Development Engineer – Data Capture,software_engineer,software_engineer,auto,,
,software development engineer - devops,1,Software Development Engineer - Devops,software_engineer,software_engineer,auto,,
,software development engineer - reactjs,1,Software Development Engineer - ReactJS,software_engineer,software_engineer,auto,,
,software development engineer 1,1,Software Development Engineer 1,software_engineer,software_engineer,auto,,
,software development engineer alexa audio growth & engagement,1,"Software Development Engineer , Alexa Audio Growth & Engagement",software_engineer,software_engineer,auto,,
,software development engineer amazon business,1,"Software Development Engineer, Amazon Business",software_engineer,software_engineer,auto,,
,software development engineer amazon visual experience,1,"Software Development Engineer, Amazon Visual Experience",software_engineer,software_engineer,auto,,
,software development engineer back-end,1,Software Development Engineer(Back-End),software_engineer,software_engineer,auto,,
,software development engineer fintech,1,"Software Development Engineer, Fintech",software_engineer,software_engineer,auto,,
,software development engineer high volume hiring tech,1,"Software Development Engineer, High Volume Hiring Tech",software_engineer,software_engineer,auto,,
,software development engineer i,1,Software Development Engineer I,software_engineer,software_engineer,auto,,
,software development engineer ii - backend remote,1,Software Development Engineer II - Backend (Remote),software_engineer,software_engineer,auto,,
,software development engineer ii - full stack,1,Software Development Engineer II - Full Stack,software_engineer,software_engineer,auto,,
,software development engineer ii cia data services,1,"Software Development Engineer II, CIA Data Services",software_engineer,software_engineer,auto,,
,software development engineer iii gift cards,1,"Software Development Engineer III, Gift Cards",software_engineer,software_engineer,auto,,
,software development engineer iii high-volume hiring tech labor demand,1,"Software Development Engineer III, High-Volume Hiring Tech, Labor Demand",software_engineer,software_engineer,auto,,
,software development engineer nitro ssd,1,"Software Development Engineer, Nitro SSD",software_engineer,software_engineer,auto,,
,software development engineer spark performance,1,"Software Development Engineer, Spark Performance",software_engineer,software_engineer,auto,,
,software engineer - ada,1,Software Engineer - Ada,software_engineer,software_engineer,auto,,
,software engineer - agent backend infrastructure,1,Software Engineer - Agent Backend Infrastructure,software_engineer,software_engineer,auto,,
,software engineer - avionics,1,Software Engineer - Avionics,software_engineer,software_engineer,auto,,
,software engineer - aws - senior,1,Software Engineer - AWS - Senior,software_engineer,software_engineer,auto,,
,software engineer - axiom,1,Software Engineer - AXIOM,software_engineer,software_engineer,auto,,
,software engineer - backend,1,Software Engineer - Backend,software_engineer,software_engineer,auto,,
,software engineer - booking - costco travel,1,Software Engineer - Booking - Costco Travel,software_engineer,software_engineer,auto,,
,software engineer - calibration team,1,Software Engineer - Calibration Team,software_engineer,software_engineer,auto,,
,software engineer - cms web development,1,Software Engineer - CMS/Web Development,software_engineer,software_engineer,auto,,
,software engineer - development of cloud-based services & apps -w2 contract,1,Software Engineer -(Development of cloud-based services & Apps)-W2 Contract,software_engineer,software_engineer,auto,,
,software engineer - devops global banking,1,"Software Engineer - DevOps, Global Banking",software_engineer,software_engineer,auto,,
,software engineer - dex,1,Software Engineer - DEX,software_engineer,software_engineer,auto,,
,software engineer - elsys - on site - warner robins ga - open rank,1,"Software Engineer - ELSYS - On Site - Warner Robins, GA - (Open Rank)",software_engineer,software_engineer,auto,,
,software engineer - evinova,1,Software Engineer – Evinova,software_engineer,software_engineer,auto,,
,software engineer - fraud,1,Software Engineer - Fraud,software_engineer,software_engineer,auto,,
,software engineer - full stack,1,Software Engineer – Full Stack,software_engineer,software_engineer,auto,,
,software engineer - hybrid - no c2c,1,Software Engineer - Hybrid - No C2C,software_engineer,software_engineer,auto,,
,software engineer - infrastructure platforms,1,Software Engineer - Infrastructure Platforms,software_engineer,software_engineer,auto,,
,software engineer - manufacturing surgical robotics,1,Software Engineer - Manufacturing Surgical Robotics,software_engineer,software_engineer,auto,,
,software engineer - ml,1,Software Engineer - ML,software_engineer,software_engineer,auto,,
,software engineer - ms power platform - senior,1,Software Engineer - MS Power Platform - Senior,software_engineer,software_engineer,auto,,
,software engineer - new grad,1,Software Engineer - New Grad,software_engineer,software_engineer,auto,,
,software engineer - proprietary languages,1,Software Engineer - Proprietary languages,software_engineer,software_engineer,auto,,
,software engineer - quantitative research,1,Software Engineer - Quantitative Research,software_engineer,software_engineer,auto,,
,software engineer - risk systems,1,Software Engineer - Risk Systems,software_engineer,software_engineer,auto,,
,software engineer - sensors and prototyping,1,Software Engineer - Sensors and Prototyping,software_engineer,software_engineer,auto,,
,software engineer - servicenow,1,Software Engineer - ServiceNow,software_engineer,software_engineer,auto,,
,software engineer - streaming search remote,1,Software Engineer – Streaming Search (Remote),software_engineer,software_engineer,auto,,
,software engineer - supply chain,1,Software Engineer - Supply Chain,software_engineer,software_engineer,auto,,
,software engineer - ucs,1,Software Engineer – UCS,software_engineer,software_engineer,auto,,
,software engineer - video and audio editor,1,Software Engineer - Video and Audio Editor,software_engineer,software_engineer,auto,,
,software engineer - warehouse control system- remote - job number 00058568641,1,Software Engineer - Warehouse Control System- Remote - (Job Number: 00058568641),software_engineer,software_engineer,auto,,
,software engineer - workday integrations,1,Software Engineer - Workday Integrations,software_engineer,software_engineer,auto,,
,software engineer - zero trust client low-level os vpn networking,1,"Software Engineer - Zero Trust Client (low-level OS, VPN, networking)",software_engineer,software_engineer,auto,,
,software engineer -gaming,1,Software Engineer -Gaming,software_engineer,software_engineer,auto,,
,software engineer .net banking,1,Software Engineer .NET (Banking),software_engineer,software_engineer,auto,,
,software engineer .net c#,1,Software Engineer (.NET/C#),software_engineer,software_engineer,auto,,
,software engineer 1 backend,1,"Software Engineer 1, Backend",software_engineer,software_engineer,auto,,
,software engineer 2,1,Software Engineer 2,software_engineer,software_engineer,auto,,
,software engineer ads core- traffic,1,"Software Engineer, Ads Core- Traffic",software_engineer,software_engineer,auto,,
,software engineer ai,1,"Software Engineer, AI",software_engineer,software_engineer,auto,,
,software engineer android,1,"Software Engineer, Android",software_engineer,software_engineer,auto,,
,software engineer architect java python,1,Software Engineer Architect (Java/Python),software_engineer,software_engineer,auto,,
,software engineer architecture development,1,"Software Engineer (architecture, development )",software_engineer,software_engineer,auto,,
,software engineer associate engineer software 1 - 18662,1,"Software Engineer, Associate (Engineer Software 1) - 18662",software_engineer,software_engineer,auto,,
,software engineer associate njus,1,"Software Engineer, Associate (NJUS)",software_engineer,software_engineer,auto,,
,software engineer automation & tooling,1,"Software Engineer, Automation & Tooling",software_engineer,software_engineer,auto,,
,software engineer back end,1,"Software Engineer, Back End",software_engineer,software_engineer,auto,,
,software engineer back end- b2b,1,"Software Engineer, Back End– B2B",software_engineer,software_engineer,auto,,
,software engineer back-end,1,"Software Engineer, Back-End",software_engineer,software_engineer,auto,,
,software engineer back-end and databases,1,Software Engineer (Back-end and Databases),software_engineer,software_engineer,auto,,
,software engineer backend,1,Software Engineer (Backend),software_engineer,software_engineer,auto,,
,software engineer bidm,1,Software Engineer BIDM,software_engineer,software_engineer,auto,,
,software engineer brand platform,1,"Software Engineer, Brand Platform",software_engineer,software_engineer,auto,,
,software engineer clm platform,1,"Software Engineer, CLM Platform",software_engineer,software_engineer,auto,,
,software engineer cloud platform engineer,1,Software Engineer/Cloud Platform Engineer,software_engineer,software_engineer,auto,,
,software engineer consumer experience frontend,1,"Software Engineer, Consumer Experience (Frontend)",software_engineer,software_engineer,auto,,
,software engineer core data services,1,"Software Engineer, Core Data Services",software_engineer,software_engineer,auto,,
,software engineer data engine,1,"Software Engineer, Data Engine",software_engineer,software_engineer,auto,,
,software engineer data infrastructure at d. e. shaw research,1,"Software Engineer, Data Infrastructure at D. E. Shaw Research",software_engineer,software_engineer,auto,,
,software engineer development,1,Software Engineer (Development),software_engineer,software_engineer,auto,,
,software engineer devops security - hybrid remote,1,Software Engineer / DevOps (Security) - Hybrid/Remote,software_engineer,software_engineer,auto,,
,software engineer e-commerce ~ javascript atx onsite $65k,1,Software Engineer (E-Commerce ~ Javascript) ATX / Onsite / $65k,software_engineer,software_engineer,auto,,
,software engineer engineer software 4 - 18587,1,Software Engineer (Engineer Software 4) - 18587,software_engineer,software_engineer,auto,,
,software engineer expert java spring boot,1,Software Engineer Expert (Java/Spring Boot),software_engineer,software_engineer,auto,,
,software engineer for global computer software company in redmond wa.,1,"Software Engineer for global computer software company in Redmond, WA.",software_engineer,software_engineer,auto,,
,software engineer front-end,1,"Software Engineer, Front-End",software_engineer,software_engineer,auto,,
,software engineer front-end platforms team,1,Software Engineer Front-End (Platforms Team),software_engineer,software_engineer,auto,,
,software engineer full stack - agents,1,"Software Engineer, Full Stack - Agents",software_engineer,software_engineer,auto,,
,software engineer full stack - product,1,"Software Engineer, Full Stack - Product",software_engineer,software_engineer,auto,,
,software engineer full stack 3+ years of experience,1,"Software Engineer, Full Stack, 3+ Years of Experience",software_engineer,software_engineer,auto,,
,software engineer full stack python nodejs react,1,"Software Engineer, Full Stack (Python, NodeJS, React)",software_engineer,software_engineer,auto,,
,software engineer i - c++ avionics,1,Software Engineer I - C++/Avionics,software_engineer,software_engineer,auto,,
,software engineer i .net full stack,1,Software Engineer I (.Net full stack),software_engineer,software_engineer,auto,,
,software engineer i aix,1,"Software Engineer I, AIX",software_engineer,software_engineer,auto,,
,software engineer i ii,1,Software Engineer I/II,software_engineer,software_engineer,auto,,
,software engineer icam with security clearance,1,Software Engineer (ICAM) with Security Clearance,software_engineer,software_engineer,auto,,
,software engineer ii - azure storage,1,Software Engineer II – Azure Storage,software_engineer,software_engineer,auto,,
,software engineer ii - cloud,1,Software Engineer II - Cloud,software_engineer,software_engineer,auto,,
,software engineer ii - fulfillment,1,Software Engineer II – Fulfillment,software_engineer,software_engineer,auto,,
,software engineer ii automation,1,Software Engineer II (Automation),software_engineer,software_engineer,auto,,
,software engineer ii backend disclosures,1,"Software Engineer II, Backend (Disclosures)",software_engineer,software_engineer,auto,,
,software engineer ii chat,1,"Software Engineer II, Chat",software_engineer,software_engineer,auto,,
,software engineer ii data,1,"Software Engineer II, Data",software_engineer,software_engineer,auto,,
,software engineer ii front end react,1,"Software Engineer II, Front End (React)",software_engineer,software_engineer,auto,,
,software engineer ii frontend t&s experience,1,"Software Engineer II, Frontend (T&S Experience)",software_engineer,software_engineer,auto,,
,software engineer ii hybrid,1,Software Engineer II (Hybrid),software_engineer,software_engineer,auto,,
,software engineer ii ios,1,"Software Engineer II, iOS",software_engineer,software_engineer,auto,,
,software engineer ii ruby,1,"Software Engineer II, Ruby",software_engineer,software_engineer,auto,,
,software engineer ii- cloud,1,Software Engineer II- Cloud,software_engineer,software_engineer,auto,,
,software engineer ii- cloud infrastructure,1,Software Engineer II- Cloud Infrastructure,software_engineer,software_engineer,auto,,
,software engineer ii--workday api,1,Software Engineer II--Workday API,software_engineer,software_engineer,auto,,
,software engineer iii - c++ performance ripple effect,1,Software Engineer III - C++ Performance (Ripple Effect),software_engineer,software_engineer,auto,,
,software engineer iii - java & aws,1,Software Engineer III - Java & AWS,software_engineer,software_engineer,auto,,
,software engineer iii - java react bi tools and data pipeline technologies,1,"Software Engineer III - Java, React, BI Tools and Data Pipeline Technologies",software_engineer,software_engineer,auto,,
,software engineer iii - machine learning,1,Software Engineer III - Machine Learning,software_engineer,software_engineer,auto,,
,software engineer iii - remote,1,Software Engineer III - (REMOTE),software_engineer,software_engineer,auto,,
,software engineer iii full stack with react,1,Software Engineer III (Full Stack with React),software_engineer,software_engineer,auto,,
,software engineer iii hardware software co-design,1,"Software Engineer III, Hardware/Software Co-Design",software_engineer,software_engineer,auto,,
,software engineer iii infrastructure google cloud platforms,1,"Software Engineer III, Infrastructure, Google Cloud Platforms",software_engineer,software_engineer,auto,,
,software engineer iii payments,1,"Software Engineer III, Payments",software_engineer,software_engineer,auto,,
,software engineer iii platforms infrastructure engineering,1,"Software Engineer III, Platforms Infrastructure Engineering",software_engineer,software_engineer,auto,,
,software engineer iii r-1833898,1,Software Engineer III R-1833898,software_engineer,software_engineer,auto,,
,software engineer iii r-1849459,1,Software Engineer III R-1849459,software_engineer,software_engineer,auto,,
,software engineer iii sterling integrator,1,"Software Engineer III, Sterling Integrator",software_engineer,software_engineer,auto,,
,software engineer iii--workday api's,1,Software Engineer III--Workday API's,software_engineer,software_engineer,auto,,
,software engineer infrastructure release engineering,1,"Software Engineer, Infrastructure (Release Engineering)",software_engineer,software_engineer,auto,,
,software engineer intelligent video,1,"Software Engineer, Intelligent Video",software_engineer,software_engineer,auto,,
,software engineer intern - summer 2024,1,Software Engineer Intern - Summer 2024,software_engineer,software_engineer,auto,,
,software engineer ios 3+ years of experience,1,"Software Engineer, iOS, 3+ Years of Experience",software_engineer,software_engineer,auto,,
,software engineer ios 7+ years of experience,1,"Software Engineer, iOS, 7+ Years of Experience",software_engineer,software_engineer,auto,,
,software engineer iv tech lead,1,"Software Engineer IV, Tech Lead",software_engineer,software_engineer,auto,,
,software engineer java remote,1,Software Engineer / Java / Remote,software_engineer,software_engineer,auto,,
,software engineer l3,1,Software Engineer L3,software_engineer,software_engineer,auto,,
,software engineer level 2- ts sci with poly required,1,Software Engineer Level 2- TS/SCI with Poly required,software_engineer,software_engineer,auto,,
,software engineer level 4 with security clearance,1,Software Engineer Level 4 with Security Clearance,software_engineer,software_engineer,auto,,
,software engineer local to michigan,1,Software Engineer (Local to Michigan),software_engineer,software_engineer,auto,,
,software engineer machine learning,1,"Software Engineer, Machine Learning",software_engineer,software_engineer,auto,,
,software engineer microsoft dynamics 365,1,Software Engineer (Microsoft Dynamics 365),software_engineer,software_engineer,auto,,
,software engineer mobile sdk,1,Software Engineer (Mobile SDK),software_engineer,software_engineer,auto,,
,software engineer on-site,1,Software Engineer (On-Site),software_engineer,software_engineer,auto,,
,software engineer outsystems,1,Software Engineer (Outsystems),software_engineer,software_engineer,auto,,
,software engineer principal software engineer,1,Software Engineer / Principal Software Engineer,software_engineer,software_engineer,auto,,
,software engineer principal software engineer - active dod secret clearance required,1,Software Engineer/Principal Software Engineer - Active DoD Secret Clearance Required,software_engineer,software_engineer,auto,,
,software engineer python apache spark software dev & engineering,1,"Software Engineer(Python, Apache Spark) Software Dev & Engineering",software_engineer,software_engineer,auto,,
,software engineer quality tools,1,"Software Engineer, Quality tools",software_engineer,software_engineer,auto,,
,software engineer reactjs nodejs aws on w2,1,"Software Engineer (ReactJS, NodeJS, AWS) on W2",software_engineer,software_engineer,auto,,
,software engineer remote,1,Software Engineer (Remote),software_engineer,software_engineer,auto,,
,software engineer research scientist,1,Software Engineer / Research Scientist,software_engineer,software_engineer,auto,,
,software engineer secdevops,1,Software Engineer (SecDevOps),software_engineer,software_engineer,auto,,
,software engineer security platform internal pki,1,"Software Engineer (Security Platform, Internal PKI)",software_engineer,software_engineer,auto,,
,software engineer specialist - cobol microfocus,1,Software Engineer Specialist - COBOL (MICROFOCUS),software_engineer,software_engineer,auto,,
,software engineer sr. software engineer,1,Software Engineer/Sr. Software Engineer,software_engineer,software_engineer,auto,,
,software engineer sre mandarin experience required,1,Software Engineer/SRE (Mandarin Experience Required),software_engineer,software_engineer,auto,,
,software engineer stf embedded c++ orlando fl with security clearance,1,"Software Engineer Stf / Embedded / C++ / Orlando, FL with Security Clearance",software_engineer,software_engineer,auto,,
,software engineer translation services,1,"Software Engineer, Translation Services",software_engineer,software_engineer,auto,,
,software engineer v,1,Software Engineer V,software_engineer,software_engineer,auto,,
,software engineer with provenir or powercurve experience,1,Software Engineer with Provenir or PowerCurve Experience,software_engineer,software_engineer,auto,,
,software engineer with vue js.,1,Software Engineer with Vue JS.,software_engineer,software_engineer,auto,,
,software engineer- displays,1,Software Engineer- Displays,software_engineer,software_engineer,auto,,
,software engineer- federal,1,Software Engineer- Federal,software_engineer,software_engineer,auto,,
,software engineer- node.js,1,Software Engineer- Node.JS,software_engineer,software_engineer,auto,,
,software engineer-frontend,1,Software Engineer-Frontend,software_engineer,software_engineer,auto,,
,software engineer-senior corporate system hr & payroll applications,1,"Software Engineer-Senior, Corporate System HR & Payroll Applications",software_engineer,software_engineer,auto,,
,sql programmer,1,SQL Programmer,software_engineer,software_engineer,auto,,
,sr associate software development engineer,1,Sr Associate Software Development Engineer,software_engineer,software_engineer,auto,,
,sr backend engineer,1,Sr Backend Engineer,software_engineer,software_engineer,auto,,
,sr chassis os software engineer,1,Sr Chassis/OS Software Engineer,software_engineer,software_engineer,auto,,
,sr edi software engineer i remote,1,Sr EDI Software Engineer I (Remote),software_engineer,software_engineer,auto,,
,sr full stack developer,1,Sr Full Stack Developer,software_engineer,software_engineer,auto,,
,sr full stack engineer - node.js javascript postgres,1,"Sr Full Stack Engineer - Node.js, JavaScript, Postgres",software_engineer,software_engineer,auto,,
,sr full stack engineer - remote 4262,1,Sr Full Stack Engineer - REMOTE (4262),software_engineer,software_engineer,auto,,
,sr full-stack engineer,1,Sr Full-Stack Engineer,software_engineer,software_engineer,auto,,
,sr java software developer,1,Sr Java Software Developer,software_engineer,software_engineer,auto,,
,sr principal cyber software engineer ec,1,Sr Principal Cyber Software Engineer (EC),software_engineer,software_engineer,auto,,
,sr principal software engineer l7 data plane,1,Sr Principal Software Engineer (L7 Data Plane),software_engineer,software_engineer,auto,,
,sr product software engineer,1,Sr Product Software Engineer,software_engineer,software_engineer,auto,,
,sr programmer analyst oracle ebs,1,Sr Programmer Analyst Oracle EBS,software_engineer,software_engineer,auto,,
,sr software developer,1,Sr Software Developer,software_engineer,software_engineer,auto,,
,sr software development engineer,1,SR Software Development Engineer,software_engineer,software_engineer,auto,,
,sr software engineer - infrastructure,1,Sr Software Engineer - Infrastructure,software_engineer,software_engineer,auto,,
,sr software engineer - salesforce and react,1,Sr Software Engineer - Salesforce and React,software_engineer,software_engineer,auto,,
,sr software engineer - synthetic vision - 10k sign on bonus,1,Sr Software Engineer - Synthetic Vision - 10K Sign on Bonus,software_engineer,software_engineer,auto,,
,sr software engineer cobol,1,Sr Software Engineer (Cobol),software_engineer,software_engineer,auto,,
,sr software engineer distributed systems,1,Sr Software Engineer Distributed Systems,software_engineer,software_engineer,auto,,
,sr software engineer project hire,1,Sr Software Engineer (Project Hire),software_engineer,software_engineer,auto,,
,sr. .net full stack developer,1,Sr. .Net Full stack Developer,software_engineer,software_engineer,auto,,
,sr. angular front end developer,1,Sr. Angular / Front End Developer,software_engineer,software_engineer,auto,,
,sr. back end developer,1,Sr. Back End Developer,software_engineer,software_engineer,auto,,
,sr. back end engineer ruby on rails,1,Sr. Back End Engineer(Ruby on Rails),software_engineer,software_engineer,auto,,
,sr. backend software engineer - ml infra,1,Sr. Backend Software Engineer - ML Infra,software_engineer,software_engineer,auto,,
,sr. c++ software engineer - maps sdks,1,Sr. C++ Software Engineer - Maps SDKs,software_engineer,software_engineer,auto,,
,sr. cloud software engineer golang,1,Sr. Cloud Software Engineer (GOLANG),software_engineer,software_engineer,auto,,
,sr. cnc prototype machinist programmer - 1st shift,1,Sr. CNC Prototype Machinist/Programmer - 1st Shift,software_engineer,software_engineer,auto,,
,sr. embedded software engineer autosar,1,Sr. Embedded Software Engineer AUTOSAR,software_engineer,software_engineer,auto,,
,sr. engineer software engineer erisk services - flanders nj,1,"Sr. Engineer, Software Engineer (ERisk Services - Flanders, NJ)",software_engineer,software_engineer,auto,,
,sr. flight software engineer autonomous & intelligent system management - space systems development,1,"Sr. Flight Software Engineer, Autonomous & Intelligent System Management - Space Systems Development",software_engineer,software_engineer,auto,,
,sr. front end engineer,1,Sr. Front End Engineer,software_engineer,software_engineer,auto,,
,sr. frontend engineer cp billing - directs,1,"Sr. Frontend Engineer, CP Billing - Directs",software_engineer,software_engineer,auto,,
,sr. full stack developer,1,Sr. Full Stack Developer,software_engineer,software_engineer,auto,,
,sr. fullstack engineer- mobile remote,1,Sr. Fullstack Engineer- Mobile (Remote),software_engineer,software_engineer,auto,,
,sr. linux kernel software engineer - seattle,1,Sr. Linux Kernel Software Engineer - Seattle,software_engineer,software_engineer,auto,,
,sr. software developer - backend,1,Sr. Software Developer - Backend,software_engineer,software_engineer,auto,,
,sr. software development engineer kuiper flight software,1,"Sr. Software Development Engineer, Kuiper Flight Software",software_engineer,software_engineer,auto,,
,sr. software development engineer kuiper network processor platform team,1,"Sr. Software Development Engineer, Kuiper Network Processor Platform Team",software_engineer,software_engineer,auto,,
,sr. software development engineer nucleo,1,"Sr. Software Development Engineer, Nucleo",software_engineer,software_engineer,auto,,
,sr. software development engineer sponsored products,1,"Sr. Software Development Engineer, Sponsored Products",software_engineer,software_engineer,auto,,
,sr. software development engineer ww speed,1,"Sr. Software Development Engineer, WW Speed",software_engineer,software_engineer,auto,,
,sr. software engineer - .net content dev,1,Sr. Software Engineer - .NET Content Dev,software_engineer,software_engineer,auto,,
,sr. software engineer - android remote,1,Sr. Software Engineer - Android (Remote),software_engineer,software_engineer,auto,,
,sr. software engineer - cloud remote,1,Sr. Software Engineer - Cloud (Remote),software_engineer,software_engineer,auto,,
,sr. software engineer - macos sensor remote,1,Sr. Software Engineer - macOS Sensor (Remote),software_engineer,software_engineer,auto,,
,sr. software engineer api developer,1,Sr. Software Engineer/API Developer,software_engineer,software_engineer,auto,,
,sr. software engineer application administrator salesforce,1,"Sr. Software Engineer, Application Administrator, Salesforce",software_engineer,software_engineer,auto,,
,sr. software engineer application support,1,"Sr. Software Engineer, Application Support",software_engineer,software_engineer,auto,,
,sr. software engineer infrastructure,1,"Sr. Software Engineer, Infrastructure",software_engineer,software_engineer,auto,,
,sr. software engineer integrations bi - hybrid,1,"Sr. Software Engineer, Integrations (BI) - Hybrid,",software_engineer,software_engineer,auto,,
,sr. software engineer opx libfabric provider,1,"Sr. Software Engineer, OPX (Libfabric Provider)",software_engineer,software_engineer,auto,,
,sr. software engineer search relevance,1,"Sr. Software Engineer, Search Relevance",software_engineer,software_engineer,auto,,
,sr. software engineer- cobol,1,Sr. Software Engineer- COBOL,software_engineer,software_engineer,auto,,
,sr. software engineer- full-stack,1,Sr. Software Engineer- Full-Stack,software_engineer,software_engineer,auto,,
,sr. software engineer- warehousing modernization,1,Sr. Software Engineer- Warehousing Modernization,software_engineer,software_engineer,auto,,
,sr. staff software engineer,1,Sr. Staff Software Engineer,software_engineer,software_engineer,auto,,
,sr. staff software engineer back end,1,"Sr. Staff Software Engineer, Back End",software_engineer,software_engineer,auto,,
,sr. staff software engineer devsecops,1,Sr. Staff Software Engineer (DevSecOps),software_engineer,software_engineer,auto,,
,sr. staff wifi mac software engineer,1,Sr./Staff  WiFi MAC Software Engineer,software_engineer,software_engineer,auto,,
,sre software engineer kubernetes aws,1,"SRE / Software Engineer (Kubernetes, AWS)",software_engineer,software_engineer,auto,,
,staff back end engineer - res & guest,1,Staff Back End Engineer - Res & Guest,software_engineer,software_engineer,auto,,
,staff backend engineer,1,Staff Backend Engineer,software_engineer,software_engineer,auto,,
,staff backend engineer - video,1,Staff Backend Engineer - Video,software_engineer,software_engineer,auto,,
,staff frontend developer,1,Staff Frontend Developer,software_engineer,software_engineer,auto,,
,staff frontend engineer,1,Staff Frontend Engineer,software_engineer,software_engineer,auto,,
,staff frontend engineer interface architecture,1,"Staff Frontend Engineer, Interface Architecture",software_engineer,software_engineer,auto,,
,staff fullstack engineer boston typescript,1,Staff FullStack Engineer/Boston/TypeScript,software_engineer,software_engineer,auto,,
,staff software development engineer,1,Staff Software Development Engineer,software_engineer,software_engineer,auto,,
,staff software engineer - ai security,1,Staff Software Engineer - AI Security,software_engineer,software_engineer,auto,,
,staff software engineer - backend data & classification,1,Staff Software Engineer - Backend (Data & Classification),software_engineer,software_engineer,auto,,
,staff software engineer - big data,1,Staff Software Engineer - Big Data,software_engineer,software_engineer,auto,,
,staff software engineer - big data federal,1,Staff Software Engineer - Big Data Federal,software_engineer,software_engineer,auto,,
,staff software engineer - capacity engineering and analysis,1,Staff Software Engineer - Capacity Engineering and Analysis,software_engineer,software_engineer,auto,,
,staff software engineer - customer account management,1,Staff Software Engineer - Customer Account Management,software_engineer,software_engineer,auto,,
,staff software engineer - customer identity,1,Staff Software Engineer - Customer Identity,software_engineer,software_engineer,auto,,
,staff software engineer - ground software,1,Staff Software Engineer - Ground Software,software_engineer,software_engineer,auto,,
,staff software engineer - interactive computing,1,Staff Software Engineer - Interactive Computing,software_engineer,software_engineer,auto,,
,staff software engineer - python,1,Staff Software Engineer - Python,software_engineer,software_engineer,auto,,
,staff software engineer - simulation tools,1,Staff Software Engineer - Simulation Tools,software_engineer,software_engineer,auto,,
,staff software engineer - ui,1,Staff Software Engineer - UI,software_engineer,software_engineer,auto,,
,staff software engineer aht,1,Staff Software Engineer (AHT),software_engineer,software_engineer,auto,,
,staff software engineer apex,1,"Staff Software Engineer, APEX",software_engineer,software_engineer,auto,,
,staff software engineer backend ruby,1,"Staff Software Engineer, Backend (Ruby)",software_engineer,software_engineer,auto,,
,staff software engineer blockchain startup,1,Staff Software Engineer | Blockchain Startup,software_engineer,software_engineer,auto,,
,staff software engineer borglet,1,"Staff Software Engineer, Borglet",software_engineer,software_engineer,auto,,
,staff software engineer client experience - integrations lead,1,"Staff Software Engineer, Client Experience - Integrations Lead",software_engineer,software_engineer,auto,,
,staff software engineer cloud platform,1,"Staff Software Engineer, Cloud Platform",software_engineer,software_engineer,auto,,
,staff software engineer database infrastructure,1,"Staff Software Engineer, Database Infrastructure",software_engineer,software_engineer,auto,,
,staff software engineer deployx,1,"Staff Software Engineer, DeployX",software_engineer,software_engineer,auto,,
,staff software engineer for a well-known personal finance management company in menlo park ca,1,"Staff Software Engineer for a well-known personal finance management company in Menlo Park, CA",software_engineer,software_engineer,auto,,
,staff software engineer full-stack ruby,1,"Staff Software Engineer, Full-Stack (Ruby)",software_engineer,software_engineer,auto,,
,staff software engineer golang,1,Staff Software Engineer / Golang,software_engineer,software_engineer,auto,,
,staff software engineer google cloud platforms,1,"Staff Software Engineer, Google Cloud Platforms",software_engineer,software_engineer,auto,,
,staff software engineer infrastructure search,1,"Staff Software Engineer, Infrastructure, Search",software_engineer,software_engineer,auto,,
,staff software engineer iv,1,Staff Software Engineer IV,software_engineer,software_engineer,auto,,
,staff software engineer ml foundations sre,1,"Staff Software Engineer, ML Foundations SRE",software_engineer,software_engineer,auto,,
,staff software engineer ml serving platform,1,"Staff Software Engineer, ML Serving Platform",software_engineer,software_engineer,auto,,
,staff software engineer mobile bitkey,1,"Staff Software Engineer (Mobile), Bitkey",software_engineer,software_engineer,auto,,
,staff software engineer partner engineering,1,"Staff Software Engineer, Partner Engineering",software_engineer,software_engineer,auto,,
,staff software engineer pixel gpu system software,1,"Staff Software Engineer, Pixel GPU System Software",software_engineer,software_engineer,auto,,
,staff software engineer sdet,1,Staff Software Engineer (SDET),software_engineer,software_engineer,auto,,
,staff software engineer treat team,1,"Staff Software Engineer, Treat Team",software_engineer,software_engineer,auto,,
,staff ui software engineer,1,Staff UI Software Engineer,software_engineer,software_engineer,auto,,
,storage software engineer with infrastructure,1,Storage Software Engineer with Infrastructure,software_engineer,software_engineer,auto,,
,summer intern - software developer,1,Summer Intern - Software Developer,software_engineer,software_engineer,auto,,
,survey programmer,1,Survey Programmer,software_engineer,software_engineer,auto,,
,swe intern,1,SWE Intern,software_engineer,software_engineer,auto,,
,swiss screw programmer,1,Swiss Screw Programmer,software_engineer,software_engineer,auto,,
,system programmer,1,System Programmer,software_engineer,software_engineer,auto,,
,system software development engineer,1,System Software Development Engineer,software_engineer,software_engineer,auto,,
,systems software engineer ii,1,Systems Software Engineer II,software_engineer,software_engineer,auto,,
,tech lead software engineer - tiktok live,1,Tech Lead Software Engineer - TikTok LIVE,software_engineer,software_engineer,auto,,
,tech lead\ software engineer iii - job id 552,1,Tech Lead\/Software Engineer III - Job ID: 552,software_engineer,software_engineer,auto,,
,technical software engineer,1,Technical Software Engineer,software_engineer,software_engineer,auto,,
,telecommunications software engineer,1,Telecommunications Software Engineer,software_engineer,software_engineer,auto,,
,texas southern university full stack software developer entry level opportunity,1,Texas Southern University Full Stack Software Developer Entry Level Opportunity,software_engineer,software_engineer,auto,,
,tools programmer engine ops,1,"Tools Programmer, Engine Ops",software_engineer,software_engineer,auto,,
,tools programmer worldbuilding,1,"Tools Programmer, Worldbuilding",software_engineer,software_engineer,auto,,
,trading software engineer,1,Trading Software Engineer,software_engineer,software_engineer,auto,,
,trumpf programmer - sheet metal punches and breaks,1,Trumpf Programmer - Sheet Metal Punches and Breaks,software_engineer,software_engineer,auto,,
,typescript backend developer on aws,1,Typescript backend developer on AWS,software_engineer,software_engineer,auto,,
,ui react - software engineer iii,1,UI/React - Software Engineer III,software_engineer,software_engineer,auto,,
,ui ux front-end developer senior,1,UI/UX Front-End Developer Senior,software_engineer,software_engineer,auto,,
,unreal engine software engineer,1,Unreal Engine Software Engineer,software_engineer,software_engineer,auto,,
,usa senior software engineer,1,"(USA) Senior, Software Engineer",software_engineer,software_engineer,auto,,
,validation software engineer - ddr5 memory systems,1,Validation Software Engineer - DDR5 Memory Systems,software_engineer,software_engineer,auto,,
,various software engineer positions,1,Various Software Engineer Positions,software_engineer,software_engineer,auto,,
,vdot - programmer analyst 3 - power bi gis - richmond va - hybrid,1,"VDOT - Programmer Analyst 3 - Power BI/ GIS - Richmond, VA - HYBRID",software_engineer,software_engineer,auto,,
,vice president full-stack engineer i,1,"Vice President, Full-Stack Engineer I",software_engineer,software_engineer,auto,,
,web application programmer .net,1,Web Application Programmer(.Net),software_engineer,software_engineer,auto,,
,windows software engineer,1,Windows Software Engineer,software_engineer,software_engineer,auto,,
,wireless embedded software engineer,1,Wireless Embedded Software Engineer,software_engineer,software_engineer,auto,,
,workday integration software engineer - remote - direct client_jobid307,1,Workday Integration Software Engineer - Remote - Direct Client_JOBID307,software_engineer,software_engineer,auto,,
,workday software developer,1,Workday Software Developer,software_engineer,software_engineer,auto,,
,associate plastic surgeon,2,Associate Plastic Surgeon,surgeon,surgeon,auto,,
,colorectal surgeon,1,Colorectal Surgeon,surgeon,surgeon,auto,,
,colorectal surgeon opportunity,1,Colorectal Surgeon Opportunity,surgeon,surgeon,auto,,
,orthopaedic surgeon - full time,1,Orthopaedic Surgeon - Full Time,surgeon,surgeon,auto,,
,orthopedic surgeon,1,Orthopedic Surgeon,surgeon,surgeon,auto,,
,orthopedic surgeon - general joint replacement arthroplasty,1,Orthopedic Surgeon - General Joint Replacement /Arthroplasty,surgeon,surgeon,auto,,
,otolaryngologist - surgeon - ear nose throat - physician - arlington wa,1,"Otolaryngologist - Surgeon - Ear, Nose, Throat - Physician - Arlington, WA",surgeon,surgeon,auto,,
,physician - orthopedic spine surgeon,1,Physician – Orthopedic Spine Surgeon,surgeon,surgeon,auto,,
,physician - vascular surgeon,1,Physician - Vascular Surgeon,surgeon,surgeon,auto,,
,surgeon,1,Surgeon,surgeon,surgeon,auto,,
,vascular surgeon,1,Vascular Surgeon,surgeon,surgeon,auto,,
,vascular surgeon or vascular interventionalist,1,Vascular Surgeon or Vascular Interventionalist,surgeon,surgeon,auto,,
,special education teacher,15,Special Education Teacher,teacher,teacher,auto,,
,lead teacher,13,Lead Teacher,teacher,teacher,auto,,
,teacher,13,Teacher,teacher,teacher,auto,,
,preschool teacher,6,Preschool Teacher,teacher,teacher,auto,,
,science teacher,6,Science Teacher,teacher,teacher,auto,,
,elementary school teacher,5,Elementary School Teacher,teacher,teacher,auto,,
,middle school science teacher,5,Middle School Science Teacher,teacher,teacher,auto,,
,lead preschool teacher,4,Lead Preschool Teacher,teacher,teacher,auto,,
,middle school ela teacher,4,Middle School ELA Teacher,teacher,teacher,auto,,
,certified preschool teacher,3,Certified Preschool Teacher,teacher,teacher,auto,,
,chemistry teacher,3,Chemistry Teacher,teacher,teacher,auto,,
,english teacher,3,English Teacher,teacher,teacher,auto,,
,high school ela teacher,3,High School ELA Teacher,teacher,teacher,auto,,
,high school math teacher,3,High School Math Teacher,teacher,teacher,auto,,
,high school spanish teacher,3,High School Spanish Teacher,teacher,teacher,auto,,
,infant toddler teacher,3,Infant/Toddler Teacher,teacher,teacher,auto,,
,k-12 teacher - elementary middle high school teacher,3,"K-12 Teacher - Elementary, Middle, High School Teacher",teacher,teacher,auto,,
,lead toddler teacher,3,Lead Toddler Teacher,teacher,teacher,auto,,
,middle school social studies teacher,3,Middle School Social Studies Teacher,teacher,teacher,auto,,
,toddler teacher,3,Toddler Teacher,teacher,teacher,auto,,
,2024-2025 - general resource room teacher - valley hs,2,2024-2025 - GENERAL RESOURCE ROOM TEACHER - VALLEY HS,teacher,teacher,auto,,
,2024-2025 math teacher hs - las vegas hs,2,2024-2025 MATH TEACHER HS - LAS VEGAS HS,teacher,teacher,auto,,
,2nd grade teacher,2,2nd Grade Teacher,teacher,teacher,auto,,
,art teacher,2,Art Teacher,teacher,teacher,auto,,
,child care classroom teacher,2,Child Care Classroom Teacher,teacher,teacher,auto,,
,elementary music teacher,2,Elementary Music Teacher,teacher,teacher,auto,,
,elementary special education teacher,2,Elementary Special Education Teacher,teacher,teacher,auto,,
,english learner teacher,2,English Learner Teacher,teacher,teacher,auto,,
,high school science teacher,2,High School Science Teacher,teacher,teacher,auto,,
,high school social studies teacher,2,High School Social Studies Teacher,teacher,teacher,auto,,
,high school special education teacher,2,High School Special Education Teacher,teacher,teacher,auto,,
,infant teacher,2,Infant Teacher,teacher,teacher,auto,,
,infant toddler preschool teacher,2,Infant/Toddler/Preschool Teacher,teacher,teacher,auto,,
,mathematics teacher,2,Mathematics Teacher,teacher,teacher,auto,,
,middle school history teacher,2,Middle School History Teacher,teacher,teacher,auto,,
,middle school math teacher,2,Middle School Math Teacher,teacher,teacher,auto,,
,music teacher,2,Music Teacher,teacher,teacher,auto,,
,nature preschool teacher,2,Nature Preschool Teacher,teacher,teacher,auto,,
,part-time early childhood teacher intern,2,Part-Time Early Childhood Teacher Intern,teacher,teacher,auto,,
,physical education teacher,2,Physical Education Teacher,teacher,teacher,auto,,
,piano teacher,2,Piano Teacher,teacher,teacher,auto,,
,resource esl teacher,2,Resource ESL Teacher,teacher,teacher,auto,,
,sped teacher - iep & assessment specialist,2,SPED Teacher - IEP & Assessment Specialist,teacher,teacher,auto,,
,title i teacher - sy 24-25,2,Title I Teacher - SY 24-25,teacher,teacher,auto,,
,vpk lead teacher,2,VPK Lead Teacher,teacher,teacher,auto,,
,*$3k signing bonus* 2024-25 middle school special education teacher 7th grade,1,*$3k Signing Bonus* 2024-25 Middle School Special Education Teacher (7th Grade),teacher,teacher,auto,,
,2023-2024 grade 1 teacher - reed doris m. es,1,"2023-2024 Grade 1 Teacher - REED, DORIS M. ES",teacher,teacher,auto,,
,2024 - 2025 physical education teacher bennett es,1,2024 - 2025 Physical Education Teacher BENNETT ES,teacher,teacher,auto,,
,2024 teacher sub - kcu,1,2024 Teacher Sub - KCU,teacher,teacher,auto,,
,2024-2025 - biological science teacher - valley hs,1,2024-2025 - BIOLOGICAL SCIENCE TEACHER - VALLEY HS,teacher,teacher,auto,,
,2024-2025 - english teacher - southwest career tech academy,1,2024-2025 - ENGLISH TEACHER - SOUTHWEST CAREER TECH ACADEMY,teacher,teacher,auto,,
,2024-2025 - grade 3 teacher - ward es,1,2024-2025 - GRADE 3 TEACHER - WARD ES,teacher,teacher,auto,,
,2024-2025 - grade 5 english language arts teacher - ward es,1,2024-2025 - GRADE 5 (English Language Arts) TEACHER - WARD ES,teacher,teacher,auto,,
,2024-2025 - physical education girls teacher - valley hs,1,2024-2025 - PHYSICAL EDUCATION (Girls) TEACHER - VALLEY HS,teacher,teacher,auto,,
,2024-2025 autism teacher- manch j.e. es,1,"2024-2025 Autism Teacher- MANCH, J.E. ES",teacher,teacher,auto,,
,2024-2025 computer applications teacher- del sol hs,1,2024-2025 Computer Applications Teacher- Del Sol HS,teacher,teacher,auto,,
,2024-2025 early childhood inclusion eci teacher - newton ulis es,1,"2024-2025 EARLY CHILDHOOD INCLUSION (ECI) TEACHER - NEWTON, ULIS ES",teacher,teacher,auto,,
,2024-2025 english teacher 7-8 - cortney jhs,1,2024-2025 English Teacher 7-8 - CORTNEY JHS,teacher,teacher,auto,,
,2024-2025 english teacher-shadow ridge hs,1,2024-2025 ENGLISH TEACHER-SHADOW RIDGE HS,teacher,teacher,auto,,
,2024-2025 english teacher-shadow teacher,1,2024-2025 ENGLISH TEACHER-SHADOW TEACHER,teacher,teacher,auto,,
,2024-2025 explorations teacher ms - webb ms,1,2024-2025 Explorations Teacher MS - Webb MS,teacher,teacher,auto,,
,2024-2025 food services management teacher - bonanza hs,1,2024-2025 FOOD SERVICES MANAGEMENT TEACHER - BONANZA HS,teacher,teacher,auto,,
,2024-2025 french teacher 7-8 - martin ms,1,2024-2025 French Teacher (7-8) - Martin MS,teacher,teacher,auto,,
,2024-2025 general resource room teacher - escobedo ms,1,2024-2025 GENERAL RESOURCE ROOM TEACHER - ESCOBEDO MS,teacher,teacher,auto,,
,2024-2025 general resource room teacher ms - fremont ms,1,2024-2025 GENERAL RESOURCE ROOM TEACHER MS - FREMONT MS,teacher,teacher,auto,,
,2024-2025 general resource teacher - ellis es,1,2024-2025 General Resource Teacher - Ellis ES,teacher,teacher,auto,,
,2024-2025 general resource teacher - nevada learning academy,1,2024-2025 GENERAL RESOURCE TEACHER - NEVADA LEARNING ACADEMY,teacher,teacher,auto,,
,2024-2025 general resource teacher - silvestri jhs,1,2024-2025 GENERAL RESOURCE TEACHER - SILVESTRI JHS,teacher,teacher,auto,,
,2024-2025 grade 1 teacher - deskin es,1,2024-2025 Grade 1 Teacher - Deskin ES,teacher,teacher,auto,,
,2024-2025 grade 1 teacher goynes es,1,2024-2025 Grade 1 Teacher Goynes ES,teacher,teacher,auto,,
,2024-2025 grade 1 teacher- woolley es,1,2024-2025 Grade 1 Teacher- Woolley ES,teacher,teacher,auto,,
,2024-2025 grade 2 teacher- french es,1,2024-2025 Grade 2 Teacher- French ES,teacher,teacher,auto,,
,2024-2025 grade 3 teacher - earl ira es,1,"2024-2025 Grade 3 Teacher - Earl, Ira ES",teacher,teacher,auto,,
,2024-2025 grade 3 teacher - whitney es,1,2024-2025 Grade 3 Teacher - WHITNEY ES,teacher,teacher,auto,,
,2024-2025 grade 3 teacher- reedom es,1,2024-2025 Grade 3 Teacher- Reedom ES,teacher,teacher,auto,,
,2024-2025 grade 4 teacher - fine es,1,2024-2025 Grade 4 Teacher - Fine ES,teacher,teacher,auto,,
,2024-2025 grade 4 teacher - mendoza john es,1,"2024-2025 GRADE 4 TEACHER - MENDOZA, JOHN ES",teacher,teacher,auto,,
,2024-2025 grade 4 teacher - smalley j.e.a.r. es,1,"2024-2025 GRADE 4 TEACHER - SMALLEY, J.E.A.R. ES",teacher,teacher,auto,,
,2024-2025 grade 4 teacher-ober dvorre hal es,1,"2024-2025 Grade 4 Teacher-OBER, DVORRE HAL ES",teacher,teacher,auto,,
,2024-2025 grade 5 teacher - hummel es,1,2024-2025 GRADE 5 TEACHER - HUMMEL ES,teacher,teacher,auto,,
,2024-2025 grade 5 teacher - scott es,1,2024-2025 Grade 5 Teacher - Scott ES,teacher,teacher,auto,,
,2024-2025 grade 5 teacher-vassiliadis es,1,2024-2025 Grade 5 Teacher-Vassiliadis ES,teacher,teacher,auto,,
,2024-2025 intermediate autism teacher - katz es,1,2024-2025 Intermediate Autism Teacher - Katz ES,teacher,teacher,auto,,
,2024-2025 k-12 social emotional teaching and reinforcement teacher- manch j.e. es,1,"2024-2025 K-12 Social/Emotional Teaching and Reinforcement Teacher- MANCH, J.E. ES",teacher,teacher,auto,,
,2024-2025 kindergarten teacher - bunker es,1,2024-2025 Kindergarten Teacher - Bunker ES,teacher,teacher,auto,,
,2024-2025 kindergarten teacher - hollingsworth howard es,1,"2024-2025 Kindergarten Teacher - HOLLINGSWORTH, HOWARD ES",teacher,teacher,auto,,
,2024-2025 kindergarten teacher - kelly matt es,1,"2024-2025 Kindergarten Teacher - Kelly, Matt ES",teacher,teacher,auto,,
,2024-2025 kindergarten teacher - mountain view es,1,2024-2025 Kindergarten Teacher - MOUNTAIN VIEW ES,teacher,teacher,auto,,
,2024-2025 kindergarten teacher - tarr es,1,2024-2025 Kindergarten Teacher - Tarr ES,teacher,teacher,auto,,
,2024-2025 kindergarten teacher - wright es,1,2024-2025 Kindergarten Teacher - Wright ES,teacher,teacher,auto,,
,2024-2025 math teacher 6 - becker ms,1,2024-2025 Math Teacher 6 - Becker MS,teacher,teacher,auto,,
,2024-2025 math teacher hs - palo verde hs,1,2024-2025 MATH TEACHER HS - PALO VERDE HS,teacher,teacher,auto,,
,2024-2025 math teacher- desert oasis hs,1,2024-2025 Math Teacher- Desert Oasis HS,teacher,teacher,auto,,
,2024-2025 music teacher - middle school,1,[2024-2025] Music Teacher - Middle School,teacher,teacher,auto,,
,2024-2025 physical science teacher - clark hs,1,2024-2025 Physical Science Teacher - CLARK HS,teacher,teacher,auto,,
,2024-2025 robotics teacher - mojave hs,1,2024-2025 Robotics Teacher - Mojave HS,teacher,teacher,auto,,
,2024-2025 science teacher - elementary school,1,[2024-2025] Science Teacher - Elementary School,teacher,teacher,auto,,
,2024-2025 science teacher - high school,1,[2024-2025] Science Teacher - High School,teacher,teacher,auto,,
,2024-2025 special education ict teacher - elementary school,1,[2024-2025] Special Education (ICT) Teacher - Elementary School,teacher,teacher,auto,,
,2024-2025 special education teacher - high school,1,[2024-2025] Special Education Teacher - High School,teacher,teacher,auto,,
,2024-2025 specialized learning disabled sld teacher - garside frank jhs,1,"2024-2025 SPECIALIZED LEARNING DISABLED (SLD) TEACHER - GARSIDE, FRANK JHS",teacher,teacher,auto,,
,2024-2025 study skills teacher ms - keller ms,1,2024-2025 Study Skills Teacher MS - KELLER MS,teacher,teacher,auto,,
,2024-2025 vocal chorus teacher ms - martin ms,1,2024-2025 Vocal/Chorus Teacher MS - Martin MS,teacher,teacher,auto,,
,2024-2025- social studies teacher-northeast career and technical academy,1,2024-2025- Social Studies Teacher-Northeast Career and Technical Academy,teacher,teacher,auto,,
,2024-25 high school algebra 2 teacher,1,2024-25 High School Algebra 2 Teacher,teacher,teacher,auto,,
,2024-25 lead teacher - bronx ny grades k-8 available august 2024,1,"2024-25 Lead Teacher - Bronx, NY (Grades K-8, Available August 2024)",teacher,teacher,auto,,
,2024-25 middle school math teacher 7th grade,1,2024-25 Middle School Math Teacher (7th Grade),teacher,teacher,auto,,
,2024-25 middle school science teacher 6th grade,1,2024-25 Middle School Science Teacher (6th Grade),teacher,teacher,auto,,
,2024-25 middle school special education teacher,1,2024-25 Middle School Special Education Teacher,teacher,teacher,auto,,
,2024-25 special education teacher k-8,1,2024-25 Special Education Teacher (K-8),teacher,teacher,auto,,
,2025-2024 - history teacher - valley hs,1,2025-2024 - HISTORY TEACHER - VALLEY HS,teacher,teacher,auto,,
,24 25 special ed. teacher *up to $2000 weekly,1,24/25 Special Ed. Teacher *Up to $2000/Weekly,teacher,teacher,auto,,
,24 25 sy special ed. teacher *up to $2000 wk,1,24/25 SY Special Ed. Teacher *Up to $2000/wk,teacher,teacher,auto,,
,24 25 sy special education teacher,1,24/25 SY Special Education Teacher,teacher,teacher,auto,,
,24-25 8th science teacher - regular education,1,24-25 8th Science Teacher - Regular Education,teacher,teacher,auto,,
,24-25 high school financial literacy teacher,1,24-25 High School Financial Literacy Teacher,teacher,teacher,auto,,
,24-25 special education teacher,1,24-25 Special Education Teacher,teacher,teacher,auto,,
,24-25 sy special ed teacher *up to $2000 wk,1,24-25 SY Special Ed Teacher *Up to $2000/wk,teacher,teacher,auto,,
,24-25 sy special ed. teacher,1,24-25 Sy Special Ed. teacher,teacher,teacher,auto,,
,24-25 teacher - special education irr,1,24-25 Teacher - Special Education IRR,teacher,teacher,auto,,
,3 4 gym teacher,1,3/4 Gym Teacher,teacher,teacher,auto,,
,3rd grade teacher,1,3rd Grade Teacher,teacher,teacher,auto,,
,3rd grade teacher - atkinson academy 2024-2025 *enhanced support stipend eligible school - start time 9 40,1,3rd Grade Teacher – Atkinson Academy (2024-2025)*Enhanced Support Stipend Eligible School - Start Time 9:40,teacher,teacher,auto,,
,3rd grade teacher - breckenridge franklin elementary school 2024-2025 *enhanced support stipend eligible school - start time 9 40,1,3rd Grade Teacher – Breckenridge Franklin Elementary School (2024-2025)*Enhanced Support Stipend Eligible School - Start Time 9:40,teacher,teacher,auto,,
,3rd grade teacher - tucson - 2024-2025,1,3rd Grade Teacher - Tucson - 2024-2025,teacher,teacher,auto,,
,3rd grade teacher - wellington elementary school 2024-2025 - start time 9 40,1,3rd Grade Teacher – Wellington Elementary School (2024-2025) - Start Time 9:40,teacher,teacher,auto,,
,3rd grade teacher uplift white rock hills primary 24-25,1,3rd Grade Teacher: Uplift White Rock Hills Primary (24-25),teacher,teacher,auto,,
,4th grade teacher - field elementary school 2024-2025 - start time 8 40 am,1,4th Grade Teacher – Field Elementary School (2024-2025) - Start Time 8:40 AM,teacher,teacher,auto,,
,4th grade teacher - foster elementary school 2024-2025 *enhanced support stipend eligible school - start time 9 40,1,4th Grade Teacher – Foster Elementary School (2024-2025)*Enhanced Support Stipend Eligible School - Start Time 9:40,teacher,teacher,auto,,
,4th grade teacher - indian trail elementary school 2024-2025 *enhanced support stipend eligible school - start time 9 40,1,4th Grade Teacher – Indian Trail Elementary School (2024-2025)*Enhanced Support Stipend Eligible School - Start Time 9:40,teacher,teacher,auto,,
,5 6 grade social studies teacher,1,5/6 Grade Social Studies Teacher,teacher,teacher,auto,,
,5-12 apprentice teacher,1,5-12 Apprentice Teacher,teacher,teacher,auto,,
,5-12 special education teacher,1,5-12 Special Education Teacher,teacher,teacher,auto,,
,5-12 teacher - middle high school teacher,1,"5-12 Teacher - Middle, High School Teacher",teacher,teacher,auto,,
,5th grade teacher,1,5th Grade Teacher,teacher,teacher,auto,,
,5th grade teacher - mill creek elementary school 2024-2025 *enhanced support stipend eligible school - start time 7 40,1,5th Grade Teacher – Mill Creek Elementary School (2024-2025) *Enhanced Support Stipend Eligible School - Start Time 7:40,teacher,teacher,auto,,
,5th grade teacher - norton elementary school 2024-2025 - start time 9 40 am,1,5th Grade Teacher – Norton Elementary School (2024-2025) - Start Time 9:40 AM,teacher,teacher,auto,,
,60% classroom teacher 7-8 - math - hanshaw junior high school,1,"60% Classroom Teacher, 7-8 - Math - Hanshaw Junior High School",teacher,teacher,auto,,
,6th grade math teacher - middle school,1,6th Grade Math Teacher - Middle School,teacher,teacher,auto,,
,6th grade science teacher - middle school,1,6th Grade Science Teacher - Middle School,teacher,teacher,auto,,
,7 8 math teacher at propel east,1,7/8 Math Teacher at Propel East,teacher,teacher,auto,,
,7th grade math and science teacher - founders classical academy of conroe,1,7th Grade Math and Science Teacher - Founders Classical Academy of Conroe,teacher,teacher,auto,,
,7th grade social studies teacher - middle school,1,7th Grade Social Studies Teacher - Middle School,teacher,teacher,auto,,
,8th grade math teacher at propel braddock hills middle school,1,8th Grade Math Teacher at Propel Braddock Hills Middle School,teacher,teacher,auto,,
,9-12th grade math teacher,1,9-12th Grade Math Teacher,teacher,teacher,auto,,
,9th grade science-summer teacher,1,9th Grade Science-Summer Teacher,teacher,teacher,auto,,
,9th-12th grade lead teacher- premier high school windcrest of san antonio,1,9th-12th Grade Lead Teacher- Premier High School (Windcrest) of San Antonio,teacher,teacher,auto,,
,9th-12th grade teacher - premier high school of lubbock,1,9th-12th Grade Teacher - Premier High School of Lubbock,teacher,teacher,auto,,
,american sign language teacher,1,American Sign Language Teacher,teacher,teacher,auto,,
,anchor long-term substitute physical education health teacher,1,Anchor: Long-Term Substitute Physical Education/Health Teacher,teacher,teacher,auto,,
,ape teacher needed in newport mesa ca $45 hr.,1,"APE Teacher needed in Newport Mesa, CA $45/Hr.",teacher,teacher,auto,,
,art p.e. teacher - sy 24-25,1,Art/P.E. Teacher - SY 24-25,teacher,teacher,auto,,
,associate teacher child development center infant toddler full time,1,Associate Teacher / Child Development Center Infant Toddler / Full Time,teacher,teacher,auto,,
,bilingual early head start lead teacher - waukegan il 10k sign on bonus,1,"Bilingual Early Head Start Lead Teacher - Waukegan, IL, 10k Sign On Bonus",teacher,teacher,auto,,
,bilingual teacher spanish,1,Bilingual Teacher (Spanish),teacher,teacher,auto,,
,biology teacher pool,1,Biology Teacher Pool,teacher,teacher,auto,,
,business and communications 7th grade explore teacher - echo trail middle school 2024-2025 start time 7 40,1,Business and Communications (7th Grade) EXPLORE Teacher - Echo Trail Middle School (2024-2025) Start Time 7:40,teacher,teacher,auto,,
,camden immediate 2023 - 2024 teacher - elementary school,1,Camden: [Immediate 2023 - 2024] Teacher - Elementary School,teacher,teacher,auto,,
,cca fort lauderdale elementary teacher -general application,1,CCA Fort Lauderdale Elementary Teacher -General Application,teacher,teacher,auto,,
,certified - 1st grade elementary teacher - tara heights elementary,1,Certified - 1st Grade Elementary Teacher - Tara Heights Elementary,teacher,teacher,auto,,
,certified - secondary math teacher - la vista middle school,1,Certified - Secondary Math Teacher – La Vista Middle School,teacher,teacher,auto,,
,certified pre k teacher - full time,1,Certified Pre K Teacher - Full Time,teacher,teacher,auto,,
,certified special education teacher - $46-$52 hr,1,Certified Special Education Teacher - $46-$52/hr,teacher,teacher,auto,,
,certified teacher,1,Certified Teacher,teacher,teacher,auto,,
,child development teacher-gluck child care,1,Child Development Teacher-Gluck Child Care,teacher,teacher,auto,,
,childcare center teacher- childtime learning center hazelmere dr,1,"Childcare Center Teacher- Childtime Learning Center, Hazelmere Dr",teacher,teacher,auto,,
,childcare center teacher- childtime learning center millcreek dr,1,"Childcare Center Teacher- Childtime Learning Center, Millcreek Dr",teacher,teacher,auto,,
,childcare center teacher- childtime learning center pleasant grove blvd,1,"Childcare Center Teacher- Childtime Learning Center, Pleasant Grove Blvd",teacher,teacher,auto,,
,childcare teacher,1,Childcare Teacher,teacher,teacher,auto,,
,chinese teacher elementary,1,Chinese Teacher (Elementary),teacher,teacher,auto,,
,class teacher early years - st john’s church of england primary school enfield,1,"Class Teacher (Early Years) – St John’s Church of England Primary School, Enfield",teacher,teacher,auto,,
,classroom teacher,1,Classroom Teacher,teacher,teacher,auto,,
,cte fire science teacher - fern creek traditional high school 2024-2025 - start time 8 40,1,CTE Fire Science Teacher - Fern Creek Traditional High School (2024-2025) - Start time 8:40,teacher,teacher,auto,,
,day care teacher-child care center,1,Day Care Teacher-Child Care Center,teacher,teacher,auto,,
,dp math teacher algebra ii uplift grand high 24-25,1,DP Math Teacher/Algebra II: Uplift Grand High (24-25),teacher,teacher,auto,,
,dyslexia teacher k-8,1,Dyslexia Teacher K-8,teacher,teacher,auto,,
,early childhood lead teacher eclt preschool room - petes place 1.0 fte,1,"Early Childhood Lead Teacher (ECLT) Preschool Room - Petes Place, 1.0 FTE",teacher,teacher,auto,,
,early childhood support teacher,1,Early Childhood Support Teacher,teacher,teacher,auto,,
,early childhood teacher *fte*,1,Early Childhood Teacher *FTE*,teacher,teacher,auto,,
,early childhood teacher - layne elementary school 2024-2025 - start time 7 40,1,Early Childhood Teacher - Layne Elementary School (2024-2025)- Start Time 7:40,teacher,teacher,auto,,
,early head start lead teacher - waukegan il 10k sign on bonus,1,"Early Head Start Lead Teacher - Waukegan, IL, 10k Sign On Bonus",teacher,teacher,auto,,
,early head start toddler teacher - riverside early learning center,1,Early Head Start Toddler Teacher - Riverside Early Learning Center,teacher,teacher,auto,,
,early learning lead teacher,1,Early Learning Lead Teacher,teacher,teacher,auto,,
,ec teacher for '24 '25 needed!,1,EC Teacher for '24/'25 Needed!,teacher,teacher,auto,,
,ece lbd high school teacher #1 - valley high school - job id 30180 2024-2025 - start time 8 40,1,ECE LBD High School Teacher #1 - Valley High School - JOB ID 30180 (2024-2025) - Start Time 8:40,teacher,teacher,auto,,
,ece lbd teacher - j. graham brown school 2024-2025 job id 30296 - start time 8 00,1,ECE (LBD) Teacher - J. Graham Brown School (2024-2025) Job ID: 30296 - Start Time 8:00,teacher,teacher,auto,,
,ece teacher lbd - gutermuth school 2024-2025 start time 7 40,1,ECE Teacher (LBD) - Gutermuth School (2024-2025) Start Time 7:40,teacher,teacher,auto,,
,ece teacher- hartstern elementary school 2024-2025 start time 9 30,1,ECE Teacher- Hartstern Elementary School (2024-2025) Start Time 9:30,teacher,teacher,auto,,
,educare teacher summer camp,1,Educare Teacher Summer Camp,teacher,teacher,auto,,
,elem classroom teacher,1,Elem Classroom Teacher,teacher,teacher,auto,,
,elem classroom teacher dual language immersion,1,Elem Classroom Teacher/Dual Language Immersion,teacher,teacher,auto,,
,elem. life skills special education teacher,1,Elem. Life Skills Special Education Teacher,teacher,teacher,auto,,
,elementary 5th grade teacher,1,Elementary 5th Grade Teacher,teacher,teacher,auto,,
,elementary autism special education teacher,1,Elementary Autism Special Education Teacher,teacher,teacher,auto,,
,elementary or middle school - specials teacher sy 24 - 25,1,Elementary or Middle School - Specials Teacher (SY 24 - 25),teacher,teacher,auto,,
,elementary pe teacher,1,Elementary PE Teacher,teacher,teacher,auto,,
,elementary performing arts teacher,1,Elementary Performing Arts Teacher,teacher,teacher,auto,,
,elementary school apprentice teacher,1,Elementary School Apprentice Teacher,teacher,teacher,auto,,
,elementary school science lead teacher - greater boston 2024-2025,1,Elementary School: Science Lead Teacher - Greater Boston (2024-2025),teacher,teacher,auto,,
,elementary teacher,1,Elementary Teacher,teacher,teacher,auto,,
,elementary teacher - 1st grade,1,Elementary Teacher - 1st Grade,teacher,teacher,auto,,
,emergent bilingual classroom teacher,1,Emergent Bilingual Classroom Teacher,teacher,teacher,auto,,
,english and history teacher,1,English and History Teacher,teacher,teacher,auto,,
,english language arts teacher,1,English Language Arts Teacher,teacher,teacher,auto,,
,english language development teacher eld - frayser elementary school 2024-2025 *enhanced support stipend eligible school - start time 9 40,1,English Language Development Teacher (ELD) - Frayser Elementary School (2024-2025)*Enhanced Support Stipend Eligible School - Start Time 9:40,teacher,teacher,auto,,
,english second language teacher,1,English Second Language Teacher,teacher,teacher,auto,,
,english second language teacher korea,1,English Second Language Teacher (Korea),teacher,teacher,auto,,
,english teacher 8th grade,1,English Teacher (8th Grade),teacher,teacher,auto,,
,ewa beach elementary - special education pre-k teacher 2024-01413,1,Ewa Beach Elementary - Special Education Pre-K Teacher (2024-01413),teacher,teacher,auto,,
,experienced spanish ii and iii teacher with 10am-6pm est availability part-time,1,Experienced Spanish II and III Teacher with 10am-6pm EST AVAILABILITY (Part-time),teacher,teacher,auto,,
,experienced toddler teacher,1,Experienced Toddler Teacher,teacher,teacher,auto,,
,explore teacher consumer science - echo trail middle school 2024-2025 start time 7 40',1,EXPLORE Teacher Consumer Science - Echo Trail Middle School (2024-2025) Start Time 7:40');,teacher,teacher,auto,,
,eyfs teacher - st peter’s ce primary school paddington,1,"EYFS Teacher – St Peter’s CE Primary School, Paddington",teacher,teacher,auto,,
,family and consumer science teacher - high school,1,Family and Consumer Science Teacher - High School,teacher,teacher,auto,,
,founding elementary teacher,1,Founding Elementary Teacher,teacher,teacher,auto,,
,founding high school science teacher,1,Founding High School Science Teacher,teacher,teacher,auto,,
,freelance teacher,1,Freelance Teacher,teacher,teacher,auto,,
,french or english language teacher in usa nyc time zone,1,French or English Language Teacher in USA/NYC Time Zone,teacher,teacher,auto,,
,future opening lead teacher,1,Future Opening: Lead Teacher,teacher,teacher,auto,,
,future opening lead toddler teacher,1,Future Opening: Lead Toddler Teacher,teacher,teacher,auto,,
,general education teacher,1,General Education Teacher,teacher,teacher,auto,,
,general education teacher -esy,1,General Education Teacher -ESY,teacher,teacher,auto,,
,general education teacher 24-25 sy,1,General Education Teacher 24-25 SY,teacher,teacher,auto,,
,german teacher,1,German Teacher,teacher,teacher,auto,,
,grade 3 teacher at disney elementary,1,Grade 3 Teacher at Disney Elementary,teacher,teacher,auto,,
,grade 5 teacher at bryan elementary,1,Grade 5 Teacher at Bryan Elementary,teacher,teacher,auto,,
,health teacher,1,HEALTH TEACHER,teacher,teacher,auto,,
,high school ela teacher - seneca high school 2024-2025 job id 30368 - start time 8 40,1,High School ELA Teacher - Seneca High School (2024-2025) Job ID: 30368 - Start Time 8:40,teacher,teacher,auto,,
,high school engineering design teacher immediate - kipp somos collegiate,1,High School Engineering Design Teacher (Immediate) - KIPP Somos Collegiate,teacher,teacher,auto,,
,high school english teacher,1,High School English Teacher,teacher,teacher,auto,,
,high school mathematics teacher,1,High School Mathematics Teacher,teacher,teacher,auto,,
,high school physics teacher,1,High School Physics Teacher,teacher,teacher,auto,,
,high school resource teacher - pathfinder school of innovation 2024-2025 job id 30294 - start time 8 00,1,High School Resource Teacher - Pathfinder School of Innovation (2024-2025) Job ID: 30294 - Start Time 8:00,teacher,teacher,auto,,
,high school spanish teacher 2024-2025,1,High School Spanish Teacher (2024-2025),teacher,teacher,auto,,
,high school teacher - english and history,1,High School Teacher - English and History,teacher,teacher,auto,,
,homework cafe teacher,1,Homework Cafe Teacher,teacher,teacher,auto,,
,hs geometry teacher,1,HS Geometry Teacher,teacher,teacher,auto,,
,humanities teacher,1,Humanities Teacher,teacher,teacher,auto,,
,infant toddler twos teacher,1,Infant/Toddler/Twos Teacher,teacher,teacher,auto,,
,integrated sciences teacher middle and high school,1,Integrated Sciences Teacher: Middle and High School,teacher,teacher,auto,,
,intermediate teacher - portland elementary school 2024-2025 *enhanced support stipend eligible school - start time 8 40,1,Intermediate Teacher – Portland Elementary School (2024-2025)*Enhanced Support Stipend Eligible School - Start Time 8:40,teacher,teacher,auto,,
,k- 8 art teacher,1,K- 8 Art Teacher,teacher,teacher,auto,,
,k-3 science associate teacher,1,K-3 Science Associate Teacher,teacher,teacher,auto,,
,kalama intermediate - grade 6-8 special education teacher - hawaiian language program 2024-01513,1,Kalama Intermediate - Grade 6-8 Special Education Teacher - Hawaiian Language Program (2024-01513),teacher,teacher,auto,,
,kamali'i elementary - grade 3-5 teacher 2024-01391,1,Kamali'i Elementary - Grade 3-5 Teacher (2024-01391),teacher,teacher,auto,,
,kanoelani elementary - grade k-6 music teacher 2024-01022,1,Kanoelani Elementary - Grade K-6 Music Teacher (2024-01022),teacher,teacher,auto,,
,kihei elementary - grades k-5 drama creative movement dance teacher 2024-01290,1,Kihei Elementary - Grades K-5 Drama/Creative Movement/Dance Teacher (2024-01290),teacher,teacher,auto,,
,kindergarten associate teacher,1,Kindergarten Associate Teacher,teacher,teacher,auto,,
,king kekaulike high - grade 9-12 art teacher 2024-01306,1,King Kekaulike High - Grade 9-12 Art Teacher (2024-01306),teacher,teacher,auto,,
,king kekaulike high - grade 9-12 science teacher 2024-01336,1,King Kekaulike High - Grade 9-12 Science Teacher (2024-01336),teacher,teacher,auto,,
,kulanihakoi high- grade 9-11 cte construction and advanced manufacturing teacher 2024-01301,1,Kulanihakoi High- Grade 9-11 CTE Construction and Advanced Manufacturing Teacher (2024-01301),teacher,teacher,auto,,
,kulanihakoi high- grade 9-11 cte culinary teacher 2024-01299,1,Kulanihakoi High- Grade 9-11 CTE Culinary Teacher (2024-01299),teacher,teacher,auto,,
,kulanihakoi high- grade 9-11 cte- digital design and media production teacher 2024-01300,1,Kulanihakoi High- Grade 9-11 CTE- Digital Design and Media Production Teacher (2024-01300),teacher,teacher,auto,,
,kulanihakoi high- grade 9-11 special education cbi program teacher 2024-01297,1,Kulanihakoi High- Grade 9-11 Special Education CBI Program Teacher (2024-01297),teacher,teacher,auto,,
,kulanihakoi high- grade 9-11 special education inclusion teacher 2024-01294,1,Kulanihakoi High- Grade 9-11 Special Education Inclusion Teacher (2024-01294),teacher,teacher,auto,,
,language teacher,1,Language Teacher,teacher,teacher,auto,,
,lead general studies teacher,1,Lead General Studies Teacher,teacher,teacher,auto,,
,lead infant teacher,1,Lead Infant Teacher,teacher,teacher,auto,,
,lead preschool teacher & parent educator,1,Lead Preschool Teacher & Parent Educator,teacher,teacher,auto,,
,lead preschool teacher pel,1,Lead Preschool Teacher (PEL),teacher,teacher,auto,,
,lead teacher - prek,1,Lead Teacher - PreK,teacher,teacher,auto,,
,lead teacher for toddler classroom,1,Lead Teacher for Toddler Classroom,teacher,teacher,auto,,
,learning enhancement teacher 2024 - junior learning community,1,Learning Enhancement Teacher 2024 - Junior Learning Community,teacher,teacher,auto,,
,learning support special ed. teacher,1,Learning Support Special Ed. Teacher,teacher,teacher,auto,,
,licensed teacher,1,Licensed Teacher,teacher,teacher,auto,,
,lower school teacher- first grade,1,Lower School Teacher- First Grade,teacher,teacher,auto,,
,master teacher of business,1,Master Teacher of Business,teacher,teacher,auto,,
,math intervention teacher,1,Math Intervention Teacher,teacher,teacher,auto,,
,math science teacher - aspire benjamin holt middle school,1,Math/Science Teacher - Aspire Benjamin Holt Middle School,teacher,teacher,auto,,
,math teacher,1,Math Teacher,teacher,teacher,auto,,
,math teacher #1- thomas jefferson middle school 2024-2025 - start time 8 40 *enhanced support stipend eligible school*,1,Math Teacher #1- Thomas Jefferson Middle School (2024-2025) - Start Time 8:40 *Enhanced Support Stipend Eligible School*,teacher,teacher,auto,,
,math teacher #2 - central high school - job id 30298 2024-2025 - start time 7 40,1,Math Teacher #2 - Central High School - Job ID: 30298 (2024-2025) - Start Time 7:40,teacher,teacher,auto,,
,math teacher #2 valley high school job id 30178 2024-2025 - start time 8 40,1,Math Teacher (#2) Valley High School Job ID 30178 (2024-2025) - Start Time 8:40,teacher,teacher,auto,,
,math teacher #3- central high school - job id 30300 2024-2025 - start time 7 40,1,Math Teacher #3- Central High School - Job ID: 30300 (2024-2025) - Start Time 7:40,teacher,teacher,auto,,
,math teacher - high school,1,Math Teacher - High School,teacher,teacher,auto,,
,math teacher - middle school,1,Math Teacher - Middle School,teacher,teacher,auto,,
,math teacher 2024-2025 school year,1,Math Teacher (2024-2025 School Year),teacher,teacher,auto,,
,math teacher 3rd grade,1,Math Teacher (3rd Grade),teacher,teacher,auto,,
,maunaloa elementary - pre-school teacher 2024-01333,1,Maunaloa Elementary - Pre-School Teacher (2024-01333),teacher,teacher,auto,,
,mde teacher,1,MDE Teacher,teacher,teacher,auto,,
,medscience teacher 65410br,1,MEDscience Teacher (65410BR),teacher,teacher,auto,,
,miami 2024-2025 middle school ela teacher gr. 5-8,1,Miami: [2024-2025] Middle School ELA Teacher (Gr. 5-8),teacher,teacher,auto,,
,middle school ela teacher 2024-2025,1,Middle School ELA Teacher 2024-2025,teacher,teacher,auto,,
,middle school ela teacher 2024-2025 school year,1,Middle School ELA Teacher (2024-2025 School Year),teacher,teacher,auto,,
,middle school humanities teacher - glendale - 2024-2025,1,Middle School Humanities Teacher - Glendale - 2024-2025,teacher,teacher,auto,,
,middle school inclusive learning special education ict teacher 2024-2025,1,Middle School Inclusive Learning (Special Education/ICT) Teacher (2024-2025),teacher,teacher,auto,,
,middle school lead teacher ela social studies math science or foreign language firstline schools,1,"Middle School Lead Teacher (ELA, Social Studies, Math, Science, or Foreign Language), FirstLine Schools",teacher,teacher,auto,,
,middle school math teacher 2024-2025,1,Middle School Math Teacher: 2024-2025,teacher,teacher,auto,,
,middle school math teacher 2024-2025 school year,1,Middle School Math Teacher (2024-2025 School Year),teacher,teacher,auto,,
,middle school music teacher - 6th-8th grade - 2024 2025 school year,1,Middle School Music Teacher - 6th-8th Grade - 2024/2025 School Year,teacher,teacher,auto,,
,middle school performing arts teacher,1,Middle School Performing Arts Teacher,teacher,teacher,auto,,
,middle school spanish and french teacher,1,Middle School Spanish and French Teacher,teacher,teacher,auto,,
,middle school special education teacher,1,Middle School Special Education Teacher,teacher,teacher,auto,,
,middle school special education teacher multi-cat cert required,1,Middle School Special Education Teacher (Multi-Cat Cert Required),teacher,teacher,auto,,
,middle school teacher- 47500,1,Middle School Teacher- 47500,teacher,teacher,auto,,
,mild mod special education teacher - north highlands california,1,Mild/Mod Special Education Teacher - North Highlands California,teacher,teacher,auto,,
,music teacher at propel hazelwood,1,Music Teacher at Propel Hazelwood,teacher,teacher,auto,,
,music teacher at propel montour middle school,1,Music Teacher at Propel Montour Middle School,teacher,teacher,auto,,
,music teacher store 245,1,Music Teacher Store 245,teacher,teacher,auto,,
,one year old teacher,1,One Year Old Teacher,teacher,teacher,auto,,
,online efl intern teacher,1,Online EFL Intern Teacher,teacher,teacher,auto,,
,overseas english music business pe teacher christian schools free airfare housing,1,"Overseas English, Music, Business, PE Teacher, Christian Schools (free airfare/housing)",teacher,teacher,auto,,
,p.e. teacher - sy 24-25,1,P.E. Teacher - SY 24-25,teacher,teacher,auto,,
,part time music teacher,1,Part Time Music Teacher,teacher,teacher,auto,,
,pediatric ekg teacher only mds in the us,1,Pediatric EKG Teacher (only MDs in the US),teacher,teacher,auto,,
,performing arts teacher,1,Performing Arts Teacher,teacher,teacher,auto,,
,physical education health teacher,1,Physical Education/Health Teacher,teacher,teacher,auto,,
,piano teacher - in-person,1,Piano Teacher - IN-PERSON,teacher,teacher,auto,,
,pk-8 pe health teacher & advisor,1,PK-8 PE/Health Teacher & Advisor,teacher,teacher,auto,,
,pohakea elementary school 4th grade elem teacher 2024-01073,1,"Pohakea Elementary School, 4th Grade Elem Teacher (2024-01073)",teacher,teacher,auto,,
,pomaika'i elementary - grade k-1 special education teacher 2024-01273,1,Pomaika'i Elementary - Grade K-1 Special Education Teacher (2024-01273),teacher,teacher,auto,,
,pre-k apprentice teacher,1,Pre-K Apprentice Teacher,teacher,teacher,auto,,
,pre-k sped teacher $55 hr 2024-2025 sy,1,Pre-K SPED Teacher $55/hr 2024-2025 SY,teacher,teacher,auto,,
,pre-school director teacher,1,Pre-School Director/Teacher,teacher,teacher,auto,,
,pre-school lead teachers and teacher assistants,1,Pre-School Lead Teachers and Teacher Assistants,teacher,teacher,auto,,
,prek montessori teacher,1,PreK Montessori Teacher,teacher,teacher,auto,,
,preschool lead teacher sign on bonus,1,Preschool Lead Teacher SIGN ON BONUS,teacher,teacher,auto,,
,preschool school age teacher,1,Preschool School Age Teacher,teacher,teacher,auto,,
,preschool substitute teacher,1,Preschool Substitute Teacher,teacher,teacher,auto,,
,primary k-2 gen ed teacher,1,Primary (K-2) Gen Ed Teacher,teacher,teacher,auto,,
,primary teacher - atkinson elementary school 2024-2025 *enhanced support stipend eligible school - start time 9 40,1,Primary Teacher – Atkinson Elementary School (2024-2025)*Enhanced Support Stipend Eligible School - Start Time 9:40,teacher,teacher,auto,,
,primary teacher - auburndale elementary school 2024-2025 - start time 8 00,1,Primary Teacher – Auburndale Elementary School (2024-2025) - Start Time 8:00,teacher,teacher,auto,,
,primary teacher - maupin elementary school 2024-2025 *enhanced support stipend eligible school - start time 9 40,1,Primary Teacher – Maupin Elementary School (2024-2025)*Enhanced Support Stipend Eligible School - Start Time 9:40,teacher,teacher,auto,,
,quest academy day treatment special education teacher 2024-25 school year,1,Quest Academy Day Treatment Special Education Teacher (2024-25 School Year),teacher,teacher,auto,,
,reading intervention teacher,1,READING INTERVENTION TEACHER,teacher,teacher,auto,,
,reading teacher,1,Reading Teacher,teacher,teacher,auto,,
,registered music together teacher,1,Registered Music Together Teacher,teacher,teacher,auto,,
,resident teacher,1,Resident Teacher,teacher,teacher,auto,,
,school teacher,1,School Teacher,teacher,teacher,auto,,
,science social studies teacher 4th grade,1,Science/Social Studies Teacher (4th Grade),teacher,teacher,auto,,
,science teacher - high school,1,Science Teacher - High School,teacher,teacher,auto,,
,science teacher 2024-2025 school year,1,Science Teacher (2024-2025 School Year),teacher,teacher,auto,,
,science teacher grades 6 through 12,1,Science Teacher (Grades 6 through 12),teacher,teacher,auto,,
,second grade associate teacher,1,Second Grade Associate Teacher,teacher,teacher,auto,,
,second grade teacher,1,Second Grade Teacher,teacher,teacher,auto,,
,secondary agriculture teacher,1,Secondary Agriculture Teacher,teacher,teacher,auto,,
,secondary ela teacher- 47194,1,Secondary ELA Teacher- 47194,teacher,teacher,auto,,
,secondary math teacher 6-12,1,Secondary Math Teacher (6-12),teacher,teacher,auto,,
,secondary science teacher 6-12,1,Secondary Science Teacher (6-12),teacher,teacher,auto,,
,self-contained special education teacher secondary → $5 000 sign-on bonus!,1,"Self-contained Special Education Teacher, (Secondary) → $5,000 Sign-on Bonus!",teacher,teacher,auto,,
,senior investigator tester teacher,1,Senior Investigator/Tester/Teacher,teacher,teacher,auto,,
,senior school mathematics teacher 2024-25 school year,1,Senior School Mathematics Teacher (2024-25 School Year),teacher,teacher,auto,,
,site director teacher,1,Site Director/Teacher,teacher,teacher,auto,,
,social science teacher,1,Social Science Teacher,teacher,teacher,auto,,
,social studies teacher,1,Social Studies Teacher,teacher,teacher,auto,,
,social studies teacher - seneca high school 2024-2025 job id 30365 - start 8 40am,1,Social Studies Teacher - Seneca High School (2024-2025) Job ID: 30365 - Start 8:40AM,teacher,teacher,auto,,
,social studies teacher middle school,1,"Social Studies Teacher, Middle School",teacher,teacher,auto,,
,spanish teacher,1,Spanish Teacher,teacher,teacher,auto,,
,spanish teacher 1st grade,1,Spanish Teacher (1st Grade),teacher,teacher,auto,,
,spanish teacher grades 6 through 12,1,Spanish Teacher (Grades 6 through 12),teacher,teacher,auto,,
,spanish teacher high school,1,Spanish Teacher (High School),teacher,teacher,auto,,
,spanish teacher pre k,1,Spanish Teacher (Pre K),teacher,teacher,auto,,
,special ed teacher- 2024 2025 school year,1,Special Ed Teacher- 2024/2025 School Year,teacher,teacher,auto,,
,special education elementary resource teacher .5 reagan .5 morton,1,Special Education Elementary Resource Teacher (.5 Reagan/.5 Morton),teacher,teacher,auto,,
,special education elementary teacher,1,Special Education Elementary Teacher,teacher,teacher,auto,,
,special education self-contained teacher,1,Special Education Self-Contained Teacher,teacher,teacher,auto,,
,special education summer school teacher 3 positions #2024-309,1,Special Education Summer School Teacher (3 Positions) #2024-309,teacher,teacher,auto,,
,special education teacher - $50 hr 2024-2025 school year,1,Special Education Teacher - $50/hr (2024-2025 school year),teacher,teacher,auto,,
,special education teacher - 24 25 school year,1,Special Education Teacher - 24/25 School Year,teacher,teacher,auto,,
,special education teacher - ams flower - 2024-2025- $2000 sign on bonus,1,Special Education Teacher - AMS Flower - 2024-2025- $2000 Sign on Bonus,teacher,teacher,auto,,
,special education teacher - augusta maine,1,Special Education Teacher - Augusta Maine,teacher,teacher,auto,,
,special education teacher - chandler arizona,1,Special Education Teacher - Chandler Arizona,teacher,teacher,auto,,
,special education teacher - es,1,Special Education Teacher - ES,teacher,teacher,auto,,
,special education teacher - kent washington,1,Special Education Teacher - Kent Washington,teacher,teacher,auto,,
,special education teacher - mild moderate,1,Special Education Teacher - Mild/Moderate,teacher,teacher,auto,,
,special education teacher - up to $2 031.00 week - glendale az,1,"Special Education Teacher - up to $2,031.00/week - Glendale, AZ",teacher,teacher,auto,,
,special education teacher at propel east,1,Special Education Teacher at Propel East,teacher,teacher,auto,,
,special education teacher for 2024-2025 school year,1,Special Education Teacher for 2024-2025 School Year,teacher,teacher,auto,,
,special education teacher for summer day camp director starting fall 2024,1,Special Education Teacher For Summer Day Camp Director (starting fall 2024),teacher,teacher,auto,,
,special education teacher k-6,1,Special Education Teacher k-6,teacher,teacher,auto,,
,special education teacher mild mod,1,Special Education Teacher (Mild/Mod),teacher,teacher,auto,,
,special education teacher mild to moderate,1,Special Education Teacher Mild to Moderate,teacher,teacher,auto,,
,special education teacher mod severe - 24 25 school year,1,Special Education Teacher (Mod/Severe) - 24/25 School Year,teacher,teacher,auto,,
,special education teacher resource room 7-8,1,Special Education Teacher Resource Room 7-8,teacher,teacher,auto,,
,special education teacher uplift triumph primary 24-25,1,Special Education Teacher : Uplift Triumph Primary (24-25),teacher,teacher,auto,,
,special education teacher- founders classical academy of bastrop,1,Special Education Teacher- Founders Classical Academy of Bastrop,teacher,teacher,auto,,
,special education teacher- middle school,1,Special Education Teacher- Middle School,teacher,teacher,auto,,
,special education teacher-lincoln montessori anticipated,1,Special Education Teacher-Lincoln/Montessori (Anticipated),teacher,teacher,auto,,
,special education teacher-pre-k-tolleson az,1,"Special Education Teacher-Pre-K-Tolleson, AZ",teacher,teacher,auto,,
,special education teacher-self contained-sy 24-25,1,Special Education Teacher-Self Contained-SY 24-25,teacher,teacher,auto,,
,special education teacher-sy 24-25,1,Special Education Teacher-SY 24-25,teacher,teacher,auto,,
,sped teacher,1,SPED Teacher,teacher,teacher,auto,,
,sped teacher - ece speech language pathologist,1,SPED Teacher - ECE Speech Language Pathologist,teacher,teacher,auto,,
,sped teacher - severe needs,1,SPED Teacher - Severe Needs,teacher,teacher,auto,,
,sped teacher - up to $1 800.00 week - el mirage az,1,"SPED Teacher - up to $1,800.00/week - El Mirage, AZ",teacher,teacher,auto,,
,sped teacher - up to $2 204.00 week - phoenix az,1,"SPED Teacher - up to $2,204.00/week - Phoenix,AZ",teacher,teacher,auto,,
,sped teacher needed,1,SPED Teacher Needed,teacher,teacher,auto,,
,substitute teacher - k-12 - hiring now,1,Substitute Teacher - K-12 - Hiring Now,teacher,teacher,auto,,
,substitute teacher-long term,1,Substitute Teacher-Long Term,teacher,teacher,auto,,
,summer program stem teacher,1,Summer Program STEM Teacher,teacher,teacher,auto,,
,teacher - 2024 2025 school year,1,Teacher - 2024/2025 School Year,teacher,teacher,auto,,
,teacher - art - elementary,1,Teacher - Art - Elementary,teacher,teacher,auto,,
,teacher - consumer family studies - middle,1,Teacher - Consumer Family Studies - Middle,teacher,teacher,auto,,
,teacher - elementary gr. 1 sei endorsement required sy24-25,1,"Teacher - Elementary, Gr. 1 (SEI Endorsement Required) (SY24-25)",teacher,teacher,auto,,
,teacher - english - ms,1,Teacher - English - MS,teacher,teacher,auto,,
,teacher - english language development,1,Teacher - English Language Development,teacher,teacher,auto,,
,teacher - foreign language - spanish,1,Teacher - Foreign Language - Spanish,teacher,teacher,auto,,
,teacher - grade 2,1,Teacher - Grade 2,teacher,teacher,auto,,
,teacher - grade 3,1,Teacher - Grade 3,teacher,teacher,auto,,
,teacher - grade 5,1,Teacher - Grade 5,teacher,teacher,auto,,
,teacher - grade 6,1,Teacher - Grade 6,teacher,teacher,auto,,
,teacher - grade k,1,Teacher - Grade K,teacher,teacher,auto,,
,teacher - guitar - providence ms - 2024-25,1,Teacher - Guitar - Providence MS - 2024-25,teacher,teacher,auto,,
,teacher - mathematics - middle,1,Teacher - Mathematics - Middle,teacher,teacher,auto,,
,teacher - mathematics gr. 9-12 sei endorsement required anticipated vacancy sy24-25,1,"Teacher - Mathematics, Gr. 9-12 (SEI Endorsement Required) (Anticipated Vacancy) (SY24-25)",teacher,teacher,auto,,
,teacher - music general - middle,1,Teacher - Music General - Middle,teacher,teacher,auto,,
,teacher - science - high,1,Teacher - Science - High,teacher,teacher,auto,,
,teacher - stem - elementary,1,Teacher - STEM - Elementary,teacher,teacher,auto,,
,teacher -mathematics - high,1,Teacher -Mathematics - High,teacher,teacher,auto,,
,teacher 5 year old - schaffner elementary school 2024-2025 - start time 7 40,1,Teacher 5 Year Old – Schaffner Elementary School (2024-2025)- Start Time 7:40,teacher,teacher,auto,,
,teacher art sy24-25,1,Teacher Art SY24-25,teacher,teacher,auto,,
,teacher early hs i,1,Teacher Early HS I,teacher,teacher,auto,,
,teacher elementary - grade 3,1,Teacher Elementary - Grade 3,teacher,teacher,auto,,
,teacher english learner secondary - sy 2024-25,1,Teacher English Learner Secondary - SY 2024-25,teacher,teacher,auto,,
,teacher english literature background urgent search,1,Teacher (English Literature background) [Urgent Search],teacher,teacher,auto,,
,teacher english reading specialist,1,"Teacher, English (Reading Specialist)",teacher,teacher,auto,,
,teacher ex ed comprehensive - interim sy23-24,1,Teacher Ex Ed Comprehensive - Interim (SY23-24),teacher,teacher,auto,,
,teacher ex ed interventionist - sy 2024-25,1,Teacher Ex Ed Interventionist - SY 2024-25,teacher,teacher,auto,,
,teacher for the visually impaired - union grove area,1,Teacher for the Visually Impaired - Union Grove Area,teacher,teacher,auto,,
,teacher grade 2 24-25 sy,1,Teacher Grade 2 (24-25 SY),teacher,teacher,auto,,
,teacher grade 4 $2 500 soi incentive 24-25 sy,1,"Teacher Grade 4 ($2,500 SOI Incentive) 24-25 SY",teacher,teacher,auto,,
,teacher grade 6 english language arts sy24-25,1,Teacher Grade 6 English Language Arts SY24-25,teacher,teacher,auto,,
,teacher grade 8 english language arts sy 2024-25,1,Teacher Grade 8 English Language Arts SY 2024-25,teacher,teacher,auto,,
,teacher kindergarten 24-25 sy,1,Teacher Kindergarten (24-25 SY),teacher,teacher,auto,,
,teacher of computer science,1,Teacher of Computer Science,teacher,teacher,auto,,
,teacher of the deaf and hard of hearing,1,Teacher of the Deaf and Hard of Hearing,teacher,teacher,auto,,
,teacher part time,1,Teacher Part Time,teacher,teacher,auto,,
,teacher posting #181-24,1,Teacher (Posting #181-24),teacher,teacher,auto,,
,teacher sp ed - res interrelated - special education,1,Teacher Sp Ed - Res Interrelated - Special Education,teacher,teacher,auto,,
,teacher special education,1,"Teacher, Special Education",teacher,teacher,auto,,
,teacher special education english,1,"Teacher, Special Education/English",teacher,teacher,auto,,
,teacher- cox north learning center,1,Teacher- Cox North Learning Center,teacher,teacher,auto,,
,teacher-regular education english speakers of other languages esol,1,"Teacher-Regular Education, English Speakers of Other Languages (ESOL)",teacher,teacher,auto,,
,teacher-science,1,TEACHER-SCIENCE,teacher,teacher,auto,,
,teacher-special education #2024-150a3,1,Teacher-Special Education #2024-150A3,teacher,teacher,auto,,
,technology and engineering teacher - full time permanent position,1,Technology and Engineering Teacher - Full Time Permanent Position,teacher,teacher,auto,,
,toddler lead teacher,1,Toddler Lead Teacher,teacher,teacher,auto,,
,turnaround teacher - mathematics gr. 6-12 sei endorsement required sy24-25,1,"Turnaround: Teacher - Mathematics, Gr. 6-12 (SEI Endorsement Required) (SY24-25)",teacher,teacher,auto,,
,two-year-old lead teacher,1,Two-year-old Lead Teacher,teacher,teacher,auto,,
,upper elementary school teacher grades 3-5,1,Upper Elementary School Teacher (Grades 3-5),teacher,teacher,auto,,
,upper middle school spanish and french teacher episcopal school of acadiana,1,Upper/Middle School Spanish and French Teacher Episcopal School of Acadiana,teacher,teacher,auto,,
,upper school mathematics teacher,1,Upper School Mathematics Teacher,teacher,teacher,auto,,
,ut elementary school teacher,1,UT Elementary School Teacher,teacher,teacher,auto,,
,virtual 6-9 math teacher 2024-2025,1,Virtual 6-9 Math Teacher (2024-2025),teacher,teacher,auto,,
,vpk teacher,1,VPK Teacher,teacher,teacher,auto,,
,westover long-term substitute teacher elementary teacher - grade 1,1,Westover: Long-Term Substitute Teacher Elementary Teacher - Grade 1,teacher,teacher,auto,,
,world languages teacher-latin,1,World Languages Teacher-Latin,teacher,teacher,auto,,
,yoga teacher,1,Yoga Teacher,yoga_teacher,yoga_teacher,auto,,
