pair_id,jd_title,jd_text,bio_text
p000,Multi-Media Reporter,"Multi Skilled Journalist- Fort Worth/Dallas CBS O&O in Dallas (KTVT) is looking for a dynamic and enterprising Multi Skilled Journalist. The MSJ will produce content for all platforms in a manner that is accurate, engaging, and meaningful to news consumers. MSJs are responsible for enterprising content and delivering a story from start to finish. Must shoot, write, edit, and have knowledge of how to integrate news graphics into packages. Candidate will have strong technical skills and ability to troubleshoot issues that arise in the field. Must also have a dynamic on-air presence and the ability to deliver final news product creatively and concisely. Candidates must be engaged digitally and understand how to utilize multi-platform content distribution. Physical Demands: Must be able to carry and set up a camera on a tripod, have knowledge of how to light interview subjects and how to operate edit software with speed and accuracy. Candidate must have a valid driver's license and clean driving record in order to operate a company vehicle. Experience working with Inews and Grass Valley is desired. Knowledge of the DFW area is extremely helpful. Journalism or allied degree preferred. ViacomCBS is an equal opportunity employer (EOE) including disability/vet. CBS News and Stations, brings together the power of CBS News, 28 owned television stations in 17 major U.S. markets, the CBS News Streaming Network, CBS News Streaming local platforms, local websites and cbsnews.com, under one umbrella. CBS News and Stations is home to the nation’s #1 news program 60 MINUTES, the CBS News Streaming Network, the first 24/7 digital streaming news network, the award-winning broadcasts CBS MORNINGS, CBS SATURDAY MORNING, the CBS EVENING NEWS WITH NORAH O’DONNELL, CBS SUNDAY MORNING, CBS WEEKEND EVENING NEWS, 48 HOURS and FACE THE NATION WITH MARGARET BRENNAN. CBS News and Stations provides news and information for the CBS Television Network, CBSNews.com, CBS News Radio and podcasts, Paramount +, all digital platforms, and the CBS News Streaming Network, the premier 24/7 anchored streaming news service that is available free to everyone with access to the internet. The CBS News Streaming Network is the destination for breaking news, live events, original reporting and storytelling, and programs from CBS News and Stations’ top anchors and correspondents working locally, nationally and around the globe. CBS News’ streaming services, across national and local, amassed more than 1.01 billion streams in 2021. Launched in November 2014 as CBSN, the CBS News Streaming Network is available on 30 digital platforms and apps, as well as CBSNews.com and Paramount+. The service is available live in 91 countries. CBS News and Stations is dedicated to providing the highest quality journalism under standards it pioneered and continues to set in today’s digital age. CBS News earns more prestigious journalism awards than any other broadcast news division. Organizations that wish to receive job vacancy notices from this posting’s television station should contact sf_recruitingsupport@paramount.com. Paramount is an equal opportunity employer (EOE) including disability/vet. At Paramount, the spirit of inclusion feeds into everything that we do, on-screen and off. From the programming and movies we create to employee benefits/programs and social impact outreach initiatives, we believe that opportunity, access, resources and rewards should be available to and for the benefit of all. Paramount is proud to be an equal opportunity workplace and is an affirmative action employer. We are committed to equal employment opportunity regardless of race, color, ethnicity, ancestry, religion, creed, sex, national origin, sexual orientation, age, citizenship status, marital status, disability, gender identity, gender expression, and Veteran status. If you are a qualified individual with a disability or a disabled veteran, you may request a reasonable accommodation if you are unable or limited in your ability to use or access https://www.paramount.com/careers as a result of your disability. You can request reasonable accommodations by calling 212.846.5500 or by sending an email to paramountaccommodations@paramount.com. Only messages left for this purpose will be returned.","He has diverse training in pain management, having assisted in numerous neurosurgery surgical cases since 2009, as well as caring for patient’s during pre- and post-op. Matthew also has experience in orthopedic/sports medicine to non-surgically treat different pain conditions of the spine, joints, headaches, et cetera."
p001,Interior Designer,"Interior Designer Salary: $80,000 - $100,000 + PTO + 401(k) + Career Progression Are you an interior designer passionate about creating incredible designs, looking for an opportunity to join a growing and award-winning firm? On offer is a chance to be part of a firm that values creativity and innovation, providing sophisticated and exciting designs across various projects. With us, you'll contribute to a family-oriented team atmosphere while handling all aspects of the design and build process. This company is renowned for its rich history of excellence in architecture and interior design. they pride themselves on creating a supportive, social environment. The firm is on an exciting growth trajectory, aiming to expand their team and bring fresh, innovative ideas to life. You will be integral in collaborating with senior staff on the design and production of documents, preparing and reviewing construction drawings, and ensuring projects meet quality and time expectations. This role offers the opportunity to engage in all aspects of building code applications, perform field surveys, and coordinate with various professional disciplines, all while contributing to a culture of excellence and innovation. This role would suit an ambitious interior designer eager to leave a mark on the industry through creative design, collaboration, and a dedication to quality. Don't miss this chance to step into a role where your contributions are valued and your growth is guaranteed. The Role:Collaborate on design and production of documents with senior staff.Prepare and complete design projects to client satisfaction.Engage in all aspects of the building code and regulatory compliance.Opportunity for initial training and progression to a more senior role. The Candidate:3+ years proven experience as an interior designer in hospitality or commercial projects with a portfolio of completed work.Proficiency in AutoCAD and Revit.Proficiency in Microsoft Office Suite.Degree qualified in design or related field. To apply for this role or to be considered for further roles, please click ""Apply Now"" or contact Jack Scott at Rise Technical Recruitment. Rise Technical Recruitment Ltd acts as an employment agency for permanent roles and an employment business for temporary roles. The salary advertised is the bracket available for this position. The actual salary paid will be dependent on your level of experience, qualifications, and skill set. We are an equal opportunities employer and welcome applications from all suitable candidates.","He brings a deep understanding of color, form, and construction to all of the firm’s work, and insists that each client’s style is faithfully yet surprisingly interpreted in every aspect of their project. Perhaps his greatest asset is the ability to instantly see the potential in any space and to artfully facilitate transformation - keeping in mind every detail - from start to finish.Take a closer look at Garrison’s journey in becoming a successful small business owner, marketing expert, and top-notch interior designer.GHID’s work continues to be featured in print and digital magazines including, Wall Street Journal, Embark Magazine, Portrait Of Portland, Gray Magazine, House Of Fifty + more!"
p002,Primary Teacher – Auburndale Elementary School (2024-2025) - Start Time 8:00,"24-25 Teacher Transfer Instructions: Current JCPS teachers who wish to transfer into this position must click HERE to be considered for this transfer. Transfer requests for this position WILL NOT be considered after 4/24/2024. For more information regarding the JCTA Teacher Transfer Process, please refer to Article 16 from the JCTA contract. If you are not a current JCPS certified employee, you are not eligible to apply for this position. Job Description: (Attached) Salary Schedule: III (Attached) Days/Hours: 187days/7 hours Salary Range: 47,096.47 - 86,228.13 As per board approved salary placement rules Scope of Responsibilites: Plans, organizes and delivers the program of instruction based on approved curriculum; monitors, evaluates, and communicates student progress;maintains records and makes reports; enforces Board policies, regulations, and rules; supervises students, and secures and maintains school property and materials. Minimum Qualifications: Kentucky certification appropriate to the grade level and curricular assignment (K-5) Experience and preparation required by the BoardInformation you enter in the Experience section of the online application will be used to verify your qualification for this position. Information should be entered accurately and completely Falsification of an employment application is grounds for exclusion from consideration and/or termination**","Dr. Aarti Tiwari Dhawan practices at The Sterling Dental Clinic in Vasant Vihar, Delhi. She completed BDS from Dr. D.Y. Patil Dental College Hospital, Pune in 2002. She is a member of Delhi Medical Association (DMA). Some of the services provided by the doctor are: Cast Partial Denture,Dental Sealant,RCT - Single Sitting,Cosmetic/ Aesthetic Dentistry and RCT - Root Canal Treatment etc."
p003,Lecturer/Assistant Professor of Instruction in Psychology,"Job Summary The Department of Psychology in the College of Science at The University of Texas at Arlington invites applications for a non-tenure-track ( NTT ) faculty position to begin Fall 2024. The NTT faculty position is a full-time position at the rank of Lecturer for M.S. or M.A. candidates and Assistant Professor of Instruction rank for Ph.D. candidates. This is a nine-month renewable contract position that will support the degree programs offered in our department in the areas of Psychological Sciences, Health/Neuroscience and Industrial and Organizational Psychology. In accordance with USCIS regulations, successful applicants must be legally able to accept work in the United States. We are unable to sponsor or take over sponsorship of an employment Visa at this time. Required Qualifications Qualified applicants will have a minimum of a master’s degree in psychology, or a closely related field, experience teaching large classes, enthusiasm for working with undergraduates, and demonstrated excellence in teaching at the college level utilizing active learning and innovative pedagogies. In addition to teaching, candidates will be expected to contribute to the quality and growth of the department by meeting service expectations of the department, college, and university to promote our undergraduate programs and enhance our students’ educational experience. Preferred Qualifications Preference will be given to candidates having a Ph.D. in psychology, or a closely related field, and at least two years of experience teaching university-level psychology courses. Familiarity with the Canvas learning management system is also preferred. Essential Duties And Responsibilities We seek candidates whose teaching interests complement and strengthen our existing departmental fields of study. Candidates specializing in all sub-disciplines of psychology are welcome to apply; however, preference will be given to candidates with demonstrated teaching excellence in general psychology and/or statistics. NTT instructors are expected to teach four courses each fall and spring semester at the undergraduate level, primarily using a face-to-face teaching modality. Successful candidates should be strongly committed to inclusive teaching practices, undergraduate mentorship, and student success. Salary will be competitive and commensurate with qualifications and experience.","She holds a First Class Honours Degree in Fine Art from De Montfort University and is a member of the Royal Institute of Painters in Watercolours (RI) and an Associate Member of the Royal Society of Marine Artists (ARSMA). Deborah exhibited in the Sunday Times Watercolour Competition 2016 and has been a regular exhibitor over the past five years, appearing in the 2011, 2013 and 2015 exhibitions. Working mainly in watercolour, Deborah depicts landscapes in both broad expanse and close-up detail and aims to develop ‘a language of drawing and painting that can express feelings and emotional responses‘."
p004,Photographer,"Creatives on Call is seeking an experienced photographer who will be onsite at client's location on April 30th (Tuesday) in Wabasha, MN to capture an awards event coverage spanning a handful of hours. You will be accompanied by a videographer. ** must have own equipment available. We are looking for the following deliverables: Photo album from event (Same day within a few hours). Light touch-ups as necessary.Pre-production duties to collaborate and understand client requirements and objectives in order to organize the logistics. Equipment Setup: Set up and operate camera equipment. Ensure all equipment is operational. Capture high-quality photography. Post-production editing duties as necessary. Requirements: Available on the 30th and a preparation call before the event with the client and Creatives on Call.Be prepared to bring your own camera equipment. Experienced photographer3-5 years of corporate photography experience nice to have. DRESS is BUSINESS PROFESSIONAL for the shoot",He has worked and traveled widely throughout the United States and currently lives in California. He is the guest editor for the anniversary issue of poeticdiversity.
p005,"Contract Food Photographer, Taste of Home","About Us TMB (Trusted Media Brands) is the world's leading community-driven entertainment company engaging more than 200 million consumers worldwide across streaming TV, social media, web and print. Our portfolio of brands including FailArmy, Family Handyman, People Are Awesome, Reader's Digest, Taste of Home, The Healthy, and The Pet Collective, is powered by content that's inspired and created by our fans. Together our community sparks curiosity, fuels laughter, and inspires people to live big, full, fantastic lives. Learn more about our brands, our data-driven marketing solutions, our award-winning licensing services, and much more at . About The Role As a contract Food Photographer for Taste of Home, you are key to our recipe publishing initiative: to infuse our recipe content with advice, images and expertise. Working closely with the Managing Editor, you use your polished photography and styling skills and culinary knowledge to create engaging, on-brand recipe images to help us reach our lofty production goals. You are clear, creative, organized and flexible. Contractors in this role will have the capacity to shoot at least 25 recipes per month. Applications are accepted on our site and contracts and payments will be managed through a third-party platform. About You A whip-smart photographer who thrives on deadlines, you use your culinary expertise and keen eye to shoot on-brand food imagery that captures the recipe steps and the finished dish. Organized, creative and quick, you see feedback as a growth opportunity. At home, you love to cook and track what is happening in the food world. Your Day-to-day You prepare and style Taste of Home recipes, then photograph hero images, ingredient stills, and step-by-step shots as outlined in each assignmentYou adhere to the lighting, propping, surface and composition best practices provided in the brand style guideYou shop for ingredients according to each recipe, ensuring that they are fresh and photogenicYou follow the method described in each recipe, using the appropriate tools and dishesYou edit, retouch, name and deliver high-resolution images following brand guidelines and meeting weekly deadlines You have: 3+ years of professional experience photographing and styling food; professional culinary experience a plusProven knowledge of a CMS (content management system) such as WordPress, a project database such as Airtable, and Adobe image products such as Photoshop and BridgeKeen organization skills, consistently meeting deadlines and catching all the detailsEffective communication skills: comfortable accepting and applying constructive feedbackSolid knowledge and understanding of the digital landscapeAbility to work independentlyA keen familiarity with, and interest in, the food and food-lifestyle space in general, and food photography trends TMB embraces inclusivity and values our diverse community. We are committed to building a team based on qualifications, merit and business need. We are proud to be an equal opportunity employer and do not discriminate on the basis of race, religion, color, national origin, gender, sexual orientation, age, marital status, veteran status, or disability status.",Lee is studying a BFA in photography program at the School of Visual Arts (SVA) in Manhattan. His unique artistic vision and highly sensitive aesthetic sense create a great synergy which allows him to extract hidden beauty from subjects. He is an innovative Photographer with advanced specialization in Fine Arts and Commercial Photography.
p006,Orthopaedic Surgeon - Full Time,"Monadnock Community Hospital, located in the beautiful Monadnock region of southern New Hampshire, is searching for a full-time community based Orthopedic Surgeon to join a small but vibrant multispecialty group on the hospitals main campus. The Surgeon would join two established Orthopedic Surgeon teams, non-surgical Physiatry and Chronic Pain Management Specialists. The Surgeon will partner with colleagues trained at prestigious institutions with subspecialty fellowships, all highly regarded in the region. The Surgeon would be responsible for collaborating and coordinating treatment with multiple Monadnock Community Hospital departments for the delivery of appropriate orthopedic health care services, providing care in a professional, efficient, and ethical manner. This will be done in accordance with the standards and recommendations of CMS, applicable laws and regulations outlined by the state of New Hampshire and the philosophy of Monadnock Community Hospital. Board Certification is required. We are a family of dedicated professionals committed to making a difference in the lives of those we serve by providing high quality patient centered care. Your esteemed expertise in orthopedic surgery will align seamlessly with our mission to provide cutting-edge medical care. At MCH we offer a collaborative work environment paired with the technological equipment needed to foster an environment where your skills can truly flourish. Monadnock Orthopaedic Associates is a dynamic practice, comprised of a highly respected and skilled team of orthopedic professionals. Our practice offers high quality orthopedic care to our community and beyond with services ranging from sports medicine and general community orthopedics, physiatry, pain management, joint replacement, pediatric orthopedics, deformity correction, and spine surgery. We invite you to learn more about our practice and expert team by visiting MonadnockOrtho.org. Join us in our mission to provide high-quality care to elevate the health and wellbeing of our community. This full-time position comes with competitive compensation and a generous benefits package. Highlights: Critical access hospital committed to elevating the health and wellbeing of our communityHighly organized practice with partners committed to collaborative care and supporting one anotherClose proximity to Boston and New Hampshire beaches and the White MountainsCommunity boasts a wide variety of activities which support a work/life balanceExcellent school systems; multiple private school options Quick Facts: MCH network consists of primary care services including Internal Medicine, Pediatrics, Family Practice; on campus Behavioral Health Services, a large Physical Therapy center and specialty practices including Cardiology, Gastroenterology; General Surgery; Pulmonary Function Testing & Stress Testing; Wound Healing Center & Vascular ServicesNo state income tax or sales tax in New Hampshire Benefits:Competitive compensation package based on experience, with a generous benefits package; Robust Retirement PlanHealth Insurance; Dental Insurance; Life Insurance; Short/Long Term DisabilityContinuing Medical Education (CME) up to $5000Flexible Time Off (FTO) - flexible time giving you autonomy over how to schedule and use your time offCoverage of all Licensing and fees; Malpractice insurance coverage; Tail CoveragePaid access to Fitness Center and Wellness Programs ResponsibilitiesPatient Assessment:Conducts comprehensive patient assessments, including interviews, physical examinations, and systems reviewsReviews and interprets clinical data to formulate differential diagnoses and develop treatment plans incorporating diagnostic testing, interventions, and educationNotifies patients of results and follows their progress, adjusting treatment plans as necessary Treatment Planning:Make appropriate referrals and adhere to established standards of care and hospital policiesImplement and regularly update individualized treatment plansCoordinate care within a multidisciplinary team Inpatient/Emergency Department Services:Participate in call 1:3 24-hour call coverage, including weekendsManage patient care in office, and throughout all hospital associated departmentsPerforms evaluations, consultations and inpatient responsibilities Documentation of Services:Maintains thorough and timely patient documentation using Electronic Medical Record; completes all documentation within 24 hours of service, locks all notes within 72 hoursAdheres to coding and documentation standards Liaison Functions:Represents the practice in community activitiesParticipates in marketing and educational events to enhance public imageServes on relevant committees Quality Improvement Participation:Engages in Quality Improvement and Assurance projectsFocuses on enhancing and maintaining patient satisfaction Patient Satisfaction:Demonstrates courtesy, respect, and caring in patient interactionsUtilize patient survey feedback for continuous improvement Office Functions/Billing:Works collaboratively and respectfully with support staff to maximize efficient practice operationsAdheres to established policies, procedures, and standardsParticipates in staff meetings and collaborative care planning Collaboration:Works with healthcare team members in crafting and following care policies and standardsEnsures protection of patient rights and adherence to HIPAA regulations Education:Participates in developing and evaluating educational programs and services Scheduling:Manages work hours to fulfill patient care and committee participation dutiesMeets specific clinical patient contact hour requirements Credentialing:Submits timely credentialing and re-credentialing information Location of Services:Provides services at the assigned practice on MCH campus in Peterborough, NH Policies and Procedures:Follows all relevant policies, including safety and infection control Secondary Functions:Attends physician and management meetingsMaintains State licensure and Board certifications Knowledge, Skills, and Abilities:Delivers age appropriate patient care within scope of practiceMeets physical requirements for the rolePossesses effective communication skillsVisual and auditory acuity for professional responsibilitiesApplies extensive knowledge and judgment in field-related tasks","She graduated with honors in 2006. Having more than 11 years of diverse experiences, especially in NURSE PRACTITIONER, Barbara A Dominguez affiliates with many hospitals including Providence Hospital, Medstar Washington Hospital Center, George Washington Univ Hospital, Howard University Hospital, and cooperates with other doctors and specialists in medical group Unity Health Care, Inc. Call Barbara A Dominguez on phone number (202) 388-8160 for more information and advises or to book an appointment."
p007,General Dentist,"Looking for a dentist to join our 23+ years established and fast-growing private practice (Non-DSO) in Myrtle Beach, SC. Full-time position Monday through Thursday (closed Fridays). Specializing in general, restorative and cosmetic dentistry. Molar endodontic and implant experience a plus. We are a 100% fee for service practice. Salary negotiable based on experience. Send resumes/CV to Kristen@DrRearden.com.","Whaley in the clinic and assists in surgical cases. He is available for appointments Monday through Friday. He has privileges at the Nix Hospital, Methodist System, Baptist System, Christus Santa Rosa System, Alamo Heights Surgery Center and the Spine Hospital of South Texas."
p008,"Photographer, ShowingTime+ (Boston, MA)","About The Team ShowingTime+ is seeking experienced photographers for part-time real estate photography work. Apply your photography skills to the Real Estate industry, capturing high quality photos, drone imagery, and Zillow’s 3D interactive floor plans to help real estate agents professionally market listings. By working with us you’ll be at the forefront of Real Estate photography innovation, capturing media that consumers want to see when shopping for a home. ShowingTime+’s photographers will be expected to drive between job sites in their market area, capture media, and complete minor editing work. About The Role This is a part-time position supporting Boston, MA area. We anticipate that photographers in this role will typically work 20 hours per week, depending on their location and business needs. Photographers may occasionally be expected to work more than 20 hours per week to meet high demand. While this is a part time position, there will be opportunities for full time employment in the future as the business grows. As a Photographer supporting ShowingTime+ and our Listing Media Services, you will: Capture still photography, Zillow 3D interactive floor plan virtual tours, and drone imagery on for sale properties. Use cutting- edge proprietary technology to create captivating rich media experiences. Innovate the home buying process by providing the media experiences consumers want when shopping for a home. This role has been categorized as a Field position. “Field” employees perform the majority of their work in the field, not at any specific corporate or other office location. Employees must live within reasonable commuting distance of their designated ZG office. ZG has not defined a reasonable distance, and expects employees will use judgment in determining this for themselves and understand the implications re: time commitment and cost of daily commute. In California, Colorado, Connecticut, Hawaii, Nevada, New York and Washington the standard base pay range for this role is $17.10 - $27.30 Hourly. This base pay range is specific to California, Colorado, Connecticut, Hawaii, Nevada, New York and Washington and may not be applicable to other locations. In addition to a competitive base pay, employees in this role are eligible for incentive compensation and equity awards. Actual amounts will vary depending on experience, performance and location. Who you are An experienced photographer with a talent for capturing high quality images (preferably in Real Estate photography). Someone with excellent customer service & professional business communication skills (you'll be engaging with the clients on a daily basis). A motivated, detail-oriented person who can efficiently capture a home while maintaining the highest quality standards. A punctual professional who always shows up on time and delivers captured media by communicated deadlines. An independent worker, comfortable working solo. Requirements The ability to learn ShowingTime+’s processes and computer systems. Experience capturing high quality photography, preferably exterior and interior real estate photos, 3D tours, and drone photography. FAA Part 107 certification for drone work (preferred). Possession of a valid driver's license and access to a reliable personal vehicle for business transportation. Access to reliable internet upload speeds. You will be uploading media every day. Required Equipment:A DSLR camera with the ability to shoot in AEB mode and a wide-angle lens (as an example, a Canon EOS 80D with the Canon EF-S 10-22mm Ultra Wide Angle Lens or better). Smart phone with cellular data (iOS15 and above or Android 7 and above). Preferred Equipment:A Ricoh or Insta360 3D camera. A Drone with AEB photography and 1080p/60fps videography capabilities. Interior Video equipment capable of 1080p/60fps. Get to know us Zillow is reimagining real estate to make home a reality for more and more people. As the most-visited real estate website in the United States, Zillow® and its affiliates help movers find and win their home through digital solutions, first class partners, and easier buying, selling, financing and renting experiences. Millions of people visit Zillow Group sites every month to start their home search, and now they can rely on Zillow to help make it easier to move. The work we do helps people get home and no matter what job you're in, you will play a critical role in making home a reality for more and more people. Our efforts to streamline the real estate transaction are supported by a deep-rooted culture of innovation, our passion to redefine the employee experience, a fundamental commitment to Equity and Belonging, and world-class benefits. These benefits include comprehensive medical, dental, vision, life, and disability coverages as well as parental leave, family benefits, retirement contributions, and paid time off. We’re also setting the standard for work experiences of the future, where our employees are supported in doing their best work and living a flexible, well-balanced life. But don’t just take our word for it. Read recent reviews on Glassdoor and recent recognition from multiple organizations, including: the 100 Best Companies to Work For, Glassdoor Employees’ Choice Award, Bloomberg Gender-Equality Index, Human Rights Campaign (HRC) Corporate Equity Index, and TIME 100 Most Influential Companies list. Zillow Group is an equal opportunity employer committed to fostering an inclusive, innovative environment with the best employees. We are committed to equal employment opportunity regardless of race, color, ancestry, religion, sex, national origin, sexual orientation, age, citizenship, marital status, disability, gender identity or Veteran status. If you have a disability or special need that requires accommodation, please contact us at RecruitingAccessibility@zillowgroup.com. Applicants who receive job offers from Zillow Group will be asked to sign a Proprietary Rights Agreement which includes confidentiality, intellectual property assignment, and customer and employee non-solicitation provisions. If you are contacted for a role at Zillow Group and wish to review a copy of the Proprietary Rights Agreement prior to receiving an offer, you may request a copy from your Recruiter.","His training and his knowledge of Architecture and Decorative Arts nourish his creations. Indeed, if his drawing is definitely contemporary, Nicolas Aubagnac also looks in the past for shape, materials, finishes and traditional techniques."
p009,Litigation Paralegal,"Litigation Paralegal Prominent boutique Sacramento law firm seeks talented litigation paralegal to join its team. Lots of growth potential for the right candidate. Litigation Paralegal responsibilities include: Discovery including responding to discovery responses and propounding discoveryE-Discovery knowledge including responding to e-Discovery responsesDrafting motions and pleadingsKnowledge of state and federal court rulesTrial PreparationCivil litigation experience is strongly preferred Additional requirements of the Litigation Paralegal role include: 3+ years of experience as a litigation paralegalProficient with the Microsoft Office suite including Word, Excel and OutlookExcellent written, verbal and interpersonal communication skillsFor immediate and confidential consideration, please apply today by submitting a copy of your resume via email in MS Word format. Desired Skills and Experience * Discovery including responding to discovery responses and propounding discovery * E-Discovery knowledge including responding to e-Discovery responses * Drafting motions and pleadings * Knowledge of state and federal court rules * Trial Preparation * Civil litigation experience is strongly preferred All qualified applicants will receive consideration for employment without regard to race, color, national origin, age, ancestry, religion, sex, sexual orientation, gender identity, gender expression, marital status, disability, medical condition, genetic information, pregnancy, or military or veteran status. We consider all qualified applicants, including those with criminal histories, in a manner consistent with state and local laws, including the City of Los Angeles' Fair Chance Initiative for Hiring Ordinance.","Her writing has been published in The Atlantic, Businessweek, Foreign Policy, Fortune, GQ, Harper's, Newsweek, The New Republic, The New York Times, Outside, Popular Science, and Slate, among others. She won the 2012 Kurt Schork Award in International Journalism for her coverage of the civil war in Libya. Her trip to meet the Bedouin tribesmen who kidnap foreign tourists in Egypt's Sinai Peninsula is featured in Best American Travel Writing 2013. She was the 2013 recipient of a grant with The Investigative Fund at The Nation Institute for her work in Sahel, as well as a 2016 grantee for work in the Dominican Republic. Last updated May 2017"
p010,Non-Physician Provider,"Description: CAN Community Health, one of the nation's largest providers of HIV Services, has an exciting opportunity for a Non-Physician Provider (PA, APRN) for our clinic in Arlington, TX. We are looking for someone who is passionate about serving the needs of individuals impacted by HIV and other infectious diseases. You will become part of our professional team that drives home our Company's Mission and Values. We offer a good quality of life with an excellent schedule, competitive pay with a bonus plan, premiere benefits package with a retirement plan with a generous company matching contribution. We have received recognition in 2023, 2022, 2021, 2019, & 2018 NPT's Best Non-Profit to Work for Award. CAN is a Drug-Free Workplace. All potential hires will be required to take and clear a pre-employment drug screen upon job offer. Starting Salary $110K or higher (based upon education level, background, and experience). You can find out more about us by visiting our website at www.cancommunityhealth.org. Apply Today! Statement of Purpose: Non-Physician Provider The Non-Physician Provider is a medical provider responsible to take medical histories, examine patients, maintain patient records, identify health risk factors, prescribe medications, and make referrals and other wise treat health conditions. The practitioner may focus on patient wellness and disease prevention and may provide health education services or counsel patients on how to make healthy lifestyle choices. Essential Responsibilities: Non-Physician ProviderPerform clinical assessment on new patients, consult to and follow up on patients at the clinic.Document patients' physical assessments, medical histories, and progress reports under 72 hrs. according to CAN's chart documentation policy.Render assistance to complete paperwork related to medical management of patients, billing, or credentialing requirements.Retrieve and evaluate patient's medical results, including pathology and lab results, specialty or primary care consultation and reports on diagnostic tests.Prescribes appropriate pharmacologic and non-pharmacologic treatment modalities.Monitor the effectiveness of interventions.Assess and determine patients' status for symptoms, toxicities, and side effects.Collaborate and supervise medical staff, as assigned by CAN and according to state lawProvide training to in-house nursing staff.Collaborate in systemwide educational, clinical effectiveness and quality activities.Participate in internal and external committees geared to advance the provision of services at CAN Secondary Tasks: Non-Physician ProviderMaintains up to date knowledge of laws and regulations impacting their profession (Advance Practice Nurse, Physician Assistant). Ensures confidentiality regarding patient/client and/or family in accordance with HIPAA and other privacy and security regulations, professional, and departmental standards.Promotes, practices, and role models CAN's mission and values, following policies and procedures.Works effectively and professionally with a diverse population treating all staff, patients, and clients with respect at all times. Physical Requirements: Non-Physician ProviderNeat, professional appearance.Exerts up to 15 lbs. of force occasionally and/or 10 lbs. of force frequently, and/or up to 5 lbs. of force constantly in lift, carry, push pull, or otherwise move objects, including the human body. Involves sitting most of the time but may involve walking or standing for brief periods of time.Requires expressing or exchanging ideas by means of spoken word, visual and auditory acuity. Education/Professional Requirements: Non-Physician ProviderGraduate of an accredited school of nursing, or bachelor's degree.Graduate of an accredited Nurse Practitioner or Physician Assistant ProgramCurrent Advanced Practice Registered Nurse (ARNP) Licensure or Physician Assistant LicensureInfectious Disease and HIV experienceIV experience CAN Required Training: Non-Physician ProviderGeneral OrientationHIV/AIDSViolence in the WorkplaceSexual HarassmentHIPAAHealth Stream Courses (as assigned)340B ComplianceQliqCPRBasic Annual safety trainingOther as required by Federal, State, or local laws and/or by CANContinuing Medical Education as required per state licensure or certifications. Experience: Non-Physician Provider Minimum 3 years' experience in HIV medicine preferred, 1 year required. Knowledge, Skills and Abilities Required: Non-Physician ProviderAbility to think and complete work assignments on time independently with minimal guidance.Ability to organize priorities and perform multiple tasks simultaneously, working with constant interruptions.Strong knowledge of medical terminology including lab orders and results, medical office procedures and EMR system. HIV knowledge a plusStrong analytical thinking, decision making, and problem-solving skills.Knowledge of office equipment including fax and copy machines.Exercises consistently sound judgmentAbility to adapt to change.Able to demonstrate tact and good judgment in interactions with providers and other departments.Able to demonstrate tact and organizational values when dealing with diverse populations.Excellent office skills including data entry and Microsoft Office and OutlookAbility to be highly organized and focused on details and accuracy.Ability to utilize problem solving techniques along with strong intuitive and critical thinking skills.Good communication and interpersonal skills.Excellent time management skills with the ability to plan ahead to maintain smooth workflow. Machines/Equipment and Tools Used: Non-Physician ProviderOffice equipment; photocopier, fax.ComputerMobile device Other Duties: Non-Physician Provider Please note this job description is not designed to cover or contain a comprehensive listing of activities, duties or responsibilities that are required of an employee for this job. Duties, responsibilities, and activities may change at any time with or without notice. Responsible To: Physician and/or Chief Medical Officer CAN Community Health is an equal opportunity employer that is committed to diversity and values the ways in which we are different. All qualified applicants will receive consideration without regard to race, color, religion, sex, sexual orientation, gender identity, national origin, disability, veteran status, or other characteristic protected by applicable law.Requirements: PI239175061","She joined Children�s Medical Center in 2009, where she creates patient environments that are a �home away from home� and well-organized, friendly, and upbeat environments for doctors and staff. She is an ASID award-winner and a Registered Interior Designer in the state of Texas."
p011,Personal Trainer,"Rain City Fitness is a private personal training and group fitness studio located in Arlington off highway 9 next door to Trio Salon across from Safeway. In addition to offering private personal training, we offer 9 group classes a week and would like to add more. These include Strength Training, TRX, Spin, Core and Abs, HIIT Cardio and more. Our primary clientele is female with a high percentage being moms of all ages and teachers. We offer a space free of judgment. Our main priority is to teach our clients how to be comfortable in a gym/ studio setting. We modify all workouts to meet clients current fitness needs and offer some of the best instruction around. We keep class sizes small allowing very focused instruction for each client. Currently we are in search for new instructors who are either: Group Fitness Certified (preferred) orHave a specialty certification in Spin, Barre, and/or TRXCertified personal trainers to assist in continuously building our private clientele training base.Nutritional certifications of any variety. Looking specifically for a Nutritional Therapist, Nutritionist, or Dietician specialty.Qualifications:All trainers/instructors will be hired as independent contractors. Must hold a certification in group fitness, or specialty listed above or be a certified personal trainerUpon hire, must obtain own professional insurance and business license to meet state requirements of Independent ContractorMust be open to adapting our current studio model as established by Rain City Fitness Owner.Pay and benefits:Pay is per class or per client and decided based on experience with minimum pay starting at $25 per group class and $36 per hour for personal training.Free group fitness classes for all instructors/trainersWhen applying please include qualifications and certification details, employment history, current contact information, and at least two professional references. Job Types: Full-time, Part-time Pay: $25.00 - $36.00 per hour Benefits: Employee discountFlexible scheduleFree fitness classesGym membershipOn-site gymSchedule: 4 hour shift8 hour shiftDay shiftEvening shiftEvery weekendWork Location: In person License/Certification: Certified Group Fitness Instructor (Preferred)Certified Personal Trainer (Preferred)Nutritional Specialty (Preferred)Spin or Barre (Preferred)Shift availability:","She has written instrumental, vocal and electronic music and enjoyed collaborations with artists in many different artforms. She is not composing at present."
p012,Land Use Zoning Attorney,"We are currently seeking a skilled Land Use Zoning Attorney to join our national law firm client in their Cleveland office. In this role, you will be responsible for providing comprehensive legal counsel and representation to clients on matters related to land use and zoning regulations. Key Responsibilities- Conducting thorough research on local, state, and federal land use and zoning laws and regulations.- Advising clients on land development projects, zoning ordinances, permits, and variances.- Drafting and reviewing legal documents such as contracts, agreements, and applications.- Representing clients in zoning hearings, administrative proceedings, and court cases.- Collaborating with other attorneys, planners, engineers, and government officials to achieve clients' objectives.- Providing strategic guidance and advocacy to clients throughout the land use and zoning process. Qualifications:- Juris Doctor (JD) degree from an accredited law school.- Admission to the Ohio State Bar (or willingness to become admitted).- Minimum of 3 years of experience practicing land use and zoning law.- Strong understanding of land use planning, zoning regulations, and real estate development.- Excellent research, writing, and communication skills.- Proven ability to manage complex legal matters and deliver results in a fast-paced environment.- Demonstrated commitment to providing exceptional client service and achieving favorable outcomes.","She is a graduate of the University of Georgia School of Law. Her practice focus is Workers&apos; Compensation and Social Security Disability. She has handled hundreds of cases while in-house counsel for a major insurer and for a large Atlanta law firm. She welcomes the opportunity to use this experience to help the injured and disabled. Memberships: Judy is a member of the State Bar of Georgia, the Atlanta Bar Association and the Cobb County Bar Association."
p013,Orthopaedic Surgeon - Full Time,"Monadnock Community Hospital, located in the beautiful Monadnock region of southern New Hampshire, is searching for a full-time community based Orthopedic Surgeon to join a small but vibrant multispecialty group on the hospitals main campus. The Surgeon would join two established Orthopedic Surgeon teams, non-surgical Physiatry and Chronic Pain Management Specialists. The Surgeon will partner with colleagues trained at prestigious institutions with subspecialty fellowships, all highly regarded in the region. The Surgeon would be responsible for collaborating and coordinating treatment with multiple Monadnock Community Hospital departments for the delivery of appropriate orthopedic health care services, providing care in a professional, efficient, and ethical manner. This will be done in accordance with the standards and recommendations of CMS, applicable laws and regulations outlined by the state of New Hampshire and the philosophy of Monadnock Community Hospital. Board Certification is required. We are a family of dedicated professionals committed to making a difference in the lives of those we serve by providing high quality patient centered care. Your esteemed expertise in orthopedic surgery will align seamlessly with our mission to provide cutting-edge medical care. At MCH we offer a collaborative work environment paired with the technological equipment needed to foster an environment where your skills can truly flourish. Monadnock Orthopaedic Associates is a dynamic practice, comprised of a highly respected and skilled team of orthopedic professionals. Our practice offers high quality orthopedic care to our community and beyond with services ranging from sports medicine and general community orthopedics, physiatry, pain management, joint replacement, pediatric orthopedics, deformity correction, and spine surgery. We invite you to learn more about our practice and expert team by visiting MonadnockOrtho.org. Join us in our mission to provide high-quality care to elevate the health and wellbeing of our community. This full-time position comes with competitive compensation and a generous benefits package. Highlights: Critical access hospital committed to elevating the health and wellbeing of our communityHighly organized practice with partners committed to collaborative care and supporting one anotherClose proximity to Boston and New Hampshire beaches and the White MountainsCommunity boasts a wide variety of activities which support a work/life balanceExcellent school systems; multiple private school options Quick Facts: MCH network consists of primary care services including Internal Medicine, Pediatrics, Family Practice; on campus Behavioral Health Services, a large Physical Therapy center and specialty practices including Cardiology, Gastroenterology; General Surgery; Pulmonary Function Testing & Stress Testing; Wound Healing Center & Vascular ServicesNo state income tax or sales tax in New Hampshire Benefits:Competitive compensation package based on experience, with a generous benefits package; Robust Retirement PlanHealth Insurance; Dental Insurance; Life Insurance; Short/Long Term DisabilityContinuing Medical Education (CME) up to $5000Flexible Time Off (FTO) - flexible time giving you autonomy over how to schedule and use your time offCoverage of all Licensing and fees; Malpractice insurance coverage; Tail CoveragePaid access to Fitness Center and Wellness Programs ResponsibilitiesPatient Assessment:Conducts comprehensive patient assessments, including interviews, physical examinations, and systems reviewsReviews and interprets clinical data to formulate differential diagnoses and develop treatment plans incorporating diagnostic testing, interventions, and educationNotifies patients of results and follows their progress, adjusting treatment plans as necessary Treatment Planning:Make appropriate referrals and adhere to established standards of care and hospital policiesImplement and regularly update individualized treatment plansCoordinate care within a multidisciplinary team Inpatient/Emergency Department Services:Participate in call 1:3 24-hour call coverage, including weekendsManage patient care in office, and throughout all hospital associated departmentsPerforms evaluations, consultations and inpatient responsibilities Documentation of Services:Maintains thorough and timely patient documentation using Electronic Medical Record; completes all documentation within 24 hours of service, locks all notes within 72 hoursAdheres to coding and documentation standards Liaison Functions:Represents the practice in community activitiesParticipates in marketing and educational events to enhance public imageServes on relevant committees Quality Improvement Participation:Engages in Quality Improvement and Assurance projectsFocuses on enhancing and maintaining patient satisfaction Patient Satisfaction:Demonstrates courtesy, respect, and caring in patient interactionsUtilize patient survey feedback for continuous improvement Office Functions/Billing:Works collaboratively and respectfully with support staff to maximize efficient practice operationsAdheres to established policies, procedures, and standardsParticipates in staff meetings and collaborative care planning Collaboration:Works with healthcare team members in crafting and following care policies and standardsEnsures protection of patient rights and adherence to HIPAA regulations Education:Participates in developing and evaluating educational programs and services Scheduling:Manages work hours to fulfill patient care and committee participation dutiesMeets specific clinical patient contact hour requirements Credentialing:Submits timely credentialing and re-credentialing information Location of Services:Provides services at the assigned practice on MCH campus in Peterborough, NH Policies and Procedures:Follows all relevant policies, including safety and infection control Secondary Functions:Attends physician and management meetingsMaintains State licensure and Board certifications Knowledge, Skills, and Abilities:Delivers age appropriate patient care within scope of practiceMeets physical requirements for the rolePossesses effective communication skillsVisual and auditory acuity for professional responsibilitiesApplies extensive knowledge and judgment in field-related tasks","Having worked as a news reporter, news editor and sports editor with Essex County Newspapers, he joined the Daily Star in 1994 as a sports sub-editor. In 2003, he moved to The Sun as assistant sports editor and has been a senior SunSport production journalist for the last 12 years."
p014,Photographer - Winston/Salem onsite May 1st,"Our B2B client is hosting an annual awards event at Benton Convention Center on May 1. They are looking for a freelance photographer to provide on-site event photography and provide images in a gallery following the event. If you are local to the Winston-Salem area and are available for this opportunity, please apply! *Corporate event experience is a must. Benefits Creative Circle's Freelance Employee benefits package includes eligibility for Minimum Essential Coverage (MEC) medical plan, dental/vision/term life package, discount prescription program, critical illness, accident, tele-behavioral health, and 401(k) plan. Sick leave is provided to Candidates whose assignment work location is in a state or city subject to sick leave laws. A Minimum Value (MV) PPO medical plan, Employee Stock Purchase Plan, and paid holiday eligibility are based on length and dates of service. Email Your Resume In Word To Looking forward to receiving your resume through our website and going over the position with you. Clicking apply is the best way to apply, but you may also: afulton@creativecircle.com Please do NOT change the email subject line in any way. You must keep the JobID: linkedin : AF7-1796344 -- in the email subject line for your application to be considered.*** Abby Fulton - Recruiter - CyberCoders Applicants must be authorized to work in the U.S. CreativeCircle is proud to be an Equal Opportunity Employer All qualified applicants will receive consideration for employment without regard to race, color, religion, sex, age, sexual orientation, gender identity or expression, national origin, ancestry, citizenship, genetic information, registered domestic partner status, marital status, status as a crime victim, disability, protected veteran status, or any other characteristic protected by law. CreativeCircle will consider qualified applicants with criminal histories in a manner consistent with the requirements of applicable law. CreativeCircle is committed to working with and providing reasonable accommodation to individuals with physical and mental disabilities. If you need special assistance or an accommodation while seeking employment, please contact a member of our Human Resources team to make arrangements.","His varied career has given him exposure to all aspects of design, and his projects have ranged from Skyboxes to entire office towers. Among his larger clients: Royal Insurance, Warner Lambert, Cineplex Odeon, Canada Post, several Ministries of the Province of Ontario, and four of the Big Five Canadian Banks. He has held the positions of Design Manager, Facilities Planner and Consultant, and has been a service provider, employer and client, giving him a unique perspective on the business of design."
p015,Counsel,"About the Team:VIZIO’s legal team is seeking an experienced and motivated licensed attorney with experience in commercial transactions related to digital advertising, data and/or media transactions to join our growing Legal Platform+ team. The position will be reporting to VIZIO’s AdTech Legal Director and work closely with other attorneys supporting VIZIO’s Platform+ business. This is an amazing opportunity to join a growing and dynamic team, within a fast-paced environment. This is an amazing opportunity to play a key role in supporting the company’s rapid growth and for someone who enjoys learning new things and collaborating with the business teams. Like all attorneys at all levels at VIZIO, you must be willing to pitch in wherever necessary to assist the legal team in meeting the company’s goals. What You Will Do:Work closely with sales and business development teams to negotiate commercial transaction agreements.Evaluate issues from legal and business perspectives with a practical, business-oriented approach to problem solving, as well as handle complex business and legal issues in a fast-paced, agile and evolving technology-driven business environment.Support strategic initiatives including cutting edge technology and regulatory support. There is potential for expansion of duties and opportunity to make a significant impact on continued growth of the legal department as the department ramps up to meet the demands for VIZIO’s rapidly expanding business.Work closely with the in-house legal team members, outside counsel, and multiple client groups/functional departments at all company levels. About You:5-7+ years of transactional experience as an attorney either in-house, at a law firm, or a combination of both.Juris Doctorate degree from a U.S. accredited law school.Licensed to practice law in the State of California or qualify to register as California in-house counsel.Experience with data licensing, digital advertising, and/or content licensing preferred, specifically experience or exposure to programmatic advertising, insertion orders, DSP and SSP agreements, data licensing and/or AVOD/SVOD/TVOD licensing deals.Experience in online privacy or related field - Privacy certifications preferred but not required (e.g., CIPP, CIPT, or CIPM).Able to handle multiple matters simultaneously and prioritize effectively.Solid background and experience with negotiating, drafting and advising on a variety of agreements.Sense of humor and strong interpersonal skills including maturity, creativity and a high energy level.Team-oriented and able to interact effectively and influence peers and all levels of management.Ability to work well in a very fast-paced and dynamic environment, as well as in a small team environment and become a productive and positive member of the legal department.Proficient in Word, Excel, PowerPoint, and Sharepoint. About VIZIO:We are Beautifully Simple.Headquartered in Irvine, California, VIZIO is a leading HDTV brand in America and the #1 Sound Bar Brand in America. VIZIO's mission is to deliver high performance, smarter products with the latest innovations at a significant savings that we can pass along to our consumers. Our loyal following and industry-wide praise continues to grow as we redefine what it means to be smart. VIZIO, Inc. is an Equal Opportunity Employer committed to diversity in the workplace. All qualified applicants will receive consideration for employment without regards to race, color, religion, sex, sexual orientation, gender identity, gender expression, national origin, protected veteran status, or any other basis protected by applicable law, and will not be discriminated against on the basis of disability. We do not accept unsolicited agency resumes. We will not pay fees to any third-party agency, outside recruiter or firm without a mutually agreed-upon contract and will not be responsible for any agency fees associated with unsolicited resumes. Unsolicited resumes will be considered our property and will be processed accordingly. For New York-based employment: The minimum salary for this position is $136,000/year. The maximum salary for this position $176,000/year. In addition to base salary, the compensation package also includes eligibility for an annual bonus, as well as equity and a range of medical, dental, vision and other benefits.",Subsidiary of Microsoft and is an active Alumna of the Fellowship Program of the Leadership Council on Legal Diversity.&nbsp; Alicia holds a B.A. from the University of Michigan and a J.D. from Harvard Law School.&nbsp;</p>
p016,Paralegal,"Busy law firm, focusing on real estate. Company Description We suggest you enter details here. Role Description This is a full-time on-site role located in East Greenwich, RI. As a Paralegal at D'Ellena Law Office, your responsibilities will include conducting legal research, preparing legal documents, following up on files, assisting in client comminication, and providing general administrative support to attorneys. Qualifications Qualified candidates for the Paralegal position should have: A cerrificate or bachelor's degree in Paralegal Studies or a related fieldStrong knowledge of legal terminology and proceduresExceptional organizational and time management skillsExcellent written and verbal communication abilitiesProficiency in legal research and document preparation softwareAttention to detail and a high degree of accuracyAbility to work independently and as part of a team","He has over 10 years of accounting experience working with financial services firms, privately held companies and not-for-profit organizations. Rohan started his career at PwC in 2014, where he specialized in tax & assurance services as well as partnership tax return preparation."
p017,Sr Full Stack Developer,"ASSYST is seeking a highly proficient Full-stack Developer (.NET and NodeJS) in Washington DC. Responsibilities: Collaborate with the project team to understand the requirements and user stories.Design the backend architecture and component hierarchy.Create API/services and mockups for backend design.Implement the backend components using .Net/node.js and related librariesIntegrate the services with the cloud backend apis using .Net/node.js.Implement user authentication and authorization mechanisms.Implement data validation and error handling.Implement logging/monitoring ensure that code meets security/code standardDevelop unit tests for the components.Conduct integration testing to ensure seamless communication with the backend.Perform user acceptance testing to validate the applications functionality.Document the architecture, component structure, and api integrations.Provide clear and concise code documentation.Create user guides and documentation for future maintenance.Assist in deploying the application to a production environment.Provide post-deployment support and bug fixes for a specified period. Requirements: BE in Computer Science, Engineering or Management Information Systems or Master’s Degree.Minimum 7 years of experienceThe developer should have a strong understanding of .Net/Node and its core concepts, such as components, state management, and lifecycle methods. They should be able to build reusable and efficient components.Knowledge of .Net/Node.js is essential for integrating with the backend APIs/services.The developer should be expert in using .Net/Node.js to develop services and manage server-side data.Experience in working with Restful APIs is important.The developer should be able to build API’s, handle responses, and manage data flow between the frontend and backend.Knowledge of testing frameworks like Junit or Nunit is beneficial for writing unit tests and ensuring the quality of the code. The developer should also be skilled in debugging and troubleshooting issues.Clear Understanding of Authentication and Authorization along with implementation of those in application ASSYST is an Equal Opportunity Employer. Qualified applicants will receive consideration for employment without regard to race, color, religion, sex, age, disability, military status, national origin or any other characteristic protected under federal, state, or applicable local law.","Donna, a specialist in luxury and high value interior design, has 40 years of experience developing one-of-a-kind interiors for executives, entrepreneurs, financial experts, doctors, lawyers, pharmaceutical reps and other successful professionals in Indiana and around the country. In addition to offering a full range of design services, she is a gifted interior consultant and coach. She advises clients on topics ranging from how to enhance the value – and resale value – of their homes to how to “age in place” in those homes."
p018,News Reporter,"The New Britain Herald daily newspaper in Central CT is looking for a FT reporter to cover primarily New Britain. Also includes coverage of the towns of Berlin and Newington. ResponsibilitiesJob includes coverage of government, schools, live events, some crime. Access to a camera (think iPhone or Android cell) and a car are necessary. QualificationsExcellent verbal and written communication skillsAbility to write news and feature stories on deadline CompensationAround $37,000 per year BenefitsHealthcare Send resume, clips and cover letter to Brad Carroll at bcarroll@newbritainherald.com","With experience on the plaintiff’s and defense side, Alex brings a wealth of knowledge to helping client’s with serious injuries nationwide. Having tried to judge and jury hundreds of civil and criminal cases Alex R. Hernandez Jr has various national trial lawyers accolades. The son of a judge and trial attorney Alex R. Hernandez Sr., Alex R. Hernandez Jr. has deep roots in the practice of law. Today he runs Alex R. Hernandez Jr. Trial Lawyers PLLC a trial law firm concentrating on personal injury and mass torts matters and Hernandez and English LLP an Austin based legal partnership with his lifelong friend and law partner Jason English where they handle mainly criminal and probate law matters for Central Texas."
p019,Assistant Professor - Biomedical Engineering Notice of Filing,"Job Summary: The Department of Biomedical Engineering at the University of Wisconsin-Madison seeks to fill a tenure-track Assistant Professor position in cellular engineering or tissue engineering. Additionally, a candidate whose research in this field complements the department existing strengths in Neuroengineering, Biomechanics, Biomedical imaging and optics, and Medical Micro technologies would be of particular interest. The candidate's research should have clear implications for improving human health. The ideal candidate will be interested in collaborative work with existing centers and faculty in the Department of Biomedical Engineering and throughout campus. The Department of Biomedical Engineering advances the mission of the College of Engineering to foster a respectful, diverse, equitable and inclusive environment. Responsibilities: Developing an innovative research program in cellular engineering or tissue engineering; teaching and developing undergraduate and graduate courses in Biomedical Engineering, mentoring graduate students, and supervising their research; participating in departmental and university faculty governance; participating in outreach and service in industry and government; and contributing to professional and public service. Institutional Statement on Diversity: Diversity is a source of strength, creativity, and innovation for UW-Madison. We value the contributions of each person and respect the profound ways their identity, culture, background, experience, status, abilities, and opinion enrich the university community. We commit ourselves to the pursuit of excellence in teaching, research, outreach, and diversity as inextricably linked goals. The University of Wisconsin-Madison fulfills its public mission by creating a welcoming and inclusive community for people from every background - people who as students, faculty, and staff serve Wisconsin and the world. For more information on diversity and inclusion on campus, please visit: Diversity and Inclusion Qualifications: Candidates will have a demonstrated record of academic achievement such as peer-reviewed publications and grant awards appropriate for early career, exceptional potential in establishing a world-class research program in cellular engineering and tissue engineering, and a commitment to high-quality undergraduate and graduate instructions. Work Type: Full Time: 100% Appointment Type, Duration: Ongoing/Renewable Anticipated Begin Date: AUGUST 19, 2024 Salary: Negotiable ACADEMIC (9 months) Additional Information: The Department of Biomedical Engineering in the College of Engineering at UW-Madison enrolls approximately 600 undergraduate students and 100 MS and PhD graduate students from all over the world. The Department has 22 Primary Faculty, 55 Affiliate Faculty, 3 Emeritus Faculty, 30 Academic Staff, and 3 Classified Staff, with state expenditures exceeding 2 million annually and research expenditures exceeding 10 million annually. The University of Wisconsin-Madison has a long history of interdisciplinary collaboration between departments and colleges as well as a strong commitment to promoting diversity and engaging in inclusive practices. A faculty member recruited in this specialty area will have the opportunity to closely collaborate with clinical and basic science faculty in the College, the School of Medicine, and Public Health, as well as from multiple research centers at UW-Madison, including the Carbone Cancer Center, Stem Cell and Regenerative Medicine Center, Cardiovascular Research Center, and McPherson Eye Research Institute. A competitive recruitment and selection process was conducted for this employment opportunity and a U.S. worker was not selected. An application for Alien Employment Certification is being filed on behalf of an alien to fill the employment opportunity. Anyone with documentary evidence relative to the application, or available workers, wages and/or working conditions, may contact the Regional Certifying Office of the Department of Labor at the following address: U.S Department of Labor Employment and Training Administration Office of Foreign Labor Certification 200 Constitution Avenue, NW Room N-5311 Washington, DC 20210 How to Apply: The position has been filled. This posting is mandatory to meet a United States Department of Labor requirement. See the job posting for more details. Please apply directly to the website by clicking on ""Apply Now"". Upload a SINGLE PDF document containing a cover letter, a detailed curriculum vitae (CV) including a complete list of publications, and the names and contact information for three references. Applicants should also include a maximum three-page research statement and a one-page teaching statement describing how the applicant's research and teaching goals fit the solicitation described above. The deadline for assuring full consideration is November 27, 2023. However, this position will remain open, and applications may be considered until this position is filled. Employment will require an institutional reference check regarding any misconduct. To be considered, applicants must upload a signed 'Authorization to Release Information' form as part of the application. The authorization form and a definition of 'misconduct' can be found here: https://hr.wisc.edu/institutional-reference-check/ Contact: Mondira Saha-Muldowney mondira.sahamuldowney@wisc.edu 608-265-2385 Relay Access (WTRS): 7-1-1. See RELAY_SERVICE for further information. Official Title: Assistant Professor(FA040) Department(s): A19-COLLEGE OF ENGINEERING/BIOMEDICAL ENGR Employment Class: Faculty Job Number: 291647-FA The University of Wisconsin-Madison is an Equal Opportunity and Affirmative Action Employer. Qualified applicants will receive consideration for employment without regard to, including but not limited to, race, color, religion, sex, sexual orientation, gender identity, national origin, age, pregnancy, disability, or status as a protected veteran and other bases as defined by federal regulations and UW System policies. We promote excellence through diversity and encourage all qualified individuals to apply. If you need to request an accommodation because of a disability, you can find information about how to make a request at the following website: https://employeedisabilities.wisc.edu/disability-accommodation-information-for-applicants/ Employment will require a criminal background check. It will also require you and your references to answer questions regarding sexual violence and sexual harassment. The University of Wisconsin System will not reveal the identities of applicants who request confidentiality in writing, except that the identity of the successful candidate will be released. See Wis. Stat. sec. 19.36(7). The Annual Security and Fire Safety Report contains current campus safety and disciplinary policies, crime statistics for the previous 3 calendar years, and on-campus student housing fire safety policies and fire statistics for the previous 3 calendar years. UW-Madison will provide a paper copy upon request; please contact the University of Wisconsin Police Department .","She received her B.A in Fine Arts from University of Bacelona (UB) and also studied at University of The West of England, and Massachusetts College of Art and Design, MASSART, Boston."
p020,"Contract Food Photographer, Taste of Home","About Us TMB (Trusted Media Brands) is the world's leading community-driven entertainment company engaging more than 200 million consumers worldwide across streaming TV, social media, web and print. Our portfolio of brands including FailArmy, Family Handyman, People Are Awesome, Reader's Digest, Taste of Home, The Healthy, and The Pet Collective, is powered by content that's inspired and created by our fans. Together our community sparks curiosity, fuels laughter, and inspires people to live big, full, fantastic lives. Learn more about our brands, our data-driven marketing solutions, our award-winning licensing services, and much more at . About The Role As a contract Food Photographer for Taste of Home, you are key to our recipe publishing initiative: to infuse our recipe content with advice, images and expertise. Working closely with the Managing Editor, you use your polished photography and styling skills and culinary knowledge to create engaging, on-brand recipe images to help us reach our lofty production goals. You are clear, creative, organized and flexible. Contractors in this role will have the capacity to shoot at least 25 recipes per month. Applications are accepted on our site and contracts and payments will be managed through a third-party platform. About You A whip-smart photographer who thrives on deadlines, you use your culinary expertise and keen eye to shoot on-brand food imagery that captures the recipe steps and the finished dish. Organized, creative and quick, you see feedback as a growth opportunity. At home, you love to cook and track what is happening in the food world. Your Day-to-day You prepare and style Taste of Home recipes, then photograph hero images, ingredient stills, and step-by-step shots as outlined in each assignmentYou adhere to the lighting, propping, surface and composition best practices provided in the brand style guideYou shop for ingredients according to each recipe, ensuring that they are fresh and photogenicYou follow the method described in each recipe, using the appropriate tools and dishesYou edit, retouch, name and deliver high-resolution images following brand guidelines and meeting weekly deadlines You have: 3+ years of professional experience photographing and styling food; professional culinary experience a plusProven knowledge of a CMS (content management system) such as WordPress, a project database such as Airtable, and Adobe image products such as Photoshop and BridgeKeen organization skills, consistently meeting deadlines and catching all the detailsEffective communication skills: comfortable accepting and applying constructive feedbackSolid knowledge and understanding of the digital landscapeAbility to work independentlyA keen familiarity with, and interest in, the food and food-lifestyle space in general, and food photography trends TMB embraces inclusivity and values our diverse community. We are committed to building a team based on qualifications, merit and business need. We are proud to be an equal opportunity employer and do not discriminate on the basis of race, religion, color, national origin, gender, sexual orientation, age, marital status, veteran status, or disability status.","As one of the very few female voices on the national airwaves during the week, Alison is in a much better position than any pundit or punter to discuss the issue of women on the wireless. Her guest post is after the jump."
p021,Associate Chiropractor Relocation Assistance,"Are you ready to make an impact in the world of integrated healthcare? Complete Care is searching for an exceptional Chiropractic Physician to join our dynamic team. As our company expands, you will be at the forefront of our mission, providing top-notch chiropractic and physiotherapy care across multiple clinics and locations. If you are a dynamic Chiropractic Physician, get ready for an opportunity that is not just a job – but a journey of innovation. Benefits: Great competitive salary Paid vacation Great hours, flexible!6-week training course Opportunity for advancement Malpractice Insurance Paid Medical, Dental, and Vision Insurance available CEU paid 401k with matching Ongoing clinical and documentation training Requirements: Doctor of Chiropractic degree An active Florida Chiropractic Licensure (in the process of obtaining your license)Commitment to ethical and professional chiropractic practice. Proficiency in Microsoft Office is a must, demonstrating your ability to leverage modern tools for enhanced productivity. Excellent communication skills are non-negotiable. You must be able to communicate clearly and effectively, both verbally and in writing.Salesforce and E-Clinical Works Savvy: If you are well-versed in Salesforce and E-Clinical Works your experience in these platforms is a huge plus. Please see the link below for a video of testimonials from our current Chiropractic team: Complete Care Testimonial Video-Click Here! History- After witnessing a lack of proper assessment and support for patients that have been involved in an accident, we saw a dire need in the community for clinics and doctors who would provide excellent evaluation and treatment of their injuries and the support needed to guide them through the process. This is what led to the family of practices, that is Complete Care. Complete Care consists of Integrative Physical Medicine, Centers for Imaging, and Interventional Associates. Together they provide patients with immediate access to chiropractic care, physiotherapy, state of the art imaging, interventional pain management, and orthopedic specialists. Complete Care offers chiropractic care, physiotherapy, and comprehensive testing. In each clinic, there is an experienced and trained staff eager to help. Our Chiropractic Physicians evaluate, treat, and make appropriate referrals for each patient. We have designated Case Managers who provide support and answer any questions. Our trained doctors and Chiropractic Assistants help each patient with their prescribed therapies and medical equipment. Each administrative staff member provides excellent customer service and a welcoming atmosphere. About Complete Care: Complete Care is a preeminent fully integrated health system that provides exceptional care for the injured, which leverages top-tier talent and leading-edge technologies. Complete Care and its family of practices are characterized by core competencies of cultural, clinical, and operational excellence. We strive to meet every patient’s individual needs with skillfulness and professionalism. We deliver our healthcare services – affordably and to everyone close to where they live and work and we do so in a way that positions us for continued growth in Florida and in the future, nationally. At Complete Care, we take pride in providing equal employment opportunities to everyone regardless of their race, ethnicity, beliefs, religion, marital status, gender, gender identity, citizenship status, age, veteran status, or disability. PM20 Powered by JazzHR PI239201772",She practices both diversified and neuro-impulse protocol chiropractic techniques in a general practice with patients in an age range from newborn to centenarians.
p022,Vascular Surgeon or Vascular Interventionalist,"Overview United Vein & Vascular Centers is a rapidly growing national healthcare organization specializing in state-of-the-art, minimally invasive surgical vein and vascular treatments. With numerous clinics across Florida, Georgia, Colorado, Arizona, and Illinois, we have positively impacted the lives of thousands of patients. Our team of dedicated physicians and staff work together to deliver exceptional care, utilizing the latest technology and cutting-edge techniques. Join our growing team as we continue to revolutionize the industry and transform lives! Responsibilities Are you an ambitious, Board-Certified General Surgeon, Vascular Surgeon, or Interventional Radiologist/Cardiologist seeking new opportunities? Look no further! United Vein & Vascular Centers (UVVC) is thrilled to announce our expansion, and we are actively seeking talented Physicians to join our dynamic team across the US. With current locations in Colorado, Illinois, Florida, Georiga and Arizona , we are expanding into new markets including six brand new clinics in Dallas and new locations in Houston! Why Choose UVVC? At UVVC, we take pride in offering comprehensive benefits that cater to your needs: Partnership Track: Join us on a path towards a rewarding partnership where you can benefit from the company's success. $50K Sign-On Bonus: Experienced vein/vascular Physicians will receive a generous sign-on bonus if they are licensed in the state to which they are hired. Competitive Compensation: Enjoy a salary guarantee with an uncapped productivity bonus structure. Employed Position: Benefit from a full-time, one Physician per clinic model, providing a supportive work environment. Full Back-Office Support: We've got your back with dedicated assistance in staffing, marketing, revenue cycle management, supply chain, and more! Peace of Mind: Rest easy with company-paid medical malpractice coverage. Comprehensive Health Benefits: Including medical, dental and vision coverage. Work-Life Balance: Enjoy 4 weeks of paid time off and 8 company-observed holidays. Secure Future: Plan for your retirement with a 401k plan and more! About The Practice Flexible Schedule: Monday to Friday, with no weekends, on-call, or major holidays. Outpatient Venous Surgery: Utilize your skills in a modern, state-of-the-art setting. Exciting Growth Opportunities As we continue to expand, we are proud to announce upcoming clinic locations in New York, New Jersey, and more. Join our team and be a part of this exciting journey! If you are a motivated, compassionate, and skilled General Surgeon, Vascular Surgeon, or Interventional Radiologist looking to make a meaningful impact on patients lives, we want to hear from you! For more information about these rewarding opportunities, please reach out to us at physiciancareers@unitedveincenters.com . Take the next step in your career with United Vein & Vascular Centers! Schedule Details Monday – Friday No call, nights or weekends No major holidays Sign-on bonus based on experienced and licensed professionals. Qualifications Must be board certified in Vascular Surgery, General Surgery, Interventional Cardiology or Interventional Radiology Must have an unrestricted medical license and DEA prior to start Vein or vascular experience required.","With a focus on positive light and joy-filled thoughts as she paints, Renie aims to add that energy into her work. She’s been selling online for the last 11 years and her artwork has been licensed for various products including needlepoint kits, cookie packaging and more."
p023,Psychologist-Pediatrics Feeding Program,"Job Summary Provides mental health assessment, diagnosis, treatment and crisis intervention services for adult and/or child members who present themselves from psychiatric evaluation with a broad range of mental health needs. Collaborates with treating physician, psychiatric and allied health professional team to plan and direct each individual members treatment program. Essential Responsibilities Develops, implements, coordinates, and evaluates clinical treatment programs for the diagnosis, treatment, and/or referral of Health Plan members with acute or chronic mental illness. Participates in staff conferences to select, plan, and evaluate treatment programs. Provides outpatient psychotherapy to individuals, couples, families and groups. Instructs and counsels patients and their families regarding compliance with prescribed therapeutic regimens and adherence to prescribed medication regimens, within the scope of practice. May administer specialized therapeutic procedures, as appropriate. Provides appropriate support to members family. May develop and conducts psychoeducational classes and groups. May conduct psychological assessments, including test administration, interpretation, and recommendations. Prepares intake summaries, treatment plans, and case summaries and maintains ongoing confidential records. Charts members treatment and progress in accord with state and NCQA regulations and in keeping with accepted community standards. May be required to participate in the department on-call rotation. Collaborates with physicians in screening and evaluating patients for psychotropic medications, within the scope of practice. Utilizes resources of public and private agencies and community organizations to meet the needs of the members treatment. May develop, implements, and evaluates behavioral medicine and health psychology programs in a variety of settings, including primary care. Provides consultation to other care providers and health educators on matters relating to mental health, health psychology and behavioral medicine. Provides clinical supervision to psychology doctoral interns, psychology postdoctoral residents, and other mental health trainees/fellows as necessary. May supervise Post Masters Fellows, Associate Clinical Social Workers, Associate Marriage Family Therapists or Associate Professional Clinical Counselors as needed if supervision course is completed. May provide appropriate support to members family, including explanation of treatment, instructions in how to support treatment and interventions to increase acceptance of and adherence to treatment, at members request. Utilizes resources of public and private agencies and community organizations to meet the needs of the members treatment to include referral of the member and/or members family to external resources, as appropriate. Participates in departmental program development, implementation and evaluation. Reports safety concerns to mandated reporting agencies Secondary Functions Mon-Fri; Days may vary. Pediatric experience preferred, feeding clinic experience preferred. BCBA required. Experience Basic Qualifications: N/A Education PhD/PsyD/EdD in Clinical Counseling, Health or School Psychology from an accredited college or university. License, Certification, Registration Psychologist License (California) within 6 months of hireNational Provider Identifier required at hire Additional Requirements Must be familiar with DSM-V as a means of diagnosis. Has experience in assessing, diagnosing and treating a broad range of psychiatric conditions. May be required to participate in the department on-call rotation. Knowledge of Evidence-Based Practice and psychotherapy research methods. Knowledge of the bio-psycho-social functions that contribute to mental health. Accuracy in diagnosing patients and developing effective treatment plans. Competence in individual, family and group psychotherapy. Professional maturity and ethical integrity necessary for assuming professional responsibilities. Commitment to quality of service, teamwork, and participation in a highly interactive multidisciplinary clinic. Ability to complete multiple tasks/objectives in a timely manner. Knowledge of social service agencies, state regulations and APA standards as it related to client treatment, patient rights and client/patient confidentiality. Previous clinical responsibilities to include psychological testing, diagnosis, crisis intervention, brief individual and group psychotherapy. Knowledge of psychological testing techniques, administration and interpretation. Excellent interpersonal and communication skills. If not licensed in CA at hire, must be licensed to practice in a state in the United States and able to practice under Business and Professional Code Section 2946 (maximum of 180 days subject to the specifics of the regulation). Must be able to work in a Labor/Management Partnership. Preferred Qualifications Previous clinical responsibility to include crisis intervention, individual and group psychotherapy. Demonstrated experience in psychological evaluations of adults, children, adolescents, & families, including administering & writing up psychological testing & assessment batteries preferred. Demonstrated professional maturity and ethical integrity necessary for assuming professional responsibilities, preferred. Demonstrated commitment to quality of service, teamwork, and participation in a highly interactive multidisciplinary clinic, preferred. Demonstrated ability to complete multiple tasks/objectives in a timely manner, preferredAccuracy in diagnosing patients and developing effective treatment plans, preferred. Competence in individual, family and group psychotherapy, preferred. Primary Location: California,Roseville,Roseville Eureka Medical Offices 2 Shift: Day Workdays: Mon, Tue, Wed, Thu, Fri; Days may vary. Working Hours Start: 08:30 AM Working Hours End: 05:00 PM Job Schedule: Part-time Job Type: Standard Employee Group/Union Affiliation: A05-IBHS|NUHW|NUHW Integ Behavioral Hlth Ser Job Level: Individual Contributor Department: Roseville Hospital - Pediatrics-Developmnt Assessmt - 0206","She prefers traditional tango music but makes occasional use of more contemporary material. She is highly selective in her choice of music, aiming to engage dancers with the sense of a musical and narrative journey throughout the Milonga. Her tastes are eclectic, ranging from the early music of the 1930s through the golden age, and including the more dramatic songs of the 1950s and later. No matter what the music her aim is to build tandas with a strong sense of internal coherence and immediate appeal, based on rhythm, tempo, melody and mood. Her tandas are complimented by carefully chosen cortinas that contribute to the sense of occasion and help build the musical trajectory."
p024,Paralegal,"Busy law firm, focusing on real estate. Company Description We suggest you enter details here. Role Description This is a full-time on-site role located in East Greenwich, RI. As a Paralegal at D'Ellena Law Office, your responsibilities will include conducting legal research, preparing legal documents, following up on files, assisting in client comminication, and providing general administrative support to attorneys. Qualifications Qualified candidates for the Paralegal position should have: A cerrificate or bachelor's degree in Paralegal Studies or a related fieldStrong knowledge of legal terminology and proceduresExceptional organizational and time management skillsExcellent written and verbal communication abilitiesProficiency in legal research and document preparation softwareAttention to detail and a high degree of accuracyAbility to work independently and as part of a team","Steve received his paralegal certificate from Pasadena City College in 1986. After receiving his certificate, Steve went to work with Ruben & Crispi, LLP, in Century City where he gained valuable litigation experience in the areas of medical malpractice, legal malpractice and personal injury and also did a significant amount of appellate work. Steve also worked in the corporate department at R&M for a number of years where he assisted with the formation of many corporations, limited partnerships and limited liability companies. Steve remained with the same group of attorneys for approximately 18 years, albeit under different firm names as partners changed throughout the years."
p025,Product Detail Photographer,"Job Description POSITION SUMMARY: The Product Detail Photographer is responsible for the creation of all macro product imagery for helzberg.com. The PD Photographer will style, light, and shoot multiple angles for each product according to the style guide and specifications provided by the Helzberg creative team. This role will collaborate closely with product coordinator, creative, ecommerce, and retouch team to elevate the ecommerce experience through creation of product imagery. The Photographer is responsible for collaborating with internal stakeholders to prioritize work in support of key marketing and promotional needs. Continuously improve photo department competencies, refine workflow and optimize tools/processes to support the development of highest-quality product images. This position works with teams throughout the organization as well as external agencies to ensure execution is consistent with our brand standards. Principal Accountabilities Macro photography and product styling for PDP images for .com. Captures multiple focal and lighting brackets and creates composite images. Coordinates workflow and provides image retouch direction for external partners. Replicates styling and lighting across all images. Ensures consistency, image quality, product angles and lighting. Ability to capture 360 product images. Manages photo studio equipment and supplies. Ability to style and prop jewelry to capture consistent angles across categories. Works as digital tech and responsible for lighting set up. Creates base meta tagging and file naming. Uploads final assets to DAM. Generates digital contact sheets. SUPERVISORY RESPONSIBILITIES: The Product Detail Photographer will supervise external creative retouch teams and workflow. Qualifications Bachelor’s degree in photography or a related field, providing a solid foundation for creative design principles. Minimum 7 years of experience as a macro photographer. Strong portfolio that showcases fine jewelry photography. Expert in Photoshop and image composition software. Experience styling jewelry with a strong attention to detail. Strong understanding of digital environments. Demonstrated knowledge of best practices for product photography in the ecommerce space. Organized, reliable self-starter with strong creative thinking and technical problem-solving. Ability to work independently and collaboratively. Hybrid schedule with predictable onsite attendance required three or more days per week to perform essential functions involving interactive behaviors with co-workers and managers, operation or manipulation of equipment and/or materials located only on site, and direct interaction with internal and/or external customers. Auto req ID 6021BR Location SSC-Store Support Center City and State North Kansas City, MO","He is currently an independent columnist, editor and commentator. He is listed among the top 200 Indian influencers on Twitter. He tweets as @madversity.)"
p026,Associate Chiropractor Relocation Assistance,"Are you ready to make an impact in the world of integrated healthcare? Complete Care is searching for an exceptional Chiropractic Physician to join our dynamic team. As our company expands, you will be at the forefront of our mission, providing top-notch chiropractic and physiotherapy care across multiple clinics and locations. If you are a dynamic Chiropractic Physician, get ready for an opportunity that is not just a job – but a journey of innovation. Benefits: Great competitive salary Paid vacation Great hours, flexible!6-week training course Opportunity for advancement Malpractice Insurance Paid Medical, Dental, and Vision Insurance available CEU paid 401k with matching Ongoing clinical and documentation training Requirements: Doctor of Chiropractic degree An active Florida Chiropractic Licensure (in the process of obtaining your license)Commitment to ethical and professional chiropractic practice. Proficiency in Microsoft Office is a must, demonstrating your ability to leverage modern tools for enhanced productivity. Excellent communication skills are non-negotiable. You must be able to communicate clearly and effectively, both verbally and in writing.Salesforce and E-Clinical Works Savvy: If you are well-versed in Salesforce and E-Clinical Works your experience in these platforms is a huge plus. Please see the link below for a video of testimonials from our current Chiropractic team: Complete Care Testimonial Video-Click Here! History- After witnessing a lack of proper assessment and support for patients that have been involved in an accident, we saw a dire need in the community for clinics and doctors who would provide excellent evaluation and treatment of their injuries and the support needed to guide them through the process. This is what led to the family of practices, that is Complete Care. Complete Care consists of Integrative Physical Medicine, Centers for Imaging, and Interventional Associates. Together they provide patients with immediate access to chiropractic care, physiotherapy, state of the art imaging, interventional pain management, and orthopedic specialists. Complete Care offers chiropractic care, physiotherapy, and comprehensive testing. In each clinic, there is an experienced and trained staff eager to help. Our Chiropractic Physicians evaluate, treat, and make appropriate referrals for each patient. We have designated Case Managers who provide support and answer any questions. Our trained doctors and Chiropractic Assistants help each patient with their prescribed therapies and medical equipment. Each administrative staff member provides excellent customer service and a welcoming atmosphere. About Complete Care: Complete Care is a preeminent fully integrated health system that provides exceptional care for the injured, which leverages top-tier talent and leading-edge technologies. Complete Care and its family of practices are characterized by core competencies of cultural, clinical, and operational excellence. We strive to meet every patient’s individual needs with skillfulness and professionalism. We deliver our healthcare services – affordably and to everyone close to where they live and work and we do so in a way that positions us for continued growth in Florida and in the future, nationally. At Complete Care, we take pride in providing equal employment opportunities to everyone regardless of their race, ethnicity, beliefs, religion, marital status, gender, gender identity, citizenship status, age, veteran status, or disability. PM20 Powered by JazzHR PI239313930","She graduated from Life Chiropractic College West in 2005. She is an Atlas Orthogonal Doctor and is Webster certified. Dr. Coleman started Bella Wellness Center in Danville in November of 2011, a multi-disciplinary office with practitioners offering: Chiropractic, Acupuncture, Acupressure, Massage, Advanced Biostructural Correction, Nutrition Counseling, Tui Na, Western Herbal Medicine and Traditional Chinese Medicine."
p027,Sr EDI Software Engineer I (Remote),"Employer Industry: Health Technology Why Consider This Job Opportunity Salary up to $140,000 Opportunity for career advancement and growth within the organization Remote work option with company-provided technology equipment Stable Internet connection required for remote work Chance to work with the latest Microsoft technologies in a large team environment What To Expect (Job Responsibilities) Expand knowledge of Company operations related to assigned projects Develop and maintain software applications using Microsoft technologies Perform routine programming assignments and troubleshoot software applications Partner with others to build and launch client-specific data projects Responsible for surfacing unexpected issues to Sr. Leadership What Is Required (Qualifications) Bachelor's degree in information systems or equivalent experience Minimum of 4 years of software development experience with object-oriented languages Working on an Agile/Scrum team with five or more contributors Advanced knowledge of the SDLC Minimum of 2 years working with .NET framework, C#, and MSSQL How To Stand Out (Preferred Qualifications) Experience with cloud provider technologies (AWS, Azure, Google, IBM Cloud) Building API's to support frontend libraries and frameworks (Angular | ReactJS) Working with Kubernetes and configuring containers #HealthTechnology #SoftwareEngineering #RemoteWork #CareerOpportunity #MicrosoftTechnologies At Talentify, we prioritize candidate privacy and champion equal-opportunity employment. Central to our mission is our partnership with companies that share this commitment. We aim to foster a fair, transparent, and secure hiring environment for all. If you encounter any employer not adhering to these principles, please bring it to our attention immediately. Talentify is not the EOR (Employer of Record) for this position. Our role in this specific opportunity is to connect outstanding candidates with a top-tier employer. Talentify helps candidates around the world to discover and stay focused on the jobs they want until they can complete a full application in the hiring company career page/ATS.","He graduated with honors from University Of Cincinnati College Of Medicine in 2012. Having more than 4 years of diverse experiences, especially in NURSE PRACTITIONER, Kevin M Wolfe affiliates with many hospitals including Kings Daughters Medical Center Ohio, King's Daughters' Medical Center, Southern Ohio Medical Center, and cooperates with other doctors and specialists in many medical groups including Kings Daughters Medical Specialties Inc, Ashland Hospital Corporation. Call Kevin M Wolfe on phone number (740) 353-8100 for more information and advises or to book an appointment."
p028,Dentist,"Dentist Location: Johnstown, PA Position Type: Full-Time Pay: $160,000-$360,000 potentialGeneral OverviewAre you ready to create healthier, happier smiles? Do you have a passion for advancing your career through continuous education and embracing cutting-edge technology? If your answer is yes, consider joining our Elite team.Elite Dentistry of Johnstown is actively seeking a General Dentist to join our practice that prioritizes patients, leverages advanced technology, and operates in a dynamic environment in Johnstown, PA. Our goal is to deliver unparalleled excellence in dentistry by employing the latest techniques in both general and cosmetic dentistry. This position offers a fulfilling opportunity for a dentist seeking clinical autonomy within a thriving practice. We are dedicated to providing rewarding careers for our team members and delivering comprehensive dental services to patients of all ages. Equipment & Technology:Digital X-raysIntraoral CameraOral Cancer ScreeningTeeth WhiteningDigital ImpressionsiTeroCEREC Crowns (select offices)Implant MotorEndo SystemSchedule: Monday: 8:00 AM – 5:00 PMTuesday: 8:00 AM – 5:00 PMWednesday: 8:00 AM – 5:00 PMThursday: 8:00 AM – 6:00 PMBenefits: Comprehensive benefits are offered to employees in full-time positions working 30 hours or more per week. A competitive compensation packageMedical, dental, vision insuranceMalpractice insurance401(k) planLife insurance and disability plansFlexible spending and health saving accountsRobust CE offering, mentorship, and professional developmentA unique financial stake in the company’s success Responsibilities: Perform General dentistry services, including the diagnosis and treatment of diseases, injuries, and malformations of teeth, gums, and related oral structures.Examine patients to determine the nature of the condition affecting the patient, utilizing x-rays, dental instruments, and other diagnostic procedures.Clean, fill, extract and replace teeth, using rotary and hand instruments, dental appliances, medications, and surgical implements.Provide preventive dental services and education in oral and dental hygiene.Supervise office staff, including hygienists, dental assistants, receptionists, and other office staff.Coordinate laboratory services for the dental office.Adheres to safety protocols and processes including but not limited to ensuring protective equipment is utilized and OSHA/Bloodborne pathogen requirements are followed.Participate in morning huddles, chart reviews and routine office meetings.All other duties and responsibilities allowed under applicable state laws and regulations.QualificationsDoctor of Dental Medicine (DMD) or Doctor of Dental Surgery (DDS) degree accredited by the Commission on Dental Accreditation.Possession of a valid and current state dental license (License must be in good standing) or eligibility for licensure.Possession of current state dental license, DEA, BLS#PM23","His designs, built and unbuilt, since starting practice in 1973 have a freedom of expression which could be compared with the most non-conforming 19th century architects as portrayed by Goodhart-Rendell...John Outram's verve is also dedicated to exploring the potential of materials, both in terms of constructive skill and visual delight...."
p029,Interior Designer,"Interior Designer Salary: $80,000 - $100,000 + PTO + 401(k) + Career Progression Are you an interior designer passionate about creating incredible designs, looking for an opportunity to join a growing and award-winning firm? On offer is a chance to be part of a firm that values creativity and innovation, providing sophisticated and exciting designs across various projects. With us, you'll contribute to a family-oriented team atmosphere while handling all aspects of the design and build process. This company is renowned for its rich history of excellence in architecture and interior design. they pride themselves on creating a supportive, social environment. The firm is on an exciting growth trajectory, aiming to expand their team and bring fresh, innovative ideas to life. You will be integral in collaborating with senior staff on the design and production of documents, preparing and reviewing construction drawings, and ensuring projects meet quality and time expectations. This role offers the opportunity to engage in all aspects of building code applications, perform field surveys, and coordinate with various professional disciplines, all while contributing to a culture of excellence and innovation. This role would suit an ambitious interior designer eager to leave a mark on the industry through creative design, collaboration, and a dedication to quality. Don't miss this chance to step into a role where your contributions are valued and your growth is guaranteed. The Role:Collaborate on design and production of documents with senior staff.Prepare and complete design projects to client satisfaction.Engage in all aspects of the building code and regulatory compliance.Opportunity for initial training and progression to a more senior role. The Candidate:3+ years proven experience as an interior designer in hospitality or commercial projects with a portfolio of completed work.Proficiency in AutoCAD and Revit.Proficiency in Microsoft Office Suite.Degree qualified in design or related field. To apply for this role or to be considered for further roles, please click ""Apply Now"" or contact Jack Scott at Rise Technical Recruitment. Rise Technical Recruitment Ltd acts as an employment agency for permanent roles and an employment business for temporary roles. The salary advertised is the bracket available for this position. The actual salary paid will be dependent on your level of experience, qualifications, and skill set. We are an equal opportunities employer and welcome applications from all suitable candidates.","After five years working in the event and wedding business Elizabeth, longing for excitement and to continue her nomadic life, moved to Los Angeles to pursue a career in film production. Since moving to Los Angeles Elizabeth has worked in many different capacities in film and television. She has experience as a Producer, Art Director, Prop Assistant, Graphic Designer and Production Assistant. Elizabeth is also the Assistant Director of The Catalina Film Festival. Elizabeth has a degree in Journalism, Communications and History. When Elizabeth isn’t working she is traveling the world or doing “market research” on Netflix or Hulu."
p030,Registered Dietitian,"As a Registered Dietitian, our jobs are often dictated by company policy, time limits, diagnosis codes and Dr's supervision. At Your Life Nutrition we are welcoming RDNs who like to think outside the box to support their clients in the most personal, effective and compassionate way possible. We have flexible hours and are hunting for RDNs that are confident in their one-one counseling and have special areas of focus that compliemnt traditional ED care. Responsibilities[Be specific when describing each of the responsibilities. Use gender-neutral, inclusive language.]Example: Determine and develop user requirements for systems in production, to ensure maximum usability Qualifications[Some qualifications you may want to include are Skills, Education, Experience, or Certifications.]Example: Excellent verbal and written communication skills",She graduated from the University of Surrey and worked as a clinical dietitian in the NHS for 11 years before becoming a Research Fellow at the Royal Free Hospital. She was awarded her PhD for her thesis entitled Nutritional Status and Body Composition in Patients with Chronic Liver Disease. She has continued her career as a lecturer at London Metropolitan University and more recently at the University of Hertfordshire where she leads a team of dietitians and nutritionists involved in teaching and research.
p031,Dentist - $600-$700/day,"Seeking Dentist in Hershey, PA - Great pay and benefits! We are looking for the right candidate for a Full Time Dentist position in a very busy general practice located in Hershey, Pennsylvania. We offer a family oriented environment and team oriented staff. EFDAs on staff to increase efficiency. Potential for growth is only limited by your ability. Position available for immediate start. In this role, you will be replacing the owner but they will still be available for mentorship if candidate wishes. Office is convieniently located to Harrisburg, Lebanon and Lancaster. Schedule: Full Time Compensation: Daily Minimum ($600-700) depending on experience is given for up to six monthsProduction percentage401K with matchHealth InsurancePaid Time OffReimbursement for DEA/ Dental License/ MalpracticeCE AllowancePotential for profit sharing once established Dentist Requirements and Qualifications: D.D.S. or D.M.D. from a school accredited by Commission on Dental Accreditation (CODA) and American Dental Association.Must have valid PA license.Certification in CPR.Good interpersonal skills and communication.Compassionate and caring of patients.Complies with all office, local, state, and American Dental Association regulations, protocols, and procedures.Apply today! Skills:General Practice Benefits:Medical401kPTO Compensation:$600-$700/day PandoLogic. Keywords: Dentist, Location: Hershey, PA - 17033","She has an MFA from the Iowa Writers' Workshop and a BA in English from the University of Georgia. She is a 2014 Nightboat Books Poetry Prize finalist, a recipient of the Friedman Fellowship from the University of Iowa and a 2014 Yaddo Residency Fellow. Julia has taught creative writing at the University of Iowa, the Iowa Young Writers' Studio, Iowa Summer Writing Festival, and to students through the Iowa Youth Writing Project. Currently she lives in Iowa City where she teaches Screenwriting at the University of Iowa and co-edits Two Peach with Catherine Pond."
p032,Registered Dietitian (RD),"$10,000 Sign-On Bonus Are you passionate about food and nutrition and ensuring seniors have delicious, healthy meals? As a Registered Dietitian (RD) at St. Anthony Healthcare Center, you have the opportunity to provide clinical assessments for guests, plan diets to meet nutritional needs, and oversee the operations of the culinary department. At Ciena Healthcare, we take care of you too, with an attractive benefit package including: Competitive payLife Insurance401K with matching fundsHealth insuranceAFLACEmployee discountsTuition ReimbursementSPOTLIGHT, our virtual community and rewards and recognitions program, exclusively for Ciena staff membersYou will join an experienced, hard-working team that values communication and strong teamwork abilities Responsibilities Oversees the purchase of food and supplies within budget and maintains a supply to adequately cover each mealProvides technical guidance and administrative direction over diet planning, menu formulation, preparation and service of regular and therapeutic dietsAssures meals are nutritious, palatable, and crafted in a timely and consistent manner while adhering to menus and diet ordersInterviews guests and family members, as necessary, to obtain diet historyProvides timely and accurate completion of dietary portion of the clinical recordParticipates in regularly scheduled conferences, including department head meetings and interdisciplinary care plan meetings Qualifications Must be registered by the Commission on Dietetic RegistrationServe Safe certificationOne (1) to two (2) years management/supervisory experience preferred About Ciena Healthcare Ciena Healthcare is Michigan’s largest provider of skilled nursing and rehabilitation care services. We serve our residents with compassion, concern, and excellence, believing that every one of them is a unique person who deserves our best each day that we care for them. If you have a passion for improving the lives of those around you and working with others who feel the same way, Ciena is the place for you! IND123","Ms. Saito assists senior paralegals and attorneys in the Corporate Transaction, Employment Law, and Estate Planning and Administration practices by handling the day-to-day communication (in both Japanese and English) with clients."
p033,Counsel,"About the Team:VIZIO’s legal team is seeking an experienced and motivated licensed attorney with experience in commercial transactions related to digital advertising, data and/or media transactions to join our growing Legal Platform+ team. The position will be reporting to VIZIO’s AdTech Legal Director and work closely with other attorneys supporting VIZIO’s Platform+ business. This is an amazing opportunity to join a growing and dynamic team, within a fast-paced environment. This is an amazing opportunity to play a key role in supporting the company’s rapid growth and for someone who enjoys learning new things and collaborating with the business teams. Like all attorneys at all levels at VIZIO, you must be willing to pitch in wherever necessary to assist the legal team in meeting the company’s goals. What You Will Do:Work closely with sales and business development teams to negotiate commercial transaction agreements.Evaluate issues from legal and business perspectives with a practical, business-oriented approach to problem solving, as well as handle complex business and legal issues in a fast-paced, agile and evolving technology-driven business environment.Support strategic initiatives including cutting edge technology and regulatory support. There is potential for expansion of duties and opportunity to make a significant impact on continued growth of the legal department as the department ramps up to meet the demands for VIZIO’s rapidly expanding business.Work closely with the in-house legal team members, outside counsel, and multiple client groups/functional departments at all company levels. About You:5-7+ years of transactional experience as an attorney either in-house, at a law firm, or a combination of both.Juris Doctorate degree from a U.S. accredited law school.Licensed to practice law in the State of California or qualify to register as California in-house counsel.Experience with data licensing, digital advertising, and/or content licensing preferred, specifically experience or exposure to programmatic advertising, insertion orders, DSP and SSP agreements, data licensing and/or AVOD/SVOD/TVOD licensing deals.Experience in online privacy or related field - Privacy certifications preferred but not required (e.g., CIPP, CIPT, or CIPM).Able to handle multiple matters simultaneously and prioritize effectively.Solid background and experience with negotiating, drafting and advising on a variety of agreements.Sense of humor and strong interpersonal skills including maturity, creativity and a high energy level.Team-oriented and able to interact effectively and influence peers and all levels of management.Ability to work well in a very fast-paced and dynamic environment, as well as in a small team environment and become a productive and positive member of the legal department.Proficient in Word, Excel, PowerPoint, and Sharepoint. About VIZIO:We are Beautifully Simple.Headquartered in Irvine, California, VIZIO is a leading HDTV brand in America and the #1 Sound Bar Brand in America. VIZIO's mission is to deliver high performance, smarter products with the latest innovations at a significant savings that we can pass along to our consumers. Our loyal following and industry-wide praise continues to grow as we redefine what it means to be smart. VIZIO, Inc. is an Equal Opportunity Employer committed to diversity in the workplace. All qualified applicants will receive consideration for employment without regards to race, color, religion, sex, sexual orientation, gender identity, gender expression, national origin, protected veteran status, or any other basis protected by applicable law, and will not be discriminated against on the basis of disability. We do not accept unsolicited agency resumes. We will not pay fees to any third-party agency, outside recruiter or firm without a mutually agreed-upon contract and will not be responsible for any agency fees associated with unsolicited resumes. Unsolicited resumes will be considered our property and will be processed accordingly. For New York-based employment: The minimum salary for this position is $136,000/year. The maximum salary for this position $176,000/year. In addition to base salary, the compensation package also includes eligibility for an annual bonus, as well as equity and a range of medical, dental, vision and other benefits.","During his distinguished career in television, he has gained a reputation for telling visually compelling stories in the fields of politics, government, consumer affairs, industry and health care. Joel has a wealth of experience in every phase of television news production, from shooting video and writing news copy to interviewing, assigning coverage, producing newscasts, anchoring the news and managing a news department.Now, through his seminars and coaching sessions, Joel is sharing his insight about what works and what doesn't work in getting along with the news media. Joel's topics include:How to prepare for a TV or newspaper interview The Top Ten List of Media Relations Do's and Don'ts How to handle negative publicity or a crisis situation Performance tips for television Common mistakes in dealing with the media Request More Information >"
p034,Graduate Nurse Rotational Program: UPMC Mercy – Trauma/Burn Track (Spring 2024 Graduates),"Are you graduating in Spring 2024 from nursing school and looking to launch your nursing career? Our Graduate Nurse Rotational Program may be the perfect fit! You will rotate through various units within the hospital to gain valuable and varied experience while working alongside an experienced nurse to help mentor and guide you in your learning. About UPMC Mercy: Located in downtown Pittsburgh, UPMC Mercy is the region’s only combined Level 1 Trauma Center and Comprehensive Burn Center. It is also the home and hub of the UPMC Rehabilitation Institute. As Pittsburgh’s only Catholic hospital, UPMC Mercy works to provide compassionate quality health care to all people. What is the Graduate Nurse Rotational Program (GNRP)? UPMC Mercy is pleased to announce we are NOW HIRING Graduate Nurses as full-time Professional Staff Nurses to support various hospital units as part of a special Rotational Program. The GNRP will begin in August 2024. Previous participants have had the opportunity to rotate through various units including 11E Ortho/Trauma Burn, Emergency Department, 7E Rehabilitation and Trauma Burn Center for 12 months. Why Join the Graduate Nurse Rotational Program? Opportunity to explore and find your right ‘home’ in nursing at UPMC Fantastic opportunity to learn from many talented nurses and receive a broad education in nursing Having a resource pool nurse as a mentor Having preceptors for each rotation What Can You Expect as a GNRP Professional Staff Nurse? The Professional Staff Nurse provides highly competent patient care and treatment while demonstrating empathy and a passion for learning. A role that requires independent judgment, fluent communication, and candid partnership, the Professional Staff Nurse establishes relationships with physicians, other care providers, patients, and patients’ families to achieve desired patient outcomes throughout the continuum of care. As a Professional Staff Nurse and a member of the care delivery team, you will set the standards for the level and quality of nursing care and possess authority and accountability for its provision. At all times, you will exemplify a commitment to the community and to the nursing profession. How Does UPMC Support our Nurses? UPMC is committed to investing in nurses like you –financially, personally, and professionally –starting on day one of your career. From tackling student loans to advancing your career later in life, UPMC is the partner you need to succeed and thrive in your nursing career. Here are a few examples of how we support our nurses: Generous Sign-On Bonus of up to $10,000* for Graduate Nurses (*Amount and eligibility based on type of nursing role and candidate experience) UPMC’s Monthly Loan Repayment program, for 2023 & 2024 nursing graduates, offering $20,000* in loan repayment paid over three years (*Eligible flex full-time RN roles to receive prorated amount) Up to five and a half weeks of Paid Time Off annually, plus seven paid holidays each year Dedicated career ladders allowing you to achieve your highest potential while rewarding you for your experience and advanced education Tuition reimbursement of up to $6,000 per academic year at any accredited institution, available to employees and their dependents (plus other educational discounts for UPMC employees, including no-cost RN-BSN/MSN options!) Top clinicians, leading researchers, and the most modern equipment and technology in health care today What Does Placement Look Like Post-GNRP? Upon completion of the Graduate Nurse Rotational Program, placements are determined by participant preference, Hiring Manager preference, and business need through a collaborative matching process at UPMC Mercy. Applicants will be placed in the appropriate job title and salary from the My Nursing Career Ladder based on their individual experience and education. Shift/Hours: Our RNs work a rotating 12-hour schedule to ensure 24/7 coverage on the floor. Typical shifts include 7am and 7pm shift times. GNs must be eligible for State Board Licensure and successfully pass the examination before beginning this role. BSN Preferred Completion of UPMC Student Nurse Internship Program or student clinical transitions course at UPMC preferred The individual must be able to demonstrate the knowledge and skills necessary to provide care and/or interact appropriately to the ages of the patients served by his/her assigned unit as specified below. They must also demonstrate knowledge of the principles of growth and development over the life span and possess the ability to assess data reflective of the patient’s status and interpret the appropriate information needed to identify each patients requirements relative to his/her age-specific needs and to provide the care needs as described in the department policy and procedures. Ability to establish and maintain positive, caring relationships with executives, managers, physicians, non-physician providers, ancillary and support staff, other departments, and patients/families. Ability to work productively and effectively within a complex environment, handle multiple/changing priorities and specialized equipment. Critical thinking, analytical and problem-solving abilities required as related to various aspects of patient care. Good clinical judgment. Critical thinking skills necessary to exercise and to lead others in application of the nursing process. Licensure, Certifications, and Clearances: Current Pennsylvania licensure as a Registered Professional Nurse required prior to program start date. CPR required based on AHA standards that include both a didactic and skills demonstration component within 30 days of hire Act 34 Criminal Clearance ACT 73 FBI Fingerprinting Clearance ACT 33 Child Abuse Clearance Basic Life Support UPMC Is An Equal Opportunity Employer. Minority/Females/Veterans/Individuals With Disabilities Annual","He and his family moved to Graham in 2006 to raise their children and be a part of a community he and his wife, Kerri, believe in. Being a native of Graham, he is excited about being able to give back to the community that gave so much to him. Dr. Bates graduated from Tarleton State University in 1998 with his Bachelor’s degree and from Forest Institute of Professional Psychology in 2002 with a Doctorate of Psychology. His internship and residency training led him to Porterville, California as well as South Texas. He then moved to Oklahoma where he was the Mental Health Authority at a medium security prison for three years before going into private practice in Graham in 2006."
p035,Interior Designer,"Interior Designer - Custom Luxury Residences Primary Purpose: The primary role of the Interior Designer is to provide interior design input and support within the design team. A successful candidate will be high-energy and have a passion for all things design. The successful candidate must be highly professional, friendly, organized, efficient, ambitious, creative and experienced with custom luxury residential projects. This role will work with the team on multiple projects at a time and balance priorities with design aspect. Essential Duties and Responsibilities include the following: (Other duties may be assigned.) 1. Must be able to assist with the development and review of floor plans, elevations, electrical details, materials, and finishes. 2. Tracking Selections and approvals using a web-based program, and effectively communicating this information to the team as well as to clients. 3. Proven experience with interior design and construction detailing, materials and fixture specification, client presentation, and interior finishing details. 4. Work with team to develop concepts and final designs, assemble presentation boards, including finishes, concept, and design statement. 5. Assist team to develop plans, elevations, and architectural details that illustrate the design intent and use of materials. 6. Work with team and meet design schedules by making selections. 7. Staying current on design trends through exploration of new projects and designs. 8. Participate in the development and maintenance of the project standards library, including CAD and detail standards and procedures. Assist in monitoring the resource library. 9. He or she must have a keen eye for details, ability to work on multiple projects simultaneously, and meet deadlines consistently. 10. Position requires periodic travel to site locations, vendors, etc. 11. Follow construction and installation phases, assist and attend job site meetings when required, review elements of the construction to ensure compliance with the design intent of the project. 12. Be available to assist with any walk-in clients as much as possible at the office. 13. Administrative work as needed. 14. Attending meetings, taking notes, and compiling follow-up requests. EDUCATION AND QUALIFICATIONS: 1. Bachelor Degree in Fine Arts/Interior Design required.2. Candidate should be proficient in Revit, 3D modeling, and sketch up.3. Passionately monitor and stay on top of the latest design trends.4. Outstanding written and verbal communication skills.5. Highly organized with attention to details and an eye for quality execution.6. Simultaneously work on several projects under deadline while balancing stakeholder needs. 7. Demonstrate strong effective relationship building with internal and external partners. PHYSICAL REQUIREMENTS: Ability to drive an automobile. Complete daily task using the resources provided by the company.","Sultana is well known for his use of noble materials, fine craftsmanship and luxurious finishes. He works across both residential and commercial interior projects."
p036,Associate Chiropractor Relocation Assistance,"Are you ready to make an impact in the world of integrated healthcare? Complete Care is searching for an exceptional Chiropractic Physician to join our dynamic team. As our company expands, you will be at the forefront of our mission, providing top-notch chiropractic and physiotherapy care across multiple clinics and locations. If you are a dynamic Chiropractic Physician, get ready for an opportunity that is not just a job – but a journey of innovation. Benefits: Great competitive salary Paid vacation Great hours, flexible!6-week training course Opportunity for advancement Malpractice Insurance Paid Medical, Dental, and Vision Insurance available CEU paid 401k with matching Ongoing clinical and documentation training Requirements: Doctor of Chiropractic degree An active Florida Chiropractic Licensure (in the process of obtaining your license)Commitment to ethical and professional chiropractic practice. Proficiency in Microsoft Office is a must, demonstrating your ability to leverage modern tools for enhanced productivity. Excellent communication skills are non-negotiable. You must be able to communicate clearly and effectively, both verbally and in writing.Salesforce and E-Clinical Works Savvy: If you are well-versed in Salesforce and E-Clinical Works your experience in these platforms is a huge plus. Please see the link below for a video of testimonials from our current Chiropractic team: Complete Care Testimonial Video-Click Here! History- After witnessing a lack of proper assessment and support for patients that have been involved in an accident, we saw a dire need in the community for clinics and doctors who would provide excellent evaluation and treatment of their injuries and the support needed to guide them through the process. This is what led to the family of practices, that is Complete Care. Complete Care consists of Integrative Physical Medicine, Centers for Imaging, and Interventional Associates. Together they provide patients with immediate access to chiropractic care, physiotherapy, state of the art imaging, interventional pain management, and orthopedic specialists. Complete Care offers chiropractic care, physiotherapy, and comprehensive testing. In each clinic, there is an experienced and trained staff eager to help. Our Chiropractic Physicians evaluate, treat, and make appropriate referrals for each patient. We have designated Case Managers who provide support and answer any questions. Our trained doctors and Chiropractic Assistants help each patient with their prescribed therapies and medical equipment. Each administrative staff member provides excellent customer service and a welcoming atmosphere. About Complete Care: Complete Care is a preeminent fully integrated health system that provides exceptional care for the injured, which leverages top-tier talent and leading-edge technologies. Complete Care and its family of practices are characterized by core competencies of cultural, clinical, and operational excellence. We strive to meet every patient’s individual needs with skillfulness and professionalism. We deliver our healthcare services – affordably and to everyone close to where they live and work and we do so in a way that positions us for continued growth in Florida and in the future, nationally. At Complete Care, we take pride in providing equal employment opportunities to everyone regardless of their race, ethnicity, beliefs, religion, marital status, gender, gender identity, citizenship status, age, veteran status, or disability. PM20 Powered by JazzHR PI239201772","Dr. Riley graduated from the University of Texas with a bachelor of arts in biology and a bachelor of engineering science. He then furthered his studies at UT, receiving a master of science in biomedical engineering as well as his medical degree. He completed his orthopedic surgery residency at University of Texas Medical Branch, Galveston, Texas."
p037,Attorney with Unlawful Detainer Experience (Remote and Contract),"Latitude is seeking an attorney with experience handling unlawful detainer actions for part or full-time engagement work with an AmLaw 100 firm. Interested candidates must be California licensed and have experience handling unlawful detainer actions. Work is completely remote but the successful candidate must be licensed and located anywhere in Northern California. Responsibilities of the Attorney with Unlawful Detainer Experience (Remote and Contract):Efficiently and competently research legal issuesDraft pleadings, motions, memoranda of law, discovery requests and responses, legal correspondence, etc.Handle all aspects of discovery, trial preparation and trialCommunicate clearly both orally and in writing Requirements for the Attorney with Unlawful Detainer Experience (Remote and Contract):At least 3 years of litigation experience including some involvement handling unlawful detainer actionsLicensed and in good standing in CaliforniaJ.D. from an accredited, preferably top tier law schoolAbility to thrive in a fast-paced, client-service-driven settingOutstanding references Position Details for the Attorney with Unlawful Detainer Experience (Remote and Contract):Type of Role: EngagementSchedule: Part or Full-TimeLocation: Remote (location of candidate must be anywhere in Northern California)Compensation & Benefits: Highly competitive and commensurate with experience CompensationThe annualized compensation for this position ranges from $170,000 to $200,000. Pay is based on numerous factors including but not limited to work experience, qualifications, credentials and location. In addition to salary, Latitude Engaged Professionals are W2 employees of Latitude and are eligible for full benefits when working in roles for 20 hours per week, including a Qualified 401k plan. Benefits-eligible Latitude employees receive complimentary Group Life, LTD and AD&D and professional liability insurance. Latitude Attorneys also receive a CLE and Professional Expense stipend. ConfidentialityLatitude will not disclose your identity or propose you to prospective clients without your prior consent. Candidates selected for further consideration will be contacted. Only qualified applicants should apply. About LatitudeLatitude is a full-service national legal services company that specializes in providing high-end, flexible contract engagements and permanent positions to outstanding attorneys, paralegals, compliance officers and legal operations professionals. We work closely with our candidates to understand their career goals and match them with the substantive engagements they want with our clients, who range from Fortune 500 corporations to small companies and Global 50 law firms to boutiques. With offices coast-to-coast, we employ legal professionals across the country. Latitude’s client service leaders and recruiters are all former practicing attorneys and understand the demands faced by those we serve. Latitude EngagementsGreat attorneys and other legal professionals who are seeking contract engagements or consulting roles choose to work with Latitude because of our competitive compensation and benefits, sophisticated and engaging work, a chance to work with great clients and peers, and a refreshing blend of freedom with self-designed boundaries. Our own experience as practicing attorneys and our client relationships enable us to effectively tailor our candidate proposals to the specific practice strengths and interpersonal attributes that matter most to our clients and to match our candidates with the opportunities that will be most fulfilling to them. Latitude engaged professionals have the level of skill, experience, and judgment as would be expected of a permanent member of our client’s corporate legal department or law firm and the versatility to step into challenging environments and hit the ground running. If you have the right skills, personality and experience, Latitude helps you do what you are good at in a more rewarding way. Latitude engaged professionals serve on a full- or part-time engagement basis, and work remotely or on-site at the client office. While we are able to work only with a select few of the most outstanding candidates, our customized approach results in a high success rate for those candidates we recommend. For more information about Latitude, please visit us at https://latitudelegal.com. Latitude is an Equal Opportunity Employer LATSF 5142","Through her production company, Fort Greene Filmworks, she has developed and produced a wide-range of documentary films and series in collaboration with other acclaimed filmmakers and production companies. She also directs and produces commercials, corporate and educational videos, and live events."
p038,"Photographer, ShowingTime+ (Boston, MA)","About The Team ShowingTime+ is seeking experienced photographers for part-time real estate photography work. Apply your photography skills to the Real Estate industry, capturing high quality photos, drone imagery, and Zillow’s 3D interactive floor plans to help real estate agents professionally market listings. By working with us you’ll be at the forefront of Real Estate photography innovation, capturing media that consumers want to see when shopping for a home. ShowingTime+’s photographers will be expected to drive between job sites in their market area, capture media, and complete minor editing work. About The Role This is a part-time position supporting Boston, MA area. We anticipate that photographers in this role will typically work 20 hours per week, depending on their location and business needs. Photographers may occasionally be expected to work more than 20 hours per week to meet high demand. While this is a part time position, there will be opportunities for full time employment in the future as the business grows. As a Photographer supporting ShowingTime+ and our Listing Media Services, you will: Capture still photography, Zillow 3D interactive floor plan virtual tours, and drone imagery on for sale properties. Use cutting- edge proprietary technology to create captivating rich media experiences. Innovate the home buying process by providing the media experiences consumers want when shopping for a home. This role has been categorized as a Field position. “Field” employees perform the majority of their work in the field, not at any specific corporate or other office location. Employees must live within reasonable commuting distance of their designated ZG office. ZG has not defined a reasonable distance, and expects employees will use judgment in determining this for themselves and understand the implications re: time commitment and cost of daily commute. In California, Colorado, Connecticut, Hawaii, Nevada, New York and Washington the standard base pay range for this role is $17.10 - $27.30 Hourly. This base pay range is specific to California, Colorado, Connecticut, Hawaii, Nevada, New York and Washington and may not be applicable to other locations. In addition to a competitive base pay, employees in this role are eligible for incentive compensation and equity awards. Actual amounts will vary depending on experience, performance and location. Who you are An experienced photographer with a talent for capturing high quality images (preferably in Real Estate photography). Someone with excellent customer service & professional business communication skills (you'll be engaging with the clients on a daily basis). A motivated, detail-oriented person who can efficiently capture a home while maintaining the highest quality standards. A punctual professional who always shows up on time and delivers captured media by communicated deadlines. An independent worker, comfortable working solo. Requirements The ability to learn ShowingTime+’s processes and computer systems. Experience capturing high quality photography, preferably exterior and interior real estate photos, 3D tours, and drone photography. FAA Part 107 certification for drone work (preferred). Possession of a valid driver's license and access to a reliable personal vehicle for business transportation. Access to reliable internet upload speeds. You will be uploading media every day. Required Equipment:A DSLR camera with the ability to shoot in AEB mode and a wide-angle lens (as an example, a Canon EOS 80D with the Canon EF-S 10-22mm Ultra Wide Angle Lens or better). Smart phone with cellular data (iOS15 and above or Android 7 and above). Preferred Equipment:A Ricoh or Insta360 3D camera. A Drone with AEB photography and 1080p/60fps videography capabilities. Interior Video equipment capable of 1080p/60fps. Get to know us Zillow is reimagining real estate to make home a reality for more and more people. As the most-visited real estate website in the United States, Zillow® and its affiliates help movers find and win their home through digital solutions, first class partners, and easier buying, selling, financing and renting experiences. Millions of people visit Zillow Group sites every month to start their home search, and now they can rely on Zillow to help make it easier to move. The work we do helps people get home and no matter what job you're in, you will play a critical role in making home a reality for more and more people. Our efforts to streamline the real estate transaction are supported by a deep-rooted culture of innovation, our passion to redefine the employee experience, a fundamental commitment to Equity and Belonging, and world-class benefits. These benefits include comprehensive medical, dental, vision, life, and disability coverages as well as parental leave, family benefits, retirement contributions, and paid time off. We’re also setting the standard for work experiences of the future, where our employees are supported in doing their best work and living a flexible, well-balanced life. But don’t just take our word for it. Read recent reviews on Glassdoor and recent recognition from multiple organizations, including: the 100 Best Companies to Work For, Glassdoor Employees’ Choice Award, Bloomberg Gender-Equality Index, Human Rights Campaign (HRC) Corporate Equity Index, and TIME 100 Most Influential Companies list. Zillow Group is an equal opportunity employer committed to fostering an inclusive, innovative environment with the best employees. We are committed to equal employment opportunity regardless of race, color, ancestry, religion, sex, national origin, sexual orientation, age, citizenship, marital status, disability, gender identity or Veteran status. If you have a disability or special need that requires accommodation, please contact us at RecruitingAccessibility@zillowgroup.com. Applicants who receive job offers from Zillow Group will be asked to sign a Proprietary Rights Agreement which includes confidentiality, intellectual property assignment, and customer and employee non-solicitation provisions. If you are contacted for a role at Zillow Group and wish to review a copy of the Proprietary Rights Agreement prior to receiving an offer, you may request a copy from your Recruiter.","Currently, she is focused on developing research in the area of disability awareness education; more specifically preparing elementary school age children with and without disabilities to interact with one another, respect and appreciate differences through use of general education curriculum models. She is working on developing these programs with public schools in the process of improving their inclusion programs, as well as with schools that serve students with mental illness. She also teaches Research Methods for 2nd year Child Psychiatry Fellows and co-ordinates the IJR intellectual exchange series."
p039,Associate Chiropractor Relocation Assistance,"Are you ready to make an impact in the world of integrated healthcare? Complete Care is searching for an exceptional Chiropractic Physician to join our dynamic team. As our company expands, you will be at the forefront of our mission, providing top-notch chiropractic and physiotherapy care across multiple clinics and locations. If you are a dynamic Chiropractic Physician, get ready for an opportunity that is not just a job – but a journey of innovation. Benefits: Great competitive salary Paid vacation Great hours, flexible!6-week training course Opportunity for advancement Malpractice Insurance Paid Medical, Dental, and Vision Insurance available CEU paid 401k with matching Ongoing clinical and documentation training Requirements: Doctor of Chiropractic degree An active Florida Chiropractic Licensure (in the process of obtaining your license)Commitment to ethical and professional chiropractic practice. Proficiency in Microsoft Office is a must, demonstrating your ability to leverage modern tools for enhanced productivity. Excellent communication skills are non-negotiable. You must be able to communicate clearly and effectively, both verbally and in writing.Salesforce and E-Clinical Works Savvy: If you are well-versed in Salesforce and E-Clinical Works your experience in these platforms is a huge plus. Please see the link below for a video of testimonials from our current Chiropractic team: Complete Care Testimonial Video-Click Here! History- After witnessing a lack of proper assessment and support for patients that have been involved in an accident, we saw a dire need in the community for clinics and doctors who would provide excellent evaluation and treatment of their injuries and the support needed to guide them through the process. This is what led to the family of practices, that is Complete Care. Complete Care consists of Integrative Physical Medicine, Centers for Imaging, and Interventional Associates. Together they provide patients with immediate access to chiropractic care, physiotherapy, state of the art imaging, interventional pain management, and orthopedic specialists. Complete Care offers chiropractic care, physiotherapy, and comprehensive testing. In each clinic, there is an experienced and trained staff eager to help. Our Chiropractic Physicians evaluate, treat, and make appropriate referrals for each patient. We have designated Case Managers who provide support and answer any questions. Our trained doctors and Chiropractic Assistants help each patient with their prescribed therapies and medical equipment. Each administrative staff member provides excellent customer service and a welcoming atmosphere. About Complete Care: Complete Care is a preeminent fully integrated health system that provides exceptional care for the injured, which leverages top-tier talent and leading-edge technologies. Complete Care and its family of practices are characterized by core competencies of cultural, clinical, and operational excellence. We strive to meet every patient’s individual needs with skillfulness and professionalism. We deliver our healthcare services – affordably and to everyone close to where they live and work and we do so in a way that positions us for continued growth in Florida and in the future, nationally. At Complete Care, we take pride in providing equal employment opportunities to everyone regardless of their race, ethnicity, beliefs, religion, marital status, gender, gender identity, citizenship status, age, veteran status, or disability. PM20 Powered by JazzHR PI239313930","Mr. McMahon practices general intellectual property law with an emphasis on complex patent litigation, including pharmaceutical patent litigation under the Hatch-Waxman Act. Mr. McMahon has experience in a broad range of technologies, including in the pharmaceutical, mechanical, and electrical arts. For more information, or to contact Mr. McMahon, please visit his firm profile page."
p040,Photographer,"Creatives on Call is seeking an experienced photographer who will be onsite at client's location on April 30th (Tuesday) in Wabasha, MN to capture an awards event coverage spanning a handful of hours. You will be accompanied by a videographer. ** must have own equipment available. We are looking for the following deliverables: Photo album from event (Same day within a few hours). Light touch-ups as necessary.Pre-production duties to collaborate and understand client requirements and objectives in order to organize the logistics. Equipment Setup: Set up and operate camera equipment. Ensure all equipment is operational. Capture high-quality photography. Post-production editing duties as necessary. Requirements: Available on the 30th and a preparation call before the event with the client and Creatives on Call.Be prepared to bring your own camera equipment. Experienced photographer3-5 years of corporate photography experience nice to have. DRESS is BUSINESS PROFESSIONAL for the shoot","She's known in the international electronic dance music (EDM) community as the founder and Creative Writing Director for the Writing Studio (www.facebook.com/thewritingstudio). Jay has written bios and press kits for some of the world's top dance music legends such as: Infected Mushroom, Kenny Larkin, Surgeon, Shonky, Dimitri Andreas and PANTyRAiD (MartyParty + Ooah from the Glitch Mob) ."
p041,Sr Full Stack Developer,"ASSYST is seeking a highly proficient Full-stack Developer (.NET and NodeJS) in Washington DC. Responsibilities: Collaborate with the project team to understand the requirements and user stories.Design the backend architecture and component hierarchy.Create API/services and mockups for backend design.Implement the backend components using .Net/node.js and related librariesIntegrate the services with the cloud backend apis using .Net/node.js.Implement user authentication and authorization mechanisms.Implement data validation and error handling.Implement logging/monitoring ensure that code meets security/code standardDevelop unit tests for the components.Conduct integration testing to ensure seamless communication with the backend.Perform user acceptance testing to validate the applications functionality.Document the architecture, component structure, and api integrations.Provide clear and concise code documentation.Create user guides and documentation for future maintenance.Assist in deploying the application to a production environment.Provide post-deployment support and bug fixes for a specified period. Requirements: BE in Computer Science, Engineering or Management Information Systems or Master’s Degree.Minimum 7 years of experienceThe developer should have a strong understanding of .Net/Node and its core concepts, such as components, state management, and lifecycle methods. They should be able to build reusable and efficient components.Knowledge of .Net/Node.js is essential for integrating with the backend APIs/services.The developer should be expert in using .Net/Node.js to develop services and manage server-side data.Experience in working with Restful APIs is important.The developer should be able to build API’s, handle responses, and manage data flow between the frontend and backend.Knowledge of testing frameworks like Junit or Nunit is beneficial for writing unit tests and ensuring the quality of the code. The developer should also be skilled in debugging and troubleshooting issues.Clear Understanding of Authentication and Authorization along with implementation of those in application ASSYST is an Equal Opportunity Employer. Qualified applicants will receive consideration for employment without regard to race, color, religion, sex, age, disability, military status, national origin or any other characteristic protected under federal, state, or applicable local law.","Patrickï¿½s software development experience includes implementing Java/J2EE middle tier solutions, web applications, system integrations, and Swing desktop clients. Prior to joining Oracle, Patrick was a Senior Developer at Symantec, working on J2EE and integration systems. He enjoys mentoring others on technology, and he especially enjoys participating in Open Source. Patrick has a BS in computer science from Stetson University in Florida."
p042,Photographer,"Company Description Mary Gillespie Photography is a family owned & operated photography studio located in Lodi, Ca. Role Description This is a contract remote role for a School Photographer. As a School Photographer, you will be responsible for capturing high-quality portraits of students and staff in various school settings. Your day-to-day tasks will include setting up equipment, posing individuals or groups, and ensuring a comfortable and positive experience for your subjects. This role requires strong attention to detail, excellent communication skills, and the ability to work independently while following guidelines and timelines. Locations of the schools are in Lodi, Stockton, Galt. Linden & Thornton. Qualifications Prior experience in photography, particularly in a school or portrait settingProficiency in using professional photography equipment and softwareStrong understanding of lighting techniques. Reliable transportationAbility to work independently and follow instructionsAttention to detail and strong organizational skillsAbility to adapt to different environments and subjectsFlexibility to work around school schedulesPortfolio demonstrating proficiency in portrait photography","Dr. Sanjay Ganjoo practices at Smiles By Design in Juhu, Mumbai. He completed BDS from Government Dental College & Hospital, Mumbai in 1985. Some of the services provided by the doctor are: Cosmetic/ Aesthetic Dentistry and Dental Implant Fixing etc."
p043,Teacher-Special Education #2024-150A3,"Application Deadline May 17, 2024 (or until position is filled) Description To manage academic, social and emotional needs of children with disabilities in various Special Education programs. Click below to be directed to a detailed job description and to apply; Job Posting – Capital Region BOCES (recruitfront.com) – Maywood Academy","Derek holds both MA Masters (with commendation) and BMus(Hons) Music degrees & passed 15 ABRSM exams by the age of 17, many with merit/distinction, across piano and violin, giving him an excellent grounding in not only in music production but also live stage performance."
p044,Architect,"Overview Merrick & Company is seeking an experienced Registered Architect to lead projects in our Greenwood Village, CO, Albuquerque, NM, Chamblee, GA and Merritt Island, FL offices. Client projects for this position require U.S. Citizenship. Candidates that have a desire for personal and professional growth, a well-defined understanding of design and construction document processes, and adaptability for short term and long term projects in an environment that requires a blend of creativity and high technical skills. Successful candidates must be self-starting, motivated, innovative, articulate, self-disciplined, and confident in a demanding, exciting and fast-paced environment. This position requires a competent professional architect who will be responsible for all phases of architectural production and BIM for a variety of Federal work ranging from programming through construction administration. This includes interpreting, organizing, executing and coordinating the design and production effort for one or more large or complex projects. Typical salary range for this position is $80,000 - $100,000. The pay range listed in this posting indicates the position’s eligibility to work in the state of Colorado and is consistent with our offices there; however, base pay offered may vary depending on job-related knowledge, skills, and experience. What You'll Do Work in an exciting and fast paced environment.Understand the importance of Business Development and project management for E-A firms, must be able to manage projects and demonstrate skills in a multi-disciplinary team environment.Provide Architectural design for Department of Defense (DoD), Department of Energy (DOE) governmental Facilities and NASA to help support the Space Launch System (SLS).Work in a design team environment, including directing and mentoring the work of junior architects and designers, and delegating work as required as well as provide management of the local team.Design tasks including Conceptual Studies, Program Requirements, Design Analyses, Calculations, Specification writing, and Construction Document preparation and redlines.Ensure internal communication and coordination of design efforts occurs.Coordinate all support activities required to complete all design efforts and quality assurance processes.Work with other disciplines to ensure accuracy of the package, meet schedule, and budget commitments and meet expectations for attendance and punctuality.Meet with clients to prepare and/or validate proposed scope of work.Prepare fee proposals for Architectural design work. Manage and provide leadership to local arthitectural and design staff mentoring junior staff while overseeing and guiding their professional development.Attend client meetings and make presentations to clients.Perform code reviews, redline projects, create and manage schedule and budgets for projects. Qualifications Required Qualifications: Five (5) years minimum experience with two (2) years as a Registered Architect.Professional Bachelors or Master’s degree in Architecture.Experience in all phases of design, with track record of completed, successful projects.Proficiency in Revit, AutoCAD, 3D modeling programs (Sketch Up & Revit preferred) and Adobe Creative Suite.Skilled in MS Office, Adobe Acrobat, and PowerPoint.Willingness to travel to client sites and other Merrick offices as needed.Client projects for this position require U.S. Citizenship Desired Qualifications LEED Accredited Professional preferred.Candidates local to the offices listed above are strongly preferred.Military and Government project experience. Perks Employee Owned - all eligible U.S. employees have an Employee Stock Ownership Account.Robust Employee Referral Program.Annual performance reviews and merit increases.Professional Training and Development.Employee Recognition Awards.Peer Mentor ProgramAnd Much More! Physical Requirements Requires the ability to sit for extended periods at a computer workstation.Be able to work in an environment with open discussions and visitors without getting distracted.May be required to lift up to 20 lbs.Reasonable accommodations may be made to enable individuals with disabilities to perform the essential functions.Meets expectations for attendance and punctuality.The physical demands described here are representative of those that must be met by an employee to successfully perform the essential functions of this job. Additional Information Apply online only. No e-mail, hard copy or third-party resumes accepted.Merrick & Company offers a competitive compensation and benefits package which includes health insurance, dental and vision coverage, employee stock ownership plan (ESOP) opportunity, 401(k) options, and paid time off (PTO). This position is also eligible for annual performance and spot bonuses.We recognize the importance of developing top talent from within, our employees have access to a wide range of internal and external training as well as coaching and peer mentoring programs.An Equal Opportunity Employer, including disability/vets.Employment with Merrick is contingent upon successful completion of a pre-employment background check and drug screen.","In this interview, she brings that same passion for practical design and functional construction into multi-level marketing to address the basic issue of man – food and nutrition. What exactly is network marketing, and what makes it tick? Network…"
p045,Dentist,"Full-time General Dentist Opportunity in Vancouver, WA. Company is able to provide H-1B, TN, and Green Card sponsorship for this position. At Gentle Dental, we value our teammate’s smile as much as our patient’s smile. Our vision is to provide exceptional, lifelong, integrated oral healthcare services. We enhance the quality of our patients’ lives by providing accessible oral healthcare, which is paramount to overall health and wellbeing. Our culture is based on innovation and providing a wellness approach to Dentistry to improve clinical results and consistently generate predictable treatment outcomes. We focus on a commitment to patient care, operational and clinical excellence, personal accountability, building relationships, and seeking out innovative and creative approaches to support our patients and teams. It’s the whole idea of group dentistry, reimagined to provide Doctors and Clinicians with the right balance of autonomy and support for all stages of their career, focused on the best interests of patients. Come join our team and make a difference in the lives of the people in your community! Position Details Full team of in house Board eligible, or Certified, specialists to support your specialty needsPredominantly PPO practiceComprehensive dental office Compensation30% - 32% + of production based on experienceGuaranteed compensation in first 60 daysFull time Dentist expected to make between $150,000 and $400,000 Schedule Tuesday through Friday Location: 800 NE Tenney Road, Ste B201, Vancouver, WA 98685 Benefits Include Employee Assistance ProgramMedical and pharmacy, dental, vision (for employees and their families)Basic life, AD&D, and long-term disability insurance401k plan and deferred compensation planCE creditsMalpracticeAdditional CE credits and partial License and DEA reimbursement after 2 yearsFor candidates who are considering relocating into the area, relocation assistance and state license reimbursement is available. H-1B, TN, or Green Card sponsorship Position Qualifications 1 years of experience preferredAccredited Dental School GraduateCurrent WA State Dental License (or the ability to acquire one by time of employment)Other licenses/certifications such as CPR, DEA, NPI We focus on a commitment to patient care, operational and clinical excellence, personal accountability, building relationships, and seeking out innovative and creative approaches to support our patients and teams.","She and her husband moved to Dubai in 2008 to plant a church, where her husband now serves as pastor. Gloria is a homemaker, doula, blogger, and author."
p046,Personal Trainer,"PLEASE READ THE ENTIRE JOB DESCRIPTION AND EXPECTATIONS BEFORE CONTINUING Personal TrainerJob Description 10 Fitness Personal Trainers are expected to uphold and deliver the 10 Fitness member experience while conducting personal training sessions with clients during one-on-one and/or group sessions. 10 Fitness Personal Trainers should be committed individuals who are patient and resilient. They should be honest, enthusiastic about helping others and have a strong desire to make a difference. All team members will contribute to running a clean, friendly and well-maintained club, execute the team member basics of being on time and complying with company policies. The team member will strive to ensure a safe, fun, and interactive environment in a positive and professional manner. Member Experience:Demonstrate the proper and safe use of strength training and cardiovascular equipmentEnsure that all members are following the member rules while in the clubAssist management with performing 30-minute training assessments for new membersComplete PT goal assessment/Par-Q prior to training new clientsHand off to Management after training with a recommended training programHelp clients meet fitness objectives by coaching and encouraging them through personal training sessionsEncourage and schedule clients to participate in Level 10Create individual programming for clients that cannot participate in Level 10Support clients’ nutritional needs to encourage success Generate client progress reports with accurate measurements and fitness testing (completed every four to six weeks)Establish and maintain a positive and professional working relationship with members and clientsHelp non-PT clients with their workouts and build relationships with them via walking the floor during time outside of training clients and offer members a fitness assessmentHelp assist the front desk in assisting members by checking members in, selling retail items at the POS, setting massage chairs and tanning beds, and answering the phoneMaintain a respectful and professional attitude with all company employees Club Cleanliness and Safety:Ensure the training area is clean and well-organized during shiftPerform routine safety checks during assigned shift; follow up with management if there are any concernsRe-rack equipment and weights and clean equipment as needed Personal Training Expectations:75% of a trainer’s time should be spent training clients or prospects by 90-day mark of employment All personal training clients should be participating in at least 1 Level 10 per weekClient weigh ins and measurements should be taken and recorded every 4 to 6 weeks30% of fitness assessment prospects should purchase personal training100% of non-training time should be spent developing relationships to increase clientele, creating programming for clients that cannot participate in Level 10, helping the front desk with customer service, cleaning, and re-racking weightsTrainers should be on time and ready for all training sessions 100% of the timeTrainers should learn and practice all 10 Fitness core values by 90-day mark of employment Personal Training Certifications / Experience:10 Fitness approved personal training certification requiredCPR/AED certification requiredCourse work in physical education, nutrition, physiology, and exercise science is preferredCertified in MX4-Level 10 Personal Training Educational Level:High School Diploma or GED requiredCollege degree in Kinesiology, or related field is highly preferred Personal Training Physical Requirements:This job duty often requires the employee to regularly stand for up to 8 hours, walk, kneel, reach with hands and arms, and effectively communicateEmployee must occasionally lift and/or move up to 50 pounds Personal Training Work Environment:Employee may be regularly exposed to moving mechanical parts while performing duties of this jobEmployee may be exposed to higher volume levels of noise while in this environment Personal Training Compensation:Personal Trainers are paid per training session in addition to being paid hourly. Starting pay rates are determined by personal training experience and related education background. Listed below are the pay ranges for time worked while actively training clients (“training pay”) and time worked while not training clients.Training pay range: $16.00-$32.00 /hourNon-training pay range: $11.00-$16.00 /hour This job description intends to describe the general nature and level of work being performed by the people assigned to this job. It is not intended to include all duties and responsibilities. The order in which duties and responsibilities are listed is not significant. PLEASE READ THE ENTIRE JOB DESCRIPTION AND EXPECTATIONS BEFORE CONTINUING Expectations of our entire team at 10 Fitness: Stay true to your WHYWe stay true to our WHY and know it will drive us to success every day. Others give up asking for a sale 1 or 2 times, we care so much we will ask up to 7 times to help each human being transform their life. We do not let our prospects and members down. We embrace expansive beliefs for helping others regardless of how long it takes. Everyone CleansEveryone is required to clean the club; this means everyone on our team. EVERYONE CLEANS! PreFrameThe most successful people see, hear, and feel success before it happens. Before your Tour or Onboarding PT Session, see success. Hear the member excited to get started. Feel the result of changing someone’s life. Always RESET before your next interaction. Be the Best SalespersonTo be the best, you must train! Role play, read sales books, and when you lose a sale, recap where you went wrong. Go through the Tour audit and Onboarding PT Session audit. Find out what you missed. Go through both dig in to understand what question you didn’t ask to help someone today. DO Rapport/ Ask Questions / ListenThe best rapport builders (Rapport is a DOING process, never label another human being) and qualifiers are the best closers – Mirroring and Matching is a must! Build Rapport and ask the right questions and hear their response. Practice active listening all the time. Be a listener not a talker. Ask questions to dig in and help them become their best self. Leadership10 Fitness expects every member of this team to strive to be a self-authorized Leader. Think beyond yourself, respond instead of react, and become better at what you do. You will make choices that benefit you, 10 Fitness, members, and our clients. As a leader, expect to be held accountable for your work and to hold others accountable as well. Positive ProfessionalismPassionate people can disagree and disagree vehemently. Remember to disagree with opinions; don’t attack the people who hold them. Stay professional and respectful in all communication. Be positive. And if your passion should get out of hand, apologize. FlexibilitySales, Leadership, and Business require a lot of flexibility. Be flexible enough to mirror and match during the sale process. Be flexible enough to consider other peoples’ input. Be flexible enough to consistently grow mentally, and physically. GrowthYou are responsible for growing and learning, and for bringing 10 Fitness with you. Use your passion to convince 10 Fitness to try new trainings, delivery methods, certifications, etc. Always work on your personal development plan so you are continuously growing. ResponsibilityAll actions—even the lack of them—have consequences. Think before you act. Embrace both disciplined thought and disciplined action. Most importantly, embrace disciplined action and do what you say you will do and what 10 Fitness needs you to do. Uphold your commitments. Disciplined ThoughtHow you feel is based upon what you think about. Your thoughts are entirely within your control; be deliberate and positive in where you place your attentions, and you will improve the experience for everyone at 10 Fitness as well as our prospects, guests, members, and clients. Communicate / Have Difficult ConversationsOpen communication is valued, and our team is a forum for constructive communication where we listen to multiple opinions. We must take the initiative to communicate directly and be active listeners to get things done, get to goal, improve procedures, and solve problems. We embrace tough conversations and go into each interaction with an open heart and complete honesty. PLEASE READ THE ENTIRE JOB DESCRIPTION AND EXPECTATIONS BEFORE CONTINUING Morning shift Compensation details: 12.5-18 Hourly Wage",She worked for many years at Eastpointe Health and Fitness before taking some time off to start her family. Fitness is such a passion of hers. She knew that she needed to get back into the fitness world. She is grateful that she is able to be back at Eastpointe.
p047,Personal Trainer,"PLEASE READ THE ENTIRE JOB DESCRIPTION AND EXPECTATIONS BEFORE CONTINUING Personal TrainerJob Description 10 Fitness Personal Trainers are expected to uphold and deliver the 10 Fitness member experience while conducting personal training sessions with clients during one-on-one and/or group sessions. 10 Fitness Personal Trainers should be committed individuals who are patient and resilient. They should be honest, enthusiastic about helping others and have a strong desire to make a difference. All team members will contribute to running a clean, friendly, and well-maintained club, execute the team member basics of being on time and complying with company policies. The team member will strive to ensure a safe, fun, and interactive environment in a positive and professional manner. Member Experience:Demonstrate the proper and safe use of strength training and cardiovascular equipmentEnsure that all members are following the member rules while in the clubAssist management with performing 30-minute training assessments for new membersComplete PT goal assessment/Par-Q prior to training new clientsHand off to Management after training with a recommended training programHelp clients meet fitness objectives by coaching and encouraging them through personal training sessionsEncourage and schedule clients to participate in Level 10Create individual programming for clients that cannot participate in Level 10Support clients’ nutritional needs to encourage success Generate client progress reports with accurate measurements and fitness testing (completed every four to six weeks)Establish and maintain a positive and professional working relationship with members and clientsHelp non-PT clients with their workouts and build relationships with them via walking the floor during time outside of training clients and offer members a fitness assessmentHelp assist the front desk in assisting members by checking members in, selling retail items at the POS, setting massage chairs and tanning beds, and answering the phoneMaintain a respectful and professional attitude with all company employees Club Cleanliness and Safety:Ensure the training area is clean and well-organized during shiftPerform routine safety checks during assigned shift; follow up with management if there are any concernsRe-rack equipment and weights and clean equipment as needed Personal Training Expectations:50% of a trainer’s time should be spent training clients or prospects by 90-day mark of employment All personal training clients should be participating in at least 1 Level 10 per weekClient weigh ins and measurements should be taken and recorded every 4 to 6 weeks30% of fitness assessment prospects should purchase personal training100% of non-training time should be spent developing relationships to increase clientele, creating programming for clients that cannot participate in Level 10, helping the front desk with customer service, cleaning, and re-racking weightsTrainers should be on time and ready for all training sessions 100% of the timeTrainers should learn and practice all 10 Fitness core values by 90-day mark of employment Personal Training Certifications / Experience:10 Fitness approved personal training certification requiredCPR/AED certification requiredCourse work in physical education, nutrition, physiology, and exercise science is preferredCertified in MX4-Level 10 Personal Training Educational Level:High School Diploma or GED requiredCollege degree in Kinesiology, or related field is highly preferred Personal Training Physical Requirements:This job duty often requires the employee to regularly stand for up to 8 hours, walk, kneel, reach with hands and arms, and effectively communicateEmployee must occasionally lift and/or move up to 50 pounds Personal Training Work Environment:Employee may be regularly exposed to moving mechanical parts while performing duties of this jobEmployee may be exposed to higher volume levels of noise while in this environment Personal Training Compensation:Personal Trainers are paid per training session in addition to being paid hourly. Starting pay rates are determined by personal training experience and related education background. Listed below are the pay ranges for time worked while actively training clients (“training pay”) and time worked while not training clients.Client training pay range: $17.50-$34.00 /hourNon-training pay range: $12.50-$18.00 /hour This job description intends to describe the general nature and level of work being performed by the people assigned to this job. It is not intended to include all duties and responsibilities. The order in which duties and responsibilities are listed is not significant. PLEASE READ THE ENTIRE JOB DESCRIPTION AND EXPECTATIONS BEFORE CONTINUING Expectations of our entire team at 10 Fitness: Stay true to your WHYWe stay true to our WHY and know it will drive us to success every day. Others give up asking for a sale 1 or 2 times, we care so much we will ask up to 7 times to help each human being transform their life. We do not let our prospects and members down. We embrace expansive beliefs for helping others regardless of how long it takes. Everyone CleansEveryone is required to clean the club; this means everyone on our team. EVERYONE CLEANS! PreFrameThe most successful people see, hear, and feel success before it happens. Before your Tour or Onboarding PT Session, see success. Hear the member excited to get started. Feel the result of changing someone’s life. Always RESET before your next interaction. Be the Best SalespersonTo be the best, you must train! Role play, read sales books, and when you lose a sale, recap where you went wrong. Go through the Tour audit and Onboarding PT Session audit. Find out what you missed. Go through both dig in to understand what question you didn’t ask to help someone today. DO Rapport/ Ask Questions / ListenThe best rapport builders (Rapport is a DOING process, never label another human being) and qualifiers are the best closers – Mirroring and Matching is a must! Build Rapport and ask the right questions and hear their response. Practice active listening all the time. Be a listener not a talker. Ask questions to dig in and help them become their best self. Leadership10 Fitness expects every member of this team to strive to be a self-authorized Leader. Think beyond yourself, respond instead of react, and become better at what you do. You will make choices that benefit you, 10 Fitness, members, and our clients. As a leader, expect to be held accountable for your work and to hold others accountable as well. Positive ProfessionalismPassionate people can disagree and disagree vehemently. Remember to disagree with opinions; don’t attack the people who hold them. Stay professional and respectful in all communication. Be positive. And if your passion should get out of hand, apologize. FlexibilitySales, Leadership, and Business require a lot of flexibility. Be flexible enough to mirror and match during the sale process. Be flexible enough to consider other peoples’ input. Be flexible enough to consistently grow mentally, and physically. GrowthYou are responsible for growing and learning, and for bringing 10 Fitness with you. Use your passion to convince 10 Fitness to try new trainings, delivery methods, certifications, etc. Always work on your personal development plan so you are continuously growing. ResponsibilityAll actions—even the lack of them—have consequences. Think before you act. Embrace both disciplined thought and disciplined action. Most importantly, embrace disciplined action and do what you say you will do and what 10 Fitness needs you to do. Uphold your commitments. Disciplined ThoughtHow you feel is based upon what you think about. Your thoughts are entirely within your control; be deliberate and positive in where you place your attentions, and you will improve the experience for everyone at 10 Fitness as well as our prospects, guests, members, and clients. Communicate / Have Difficult ConversationsOpen communication is valued, and our team is a forum for constructive communication where we listen to multiple opinions. We must take the initiative to communicate directly and be active listeners to get things done, get to goal, improve procedures, and solve problems. We embrace tough conversations and go into each interaction with an open heart and complete honesty. PLEASE READ THE ENTIRE JOB DESCRIPTION AND EXPECTATIONS BEFORE CONTINUING Evening shift Compensation details: 12.5-34 Hourly Wage","As an athlete himself Gareth has won 3 sporting National Championship titles, and has successfully helped athletes and non-athletes alike to overcome health challenges though increasing consumption of fresh living foods."
p048,School Psychologist,"We're seeking School Psychologists for the 2024-2025 school year! In this role, you will be responsible for helping students and teachers stay on task and mentally healthy. They utilize their expertise in mental health, behavior modification, and learning abilities to ensure that everyone's mental well-being is adequately cared for and taken into consideration. New Grads Welcome! Quantum is a leading provider of healthcare and education staffing services across the US. We are focused on what’s important - improving students’ lives and feeling fulfilled in the education industry. Join our team - Apply today! Requirements:Arizona School Psychologist licensure; or eligibility for licensure We Offer:Up to $3,500 sign on bonusGenerous compensation structure!Ask about our sign on bonuses and relocation assistance.Flexible scheduling - both Full-time and Part-time opportunities available!Comprehensive benefits package!Medical InsuranceDental InsuranceVision Insurance401KLife InsuranceGreat work environment - dynamic and supportive team!Enjoy real work/life balanceCEU reimbursement funds are available for obtaining and maintaining licensure, taking courses, and buying materials to benefit your practice.Apply today!","He is also proficient composing in most musical genres with an emphasis in orchestral, electronica, pop/rock and orchestral hybrid styles. Raymond works comfortably in the studio creating midi productions, behind the conductors stand, or in partnership with other industry professionals."
p049,Accounting Services Accountant - CPA Firm,"Job Title: Client Accounting Services Accountant Job Location: St. Louis, Missouri (hybrid) Salary: $55k - $75k Requirements: 1+ Year Public Accounting Exp. Are you currently working for a CPA firm doing client accounting services? If yes, then we'd love to connect with you! We are mid-sized CPA firm in St. Louis that is looking to bring on a Senior that has experience managing clients books A - Z. If this sounds like you then apply right now! Requirements 1+ Yr. Public Accounting Exp.Exp. Managing Clients Books A - ZBachelor's in Accounting Benefits Email Your Resume In Word To Looking forward to receiving your resume through our website and going over the position with you. Clicking apply is the best way to apply, but you may also: Gannon.Daynes@CyberCoders.com Please do NOT change the email subject line in any way. You must keep the JobID: linkedin : GD6-1795876 -- in the email subject line for your application to be considered.*** Gannon Daynes - Recruiting Manager - CyberCoders Applicants must be authorized to work in the U.S. CyberCoders is proud to be an Equal Opportunity Employer All qualified applicants will receive consideration for employment without regard to race, color, religion, sex, age, sexual orientation, gender identity or expression, national origin, ancestry, citizenship, genetic information, registered domestic partner status, marital status, status as a crime victim, disability, protected veteran status, or any other characteristic protected by law. CyberCoders will consider qualified applicants with criminal histories in a manner consistent with the requirements of applicable law. CyberCoders is committed to working with and providing reasonable accommodation to individuals with physical and mental disabilities. If you need special assistance or an accommodation while seeking employment, please contact a member of our Human Resources team to make arrangements.","He started with Mazzucco and Company as an intern in the summer of 2008 while he was earning his degrees at Rowan University. He graduated with a Bachelor of Science degree in both Accounting and Finance in May of 2009 when he started full time at Mazzucco and Company. Ryan’s emphasis has been working with small business clients to help them with tax return preparation, forming new businesses, QuickBooks consulting, bookkeeping services, financial statement preparation, and payroll services. He also has consulting experience for a public international company helping with preparation of tax returns and income tax provisions for quarterly and annual financial statements. rbrady@mazzuccocpa.com"
p050,Investment Accountant,"Investment AccountantOnsite in Miami, FL -Hybrid$80,000-105,000 Base + Large Bonus/Great benefits! COMPANY is a rapidly growing organization that owns and operates multiple insurance companies and ancillary insurance businesses and has over $10 billion of total invested assets. We are seeking a highly motivated and detail-oriented Investment Accountant to join our team. The successful candidate will be responsible for accurately recording and reporting on all investment activity for COMPANY's five insurance entities. This role requires a strong understanding of alternative asset classes, including structured securities, private credit investments, mortgage loans, and derivatives.Responsibilities include:Prepare and review investment schedules for monthly, quarterly, and annual financial statements including the annual audit, investment footnotes and other off quarter filingsPrepare monthly journal entries and reconciliations of balance sheet and income statement amountsAssist in the preparation of quarterly GAAP financial statements and annual statutory statements (“blue books”)Support the investment components of NAIC Risk Based Capital (“RBC”) reportingSupport the annual AM Best Supplemental Rating Questionnaire processCollaborate with the Middle Office to ensure accurate trade recordingAssist with interim and year-end auditsPrepare and review monthly collateral reports for reinsurance counterpartiesOther duties and responsibilities as assignedQualifications:Bachelor's degree in accounting or related field with 4+ years of relevant work experienceProficiency in Microsoft Office, especially ExcelStrong understanding of statutory and GAAP accountingExcellent time management skills and attention to detailAbility to build relationships with diverse team membersStrong communication skills, both verbal and writtenComfort with a steep learning curve and motivation to work in a dynamic environment","Arlene has 18 years of public accounting experience, including over 14 years with a Big 4 firm. Focused on providing the highest level of service combined with technical expertise, she has in-depth experience working with companies in the high technology and life sciences industries. Arlene also has extensive experience with public and private stock offerings, including working on over a dozen initial and subsequent public offerings, as well as mergers and acquisitions."
p051,Dentist,"Dentist Location: Johnstown, PA Position Type: Full-Time Pay: $160,000-$360,000 potentialGeneral OverviewAre you ready to create healthier, happier smiles? Do you have a passion for advancing your career through continuous education and embracing cutting-edge technology? If your answer is yes, consider joining our Elite team.Elite Dentistry of Johnstown is actively seeking a General Dentist to join our practice that prioritizes patients, leverages advanced technology, and operates in a dynamic environment in Johnstown, PA. Our goal is to deliver unparalleled excellence in dentistry by employing the latest techniques in both general and cosmetic dentistry. This position offers a fulfilling opportunity for a dentist seeking clinical autonomy within a thriving practice. We are dedicated to providing rewarding careers for our team members and delivering comprehensive dental services to patients of all ages. Equipment & Technology:Digital X-raysIntraoral CameraOral Cancer ScreeningTeeth WhiteningDigital ImpressionsiTeroCEREC Crowns (select offices)Implant MotorEndo SystemSchedule: Monday: 8:00 AM – 5:00 PMTuesday: 8:00 AM – 5:00 PMWednesday: 8:00 AM – 5:00 PMThursday: 8:00 AM – 6:00 PMBenefits: Comprehensive benefits are offered to employees in full-time positions working 30 hours or more per week. A competitive compensation packageMedical, dental, vision insuranceMalpractice insurance401(k) planLife insurance and disability plansFlexible spending and health saving accountsRobust CE offering, mentorship, and professional developmentA unique financial stake in the company’s success Responsibilities: Perform General dentistry services, including the diagnosis and treatment of diseases, injuries, and malformations of teeth, gums, and related oral structures.Examine patients to determine the nature of the condition affecting the patient, utilizing x-rays, dental instruments, and other diagnostic procedures.Clean, fill, extract and replace teeth, using rotary and hand instruments, dental appliances, medications, and surgical implements.Provide preventive dental services and education in oral and dental hygiene.Supervise office staff, including hygienists, dental assistants, receptionists, and other office staff.Coordinate laboratory services for the dental office.Adheres to safety protocols and processes including but not limited to ensuring protective equipment is utilized and OSHA/Bloodborne pathogen requirements are followed.Participate in morning huddles, chart reviews and routine office meetings.All other duties and responsibilities allowed under applicable state laws and regulations.QualificationsDoctor of Dental Medicine (DMD) or Doctor of Dental Surgery (DDS) degree accredited by the Commission on Dental Accreditation.Possession of a valid and current state dental license (License must be in good standing) or eligibility for licensure.Possession of current state dental license, DEA, BLS#PM23","His first documentary,""Out of Breath"" looked at teen life in the Midwestern town in which he grew up. The film won the Audience Favorite award at the SOFA Film Festival in Portland, Oregon and has been shown at the Royal Museum in Edinburgh, Scotland. In 2000 and 2001, he produced the Bargain Basement Film Festival, a celebration of low-budget film. A multi-media visionary, he has made numerous short films, designed award-winning websites, and shown his photography in the U.S. and Britain. His most recent film, Just to Get a Rep, documents the art and history of graffiti in the U.S. and Europe."
p052,Nutritionist 2- Chatham,"Description Responsible for providing certifications, nutrition education, and food package changes to clients in person, over the phone, and virtually. Serves as a resource on nutrition and dietetics to nurses, health educators or other health care providers in the facility. Recommends nutritional care plans and documents plan and progress in records. Full time position-M-F work schedule-13 paid holidays and excellent benefit package All Coastal Health District, County Health Department employees are deemed essential employees in the event of an emergency. As such, you may be called on to participate in an event not limited to but including, staffing a shelter, a Specimen Point of Collection Site (SPOC) and/or Point of Dispensing site (POD). When you are called on to participate, you are expected and it will be a part of your job requirement to participate, whether the emergency occurs during or outside regular work hours. Job Responsibilities Advises clients and their families on nutritional principles, dietary plans and diet modifications, and food selection and preparation Assesses nutritional needs, diet restrictions and current health plans to develop and implement dietary-care plans and provide nutritional counseling Consults with physicians and health care personnel to determine nutritional needs and diet restrictions of client Counsels individuals and groups on basic rules of good nutrition, healthy eating habits, and nutrition monitoring to improve their quality of life Develops curriculum and prepares manuals, visual aids, course outlines, and other materials used in teaching Develops policies for food service or nutritional programs to assist in health promotion and disease control Plans, develops, implements and evaluates strategies for promoting and supporting breastfeeding Creates and maintains a high performance environment characterized by positive leadership and a strong team orientation. (Performed by some incumbents) Maintains responsibility for personal/professional continuing education to enable application of current professional practice (Performed by all incumbents) Minimum Qualifications Bachelor's degree in dietetics, human nutrition, foods and nutrition, nutrition education, food systems management or a closely related field from an accredited college or university AND Verification statement of completion of a didactic program accredited by The Academy of Nutrition & Dietetics AND Two years of experience providing nutrition care to groups and individuals. Preferred Qualifications Previous experience with GA WIC program. Knowledge of the current government dietary guidelines. 3 or more years experience in conducting nutrition education sessions and nutrition counseling. Licensed Dietician Additional Information For more information on the State of Georgia Benefits visit http://team.georgia.gov/ Benefits for Full Time Eligible Employees 13 Paid Holidays Generous Leave Package Employees Retirement System Health Insurance Dental Insurance Vision Insurance Health Care Spending Account Dependent Care Spending Account Life Insurance AD&D Insurance Disability Insurance Legal Insurance Long-Term Care Insurance Specified Illness Deferred Compensation (401K & 457 Plans) Additional Perks A supportive and rewarding work environment Physical Activity Breaks Employee Assistance Program To learn more about the Coastal Health District visit - https://coastalhealthdistrict.org Due to the volume of applications received, we are unable to provide information on application status by phone or email. All qualified applicants will be considered but may not necessarily receive an interview. Selected applicants will be contacted via email by the hiring agency for next steps in the selection process. Applicants who are not selected will not receive notification. This position is subject to close at any time once a satisfactory applicant pool has been identified. *Coastal Health District is an Equal Opportunity Employer* The State will not unlawfully consider an applicant's race, color, national origin, religion, age, disability, sex, genetic information, political affiliation, protected uniformed service, or other legally protected category when making selections. If you require accommodations under the American Disability Act (ADA), notify this agency of your request by the closing date of this announcement. Applicants chosen for employment will be subject to the following Criminal Background Check/Fingerprinting Reference Checks & Immunizations Required May be subject to pre-employment drug screen","He has published books and articles on British fiction, the literature of Polish Romanticism, campus fiction and utopia. He is currently working on a book about eighteenth-century animal narratives."
p053,Academic Professional Track (Non-Tenure): Lecturer in English (Technical Editing),"The Department of English in the College of Arts and Sciences at Texas A&M University invites applicants for an full-time, 9-month academic professional track (non-tenure) lecturer in English with a desired specialization in the teaching of technical editing for the 2024-2025 academic year, with likely renewal depending on satisfactory performance. The start date for the position is August 1, 2024; classes begin on August 19, 2024. Lecturers hold non-tenured appointments with primary responsibility for teaching. Teaching assignments will include sections of technical editing, alongside courses in technical writing, freshman composition, and/or advanced writing studies courses, depending on candidate qualification and availability. The normal teaching load for the position is 4/4. Summer teaching for additional compensation is available, subject to departmental need. Texas A&M’s English department is home to an undergraduate major and minor, a minor in health humanities, a professional writing minor, a minor in science fiction studies, and MA and PhD programs. Our course in technical editing is a core component of our growing professional writing minor, and an area of increasing interest across the university. We are looking for a dynamic teacher who can teach students to adapt to the changing contexts, technologies, and demands of advanced writing and editing in various workplaces. About Texas A&M: Texas A&M University is a Hispanic-serving and a First-Gen Forward institution committed to enriching the learning and working environment for all visitors, students, faculty, and staff by promoting a culture that embraces excellence. As a member of the prestigious Association of American Universities (AAU) and one of only seventeen universities designated as a land-, sea-, and space-grant institution, Texas A&M combines academic excellence and cutting-edge research with affordability and a commitment to producing academic, business, and civic leaders. Writing and rhetoric faculty have access to a university-wide writing-in-the-disciplines program housed in our University Writing Center at https://writingcenter.tamu.edu/. Texas A&M is located in College Station, a thriving community known for the quality of its public schools, a strong local economy, and a low cost of living (https://www.cstx.gov/our_community/recognitions__rankings). College Station is a two-hour drive from Houston and Austin, and three hours away from San Antonio and Dallas. PhD in English or related field is required. Desired qualifications include experience working with writing technologies currently used in the workplace; content management systems; international communication; editing patents, contracts, or grants; and/or knowledge of editing in a particular industry or discipline. Submit a cover letter, a personal statement to include philosophy and plans for teaching, research, and service as applicable; a CV; and three confidential letters of reference to: apply.interfolio.com/143002. The position will remain open until filled, but to ensure full consideration, applications should be uploaded by April 15, 2024. Inquiries about the position may be sent to Dr. Joshua DiCaglio Search Committee Chair, at jdicaglio@tamu.edu. Interviews will take place through the Zoom platform. Equal Employment Opportunity Statement Equal Opportunity/Affirmative Action/Veterans/Disability Employer.","His playfield is Rotterdam. His office just outside of town in an old rectory, situated along the river Schie, looking over one of the country’s oldest polders. Some of Jeroen’s Rotterdam work: Skatepark Pavilion Westblaak, Atlantic Huis, Zes Pandjes, Slaakhuys and Uptown."
p054,Academic Professional Track (Non-Tenure): Lecturer in English (Technical Editing),"The Department of English in the College of Arts and Sciences at Texas A&M University invites applicants for an full-time, 9-month academic professional track (non-tenure) lecturer in English with a desired specialization in the teaching of technical editing for the 2024-2025 academic year, with likely renewal depending on satisfactory performance. The start date for the position is August 1, 2024; classes begin on August 19, 2024. Lecturers hold non-tenured appointments with primary responsibility for teaching. Teaching assignments will include sections of technical editing, alongside courses in technical writing, freshman composition, and/or advanced writing studies courses, depending on candidate qualification and availability. The normal teaching load for the position is 4/4. Summer teaching for additional compensation is available, subject to departmental need. Texas A&M’s English department is home to an undergraduate major and minor, a minor in health humanities, a professional writing minor, a minor in science fiction studies, and MA and PhD programs. Our course in technical editing is a core component of our growing professional writing minor, and an area of increasing interest across the university. We are looking for a dynamic teacher who can teach students to adapt to the changing contexts, technologies, and demands of advanced writing and editing in various workplaces. About Texas A&M: Texas A&M University is a Hispanic-serving and a First-Gen Forward institution committed to enriching the learning and working environment for all visitors, students, faculty, and staff by promoting a culture that embraces excellence. As a member of the prestigious Association of American Universities (AAU) and one of only seventeen universities designated as a land-, sea-, and space-grant institution, Texas A&M combines academic excellence and cutting-edge research with affordability and a commitment to producing academic, business, and civic leaders. Writing and rhetoric faculty have access to a university-wide writing-in-the-disciplines program housed in our University Writing Center at https://writingcenter.tamu.edu/. Texas A&M is located in College Station, a thriving community known for the quality of its public schools, a strong local economy, and a low cost of living (https://www.cstx.gov/our_community/recognitions__rankings). College Station is a two-hour drive from Houston and Austin, and three hours away from San Antonio and Dallas. PhD in English or related field is required. Desired qualifications include experience working with writing technologies currently used in the workplace; content management systems; international communication; editing patents, contracts, or grants; and/or knowledge of editing in a particular industry or discipline. Submit a cover letter, a personal statement to include philosophy and plans for teaching, research, and service as applicable; a CV; and three confidential letters of reference to: apply.interfolio.com/143002. The position will remain open until filled, but to ensure full consideration, applications should be uploaded by April 15, 2024. Inquiries about the position may be sent to Dr. Joshua DiCaglio Search Committee Chair, at jdicaglio@tamu.edu. Interviews will take place through the Zoom platform. Equal Employment Opportunity Statement Equal Opportunity/Affirmative Action/Veterans/Disability Employer.","Cofrin School of Business at UW-Green Bay. He received his B.S. in Accounting from UW-Green Bay in 1985 and his Ph.D. from UW-Madison in 2000.Dr. Muzatko teaches undergraduate classes in auditing, accounting, and financial information systems.Dr. Muzatko’s research interests include auditor’s liability, internet related assurance services, and auditor-client conflict resolution.In terms of service, Dr. Muzatko serves as the advisor for the Accounting Students Association. He has also served on several department and university committees."
p055,Research Psychologist,"Functional PurposeThe USPS is looking to fill a vacant Personnel Research Psychologist to develop, validate, and maintain selection and assessment systems, tools, processes, and procedures used to make personnel staffing decisions.DUTIES AND RESPONSIBILITIES1. Develops, validates and maintains components of personnel selection systems, training examinations, competency assessments, tools, processes, and procedures; participates in job analyses studies as a basis for ensuring valid, reliable, and legally defensible assessments and examinations.2. Develops, revises, and reviews selection and assessment items, scales, and instruments to ensure compliance with established test validation methodologies. Evaluates items; summarizes data trends and insights to identify discrepancies, develop resolutions, and make improvements.3. Coordinates administrative and logistic details to support team members and larger scale projects; collaborates with internal stakeholders to facilitate the flow of information and coordinate data collection.4.Develops sampling plans for projects by researching appropriate details, utilizing professional standards and internal requirements; collaborates with a team to ensure the feasibility effectiveness of sampling plans and implement plans accordingly.5. Conducts routine data analyses (e.g., means, correlations, t-tests, ANOVA, regression) to support selection and test-related projects using statistical analysis software (e.g., SPSS, SAS, R).6. Collaborates with project team members to develop, validate, and deploy selection and assessment tools and systems of larger scope, impact, content, and complexity. Ensures selection and evaluation systems align with professional standards, legal guidelines, and internal requirements.7. Creates technical reports, presentations, and other written materials summarizing results of projects (e.g., job analysis, validation, competency model analyses).","She is passionate about technology and education and wants machine learning to be accessible to everyone. Previously, she worked at Coursera and on the mobile ads team at Google."
p056,Adjunct Faculty CHS,"Location: Chicago, IL Hospital: RUSH University Medical Center Department: Health Systems Management-CHS Work Type: Restricted Part Time (Total FTE less than 0.5) Shift: Shift 1 Work Schedule: 8 Hr (8:00:00 AM - 4:00:00 PM) Summary Adjunct Faculty members are assigned specific courses to teach based on their specialty education and experience. This is a temporary, part-time position and Adjunct Faculty members may work as needed. The individual who holds this position exemplifies the Rush mission, vision, and values and acts in accordance with Rush policies and procedures. Job Responsibilities Develops and maintains courses, and other content areas in the curriculum in accordance with national accreditation standards. Instructs and assists in multiple courses in the program as assigned. Develops and seeks outcomes assessments for the program and courses taught. Interacts with existing programs in the department and teaches as assigned in these programs. Other duties as assigned. Required Job Qualifications Master’s degree or earned Doctorate in applicable area to the profession required. A minimum of a Bachelor’s degree is required for Instructor-level roles. Excellent skills in classroom, laboratory, and/or clinical instruction and evaluation. Knowledge and experience with Web-Based education when applicable. Excellent communication and organizational abilities in managing class functions, clinical sites as applicable, and students. Excellent interpersonal and leadership abilities. Ability to consistently instruct and counsel students in an informative and professional manner. Able and willing to learn new skills as needed, especially to work with new instructional technologies. Ability to develop and implement courses and programs. Ability to organize and implement effective teaching assignments. Rush is an equal opportunity employer. We evaluate qualified applicants without regard to race, color, religion, sex, sexual orientation, gender identity, national origin, disability, veteran status, and other legally protected characteristics.","He holds a Bachelor of Science degree in dietetics and nutrition from Bradley University and holds a master’s degree in exercise science and health promotion from California University of Pennsylvania. He is currently coordinator of the weight management programs at OSF Saint Anthony, as well as a clinical and outpatient dietitian."
p057,Paralegal - Legal Contracts,"Who we are: Born digital, UST transforms lives through the power of technology. We walk alongside our clients and partners, embedding innovation and agility into everything they do. We help them create transformative experiences and human-centered solutions for a better world.UST is a mission-driven group of over 39,000+ practical problem solvers and creative thinkers in over 30+ countries. Our entrepreneurial teams are empowered to innovate, act nimbly, and create a lasting and sustainable impact for our clients, their customers, and the communities in which we live. With us, you’ll create a boundless impact that transforms your career—and the lives of people across the world. Visit us at UST.com. You Are: UST is looking to hire a Paralegal for our busy Contracts Team to provide administrative support for customer contracts. The Opportunity: Essential Duties and Responsibilities include, but are not limited to the following:Review drafts of various agreements as directed by attorneys, obtain feedback on draft agreements from various stakeholders, and provide consolidated comments to the relevant stakeholdersPerform administrative duties including creating, preparing, proofreading, verifying, and editing material for accuracy and clarityPerform research and support activities to assist attorneysUnderstand and work with complex business-related legal documentsCreate abstracts of agreementsProcess fully approved contracts for signature and maintain executed agreements in the repositoryProactively assist attorneys and other paralegals in responding to various commercial matters as they come in Manage and support contract legal management tools to provide timely assistance in the review, drafting, and negotiation of various contract mattersTrain internal customers on company contracting processes and proceduresEstablish and main filing systems, classified, sorts and files correspondence, records, media clips, and other documentsUtilize advanced computer skills to prepare complex correspondence, reports, charts, tables, graphs, and formsCoordinate with various stakeholders in different departments to ensure compliance with company policy in all customer contracts Collaborate across functional teams and foster a collaborative environmentWork independently to manage and complete department functions and prepare Statements of Work, amendments, correspondence, reports, and other documents as neededProvide administrative support to the team’s leadership as neededWork independently with minimal supervisionUse discretion and judgmentOrganize workload to reflect and meet established prioritiesHandle confidential information professionally and consistently with legal and ethical policiesConsummate team player with a can-do attitude What you need: Require 5-8 years in the legal area, preferably in contract reviewExperience in a supervisory role is an asset Superior writing and oral communication skillsExcellent attention to detail with the ability to multi-taskMust be self-motivated and able to meet deadlines under pressureMust have the ability to work as part of a team, as well as work independentlyWork with diverse groups and reach a consensusAble to multi-task and work under pressureExcellent time management skillsAble to adapt to new technologyProficient in Microsoft Office SuitePeople skills including good judgment and tactAssociate degree or equivalent experience Bonus points if:Paralegal certification preferred Compensation can differ depending on factors including but not limited to the specific office location, role, skill set, education, and level of experience. As required by local law, UST provides a reasonable range of compensation for roles that may be hired in California, Colorado, New York City, or Washington as set forth below. Role Location: RemoteCompensation Range: $71,000 – $89,000 What we believe:We’re proud to embrace the same values that have shaped UST since the beginning. Since day one, we’ve been building enduring relationships and a culture of integrity. And today, it's those same values that are inspiring us to encourage innovation from everyone to champion diversity and inclusion and to place people at the center of everything we do. Humility: We will listen, learn, be empathetic, and help selflessly in our interactions with everyone.Humanity: Through business, we will better the lives of those less fortunate than ourselves.Integrity: We honor our commitments and act with responsibility in all our relationships. Equal Employment Opportunity StatementUST is an Equal Opportunity Employer. All qualified applicants will receive consideration for employment without regard to race, color, religion, sex, sexual orientation, gender identity, national origin, disability, or status as a protected veteran.UST reserves the right to periodically redefine your roles and responsibilities based on the requirements of the organization and/or your performance.","Matthew was paralyzed from the chest down at age 13 in a car accident that killed his father and sister. As a teen, he was encouraged to “overcome the silence” of his paralyzed body. He learned that he could listen to his body instead, and began over time to experience his body’s silence as a source of strength and connection."
p058,Paralegal,"Busy law firm, focusing on real estate. Company Description We suggest you enter details here. Role Description This is a full-time on-site role located in East Greenwich, RI. As a Paralegal at D'Ellena Law Office, your responsibilities will include conducting legal research, preparing legal documents, following up on files, assisting in client comminication, and providing general administrative support to attorneys. Qualifications Qualified candidates for the Paralegal position should have: A cerrificate or bachelor's degree in Paralegal Studies or a related fieldStrong knowledge of legal terminology and proceduresExceptional organizational and time management skillsExcellent written and verbal communication abilitiesProficiency in legal research and document preparation softwareAttention to detail and a high degree of accuracyAbility to work independently and as part of a team","Wagner Graduate School of Public Service at New York University. His research and teaching broadly focus on the management and governance of public and not-for-profit organizations, and the institutions and incentives that affect managerial decision-making. He is especially interested in organizational slack resource management, debt management, and contracting relationships between government and not-for-profit organizations. Thad was awarded the 2013 Editors’ Prize for Best Scholarly Paper in Nonprofit Management & Leadership, and he currently serves on its editorial board."
p059,Interior Design Intern,"Interior Design Intern– Onsite: Arcadia, WI What Will You Do? Our vision is to keep our brand at the forefront of all other furniture brands through design innovation and continuous improvement. We want to be the best home furnishings retailer! Our primary mission is to design and remodel Ashley retail locations, inspire our customers with visual displays, and create and maintain design standards for the Ashley brand. The team accomplishes this large mission through creating full sets of construction and merchandise documents, project management, budget valuation, construction site visits, procurement and on-site visual accessorizing/display creation. We collaborate with many internal and external teams, determine process and design improvements, and implement measures to grow the Ashley brand for all retail project types. Job Responsibilities Drawing new stores into CADSpace PlanningConstruction DocumentsMerchandise DocumentsSpecial projects as needed What Do You Need? Desired Degree Programs: Interior Design, Interior Architecture or similar field (College Senior preferred)AutoCAD experience preferred, not requiredPositive can-do attitudeSelf-starter with hunger to learnStrong analytical skillsKnowledge or desire to learn interior designStrong problem-solving skillsKnowledge of design, merchandise and space planning Experiences/Opportunities That Will Be Acquired By The Intern Correcting redlinesCreating a verified planConstruction and/or merchandise documents assistanceFaçade assistanceAshley store and/or market and event setupHost Employee Engagement team eventLibrary/sample organizationNew concept ideation and/or special projectProject site visitsDesign trips Shadowing Opportunities Within Ashley Construction/Real EstateFacility DesignFurniture DesignMarket DesignMerchandise DesignVisual MerchandisingVirtual Interior Design ServicesSocial Media Design Who Are We? At Ashley, we’re more than a business…we’re family. As the largest manufacturer of home furnishings in the world, we know what it takes to build incredible furniture and future leaders. We’re problem solvers with the grit to persevere during challenging times and innovators who won't coast when times are good. We create solutions, not excuses. And never settle for status quo. It’s the reason we’re always searching for better ways to delivering an exceptional customer experience. That's why Ashley Furniture is #1 in our industry. Ready to grow? You’ve come to the right place. Ashley Furniture has a “Growth Mindset”, and once you join our team, you’ll learn from the best in the business. Apply today and find your home at Ashley! Our Core Values Honesty & IntegrityPassion, Drive, DisciplineContinuous Improvement/Operational ExcellenceDirty FingernailGrowth Focused About To learn more about Ashley Furniture, our community engagement programs, environmental stewardship, and our core values, please visit our Corporate Social Responsibility information page: Corporate Social Responsibility https://www.ashleyfurniture.com/about-us/corporate-social-responsibility/report/ We are an equal opportunity employer and provide a drug-free working environment. While Ashley appreciates the interest of all candidates only those meeting specific position requirements may be contacted. Principals Only. Search Firm Representatives Please Read Carefully Ashley Furniture Industries, LLC, is not accepting unsolicited assistance from search firms for this employment opportunity unless an agreement is in place. Please, no phone calls or emails. All resumes submitted by search firms to any employee at Ashley Furniture via email, the Internet or in any form and/or method without a valid search agreement in place for this position will be deemed the sole property of Ashley Furniture. No fee will be paid in the event the candidate is hired by Ashley Furniture as a result of the referral or through other means. This company values its diversity and is proud to be an equal opportunity employer. All employment decisions are made on the basis of an individual’s skills, qualifications, merit, and business need.","She has worked with some of the most notable celebrities, interior design firms, and fashion houses including Ralph Lauren, John Mayer, and Leonardo DiCaprio just to name a few."
p060,Interior Designer,"We are looking for an experienced, dynamic, passionate and detail-oriented Interior Designer to join our wildly creative design team, and to seamlessly integrate into our company culture. Company DescriptionGeorgia Zikas Design is an interior design firm located in West Hartford, CT. Led by Georgia Zikas, a graduate of the New York School of Interior Design, the firm specializes in creating unique and beautiful spaces by combining a passion for antiques, architectural detail, and fine art with a trained understanding of craftsmanship, lifestyle, and composition. With decades of design experience, Georgia and her team of talented design professionals manage projects across the Northeast and beyond. Role DescriptionThis is a full-time on-site role for an Interior Designer located in West Hartford, CT. The Interior Designer will be responsible for space planning, architecture, construction drawings, interior design, and FF&E. The role involves collaborating with clients to bring their vision to life and transforming spaces with the right elements and style. QualificationsSkills in Space Planning, Architecture, and Construction DrawingsAutoCAD, Adobe SuiteStrong background in Interior DesignExperience with FF&E Excellent creativity and attention to detailKnowledge of current design trends and materialsStrong communication and presentation skillsAbility to work collaboratively and independentlyBachelor's degree in Interior Design, Architecture, or related field10+ years of experience in the industry is a plus GZD Company Culture, Core Values:· We provide our clients with Peace of Mind, and an Improved Lifestyle · We LISTEN well – to our clients and to each other · We are Service Driven – we take great care of our clients – we respect their investment · We strive for EXCELLENCE - in everything we do· We are OPTIMISTIC – we solve problems · We have a natural curiosity to learn, to do better, to be better – internally and externally· We uphold our PROFESSIONALISM at every turn – with each other, with clients, with vendors· We have FUN – we share HUMOR","As a director, writer, and producer, Jimmy Kelly’s credits include commercials, short films, and IN CRITICAL CONDITION. He is the President & CEO of Fight On Entertainment, has received accolades from numerous festivals and is currently working on a number of shorts and two features in development."
p061,Reporter,"About BroadcastMedBroadcastMed is the leading healthcare marketplace that provides trusted clinical content, powerful engagement and industry insights to healthcare professionals, medical institutions and manufacturers, service providers and pharmaceutical companies. The company’s integrated platform of digital, event, and publication solutions helps drive better dialogue, connectivity, and outcomes for the healthcare community. ReporterJob Description:We are looking for a skilled healthcare reporter to join our news team. The ideal candidate is a passionate and detail-oriented journalist with a keen interest in covering relevant and compelling stories. The reporter will be responsible for researching, writing, and presenting news content across various platforms, contributing to our organization's commitment to delivering accurate and timely healthcare information. Candidates will be responsible for daily content creation, delivering conference coverage, reporting breaking news, and staying abreast of trending topics within specific specialties on a day-to-day basis. Responsibilities:Conduct thorough research on assigned topics and stay informed about current events.Write clear, concise, and engaging news stories for print, online, or broadcast.Conduct interviews and gather information from reliable sources.Adhere to journalistic ethics and standards in reporting.Collaborate with editors and other team members to ensure timely delivery of news content.Provide coverage of major medical meetings - both remote and in-person, as needed. Qualifications:Bachelor's degree in journalism, communications, English, or a related field.3-5 years experience as a reporter or in a similar role.Strong writing and storytelling skills.Ability to work under tight deadlines and adapt to breaking news situations.Excellent interpersonal and communication skills. Location: Tampa OR Remote Equal Employment Opportunity PolicyBroadcastMed provides equal employment opportunities to all employees and applicants for employment and prohibits discrimination and harassment of any type without regard to race, color, religion, age, sex, national origin, disability status, genetics, protected veteran status, sexual orientation, gender identity or expression, or any other characteristic protected by federal, state or local laws. This policy applies to all terms and conditions of employment, including recruiting, hiring, placement, promotion, termination, layoff, recall, transfer, leaves of absence, compensation and training.","As a Boy Scout, he earned the rank of Eagle Scout at only 14 years of age. His passion for film, the desire to tell a good story, and his attention to detail come through in this documentary where he supervised every aspect of production."
p062,Assistant Professional Practice Professor (Social Studies Division Chair),"Hiring Department Mizzou Academy is the K-12 lab school within the University of Missouri’s College of Education and Human Development. With over 200 courses across elementary, middle, and high school, Mizzou Academy cultivates excellent online and blended learning environments for close to 7,000 students annually. We are industry leaders who value respect, transparency, and overall wellness. Our department has a thriving culture that provides a healthy, productive workplace. As a forward-thinking organization Mizzou Academy strives to offer flexible schedules and opportunities to work remotely whenever possible. Job Description Our Academic Leads provide efficient, constructive feedback to promote students’ learning; they also monitor student progress and support success. Academic Leads support their content specialist team with mentoring and guidance. They have a strong voice in the iterative course development process, including content, activities, assignments, exams. Finally, Academic Leads represent Mizzou Academy’s values and mission in their communications and presentations. Duties The percentages are estimates. Depending on our changing school needs, these percentages may ebb and flow. Taking care of current students/courses and responding to your team are always top priorities. Management of Student Submissions 20% Primary purpose—provide efficient and constructive feedback to support students’ learning. Monitor and manage the numbers of submissions coming in each day. Work closely with all educational stakeholders, including students, families, learning centers, and schools. Respond to student inquiries. Correct assignment particularities and quiz errors.Collaborate with the leadership team to develop intervention plans for students’ emotional, behavioral, and academic support. Communication and Team Support 35% Primary purpose—represent Mizzou Academy, share content expertise, and equip others to give excellent feedback to students. Represent Mizzou Academy as a thought/instructional leader for division.Answer course and division questions from educational stakeholders. Explain course content and Mizzou Academy processes. Report necessary information to division and admin teams. Encourage teams, note strengths, and share causes for celebration. Take necessary steps to support your instructional team. Develop and refine grading notes for assignments. Collaborate with teams to provide consistent scoring. Development 15% Primary purpose—contribute to the iterative course development process. Collect feedback to guide course rewrites. Meet with the development team to share vision for course alignment and to give holistic feedback on learning in your division. Support the development team with small changes while courses are in progress (e.g. confusing test questions, confusing assignment descriptions, typos, etc.). Adjust courses as needed to ensure that they meet student needs and standards. Grading 25% Primary purpose—give feedback and monitor student work across the curriculum. Teach and grade courses in your department. Grade several submissions of an assignment and post samples for instructional specialists to model. Grade during peak submission periods. Grade tricky assignments and re-submissions. Professional Flexibility 5% We are a fast-moving, creative, vibrant organization. Often, new projects arise. One of our professional expectations is a willingness to jump into these new challenges or other duties as assigned. Qualifications Minimum Qualifications: earned Masters in Education Candidates Will Be Evaluated On Missouri teaching certification for secondary social studies course-writing experience in social studies coursesteaching in either international or intercultural contextsteaching and supporting students in an online contextsupporting educators in their professional developmentmentoring teachers to provide excellent online feedback and student support, as well as team-buildingnavigating, building courses in, and using feedback tools in the Canvas LMS Application Materials Review Date: Applicants will be reviewed on a rolling basis until the position is filled. To Apply: Apply on-line at https://hr.missouri.edu/job-openings. Upload (a) a letter of application in which you describe the position you are applying for and, in detail, your qualifications for the position, (b) names and contact information for three references in the Attachments section of the application; and (c) a diversity statement (professional skills, experience and/or willingness to engage in activities that would enhance campus diversity and equity efforts) in the Attachments section of the application . Your CV must be uploaded in the Resume/CV and Cover Letter section. Benefit Eligibility This position is eligible for University benefits. As part of your total compensation, the University offers a comprehensive benefits package, including medical, dental and vision plans, retirement, and educational fee discounts for all four UM System campuses. For additional information on University benefits, please visit the Faculty & Staff Benefits website at https://www.umsystem.edu/totalrewards/benefits. Values Commitment We value the uniqueness of every individual and strive to ensure each person’s success. Contributions from individuals with diverse backgrounds, experiences and perspectives promote intellectual pluralism and enable us to achieve the excellence that we seek in learning, research and engagement. This commitment makes our university a better place to work, learn and innovate. In your application materials, please discuss your experiences and expertise that support these values and enrich our missions of teaching, research, and engagement. Equal Employment Opportunity The University of Missouri System is an Equal Opportunity Employer. Equal Opportunity is and shall be provided for all employees and applicants for employment on the basis of their demonstrated ability and competence without unlawful discrimination on the basis of their race, color, national origin, ancestry, religion, sex, pregnancy, sexual orientation, gender identity, gender expression, age, disability, or protected veteran status, or any other status protected by applicable state or federal law. This policy applies to all employment decisions including, but not limited to, recruiting, hiring, training, promotions, pay practices, benefits, disciplinary actions and terminations. For more information, visit https://www.umsystem.edu/ums/hr/eeo or call the Director of Employee and Labor Relations at 573-882-2146. To request ADA accommodations, please call the Director of Accessibility and ADA at 573-884-7278.","She does not get drunk or make public scenes. [The] salient trait in Ginger Rogers' behavior is competitiveness. Her competitiveness enabled her to make herself almost as good a dancer as [Fred] Astaire. In her private life, this competition is harmlessly projected into all forms of sport. Ginger Rogers bowls, swims, dives and plays tennis as though she were trying to make an Olympic team."
p063,Physician Anesthesiology,"This position is 40 miles from Atlanta in a charming town with friendly people. The temperature and climate are mild all year, the cost of living is low, and nearby lakes and national forests offer plenty of outdoor enjoyment. As industry leaders and Joint Commission Certified, CompHealth applies over 40 years of tenured experience to your unique situation, preferences, and goals. Contact Darline Morris darline.morris@comphealth.com (203) 663-9385. Join group of 4 MDs and 2 CRNAs, splitting time between two area locationsCompetitive salary plus production bonusesLight call onlyComprehensive benefits with retirement plan, health coverage, and disability insuranceEnjoy 3 weeks of paid vacation plus 5 days of CME timeMalpractice paid and relocation allowance availableLoan repayment assistanceLive and work near scenic trails, farmer's markets, outlet shopping, and art galleriesOur services are free for youWe help negotiate your salary and contractWe coordinate interviews and help with licensesSpecialized recruiters match your career preferencesExperienced support teams take care of every detail","Now based in London, he has DJed at exclusive parties and clubs in Miami, New York, Cancun, Hong Kong, Paris and Milan. Since settling back in London about 5 years ago, Craig McConnon has established a career as one of the city's top DJs across the clubbing scene and is often spotted spinning the decks at various fashion launches. He is in high demand for private parties, weddings and events due to his award winning techniques in seamlessly blending the old classics in with the new, allowing him to create the perfect set for the mood and style of any event."
p064,Land Use Zoning Attorney,"We are currently seeking a skilled Land Use Zoning Attorney to join our national law firm client in their Cleveland office. In this role, you will be responsible for providing comprehensive legal counsel and representation to clients on matters related to land use and zoning regulations. Key Responsibilities- Conducting thorough research on local, state, and federal land use and zoning laws and regulations.- Advising clients on land development projects, zoning ordinances, permits, and variances.- Drafting and reviewing legal documents such as contracts, agreements, and applications.- Representing clients in zoning hearings, administrative proceedings, and court cases.- Collaborating with other attorneys, planners, engineers, and government officials to achieve clients' objectives.- Providing strategic guidance and advocacy to clients throughout the land use and zoning process. Qualifications:- Juris Doctor (JD) degree from an accredited law school.- Admission to the Ohio State Bar (or willingness to become admitted).- Minimum of 3 years of experience practicing land use and zoning law.- Strong understanding of land use planning, zoning regulations, and real estate development.- Excellent research, writing, and communication skills.- Proven ability to manage complex legal matters and deliver results in a fast-paced environment.- Demonstrated commitment to providing exceptional client service and achieving favorable outcomes.","His work is not to be considered mainstream music, which should be reflected in the design. He is doing musical productions, which will be presented on the page with images and sound samples, as well as conducting classical orchestras."
p065,Interior Designer,"We are looking for an experienced, dynamic, passionate and detail-oriented Interior Designer to join our wildly creative design team, and to seamlessly integrate into our company culture. Company DescriptionGeorgia Zikas Design is an interior design firm located in West Hartford, CT. Led by Georgia Zikas, a graduate of the New York School of Interior Design, the firm specializes in creating unique and beautiful spaces by combining a passion for antiques, architectural detail, and fine art with a trained understanding of craftsmanship, lifestyle, and composition. With decades of design experience, Georgia and her team of talented design professionals manage projects across the Northeast and beyond. Role DescriptionThis is a full-time on-site role for an Interior Designer located in West Hartford, CT. The Interior Designer will be responsible for space planning, architecture, construction drawings, interior design, and FF&E. The role involves collaborating with clients to bring their vision to life and transforming spaces with the right elements and style. QualificationsSkills in Space Planning, Architecture, and Construction DrawingsAutoCAD, Adobe SuiteStrong background in Interior DesignExperience with FF&E Excellent creativity and attention to detailKnowledge of current design trends and materialsStrong communication and presentation skillsAbility to work collaboratively and independentlyBachelor's degree in Interior Design, Architecture, or related field10+ years of experience in the industry is a plus GZD Company Culture, Core Values:· We provide our clients with Peace of Mind, and an Improved Lifestyle · We LISTEN well – to our clients and to each other · We are Service Driven – we take great care of our clients – we respect their investment · We strive for EXCELLENCE - in everything we do· We are OPTIMISTIC – we solve problems · We have a natural curiosity to learn, to do better, to be better – internally and externally· We uphold our PROFESSIONALISM at every turn – with each other, with clients, with vendors· We have FUN – we share HUMOR",Alban publications she has edited include Ending with Hope: A Resource for Closing Congregations (2002) and When a Congregation is Betrayed: Responding to Clergy Misconduct (2006). See less
p066,Interior Designer,"TKWA is a full-service architecture, planning, and interior design studio with offices in Milwaukee, Cedarburg, and Seattle. We are a collaborative team of creative thinkers, craftspeople, and advocates who are passionate about designing regenerative places that strengthen communities. We are seeking a talented person with experience in both commercial and residential interior design. This is a part-time position with the potential for full-time employment depending on workload and range of experience. Work will be performed primarily on-site in our Wisconsin offices. Qualified candidates should respond to this post or contact TKWA by email at hello@tkwa.com. Principal Responsibilities:Develop beautiful, sustainable, and innovative design solutions through all phases of a project, from concept through construction.Work with multidisciplinary teams in research, design, selection, and specification of interior finishes, fixtures, and equipment.Prepare drawings, schedules, and specifications to support design and construction.Work with product manufacturers and vendors to keep interior finishes library up to date. Qualifications:3+ years of interior design experience, preferably in both commercial and residential designBachelor’s degree in Interior Design, Interior Architecture, or equivalentNCIDQ certification preferredStrong written and verbal communication and interpersonal skillsStrong organizational skills and attention to detailAbility to work independently and with minimal supervision, as well as with a teamStrong breadth of knowledge & understanding of interior materials and their specificationExperience in selecting FF&EUnderstanding of commercial & residential building codes and regulationsComfortable managing multiple tasks and projectsWorking knowledge of sustainable practices & materials Software:Familiarity with both 2D CAD and 3D modeling software (Vectorworks and Sketchup preferred)Knowledge of Adobe Photoshop and InDesign (preferred, but not required) Benefits:Health Insurance (available at 30 hrs/wk) - employer-paid premiumDental Insurance - employee-paid premiumShort-Term and Long-Term Disability Insurance (available at full-time)401K with 25% employer match after four months of service2 weeks paid vacation (full-time) - vacation accrual pro-rated for part-timeReimbursement for professional registrationsReimbursement allowance for professional membership dues","She is also the author of Capes (The Taunton Press, 2003) and coauthor of Deck & Patio Idea Book (The Taunton Press, 2003) and Family Home Idea Book (The Taunton Press, 2003). She lives in Fairfield, CT. See less"
p067,Associate Attorney (Workers’ Compensation),"Join a Team of Difference Makers Joining Quintairos, Prieto, Wood & Boyer, P.A. (QPWB) means becoming part of a team of difference-makers who are passionate about making a positive impact in the legal profession. Our commitment to excellence, diversity, and innovation extends to every aspect of the firm, including our Workers' Compensation Practice Group. As a national defense firm, we're seeking passionate attorneys licensed in Florida with experience in Workers' Compensation defense. This is an excellent opportunity for individuals with 3-10 years of experience who specialize in defending against all types of workers’ compensation claims, including cases involving The Jones Act and the Longshore and Harbor Workers’ Compensation Act. Our team is committed to effectively moving cases through the legal system while vigorously defending our clients’ interests in court. Through our strategic approach and dedication, we strive to achieve favorable outcomes for our clients while upholding the highest standards. Discover Your Role Workers’ Compensation Practice Group At QPWB, our Workers’ Compensation Practice Group is composed of seasoned attorneys dedicated to assisting a diverse range of clients, including employers, carriers, third-party administrators, and self-insureds, in the defense of workers’ compensation actions. From initial claims handling through mediation, arbitration, trial, and appeal, we provide comprehensive legal representation tailored to the unique needs of each client. As an Attorney specializing in Workers’ Compensation, your role will involve: and preparing summaries of medical records to effectively advocate for clients.motions and attending hearings to represent clients in court.clients for depositions and attending depositions as needed.initial reports, interim reports, pre-trial reports, trials, and appellate activity.to discovery requests and drafting discovery-related motions.attending court appearances to ensure the best possible outcomes for our clients.and defending depositions of fact witnesses and expert witnesses. A Comprehensive Package Becoming part of the largest woman and minority-owned law firm in the nation, where creativity, entrepreneurship, and career development are celebrated, means understanding what makes YOU different, and we’re here to treat you as such. You can look forward to enjoying: benefits, including a competitive 401(k) match, to support your financial well-being and future planning.growth and advancement opportunities, with access to training and mentoring programs designed to help you reach your full potential.competitive salary reflective of your skills, experience, and contributions to our firm. What You’ll Bring To excel in this role, you must meet the following requirements: to practice in the State of Florida.analytical and problem-solving skills to navigate complex legal issues effectively.excellent research abilities and strong written and oral communication skills.and respond to discovery-related motions.attend court appearances.and defend depositions of fact witnesses and expert witnesses.motions for summary judgments. We're looking for enthusiastic candidates who are passionate about Workers' Compensation law and eager to make a positive impact in our firm and the communities we serve. If you're ready to join a team of difference-makers and take your legal career to new heights, we invite you to apply today. Together, we can shape your future, fast-track your leadership, and create new opportunities for growth and success for all.",However it wasn't until she left college life and entered the 'real world' that she started to understand these theoretical topics in a practical sense. Over the past 15 years she has built a multi-six figure consulting business and a family of her own. But there is one element she attributes a large part of this success to: developing high EQ.
p068,Revenue Recognition Accountant 4,"Overview The Revenue Recognition Accountant 4 is responsible for assisting with the review and analysis of sales contracts and the identification and communication of appropriate revenue recognition criteria in accordance with generally accepted accounting principles (GAAP). This new is instrumental in supporting the growing, global revenue function while also helping to build and maintain scalable processes What You Will Be Doing Review complex contracts to determine proper revenue treatment to ensure revenue is recognized in accordance with ASC 606Review contract obligation documentation and entries prepared by team members for acquired companiesCollaborate with revenue operations and other cross-functional teams to coordinate and resolve revenue accounting mattersIdentify, lead and ensure efforts to improve existing processes and controls related to the revenue recognition cycle based upon industry trends, authoritative literature and business objectivesDraft new and update existing revenue related policies and procedures; review and recommend changes to documentation prepared by team membersReview and interpret the impact of accounting proposals and pronouncements issued by the Financial Accounting Standards Board (FASB), the Securities and Exchange Commission (SEC), the American Institute of Certified Public Accountants (AICPA), the Emerging Issues Task Force (EITF) and other financial organizations on the company’s financial position and financial statements. Makes technical accounting recommendations based upon interpretationParticipate in external audits by responding to the most complex ad-hoc requests by the audtitorsAssist with the month-end close process, including account reconciliations, fluctuation analysis, and review of key reportsProvide responses to complex revenue recognition related questions and training to senior managementProvide expert guidance and advice to leadership in the form of recommendations based on significant quantitative and qualitative analysis and revenue recognition rulesLead integration and revenue recognition of acquired companies and new productsMentor, coach and train other team membersCommunicate complex and difficult issues to management in a timely mannerComply with all corporate and departmental privacy and data security policies and practices, including but not limited to, Hyland’s Information Systems Security Policy What Will Make You Successful Bachelor's Degree in AccountingSignificant experience in public accounting or corporate accountingMicrosoft Windows and Office proficientExperience with Workday and Salesforce and Zuora RevProDemonstrated ability to apply US GAAP to specific business situationsSoftware industry experience requiredCapable of identifying and completing tasks independently with a sense of urgency and ownershipExcellent critical thinking and problem solving skillsAbility to work in a fast paced environment and be a change agent for implementing new ideas and process improvements in an increasingly complex environmentExcellent oral and written communications skills that demonstrate a professional demeanor and the ability to interact with others with discretion and tactExcellent interpersonal skills; able to maintain solid rapport with team members as well as maintain professionalism with those outside of departmentExperience providing guidance and support to developing team membersOr an equivalent combination of education and experience sufficient to successfully perform the principal duties of the jobUp to 10% travel time requiredBased on individual states’ employment laws, the following details are to comply with the relevant salary posting requirements: base salary range of $99,000-$115,000 and eligible for bonus and benefits What You Can Expect Next Hyland Recruiters thoroughly review every application and will contact you within 1 to 2 weeks regarding next steps. Be sure to add Hyland to your contacts list and check your spam folder so you never miss a message from us!Any follow up questions? Email your Recruiter directly at Careers@Hyland.com . Benefits 401(k) Retirement Savings. Flexible Schedule. Paid Time Off. Medical, Dental, Vision. Volunteer Paid Time Off. Wellness Reimbursement. Paid Parental Leave. Sabbatical Program. Find out more by going to https://www.hyland.com/en/resources/articles/why-work-at-hyland . Welcome to #HylandLife Since 1991, it has been Hyland’s mission to help our employees, customers and partners exceed their potential with our industry-leading content services platform . Our employees exude a contagious energy and are passionate about what they do – whether it’s helping customers succeed, raising up their fellow Hylanders, or engaging in the communities where they live and work. The #HylandLife hashtag encompasses our employee-centric culture. Our employees live our culture day in and day out by bringing their best self to work. Hyland supports them to do just that through career development resources, wellbeing programs and innovation practices. We thrive on diverse viewpoints and new ideas and believe that a positive, inclusive workplace is imperative to sustainable success. As we’ve grown to a company of nearly 4,000 strong, we have the opportunity to make a significant impact on our communities . We strongly support employee initiatives and align our giving campaigns and programs to organizations that are important to them. We are committed to a policy of Equal Employment Opportunity and will not discriminate against an applicant or employee on the basis of race, color, religion, creed, national origin or ancestry, sex, age, physical or mental disability, veteran or military status, genetic information, sexual orientation, marital status, or any other legally recognized protected basis under federal, state or local laws, regulations or ordinances. The information collected by this application is solely to determine suitability for employment, verify identity and maintain employment statistics on applicants.","Nell started her career with the New York Regional Office as a Securities Compliance Examiner in 1999. Nell has conducted numerous examinations, including significant enforcement cases of investment advisers, hedge funds, and investment companies. Nell has an undergraduate degree from City University of New York at Baruch College and her J.D. from Brooklyn Law School. She is admitted to practice law in the State of New York."
p069,Associate Plastic Surgeon,"About AscendAscend Plastic Surgery Partners is a Management Services Organization (MSO) in the field of Plastic Surgery and Aesthetics. Founded on a commitment to excellence, innovation, and patient care, Ascend brings together a network of highly accomplished plastic surgeons and their practices to advance aesthetic medicine, helping our patients feel more confident in their own bodies. Why us?We are a group of plastic surgeons that have come together to collaborate on a whole new level. We believe that by learning from like-minded board-certified plastic surgeons, we can continually evolve and improve our practices, reaching more people and positively change their lives. We are seeking a skilled and dedicated Associate Plastic Surgeon to join our dynamic and reputable medical team. As an Associate Plastic Surgeon, you will play a crucial role in enhancing the appearance and functionality of patients through various plastic and reconstructive surgery procedures. The ideal candidate should possess excellent surgical skills, a commitment to patient care, and a passion for achieving optimal results. Responsibilities:Patient Consultations: Conduct thorough consultations with patients to understand their goals, concerns, and medical histories. Provide detailed information about available plastic surgery options, benefits, and potential risks.Surgical Procedures: Perform a variety of plastic and reconstructive surgery procedures, including but not limited to breast augmentation, rhinoplasty, facelifts, liposuction, abdominoplasty, and body contouring. Utilize the latest surgical techniques and technologies to achieve optimal outcomes.Preoperative and Postoperative Care: Coordinate and oversee preoperative and postoperative care for patients. Educate patients on preoperative preparations and postoperative recovery expectations. Monitor patients' progress and address any complications promptly.Collaboration with Medical Team: Work collaboratively with other medical professionals, including anesthesiologists, nurses, and support staff, to ensure comprehensive patient care. Participate in interdisciplinary meetings to discuss complex cases and develop treatment plans.Continuing Education: Stay current with advancements in plastic surgery, attend conferences, and participate in ongoing education to enhance skills and stay abreast of industry trends.Record Keeping: Maintain accurate and detailed patient records, documenting consultations, procedures, and follow-up appointments in compliance with medical regulations and standards.Patient Education: Educate patients on the recovery process, potential risks, and long-term care. Provide clear and concise information to help patients make informed decisions about their treatment plans. Qualifications:Medical degree from an accredited medical school.Completion of a plastic surgery residency program recognized through ABMS.Board-eligible or certified in Plastic Surgery.State medical licensure.Proven experience in performing a variety of plastic surgery procedures.Excellent communication and interpersonal skills.Strong attention to detail and commitment to patient safety.Ability to work collaboratively in a team-oriented environment. Join our team of dedicated medical professionals and make a positive impact on the lives of our patients through the art and science of plastic surgery. Apply now to be part of a cutting-edge medical practice committed to excellence in patient care and surgical outcomes.","He is currently the Clinical Manager of the Bay Shore Dialysis Center. With over 11 years of nursing experience, he has worked in both inpatient and outpatient settings. He holds a Bachelor’s degree in Psychology from Northeastern University and Master’s degree in Nursing Education from Walden University. Michael is currently enrolled in the Doctorate of Education Administration at Dowling College, where is pursing his interest in the recruitment and retention of men into nursing. Presentation 10. How Control affect Technology- Carol Thomas (abstract and references)"
p070,Assistant Professor of English Secondary Education,"Position Summary The Department of English at Metropolitan State University of Denver invites applications for a tenure-track Assistant Professor position in English Secondary Education. This 9-month appointment with full benefits will begin August 2024. The Assistant Professor position carries a 3/3 teaching load and will be responsible for teaching English Education courses, as well as service courses in English for English majors and minors. For more information on the Department of English, please visit: https://www.msudenver.edu/english/. Metropolitan State University of Denver and the Department of English are committed to active and strategic initiatives in our work toward educational equity and promoting a culture of access and inclusion for our students, staff, and faculty. We seek to sustain an inclusive community where all individuals at MSU Denver and in the Department of English are respected, feel a sense of belonging, and are provided proper resources and skillsets to be successful. This success is not limited to our liberal arts and sciences focused education, but also to the broader development of our students as engaged citizens and valued contributors to their discipline, the community, and our society. At MSU Denver, we recognize the value of everyone and every group as part of an inclusive community of belonging. The College of Letters, Arts and Sciences has a vibrant Diversity, Equity, and Inclusion Statement that highlights those values. Differences can include but are not limited to culture, race, ethnicity, color, national origin, language, sex, physical appearance, pregnancy, marital/partner status, age, (dis)ability, neurodiversity, creed, religious or spiritual beliefs, sexual orientation, socioeconomic status, class, education, gender identity/expression, veteran status, political affiliation, political philosophy, and more. We recognize that these differences can be visible or invisible. MSU Denver enrolls over 17,000 students, where nearly 60% are first generation and over 55% are students of color. Located in downtown Denver, we are a designated Hispanic Serving Institution (HSI), an INSIGHT into Diversity Higher Education Excellence in Diversity (HEED) Award winner for 10 consecutive years, and the only Seal of Excelencia certified institution in Colorado. As the third largest institution of higher education in Colorado and the only institution with an open access mission, MSU Denver is a model university for today’s college students. The University serves the most diverse undergraduate student population in the state, as well as the most first-generation students and Deferred Action for Childhood Arrivals students. Qualified candidates who have experience working with students from diverse backgrounds and a demonstrated commitment to excellence in teaching, student advising, scholarship, and service in an inclusive and diverse environment are encouraged to apply. Responsibilities Teaching and Advising Teaching involves activities that impart knowledge and critical thinking skills to students. It includes preparing for courses assigned, assessing student progress, conducting curricular review, supervising pre-service teachers, participating in curricular development and program review. Advising: Advising involves activities specifically directed to assist the student in choosing career options, choosing a degree program, successfully completing his or her degree, obtaining employment or graduate school placement, and keeping informed of university policies. Scholarly Activities Scholarly activities bring enrichment to the faculty member and the profession and results in new material that can be presented to students, as well as new skills which benefit the university community and are related to the faculty member’s assigned responsibilities. It may include investigative work or basic research; infusion of isolated facts with meaning and perspective; making connections across disciplines; placing the specialized in broad context; making knowledge broadly accessible; the solving of problems through the use of scholarly expertise, pedagogical research, creative exploration and production; and methods for the transformation and extension of knowledge in presentations and publications, so long as such activities enhance the faculty member’s teaching and/or the faculty member’s ability to perform his or her assigned responsibilities. Service Service involves contributions to the improvement of the welfare of the university at any level, and typically unpaid public service to the community or professional organizations which benefits the university. Required Qualifications Ph.D. in english education, curriculum & instruction, or related field conferred by the start of the fall semester in August 2024Minimum of three years of experience teaching secondary English language artsExperience teaching students from diverse cultural, socioeconomic, and academic backgrounds Preferred Qualifications Preference will be given to candidates with a doctoral degree that shows a concentration in studies supportive of teaching secondary language arts education, undergraduate and master’s level English courses, and college-level composition; experience working with pre-service teachers; demonstrated excellence in teaching, and ability to work collaboratively. Salary for Announcement The salary range for this position is $60,000 - $62,000 at Assistant Professor rank. The salary of the finalist selected for this role will be set based upon a variety of factors, including but not limited to, internal equity, education, experience, specialty and training. MSU Denver offers excellent benefits that include medical, dental, retirement, tuition benefit, free RTD pass, and more. For a brief overview of these options, please visit our Benefits section. Instructions to Apply This position is open until filled. Interested applicants must apply online at MSU Denver's career site, https://msudenver.wd1.myworkdayjobs.com/MSUDenver, and search for JR102302. For full consideration, you must provide all documents listed below in your application. A complete application includes the following: Curriculum vitae Letter of application Teaching example Unofficial graduate transcripts A list of three references and their contact information Applicants will notice on the application portal there is one location (the resume submission field) to upload all required materials. Multiple documents can be submitted into this one field; alternatively, merge all documents into one PDF and upload. Once submitted, you will not be able to edit your application. Internal applicants must apply through their MSU Denver Workday Home page, searching the 'Jobs Hub'. Oﬃcial transcripts will be required of the candidate selected for hire. Closing Date Open Until Filled Posting Representative Tanya Rogowsky Posting Representative Email trogowsk@msudenver.edu Benefits MSU Denver is pleased to offer our current and potential employees a wide array of benefit options. To learn more, please visit the following link: Employee Benefits Offerings The University will provide reasonable accommodations to applicants with disabilities throughout the employment application process. To request an accommodation pursuant to the Americans with Disabilities Act, please contact the Human Resources ADA Coordinator at totalrewards@msudenver.edu. Diversity Statement Metropolitan State University of Denver is a unique, access-oriented campus community that values diversity, equity, and inclusion in all its forms. Our student population consists of nearly 58% first generation students and over 50% students of color. We are a designated Hispanic Serving Institution located in downtown Denver. We create an equitable learning and working environment in concert with individuals who consistently demonstrate commitment to equity and inclusion. We greatly value the diverse identities and perspectives of our students, faculty, and staff and recognize that in order to achieve a just and equitable society, diversity must go beyond simple representation. It requires critical inquiry and dialogue and a commitment to action. We strive to provide a culture of belonging for all community members to achieve personal and professional success.","She graduated with honors in 2012. Having more than 4 years of diverse experiences, especially in NURSE PRACTITIONER, Jinhee Park affiliates with New York-presbyterian Hospital, and cooperates with other doctors and specialists in many medical groups including House Call Medical Services Of New York, Pllc, Weill Medical College Of Cornell. Call Jinhee Park on phone number (212) 746-5562 for more information and advises or to book an appointment."
p071,Chiropractor,"To Apply for this Job Click Here Looking for a Chiropractor with a passion for effectively caring for and communicating with patients. Our office is in Columbus, OH. Chiropractor Benefits Bonus - % of collectionsHealth/Dental/VisionShort/Long Term Disability401K w/matchingContinuing EducationPaid family leaveHolidaysPTORelocation package Chiropractor Requirements Degree of Doctor of ChiropractorLicensed in the state you will be practicing (Ok if waiting for License in process)Passion for patient careLearning mentality - open to learning our wayComfort with driving your business - marketing and sales At Goodwin Recruiting we are committed to our core values. We take our value, Dedicated to Diversity & Inclusion, very seriously and will never discriminate against a candidate or client based on any protected classes. Our clients seek qualified candidates, and that is what we deliver. A person's age, gender, race, sexual orientation, gender identity, national origin, veteran or disability status, or arrest or conviction record has no bearing on whether he, she, or they are able to do the job. We evaluate the knowledge, skills, and abilities that meet the requirements of the position and aim to open doors and change lives. We value all people, understanding that uniqueness and diversity foster a stronger team that is innovative and brings varying perspectives to the table. We put our money where our mouth is and are proud of our efforts to identify a broad slate of candidates, with many hiring success stories to share. JOB ID: 134123 #post Melody Coker To Apply for this Job Click Here , $60,000 - $60,000,","Emily works with clients on corporate, tax, and governance issues and is the principal contributor to the Nonprofit Law Blog. She has also authored articles published in national publications and spoken to several groups and professional associations on nonprofit legal issues."
p072,Assistant Professor Printmaking,"Department: School of Art & Art History 0-240400 College/Division: College of The Arts Salary Plan: Temporary Hiring Salary/Salary Range: $55,000 DUTIES: Will teach a 4/4 undergraduate course load of Beginning, Intermediate, and/or Advanced Printmaking courses in Fall 2024 and Spring 2025.Responsible for teaching a range of skill sets including digital and traditional printmaking techniques as well as unconventional methods and approaches to print processes. Possible Course release to administer the program, including scheduling of classes, recommending adjuncts/grad TAs, ordering supplies, managing budget, ordering or repairing equipment, catalog updates, and more. QUALIFICATIONS (Education & Experience): Minimum Qualifications: Master's degree from an accredited institution in an appropriate field of specialization or equivalent qualifications based on professional experience that meet national and/or regional accreditation standards. Demonstrable experience in printmaking processes and techniques. Knowledge of current practices, techniques, technology, and issues as related to teaching Printmaking are essential. Information for Applicants This position is subject to a Level 1 criminal background check. Job Opening Number: 36769 Posting Date: 04/18/2024 Posting End Date: 05/02/2024 How To Apply Click on the Apply Now button. When applying to an opening you will have the opportunity to upload a cover letter and resume. Apply online by completing the required information and attaching your cover letter and resume. Please include your experience as it relates to the qualifications stated above. YOUR COVER LETTER AND RESUME, PLUS ANY OTHER REQUESTED MATERIAL, MUST BE IN ONE ATTACHMENT. Only online applications are accepted for this position. Click here for additional tutorial information. To request an accommodation with the application or interview process, please contact Central Human Resources by telephone: 813-974-2970 or email HR-ADA-Request@usf.edu. Equal Employment Opportunity USF is an equal opportunity, equal access academic institution that embraces diversity in the workplace. The University of South Florida does not discriminate on the basis of sex and prohibits sexual harassment. Any person may report sex discrimination, including sexual harassment (whether or not the person reporting is the person alleged to be the victim of conduct that could constitute sex discrimination or sexual harassment), in person, by mail, by telephone, or by electronic mail, using the contact information listed for the Title IX Coordinator. Reports may be made at any time either online or directly to the University's Title IX Coordinator. USF's Equal Opportunity Affirmative Action Statement. Federal Rights Applicants have rights under Federal Employment Laws: Family and Medical Leave Act (FMLA), Equal Employment Opportunity (EEO) and Employee Polygraph Protection Act (EPPA). Work Location Campus map and location overview: USF - Tampa Campus About USF The University of South Florida is a high-impact global research university dedicated to student success. Over the past 10 years, no other public university in the country has risen faster in U.S. News and World Report's national university rankings than USF. Serving more than 50,000 students on campuses in Tampa, St. Petersburg and Sarasota-Manatee, USF is designated as a Preeminent State Research University by the Florida Board of Governors, placing it in the most elite category among the state's 12 public universities. USF is a member of the American Athletic Conference. Working at USF With more than 16,000 employees at USF, the University of South Florida is one of the largest employers in the Tampa Bay region. At USF you will find opportunities to excel in a rich academic environment that fosters the development and advancement of our employees. We believe in creating a talented, engaged and driven workforce through on-going development and career opportunities. We also offer a first class benefit package that includes medical, dental and life insurance plans, retirement plan options, tuition program and generous leave programs and more. To learn more about working at USF please visit: Work Here. Learn Here. Grow Here. Connect with us:","At the University of Illinois, he holds emeritus appointments in Animal Sciences, Nutritional Sciences, and Internal Medicine. He has been a member of the Illinois faculty since 1967, having received his Ph.D. degree there in 1965."
p073,Personal Trainer,"Rain City Fitness is a private personal training and group fitness studio located in Arlington off highway 9 next door to Trio Salon across from Safeway. In addition to offering private personal training, we offer 9 group classes a week and would like to add more. These include Strength Training, TRX, Spin, Core and Abs, HIIT Cardio and more. Our primary clientele is female with a high percentage being moms of all ages and teachers. We offer a space free of judgment. Our main priority is to teach our clients how to be comfortable in a gym/ studio setting. We modify all workouts to meet clients current fitness needs and offer some of the best instruction around. We keep class sizes small allowing very focused instruction for each client. Currently we are in search for new instructors who are either: Group Fitness Certified (preferred) orHave a specialty certification in Spin, Barre, and/or TRXCertified personal trainers to assist in continuously building our private clientele training base.Nutritional certifications of any variety. Looking specifically for a Nutritional Therapist, Nutritionist, or Dietician specialty.Qualifications:All trainers/instructors will be hired as independent contractors. Must hold a certification in group fitness, or specialty listed above or be a certified personal trainerUpon hire, must obtain own professional insurance and business license to meet state requirements of Independent ContractorMust be open to adapting our current studio model as established by Rain City Fitness Owner.Pay and benefits:Pay is per class or per client and decided based on experience with minimum pay starting at $25 per group class and $36 per hour for personal training.Free group fitness classes for all instructors/trainersWhen applying please include qualifications and certification details, employment history, current contact information, and at least two professional references. Job Types: Full-time, Part-time Pay: $25.00 - $36.00 per hour Benefits: Employee discountFlexible scheduleFree fitness classesGym membershipOn-site gymSchedule: 4 hour shift8 hour shiftDay shiftEvening shiftEvery weekendWork Location: In person License/Certification: Certified Group Fitness Instructor (Preferred)Certified Personal Trainer (Preferred)Nutritional Specialty (Preferred)Spin or Barre (Preferred)Shift availability:","Larry started playing behind the turntables in the legendary nightclub ""Le Folie's Pigalle"" in Paris where he learnt how to control the dancefloor. Next Larry played in other famous places as the ""Queen"" club Paris and travelled a lot in the world to discover the best places to be. He was booked in some gigs in Ibiza to play tech house beat and a sexy house music. In addition Larry met a lot of very important people , some mentors for him as Ali Dubfire, DJ Pippi from Ibiza, Barbara Tucker and DJ Q from Ny, Kiko Navarro, Javi Bora etc. After that he started producing music and released his first record on the big international italian label Netsworkrecords, then Larry Rocca became an official remixer on Bob Sinclar label Yellow Productions with the remix for Orange Grove. So many projects are coming for 2014 ... Stay connected !"
p074,Corporate Counsel,"I am currently working with a Fitness & Wellness company based in North Florida who are looking to recruit a Corporate Counsel (Transactions). This is a newly created position due to volumes of work and you will sit as part of a team of 5 in-house attorneys and report into the General Counsel. This is a hybrid role, typically Monday, Wednesday and Thursday in the office. Please do NOT apply if you're looking for a remote role. As the Corporate Counsel, your primary duties will be to draft and negotiate a wide variety of commercial agreements that facilitate business objectives while mitigating risk. You will also successfully and effectively develop, implement, and manage contracting processes and provide support for a wide variety of other corporate and transactional matters. You will oversee contract automation and management systems in collaboration with the Legal Operations Manager and leads continuous improvement projects for contract templates, playbooks, processes, and systems. You will also have the opportunity to support on various corporate and transactional matters and projects depending on the needs of the business, which may include privacy, real estate, corporate governance, M&A, intellectual property, and other matters. Requirements J.D. from an ABA accredited law school with strong academic credentialsLicense to practice law in any U.S stateAbility to obtain Authroised House Counsel status on Florda, if not license in FloridaAt least 3 years of professional experience as an in-house attorney working for private or public companies.Commercial transactions experience, including knowledge of contract law and experience drafting and negotiating a variety of commercial agreements.Strong negotiating skills with both legal and financial/commercial issues.Privacy experience a plus.","He’s been awarded residencies from Germany to France. Featured once in The New Yorker, he was described as South Africa’s “Flâneur,” a term used to describe his ability to capture intimate moments wherever he travels. But while he is known around the world, his home is close to heart. His most recent gallery is Umlindelo Wamakhlowa (Night Vigil of the Believers) at Wits Art Museum (WAM), located at the University of Witswatersrand in Joburg. His series of photos in the exhibit document the Church of Zion and his own experience."
p075,"Journalist (Segment Producer), BBC News - Washington","Job Introduction The BBC is the world’s leading public broadcaster and BBC News is at the heart of it. We provide trusted news and analysis output to a global audience of millions per week, making us the largest broadcast news operation in the world. It is an exciting time right now as we have expanded our teams in North America. We are looking to recruit a Journalist who will mainly act as segment producer for our new primetime evening and weekend news coverage. Based in our friendly bureau in Washington DC, you will bring the latest in international breaking news and headlines to worldwide audiences on our news channel. Main Responsibilities As a multiskilled Journalist you will act as a segment producer for several hours of daily live rolling news coverage. The position provides a variety of editorial and production support to the News Editor, Assistant Editor, and Senior Journalists, and is an integral part of a team that will redefine and reimagine the relationship between digital and linear news both on air and online. You will be responsible for pitching and producing nuanced, pertinent, live, or taped news segments involving researching, writing, editing video, creating graphics, and writing questions and talking points for Presenter led interviews with journalists, experts, and key players on the world’s top news stories. You will also be required to contribute to BBC digital video, text, live pages, and social media platforms as assigned. You will be expected to be on top of and have a thorough understanding of global events that define the editorial brand of the network and make full use of the breadth of the BBC newsroom and field resources around the world. Our journalists work primetime evenings on a schedule system including weekends (until midnight). Are you the right candidate? To be successful in this role candidates must be creative, curious, efficient, a problem solver, a team player, and demonstrate experience and understanding of live broadcasting and/or digital platforms. You are passionate about global news and the importance of impartiality. We are looking for somebody who will bring creativity and innovation to how we serve our audiences, on every platform, worldwide. The Successful Candidate Must Have Thorough knowledge of world affairs, current events, geopolitics, foreign policy, and history Strong editorial skills: Ability to recognize stories with high potential for provocative, compelling television Strong understanding of social media storytelling and news gathering Detail oriented and able to work under pressure and meet multiple daily deadlines both on-air and online Understanding of newsgathering and/or newsroom production Understanding of the fundamentals of news writing and video editing Ability to use technology as required, to gather material for broadcast. Understands how a team works effectively. Able to build and maintain effective working relationships with a range of people. Demonstrates a commitment to improving diversity in the BBC and understands how individual differences can benefit the BBC. Effective planning and organizational skills, ability to multi-task and deliver consistently to deadlines Positive attitude and ability to adapt to changes and evolving priorities. An understanding of health and safety procedures and how they apply to broadcasting. Ability to work primetime evenings (up to midnight) everyday including weekends. Flexibility to work on other tasks where needed due to output and rota needs Package Description Band: C Full-time, permanent (at will) staff job with benefits including healthcare, paid leave and a retirement savings plan. Local terms and conditions apply. Location: Washington DC, USA Any offer of employment with the BBC will be conditional upon you having the right to live and work in the US (US citizenship, permanent residency or work authorisation)",He has been in an amazing journey visiting language schools for children around the world where he has both conducted teacher development programs as well as enchanted young audiences with Buddy the Frog. He writes a well-known blog called Children Learning English Affectively.
p076,Registered Nurse Clinic RN - Pain Management,"Job Summary Provides competent clinical nursing practice across the life-span, facilitates transitions across care settings, and coordinates care delivery with other disciplines for improving patient care quality outcomes as well as decreasing unnecessary utilization and associated costs across patient populations and health care settings. Daily ambulatory nursing practice performance primarily is focused on telephonic patient triage, patient education, direct care interventions, collaborative leadership and care coordination. #READ Qualifications Education Requirements Graduate of an accredited school of Nursing Experience Relevant Experience Certification and Licensure CPR CertificationPA Registered Nurse License Required Skills Analytical SkillsCollaborative SkillsExcellent Communication SkillsExcellent Communications SkillsExcellent Interpersonal SkillsExcellent Teamwork SkillsGeneral Clerical SkillsKeyboardingMultitaskingProblem Solving SkillsStrong Team Player Overview Tower Health, a regional healthcare system, serves communities across multiple counties in Pennsylvania. Its network includes Reading Hospital, Phoenixville Hospital, Pottstown Hospital, and St. Christopher's Hospital for Children (in partnership with Drexel University). Committed to academic medicine and training, Tower Health offers various programs, including residency and fellowship programs, the Drexel University College of Medicine at Tower Health, and the Reading Hospital School of Health Sciences. Additionally, the system provides a wide range of healthcare services, such as Reading Hospital Rehabilitation at Wyomissing, home healthcare via Tower Health at Home, TowerDirect ambulance and emergency response, Tower Health Medical Group, Tower Health Providers (a clinically integrated network), and Tower Health Urgent Care facilities across its service area.","She works to understand the unique circumstances of each patient, and develop effective and personalized improvement plans to meet their health goals. Jan treats a variety of health issues and disorders with qualified, coordinated care. Recent Posts"
p077,Dentist,"Full-time General Dentist Opportunity in Vancouver, WA. Company is able to provide H-1B, TN, and Green Card sponsorship for this position. At Gentle Dental, we value our teammate’s smile as much as our patient’s smile. Our vision is to provide exceptional, lifelong, integrated oral healthcare services. We enhance the quality of our patients’ lives by providing accessible oral healthcare, which is paramount to overall health and wellbeing. Our culture is based on innovation and providing a wellness approach to Dentistry to improve clinical results and consistently generate predictable treatment outcomes. We focus on a commitment to patient care, operational and clinical excellence, personal accountability, building relationships, and seeking out innovative and creative approaches to support our patients and teams. It’s the whole idea of group dentistry, reimagined to provide Doctors and Clinicians with the right balance of autonomy and support for all stages of their career, focused on the best interests of patients. Come join our team and make a difference in the lives of the people in your community! Position Details Full team of in house Board eligible, or Certified, specialists to support your specialty needsPredominantly PPO practiceComprehensive dental office Compensation30% - 32% + of production based on experienceGuaranteed compensation in first 60 daysFull time Dentist expected to make between $150,000 and $400,000 Schedule Tuesday through Friday Location: 800 NE Tenney Road, Ste B201, Vancouver, WA 98685 Benefits Include Employee Assistance ProgramMedical and pharmacy, dental, vision (for employees and their families)Basic life, AD&D, and long-term disability insurance401k plan and deferred compensation planCE creditsMalpracticeAdditional CE credits and partial License and DEA reimbursement after 2 yearsFor candidates who are considering relocating into the area, relocation assistance and state license reimbursement is available. H-1B, TN, or Green Card sponsorship Position Qualifications 1 years of experience preferredAccredited Dental School GraduateCurrent WA State Dental License (or the ability to acquire one by time of employment)Other licenses/certifications such as CPR, DEA, NPI We focus on a commitment to patient care, operational and clinical excellence, personal accountability, building relationships, and seeking out innovative and creative approaches to support our patients and teams.","Ms. Dagastino has more than 7 years of experience in Immigration Law and Case Management. Kristen has extensive experience in PERM labor certification application filings and specializes in a variety of immigration matters particularly in nonimmigrant visas, green cards, as well as permanent employment-based immigrant visas for multinational executives/managers, critical foreign employees, and their family members."
p078,Associate Attorney,"Hiring Immediately!Nevada Licensed AttorneyAttorney/Associate Attorney Lic. in NV - (Insurance Defense and/or Construction Defects Exp. REQ)*Pay commensurate to experience. We are seeking an Associate Attorney for a remote position that pays up to $150K, DOE, with excellent benefits. An attorney who has experience in construction defects and/or insurance defense, to join the legal team of a successful multi-state firms LV location. The Associate Attorney will be responsible for providing legal support and assisting with various legal matters. The ideal candidate will have experience in legal drafting, research, and civil defense litigation. Responsibilities for Associate Attorney:- Draft and review legal documents, including contracts, pleadings, and briefs- Assist with case management and preparation for hearings and trials- Be able to handle a case from start to finish.- Communicate with clients, opposing counsel, and other parties.- Negotiate settlements and participate in mediation or arbitration proceedings- Attend court hearings and represent clients in litigation matters Experience - for Associate Attorney:- Juris Doctor (J.D.) degree from an accredited law school- Admitted to the Nevada state bar- Strong knowledge of legal principles and procedures- Ability to write clear and concise legal documents- Strong analytical and problem-solving abilities- Detail-oriented with exceptional organizational skills We offer a competitive salary commensurate with experience. Benefits package includes health insurance, retirement plan, paid time off, and professional development opportunities.If you are a motivated individual looking to grow your career in the legal field, we encourage you to apply for the position of Associate Attorney. Please submit your resume, cover letter, and writing sample for consideration. I can be reached directly at Robert@Elitesourcing.llcJob Type: Full-time Pay: Up to $140,000.00 per year Benefits:401(k)401(k) matchingDental insuranceHealth insuranceLife insurancePaid time offVision insuranceSchedule:8 hour shiftMonday to FridayExperience:Insurance Defense Lit. or Construction Defects: 3 years (Required)License/Certification:Nevada State Bar (Required)Ability to Relocate:Las Vegas, NV: Relocate before starting work (Required)","He is from 1992 batch and has been accorded Rank in CA Finals. He has two decades of experience in the field of Financial Markets across Merchant Banking, Institutional & Retail Broking, Asset Management & Research."
p079,Associate Attorney,"Hiring Immediately!Nevada Licensed AttorneyAttorney/Associate Attorney Lic. in NV - (Insurance Defense and/or Construction Defects Exp. REQ)*Pay commensurate to experience. We are seeking an Associate Attorney for a remote position that pays up to $150K, DOE, with excellent benefits. An attorney who has experience in construction defects and/or insurance defense, to join the legal team of a successful multi-state firms LV location. The Associate Attorney will be responsible for providing legal support and assisting with various legal matters. The ideal candidate will have experience in legal drafting, research, and civil defense litigation. Responsibilities for Associate Attorney:- Draft and review legal documents, including contracts, pleadings, and briefs- Assist with case management and preparation for hearings and trials- Be able to handle a case from start to finish.- Communicate with clients, opposing counsel, and other parties.- Negotiate settlements and participate in mediation or arbitration proceedings- Attend court hearings and represent clients in litigation matters Experience - for Associate Attorney:- Juris Doctor (J.D.) degree from an accredited law school- Admitted to the Nevada state bar- Strong knowledge of legal principles and procedures- Ability to write clear and concise legal documents- Strong analytical and problem-solving abilities- Detail-oriented with exceptional organizational skills We offer a competitive salary commensurate with experience. Benefits package includes health insurance, retirement plan, paid time off, and professional development opportunities.If you are a motivated individual looking to grow your career in the legal field, we encourage you to apply for the position of Associate Attorney. Please submit your resume, cover letter, and writing sample for consideration. I can be reached directly at Robert@Elitesourcing.llcJob Type: Full-time Pay: Up to $140,000.00 per year Benefits:401(k)401(k) matchingDental insuranceHealth insuranceLife insurancePaid time offVision insuranceSchedule:8 hour shiftMonday to FridayExperience:Insurance Defense Lit. or Construction Defects: 3 years (Required)License/Certification:Nevada State Bar (Required)Ability to Relocate:Las Vegas, NV: Relocate before starting work (Required)","He is known for eye contact and storytelling. He has performed on The Grawlix; Fest in Gainesville, Florida; the Comedy Exposition of Chicago; Beast Village Comedy Festival; and is a producer and performer for Crom Comedy Festival; and was named 'Funny Person of The Week' by Brightest Young Things."""
p080,Interior Designer - Kitchen and Bath,"Studio 1220 is seeking an experienced interior designer specializing in kitchen and bath to join our team. You will be responsible for guiding clients from the initial planning phase through construction and the final completion of projects. To succeed in this role, you must have design experience, a combination of creativity, technical skills, and superb interpersonal skills. ResponsibilitiesClient consultationsJob-site visits to assess space, measure, and gather essential information.Creating functional layouts & renderings in 2020 Design. If you have no experience in this software, please include what software you have experience with, in your resume.Present design concepts considering functionality, aesthetics, and product specifications.Selecting materials with the client to fit their aesthetic taste and budget.Detailed cost estimates for materials & labor for each project.Project management, including detailed drawings packages, materials lists, and item specifications for contractors to follow.Managing your own schedule and multitasking between design and sales tasks.Stay informed about the latest trends, materials, and technologies in kitchen and bath design.Assisting with visual merchandizing in the showroom QualificationsBachelor’s degree, Interior Design program preferred2 years of Bathroom and Kitchen design experienceProven successful experience as a salespersonOutstanding graphic presentation skills and the ability to communicate design ideas quickly.Passion for design and entrepreneurial spirit","She's been involved with Ministry of Sound Radio, BBC1, and MTV Europe, and she's played cities and festivals all over the world. Her discography lists some of her work, either alone or in collaborations, although unlike Max, she focuses more on DJ'ing than on production work. She usually plays a pretty hard house style. Here's a link to Anne's website:"
p081,Psychologist,"Pioneer Healthcare Services has an exciting opportunity for an ESY School Psychologist looking to pioneer their way into Travel healthcare. A school district in San Jose, CA is looking for a dedicated School Psychologist to join their team for the 2024 - 2025 Extended school year with the possibility to extend. School Psychologists who work for Pioneer Healthcare Services are dedicated professionals who interact amongst diverse populations and are enthusiastic about the difference they make in their students' lives through assessment and treatment. This can be a travel or a local position. Responsibilities Of a School Psychologist Conducts psychological assessments and develops case studies of individual students to determine educational needs, learning characteristics, and social behavior relevant to educational placement and instructional planning Evaluates the results of tests in relation to the cultural, environmental, and language backgrounds of students Participates in IEP meetings Counsels students individually and in groups to assist them in educational achievement and personal or social adjustment Assists with the organization of, and serves as a leader in, staff development activities in the field of psychological services New grads are encouraged to apply - We will support you through this transition Pioneer Healthcare Services is a San Diego-based staffing and travel recruitment firm that specializes in finding exceptional nursing and therapy positions for its clients across the US. Our experienced staff understands the needs of travelers and offers competitive pay packages to meet those needs, including offering benefits such as: medical, dental, and vision insurance, 401K, housing, meal allowance, incidentals allowance, and even relocation assistance. Professional liability and malpractice coverage, as well as weekly pay with direct deposit, are also provided to each traveler. Licensed Therapists That Pioneer Healthcare Accepts Referrals For Speech Language Pathologist SLP Speech Language Pathology Assistants SLPA ST Physical Therapist PT Physical Therapy Assistant PTA Occupational Therapist OT Certified Occupational Therapy Assistant COTA Psychologist Board Certified Behavior Analyst BCBA Licensed Marriage and Family Therapist LMFT","Her first book ""Somatic: The Life and Work of Egon Schiele"" (Exile Editions, 1998) was nominated for the Gerald Lampert Award while her second, ""The Wrecks of Eden"" (Wolsak and Wynn, 2002) was short listed for the BC Book Prize. Her most recent collections are ""Cusp/detritus"" (Anvil Press, 2006) and ""Shall: ghazals"" (Wolsak and Wynn, 2006). Her work has also appeared in the anthologies ""A Practice of Spirit"" (St Thomas Poetry Series 2002) and a collection of tributes to Joe Rosenblatt (Guernica Editions 2005). See less"
p082,"2024-2025 K-12 Social/Emotional Teaching and Reinforcement Teacher- MANCH, J.E. ES","https://www.ccsd.net/employees/resources/pdf/desc/lp/special_education_generalist_self_contained.pdf Please ensure that you have uploaded your license and/or transcript documentation and completed the required employment history, including any gaps in employment, on the application Primary Location LAS VEGAS-MANCH, J.E. ES Work Locations MANCH, J.E. ES Job SPED Teacher Organization Region One Job Level Day Job Job Posting Apr 11, 2024, 6:52:15 PM Unposting Date Ongoing Location Title Tier Year 0314-2024-2025-Title I ES-Tier I-Manch J.E. ES","Ms. Alrias practices medicine in Sterling Heights, MI and specializes in General Practice. Ms. Alrias is affiliated with Saint John Macomb-Oakland Hospital and Mclaren Macomb Medical Center."
p083,Dentist,"Overview PPO / Fee for service office - No Medicaid Modern large office with latest technology: cone beam, iTero, endo motors in all ops! Potential for salary of $200,000+ a year with consistent new patients! Hybrid schedule with flexibility! M 1-7, T 7-1, W 1-7, T 1-7, 1 Sat/month 2 dedicated assistants Mentorship opportunity alongside tenoured doctor who places implants and much more! Shamblott Family Dentistry welcomes patients of all ages, from children to seniors, at our convenient and comfortable Hopkins-area office. With multiple dentists on staff, we make it easy for patients to receive expert dental care whenever that may be! Amazing full-time opportunity for an experienced dentist to join our highly successful practices in Hopkins, MN! #wirkev Qualifications DDS/DMD from an accredited Dental School Active Dental License in the state of Minnesota DCA is proud to be an equal opportunity workplace. Equal opportunity and consideration are afforded to all qualified applicants and employees. We won't unlawfully discriminate on the basis of gender identity or expression, race, ethnicity, religion, national origin, age, sex, marital status, physical or mental disability, Veteran status, sexual orientation, and any other category protected by law.","Dr. Landercasper graduated from University of Colorado School of Medicine in 1980 and has been in practice for 37 years. He completed a residency at Lutheran Hospital. He currently practices at Gundersen Lutheran La Crosse Clinic Nursing Staff Development and is affiliated with Gundersen Lutheran. Dr. Landercasper accepts multiple insurance plans including Medicare, Blue Cross Blue Shield of Illinois and Anthem. In addition to English, Dr. Landercasper's practice supports these languages: Spanish and Arabic."
p084,Lead Python Software Engineer,"Python Software Engineer- Contract (possible conversion to PERM)Schedule: Monday-Friday (1/2 day) Location: Onsite, Downtown, Houston Client: Enterprise Products PartnersRate: $80-$85/hr C2CAcceptable Work Authorization: US Citizens/GC Holder/GC-EAD We are currently seeking an experienced Python Software Engineer to join the Big Data and Advanced Analytics department. The Python Software Engineer will work closely with Data Engineers and Data Scientists to solve real-world oil and gas midstream problems using advanced analytics and machine learning. Responsibilities include:• Work directly with subject matter experts to develop high quality, reliable, scalable, software products.• Design and implement frameworks and tools to streamline the machine learning process• Implement data manipulation and transformation logic to support various use cases.• Leverage software architecture and design patterns to develop fault tolerant microservices • Document code and architectural decisions to support maintainability.• Implement processes to ensure coding standards, code quality, documentation, and test coverage Qualifications• 10+ years of programming experience in Python• Expertise in developing and maintaining data pipelines• Experience in software engineering practices such as Design Principles and Patterns, Unit Testing, Refactoring, CI/CD, and version control• Expertise in Object-Oriented Design Principals and Functional Programming Principals• Experience with common Python Data Engineering packages including Pandas, Numpy, Pyarrow, Pytest, Scikit-Learn, and Boto3• Experience in implementing distributed computing systems• Experience in designing modular, reusable software components• Experience in developing API endpoints and microservices","He has received a 4.5 out of 5 star rating by his patients. These areas are among Dr. Hackett's clinical interests: warts, depression, and adolescent issues. He is professionally affiliated with Willoughby Hills Family Health Center. He is in-network for Coventry, Coventry Bronze, and Coventry Silver, as well as other insurance carriers. He obtained his medical school training at Case Western Reserve University School of Medicine and performed his residency at the University Hospitals, Cleveland."
p085,Interior Designer,"Your new company:Representing a 50+ year established real estate developer, owner, and operator are looking to hire a Junior Designer/Space Planner to their team. This is a brand new position being hired due to the fantastic performance and growth of the team. Successful applicants will have with 1-4 years of design or space planner experience within a construction, architecture or real estate company or have an education in design/architecture and spent time in the construction and real estate industry. Your new role:Meet with potential and existing clients to determine space plan requirements.Develop a space plan based on those requirements.Generate pricing drawings to forward to Interior Construction Department to prepare construction estimate.Prepare final set of drawings for construction and permitting purposes.Meet with clients to select finishes.Coordinate planning and construction process with all vendors.Coordination between the Leasing Department and Interior Construction DepartmentUpdate and organize existing CAD/Revit drawings and tenant files located on the company network.Coordinate with office staff to ensure current and prior drawing files are organized and up to date.Potential on site meetings at client locations or within the existing portfolio to impact drawings. Successful applicant requirements:1-5 years of construction of design or space planner experience. Experience could have been with a real estate company, construction general contractor or design firm.Bachelor’s degree in ideally in design but also open to Construction Management, Civil Engineering or Business Management if you have experience in using Revit and AutoCAD.Must be competent in using Revit and AutoCAD technology.Comfortable in travelling throughout the Northern Virginia (Loudoun County area) and Frederick County. Compensation and Benefits:Base salary in the $60k-$95k range depending on skill set and experience.Yearly bonus payout, based on company health as well as individual performance bonus.Company paid medical, dental and vision insurance plans including family plans.401k plan with a company match.Flexible work schedules.Genuine, long-term career paths available in a variety of fields including construction, development, project, or property management. What you need to do now:If you are interested in this Designer/Space Planner position and have 1-5 years of design or space planning experience in the construction or real estate industry, click 'apply now' to forward an up-to-date copy of your resume, or call Scott Kinson on 202-470-0641.","Caterina graduated from New York University School of Law (NYU) where she obtained an LL.M. in International Legal Studies. At NYU she was selected as a participant of the prestigious Human Rights Clinic for her advocacy work at Human Rights First, a New York non-profit organization committed to the advancement of human rights. She is currently a member of the New York Bar."
p086,Full Stack Engineer,"Job description We are seeking a skilled and experienced developer to build out our web-based software platform. The developer will be responsible for implementing the front-end and back-end infrastructure, ensuring optimal performance, and scalability. This role requires strong knowledge and experience in web development, as well as expertise in the following: Front-end development using HTML, CSS, and Vue.JSAs one of the earliest engineering hires, you’ll take on a lead role with vast ownership across one of our stacks. We are tackling challenging and important problems, and need engineers who can operate well in ambiguity and come to a great solution.As an engineering team, we believe strongly that empathy improves our solutions. Seeing people use the product is a priority and the way we get to the right answer. Engineers will have the opportunity to work closely with our team onsite to understand the variety of use-cases that Care Predictor serves. We value strong ownership on our team, while also being highly collaborative and always seeking input and feedback.As a Senior Full Stack Engineer, you’ll use a variety of programming languages and technologies to scale our platform to handle terabytes of data being ingested across a variety of data sources. You will own projects from pixels to database queries.About You8+ years’ experience building, testing, and managing web-based applications.Bachelor's degree, preferably in Computer Sciences, Information Technology, Computer Engineering, or related IT discipline; or equivalent experience.Comfortable navigating large codebases and building multi-tenant systems.Back-end development with languages such as Python, PHP, or Typescript.Database management and integration.API design and integration.Experience with developing, deploying, and maintaining systems on AWS.Experience with Agile/Scrum.Experience with GIT and pull request procedures.Experience with JIRA Project ManagementShipped and iterated production-grade software components in your professional career and/or the open-source community.Write robust, well tested, documented, and well-designed code that frequently gets deployed to users.What We Look ForReside in CaliforniaStrong understanding of architecture and scaling large software systemsStrong best practices in modern software development such as deployments, CI/CD, data management, and distributed systems.Excellent technical vision with the ability to synthesize product requests into strong and reliable software components.Passion for crafting and shipping software solutions that delight users.Driven and self-disciplined with the ability to own projects from start to finish. Job Type: Full-timePay: $120,000.00 - $145,000.00 per year Benefits:401(k)401(k) matchingDental insuranceHealth insurance Experience level: 8 years Schedule: 8 hour shiftMonday to Friday Application Question(s): This position will be remote, with occasional in-office visits at Dana Point. Please confirm this works for you. Education: Bachelor's (Preferred) Experience: building, testing, and managing web-based applications: 8 years (Preferred) Ability to Relocate: Dana Point, CA 92629: Relocate before starting work (Required) Work Location: Hybrid remote in Dana Point, CA 92629","Not only will she be without the support and companionship of her best friends Finn and Poe, but she has to contend with Dr. Snoke, the critical chair of neurosurgery; a jealous Dr. Bazine Netal; a devious Dr. Hux; and a tempestuous Dr. Kylo Ren. SWTFA characters and references in a Grey's Anatomy setting. Slow burn and angst culminating in smut and fluff."
p087,Clinical Psychologist-Alamogordo NM,"MRG Exams Providing Disability Assessments Nationwide To Serve Our Veterans Help Military Families – Achieve Work-Life Balance – Make a Difference Founded in 1998, MRG is a provider of Independent Medical Exams for Worker’s Compensation, Disability, and the Veterans Administration. Find out more at MRGExams.com. Job Overview Are you a Licensed Psychologist with a PsyD, or Ph.D. looking to take on an assessment role? Are you interested in performing Independent Medical Assessments vs. traditional patient care? Would you find it rewarding to serve the Veteran community? Would you enjoy being able to review medical records and complete assessment questionnaires to help Veterans? Description We are looking for a Licensed Psychologist to perform medical assessments on United States Veterans as part of the VA’s disability benefits process. In performing Disability Assessments, you will review behavioral health records electronically through a secure Web Portal and perform a comprehensive assessment in person on each Veteran. You will also complete Disability Benefits Questionnaires (DBQs) through the Web Portal. The Licensed Psychologist DOES NOT make disability determinations. The U.S. Veterans Administration makes all disability determinations, in part using the findings recorded in the DBQs. This role ONLY performs Disability Assessments on Veterans. You will NOT treat, and you will NOT prescribe medication in this position. Licensed Psychologist will review and assess 3 (sometimes 4) Veterans per day on average. Licensed Psychologist will be brought on as an Independent Contractor Schedule 5 days/week (8 am-5 pm) - Part-time availability will also be considered This is an IN-PERSON position. Requirements MRG Exams is looking for a Licensed Psychologist who: Has a Ph.D. or Psy.D and has graduated from an APA Accredited program/school. Holds an active & unrestricted Psychology license. Benefits Malpractice Insurance covered by MRG Health insurance options available. PandoLogic. Keywords: Clinical Psychologist, Location: Alamogordo, NM - 88311","Amy has always had a knack for business and passion for work-life balance. A practicing yogi herself for 13 years and outdoor exercise enthusiast all her life, Amy turned her healthy hobbies into a full-time career at the end of 2013 after years in global philanthropy, international development, and fundraising."
p088,Dietitian **5k Sign on Bonus!**,"624 Love Avenue, Tifton, Georgia, 317944406, United States of America As a Registered Dietitian at DaVita, you’ll be a part of a Team that values work-life balance and where your personal and professional growth is a top priority. DaVita has an open position for a Registered Dietitian who will be a vital member of each patient’s core care team. You will analyze lab-work results and educate patients-and their families-on what to eat accordingly. Your ability to influence and lead will be critical to helping them live better lives. If you love patient-centered health care and knowing patients on a personal level—now is your time to explore your next journey—at DaVita. What you can expect: Build meaningful and long-term relationships with patients and their families in an intimate outpatient setting.Be a part of a Team that appreciates, supports and relies on each other in a positive environment.Performance-based rewards based on stellar individual and team contributions. What we'll provide: DaVita is a clinical leader! We have the highest percentage of facilities meeting or exceeding CMS's standards in the government's two key performance programs. We expect our nurses to commit to improving patient health through clinical goal-setting and quality improvement initiatives. Comprehensive benefits: DaVita offers a competitive total rewards package to connect teammates to what matters most.We offer medical, dental, vision, 401k match, paid time off, PTO cash out, paid training and more.DaVita provides the opportunities for support for you and your family with family resources, EAP counseling sessions, access to Headspace®, backup child, elder care, maternity/paternity leave, pet insurance and so much more! Requirements: State licensure required if licensure is available in the state where the facility is locatedBachelor's degree in Nutrition, Dietetics, or similar area requiredAbility to work flexible schedules, possibly for multiple facilities and travel when neededAfter hire and training, successful completion of the Competency Assessment for Renal Dietitians (CARD) with a score of at least 80% requiredIntermediate computer skills and proficiency with MS Word, Excel, and Outlook required as well as functional proficiency with DaVita specific applications within 60 days Now is your time to join Team DaVita. Take the first step and apply now. At DaVita, we strive to be a community first and a company second. We want all teammates to experience DaVita as ""a place where I belong."" Our goal is to embed Diversity & Belonging into everything we do in our Village, so that it becomes part of who we are. We are proud to be an equal opportunity workplace and an affirmative action employer. As such, individuals are recruited, hired, assigned and promoted without regard to race, national origin, religion, age, color, sex, sexual orientation, gender identity, disability, protected veteran status, or any other protected characteristic. Applications are accepted on an ongoing basis. Salary/ Wage Range Compensation for the role will depend on a number of factors, including a candidate’s qualifications, skills, competencies and experience and may fall outside of the range shown. DaVita offers a competitive total rewards package, which includes a 401k match, healthcare coverage and a broad range of other benefits. Learn more at https://careers.davita.com/benefits","He graduated with honors from University Of Kansas School Of Medicine in 1974. Having more than 43 years of diverse experiences, especially in CLINICAL PSYCHOLOGIST, Quin L. Crosbie affiliates with no hospital, and cooperates with other doctors and specialists without joining any medical groups. Call Quin L. Crosbie on phone number (310) 314-3111 for more information and advises or to book an appointment."
p089,Registered Dietitian (RD),"$10,000 Sign-On Bonus Are you passionate about food and nutrition and ensuring seniors have delicious, healthy meals? As a Registered Dietitian (RD) at St. Anthony Healthcare Center, you have the opportunity to provide clinical assessments for guests, plan diets to meet nutritional needs, and oversee the operations of the culinary department. At Ciena Healthcare, we take care of you too, with an attractive benefit package including: Competitive payLife Insurance401K with matching fundsHealth insuranceAFLACEmployee discountsTuition ReimbursementSPOTLIGHT, our virtual community and rewards and recognitions program, exclusively for Ciena staff membersYou will join an experienced, hard-working team that values communication and strong teamwork abilities Responsibilities Oversees the purchase of food and supplies within budget and maintains a supply to adequately cover each mealProvides technical guidance and administrative direction over diet planning, menu formulation, preparation and service of regular and therapeutic dietsAssures meals are nutritious, palatable, and crafted in a timely and consistent manner while adhering to menus and diet ordersInterviews guests and family members, as necessary, to obtain diet historyProvides timely and accurate completion of dietary portion of the clinical recordParticipates in regularly scheduled conferences, including department head meetings and interdisciplinary care plan meetings Qualifications Must be registered by the Commission on Dietetic RegistrationServe Safe certificationOne (1) to two (2) years management/supervisory experience preferred About Ciena Healthcare Ciena Healthcare is Michigan’s largest provider of skilled nursing and rehabilitation care services. We serve our residents with compassion, concern, and excellence, believing that every one of them is a unique person who deserves our best each day that we care for them. If you have a passion for improving the lives of those around you and working with others who feel the same way, Ciena is the place for you! IND123","She graduated with honors in 1993. Having more than 23 years of diverse experiences, especially in REGISTERED DIETITIAN OR NUTRITION PROFESSIONAL, Lisa A Eisele affiliates with no hospital, and cooperates with other doctors and specialists in medical group Oconee Nutrition Consultants, LLC. Call Lisa A Eisele on phone number (706) 473-2855 for more information and advises or to book an appointment."
p090,"Locums: Emergency Medicine Physician - Metropolitan Methodist Hospital - San Antonio, TX","Grow Your Career with HealthTrust Locum Tenens – Hospital-based At HealthTrust, we believe that healthcare is not defined by the four walls in which it is practiced. It’s defined by its people. We pride ourselves on crafting opportunities that expand skill sets, broaden career horizons, provide economic stability, and cultivate personal growth. We truly believe in a culture of care, and our clinicians have made HWS an industry leader for over 25 years. We are passionate about our mission that above all else, we are committed to the care and improvement of human life. What Your Responsibilities Will Be: Top-notch clinical care in Hospital-based setting Call Coverage Collaborate with clinical staff Maintain excellence in standard of care for patients Upon application submission, a recruiter will reach out to provide details on schedule requirements, day-to-day expectations, anticipated patients per day, and call coverage component. What We Require from You: Current state medical license or ability to get licensed DEA/CSR Requirements (based on state) Appropriate certifications as required for specific position Demonstrate code of conduct and compliance policies HealthTrust Workforce Solutions offers temporary and emergency credentialing privileges on a facility to facility basis. Why You Will Love Working for HealthTrust: Weekly pay via direct deposit Flexible scheduling to meet your needs Ability to earn up to $1000 for each referral At HealthTrust, we help open the door to a lifetime of career opportunities and paths that align with your goals. When you become part of the HCA family, you will have exclusive access to more opportunities than any other healthcare system in the nation. Career development for your lifestyle and location preference. As a wholly-owned subsidiary of HCA Healthcare, HWS is a preferred partner to thousands of top-performing hospitals, and we provide our healthcare professionals with first-priority access to more than 200,000 jobs nationwide. We are uniquely positioned to offer you exclusive and direct access to HCA Healthcare’s vast network of facilities. We are an equal opportunity employer and value diversity at our company. We do not discriminate on the basis of race, religion, color, national origin, gender, sexual orientation, age, marital status, veteran status, or disability status. ID: 816767 Job Board: EV IND_2 ReqID: 816767 Category: Physician Specialty: Locums Job Type: Full-Time Job Type: Position Type: Locums HWS Exclusives: HWS Only","She is professionally affiliated with LifeBridge Health. Blue Cross/Blue Shield, Blue Choice, and Blue Cross Blue Shield Bronze are among the insurance carriers that Dr. Parlette accepts. Dr. Parlette trained at Children's National Medical Center for residency."
p091,Adjunct Faculty CHS,"Location: Chicago, IL Hospital: RUSH University Medical Center Department: Health Systems Management-CHS Work Type: Restricted Part Time (Total FTE less than 0.5) Shift: Shift 1 Work Schedule: 8 Hr (8:00:00 AM - 4:00:00 PM) Summary Adjunct Faculty members are assigned specific courses to teach based on their specialty education and experience. This is a temporary, part-time position and Adjunct Faculty members may work as needed. The individual who holds this position exemplifies the Rush mission, vision, and values and acts in accordance with Rush policies and procedures. Job Responsibilities Develops and maintains courses, and other content areas in the curriculum in accordance with national accreditation standards. Instructs and assists in multiple courses in the program as assigned. Develops and seeks outcomes assessments for the program and courses taught. Interacts with existing programs in the department and teaches as assigned in these programs. Other duties as assigned. Required Job Qualifications Master’s degree or earned Doctorate in applicable area to the profession required. A minimum of a Bachelor’s degree is required for Instructor-level roles. Excellent skills in classroom, laboratory, and/or clinical instruction and evaluation. Knowledge and experience with Web-Based education when applicable. Excellent communication and organizational abilities in managing class functions, clinical sites as applicable, and students. Excellent interpersonal and leadership abilities. Ability to consistently instruct and counsel students in an informative and professional manner. Able and willing to learn new skills as needed, especially to work with new instructional technologies. Ability to develop and implement courses and programs. Ability to organize and implement effective teaching assignments. Rush is an equal opportunity employer. We evaluate qualified applicants without regard to race, color, religion, sex, sexual orientation, gender identity, national origin, disability, veteran status, and other legally protected characteristics.","Unfortunately he has a genetic condition called Alport syndrome that affects his kidneys. When this story took place, his kidneys were functioning only at 7%."
p092,Physician - Family Medicine,"Description CHRISTUS Health is seeking a board certified or board eligible Family Medicine Physician to join an outstanding program in Longview, TX. Requirements Shift/Schedule – M-F 8:00am-5:00pm100% OutpatientPhysician must be BC/BEPatient volume: 18-22 patients per day CHRISTUS Trinity Clinic The area’s preferred multi-specialty medical groupOver 1,000 physicians and advance practice providers representing 41 specialties in 82 clinic locations throughout Texas and LouisianaA physician led group with its own board of directorsA national leader in patient satisfaction and quality initiativesA faith-based, not-for-profit organization2018 Acclaim Award Winner- #1 physician group in the Nation Highlights/ Benefits Balanced professional and personal lifestyleCompetitive compensation and benefitsComprehensive malpractice coverageNo state income taxRelocationSign-on BonusCME Community Description Longview is located just 2 hours east of Dallas and 1 hour west of ShreveportEnjoy the lush green countryside, pine tree-covered hills and lakesYear-round outdoor activities include golfing, hunting, fishing, camping, hiking, boatingExcellent public and private schools As a Top 50 Physician Group in the U.S., CHRISTUS Trinity Clinic offers a dyad leadership model with a physician leader and an administrative leader for each service line. The doctors and their administrative colleagues work together to make it a better place. CHRISTUS Trinity Clinic offers collegiality across all specialties and leadership development in a proactive, progressive health care system. Why Choose CHRISTUS Trinity Clinic Proven Legacy: Benefit from the rich heritage of CHRISTUS Trinity Clinic, known for its unwavering commitment to compassionate care and community service. Cutting-Edge Services: Be part of the quickly growing health system, embracing the latest advancements in medical care and surgical procedures Collaborative Environment: Join a team of skilled professionals dedicated to reshaping the landscape of healthcare throughout their ministries. Patient-Focused Care: Experience the fulfillment of providing personalized, high-quality care in an innovative and patient-centered setting. Physician-Led:Offers a dyad leadership model with a physician leader and an administrative leader for each service line. Faith-Based:A Catholic, not-for-profit health system that offers collegiality and leadership development in a proactive, progressive health care system. Work Type: Full Time Contact Ari Zambrano Arianna.Zambrano@Christushealth.org (214) 549-3003","Now that he has seen drugs, hospitals, and docs from a affected person’s perspective, he realises that there’s extra to being a physician than surgical procedure and prescriptions. Written by Murray Chapman <[email protected]>"
p093,Personal Trainer,"Overview:Fitness Together in Dana Point, CA has been helping clients in the Dana Point area for over 20yrs. We are a highly reputable 1-to-1 personal training studio that is changing how degreed fitness professionals are employed: no more sales, split shifts, hourly pay, or trying to find your own clients. A note from our Owner:My mission is to create a family-like team atmosphere with the goal of achieving success for our clients, while also being rewarded for our efforts by having salaried positions. We are seeking a degreed personal trainer that wants to make fitness their career & has a passion for helping others but needs the stability of a consistent schedule and pay structure. Our Personal Trainers Earn:Target Total Pay with Benefits & Bonuses: $50,000 to $55,000/year (No Sales Required)Base Salary: starting from $42,500 to $47,500Benefits Package + Team Bonus Approx Value: $7,500/yearOpportunity for performance raises and growth into leadershipHealth insurance, 50% paid by company (up to $150/mo.)$700 CFSC Certification ($500/year towards continuing education thereafter)5 days paid vacation 6-8 days paid holiday Things You Will Need:Have a degree in Exercise Science, Kinesiology, etc.Two years of personal training experience is preferred but we will take you through an extensive onboarding and training process to set you up for success and provide continual professional development.Be available for a full-time training schedule:Afternoon/Evening Shift: Monday-Thursdays 12:30pm-9:00pm & Saturdays 6:45am-3:00pm As a Fitness Together Personal Trainer, you will: Design safe and effective fitness programs, accommodating the unique needs and goals of each clientEducate and empower clients with a clear understanding of their fitness program so that they are motivated to stay committed to their plan outside of the studioBring a positive attitude and show regular appreciation to clients and team members everydayCreate unique, memorable, and personal experiences for clients that make clients for lifeInteract with clients and team members without judgement, and express empathy for those around you. Foster a culture of teamwork and collaboration to meet the needs of those around youAlways maintain a space of cleanliness and ensure a safe and accident-free environmentRepresent yourself professionally through your appearance, language, and behaviorExpress patience, determination, and genuine care to hold clients accountable for reaching their goalsContinuously look for ways to improve your skills to grow as an expert in your field Our Ideal Candidate:We believe in hiring Personal Trainers and Fitness Specialists who strive for growth and want to learn on a daily basis.Fitness Experts who are eager to be a part of a winning team, communicate well, and appreciate processes to guide them.Exercise Specialists who want a long term career and take pride in creating customized science-based progressive training programs.We believe that team-work is the core of our success and to that, you’ll be guided by a lead-trainer with 1-on-1 meetings and quarterly development sessions with the Owner. Serious candidates are strongly encouraged to include a cover letter with your resume. This is your opportunity to distinguish yourself from high influx of applicants.","He is also an author to: How to save a troubled marriage, and Understanding: The Six Truths about God. All of his work epitomises his line of thought. So what is his overall role? He has a great desire to help others see just how incredibly powerful they are inside, too. He is very passionate about a lot of things; but one which is very close to his heart is adding massive value to peoples' lives. He is ever so ready to help people improve their well-being. He truly believes that his mission in life is to inspire, empower and lift up as many people as he can to achieve their unlimited potential. It is this passion and drive that motivates him to this point right here and now."
p094,Sr Full Stack Developer,"ASSYST is seeking a highly proficient Full-stack Developer (.NET and NodeJS) in Washington DC. Responsibilities: Collaborate with the project team to understand the requirements and user stories.Design the backend architecture and component hierarchy.Create API/services and mockups for backend design.Implement the backend components using .Net/node.js and related librariesIntegrate the services with the cloud backend apis using .Net/node.js.Implement user authentication and authorization mechanisms.Implement data validation and error handling.Implement logging/monitoring ensure that code meets security/code standardDevelop unit tests for the components.Conduct integration testing to ensure seamless communication with the backend.Perform user acceptance testing to validate the applications functionality.Document the architecture, component structure, and api integrations.Provide clear and concise code documentation.Create user guides and documentation for future maintenance.Assist in deploying the application to a production environment.Provide post-deployment support and bug fixes for a specified period. Requirements: BE in Computer Science, Engineering or Management Information Systems or Master’s Degree.Minimum 7 years of experienceThe developer should have a strong understanding of .Net/Node and its core concepts, such as components, state management, and lifecycle methods. They should be able to build reusable and efficient components.Knowledge of .Net/Node.js is essential for integrating with the backend APIs/services.The developer should be expert in using .Net/Node.js to develop services and manage server-side data.Experience in working with Restful APIs is important.The developer should be able to build API’s, handle responses, and manage data flow between the frontend and backend.Knowledge of testing frameworks like Junit or Nunit is beneficial for writing unit tests and ensuring the quality of the code. The developer should also be skilled in debugging and troubleshooting issues.Clear Understanding of Authentication and Authorization along with implementation of those in application ASSYST is an Equal Opportunity Employer. Qualified applicants will receive consideration for employment without regard to race, color, religion, sex, age, disability, military status, national origin or any other characteristic protected under federal, state, or applicable local law.","Today, the fashion world mourns for what happened to Joan face. If only she wouldn’t have been in those plastic faces she is still look quit pretty now. Her faces should never be funny (funny in bad terms) like her act in television."
p095,Teacher-Special Education #2024-150A3,"Application Deadline May 17, 2024 (or until position is filled) Description To manage academic, social and emotional needs of children with disabilities in various Special Education programs. Click below to be directed to a detailed job description and to apply; Job Posting – Capital Region BOCES (recruitfront.com) – Maywood Academy","She is an internationally-recognized scholar of the Christian mystical tradition, an experienced spiritual director, and a popular public speaker. She engages a regular practice of contemplative prayer, gives retreats and workshops, and consults with communities seeking renewal and resources for growth. She is the Founding Director of Xavier University’s Institute for Spirituality and Social Justice."
p096,Fact-Checking Producer (Level 1 Journalist - Temp),"Reuters is looking for an early-career journalist with strong research and writing skills to join its dynamic fact-checking team. This temporary position based in New York will involve identifying viral content relating to misinformation topics in social media and writing comprehensive fact check articles to establish the facts . As a Fact-Checking Producer, you will be on a range of stories but an interest in U.S. politics is crucial ahead of the presidential elections, an exciting opportunity to help tackling misinformation around one of the most important stories globally. About The Role As a Fact-Checking Producer (Level 1 Journalist - TEMP), you will: Work on an exciting project that aims to tackle misinformation on social media.Research misinformation about the midterm elections and other trending topics.Write clear fact checks that meet Reuters standards for accuracy and freedom from bias.Collaborate with our global fact-checking team. About You You're a fit for the role of Fact-Checking Producer (Level 1 Journalist - TEMP), if you: Demonstrate an analytical approach and an ability to research independently Have deep familiar with communication styles on social media Show a proven interest in the U.S. political landscape and misinformation Show strong news judgement Be able to identify emerging trends and misinformation Prior experience in reporting, social media newsgathering or fact-checking would be a clear advantage. However, as full training will be given, a willingness to learn quickly is at least as important. This role has a daytime shift pattern and may include occasional weekend shifts. Please Note: Completed applications must be submitted by Wednesday 1st May 2024. At Reuters, our people are our greatest assets. Here are some of the benefits we offer for your personal and professional growth: Global Career: As a global company, we can offer a truly international career and progression opportunitiesLearning & Development: On the job learning and coaching. We also have a dedicated training team focused on the continuous development of our journalistsBenefits: We offer competitive salary packages and market leading benefitsPerks: Work alongside Pulitzer’s Prize-winning journalists and a team who provide unmatched, award-winning coverage of the world’s most important stories. Internal Applicants: Please note that this position is incorrectly listed as being part of the EIC job family. About Reuters Reuters is the world’s largest multimedia news provider. Founded in 1851, it is committed to the Trust Principles of independence, integrity and freedom from bias. With unmatched coverage in over 16 languages, and reaching billions of people worldwide every day, Reuters provides trusted intelligence that powers humans and machines to make smart decisions. It supplies business, financial, national and international news to professionals via desktop terminals, the world's media organizations, industry events and directly to consumers. Reuters: The Real World in Real Time. Thomson Reuters complies with local laws that require upfront disclosure of the expected pay range for a position. The location(s) for this role include one or more of the following metro locations: Los Angeles, New York City, San Francisco, Washington, DC. The base compensation range for the role in any of those locations is $39 - $70. The base compensation range in other locations may vary. Do you want to be part of a team helping re-invent the way knowledge professionals work? How about a team that works every day to create a more transparent, just and inclusive future? At Thomson Reuters, we’ve been doing just that for almost 160 years. Our industry-leading products and services include highly specialized information-enabled software and tools for legal, tax, accounting and compliance professionals combined with the world’s most global news services – Reuters. We help these professionals do their jobs better, creating more time for them to focus on the things that matter most: advising, advocating, negotiating, governing and informing. We are powered by the talents of 26,000 employees across more than 70 countries, where everyone has a chance to contribute and grow professionally in flexible work environments that celebrate diversity and inclusion. At a time when objectivity, accuracy, fairness and transparency are under attack, we consider it our duty to pursue them. Sound exciting? Join us and help shape the industries that move society forward. Accessibility As a global business, we rely on diversity of culture and thought to deliver on our goals. To ensure we can do that, we seek talented, qualified employees in all our operations around the world regardless of race, color, sex/gender, including pregnancy, gender identity and expression, national origin, religion, sexual orientation, disability, age, marital status, citizen status, veteran status, or any other protected classification under applicable law. Thomson Reuters is proud to be an Equal Employment Opportunity/Affirmative Action Employer providing a drug-free workplace. We also make reasonable accommodations for qualified individuals with disabilities and for sincerely held religious beliefs in accordance with applicable law. Protect yourself from fraudulent job postings click here to know more. More information about Thomson Reuters can be found on https://thomsonreuters.com.","She’s edited two magazines as well as several specialty publications. In marketing, she’s won top awards for annual reports and brochures and has directed two busy public relations offices at higher education institutions. In business for herself, she has provided marketing and media-relations for a Fortune 500 corporation, out of area marketing firms, city government, economic development projects, local businesses and agencies. Her skills as a top communicator and marketing professional are backed up by an independent study of her work at the University of Texas-Pan American with measurable results. Julia often works behind the scenes, allowing her customer to shine."
p097,Assistant RN Manager- Stem Cell Transplant,"Job Summary:The Assistant Nurse Manager will partner with an assigned Nurse Manager to provide oversight for patient care and nursing services on their assigned unit and shift. This includes promotion of quality evidence-based care and patient satisfaction in a fiscally responsive manner. Shift: Night Shift, Assistant Nurse Managers will work 2 x 12-hour shifts as Charge RN, and 2 x 8-hour shifts in an administration role at the UT Health San Antonio Multispecialty & Research Hospital. Job Duties:Directly supervises and evaluates the provision of patient care by other personnel assigned to the unit.Makes daily patient rounds and completes random chart audits.Utilizes opportunities to teach and mentor other nursing and ancillary personnel.Manages staff to meet established productivity targets as appropriate. Reviews staffing/nursing assignments and revises as necessary to meet the specific needs of the patients on a shift-by-shift basis. Coordinates staffing with Central Staffing Office/House Supervisor. Makes ongoing changes to staffing as determined by fluctuations in census and patient acuity, to assure safe delivery of care. Role models pro-active problem solving by collaborating with staff to ensure effective resolution of identified issues.Utilizes chain of command for unresolved or escalating issues and advocates for patients and staff to provide for safe delivery of care and/or a safe environment of care.Demonstrates flexibility and willingness to provide coverage during shifts when staffing crisis/shortage occurs. Provides timely, confidential coaching and/or counseling of nursing personnel as appropriate and follows up with accurate reports to Unit Manager.Promotes and enthusiastically supports professional growth of staff by providing equal opportunities for participation in unit-based activities, patient care/unit decisions, hospital committees, and/or continuing education.Responsible for maintaining/improving/implementing plans for employee engagement scores.Assures first person reporting of events through Event Reporting System. Ensures all staff are competent in entering event reports and serves as a resource when necessary. Investigates facts of event reports. Facilitates timely receipt of these reports for follow-up by the Unit Manager and notifies Nurse Manager/Risk Manager immediately of high-risk situations.Actively participates in routine and special patient care conferences.Responsible for maintaining/improving/implementing plans for patient satisfaction survey scores.Works with Unit Manager, Care Management/Coordination, Physicians, Nurse Navigators, and other disciplines to streamline discharge of patients and achieve goals for discharge efficiency.Collects information and maintains records regarding performance and contributions on an ongoing basis throughout the fiscal year. Provides input and/or conducts annual performance reviews and orientation evaluation of personnel assigned to the unit.Coordinates self-scheduling to maintain appropriate coverage for unit needs. Maintains daily attendance records, monitoring for trends that require intervention i.e., late clock-ins, incremental overtime, missed punches, etc.Assumes delegated responsibility for inventory control of equipment and supplies to ensure safe and effective patient care. Facilitates timely return of rented or borrowed specialty equipment. Solicits staff input regarding equipment and supply needs for the unit.Assists with staff meetings, special projects and the development, implementation, and evaluation of performance improvement activities. Communicates data and solicits input from staff regarding performance and quality improvement i.e., patient safety, infection control.Actively participates on hospital work groups. Assists leadership in conducting accreditation readiness audits to assess compliance with standards.Supports shared leadership structure and works collaboratively to accomplish goals and positively influence and support team members.Performs all other duties as assigned.Qualifications:Bachelor’s degree or higher from an accredited School of NursingThree (3) years of RN experience with at least one (1) year experience in area of specialty and one (1) year in a charge nurse role.Current Texas BON (or Compact State) RN license or Temporary Texas RN License. Should receive permanent TX license within 90 daysAmerican Heart Association Basic Life Support (BLS) certification Specialty Certification preferred: certified Clinical Transplant Nurse (CCTN) or certified Clinical Transplant Coordinator (CCTC) or certified Transplant Preservationist (CTP) Benefits OverviewUT Health San Antonio offers an excellent benefits package for its employees. Employees who work at least 20 hours a week, with an appointment of at least 4.5 months, are eligible for benefits. Medical- UT SELECT Medical insurance is offered free for employees and administered by Blue Cross and Blue Shield of Texas. Family members can be added to the plan through payroll deduction. Employees and their dependents can also receive discounted copays and coinsurance when using UT Health Physicians, a network of 800 premier physicians including more than 100 specialists. Dental - Three dental insurance plan options are available for employees and their families through Delta Dental Insurance Company, two PPOs and one dental HMO plan. Both PPO plans allow employees to choose any licensed dentist. Vision- Fully insured Vision Care benefits are offered by Superior Vision Services. Two vision plan options that offer either standard or enhanced vision benefits. Life Employees receive $40,000 of group term life insurance and $40,000 of basic accidental death and dismemberment insurance for free, with options to purchase additional employee and dependent coverage for both at group rates. Retirement- Employees are eligible for either the Teacher Retirement System (TRS) or the Optional Retirement Plan (ORP). TRS is a defined benefit retirement plan which UT Health matches employee contributions. ORP is for eligible faculty staff employees. Voluntary retirement programs are also available to invest before- or after-tax dollars with the choice of five quality retirement plan providers. Time Off- A generous leave program offers multiple paid leave options: Front-loaded Paid Time Off: 128 to 208 hours (16 to 26 days) of Paid Time Off based on years of service, given at the start of each fiscal year. PTO may be prorated in year one based on date of hire. Extended Illness Bank: 8 hours (1 day) accrued per month which can be used for illness or injury after one day of Paid Time Off is taken. Paid Family Leave: Up to 240 hours (6 weeks) to care for a spouse, child, or parent after 6 months of consecutive employment. Holidays: 12 set paid holidays each year plus three floating holidays, which can be used anytime during the fiscal year. FSAs- Employees can enroll in flexible spending accounts (FSAs) to set aside money from earnings before taxes for qualifying dependent day care expenses or out-of-pocket health care expenses. Discounts- Employees enjoy a range of discounts on services, tickets, and gym membership. UT Health San Antonio is an equal employment opportunity and affirmative action employer. It is our policy to promote and ensure equal employment opportunity for all individuals without regard to race, color, religion, sex, gender identity, national origin, age, sexual orientation, disability, or veteran status.","Dr. Stroebel graduated from Ohio State University College of Medicine in 1989 and has been in practice for 29 years. He completed a residency at University of Louisville School of Medicine. He currently practices at Sumter Orthopaedic Associates and is affiliated with Palmetto Health Tuomey. Dr. Stroebel accepts multiple insurance plans including Aetna, BCBS South Carolina and Medicare. Dr. Stroebel is board certified in Orthopaedic Surgery."
p098,Staff Accountant/Auditor,"Want to learn more about this role and Jobot? Click our Jobot logo and follow our LinkedIn page! Job details Seeking Audit Staff Accountant for a growing CPA Firm This Jobot Job is hosted by Tim Sargious Are you a fit? Easy Apply now by clicking the ""Easy Apply"" button and sending us your resume. Salary $75,000 - $80,000 per year A Bit About Us Since 1918, the relationships we’ve developed and maintained have helped us to become a leading independent regional certified public accounting and consulting firm and a Top 200 CPA firm in the United States. We serve clients in California, Oregon, Washington, Idaho, Arizona, New Mexico and throughout the United States. Our Company provides accounting, audit, tax, consulting, and asset accumulation and preservation services to dairies, farmers, businesses, organizations, and individuals (U.S. and foreign-based), doing business domestically and internationally. We’ve built a team of highly qualified CPAs and management consultants who share one goal—to achieve outstanding results for you. Why join us? Competitive SalaryGreat Benefits (Medical, Dental and Vision) 100% covered by the employer401k Match Generous paid time offTrainingCareer AdvancementFun, energetic working environment Job Details Job Details Our company is seeking a detail-oriented, experienced Staff Accountant/Auditor to join our dynamic finance team. This is a permanent position that offers the opportunity to work in a fast-paced, high-volume environment where you will play a crucial role in maintaining and improving our financial health. As a Staff Accountant/Auditor, you will be responsible for preparing financial reports, performing account reconciliations, maintaining the general ledger, preparing tax returns, assisting with audit preparations, and performing other accounting duties as assigned. This role is ideal for a finance professional who thrives in a challenging and rewarding environment and is eager to make a significant impact on our company's financial operations. Responsibilities Prepare financial statements and reports to ensure accurate and timely financial reporting. Conduct monthly and quarterly account reconciliations to ensure accurate reporting and ledger maintenance. Assist in the preparation of annual budgets and forecasts. Coordinate with the tax department to ensure accurate and timely tax return preparation. Assist with audit preparations and respond to auditor requests for support documentation. Analyze financial reports for discrepancies and other issues that should be brought to the CFO's attention. Review and recommend modifications to accounting systems and procedures. Develop and document business processes to maintain and strengthen internal controls. Participate in financial standards setting and in the forecast process. Qualifications Bachelor's degree in Accounting, Finance, or a related field. A minimum of 2 years of experience in accounting or a related field. CPA or CMA certification is preferred. Proficient in Microsoft Office Suite, with advanced knowledge of Excel. Experience with accounting software, such as QuickBooks or Sage. Strong understanding of Generally Accepted Accounting Principles (GAAP). Excellent analytical skills with an attention to detail. Strong problem-solving skills with a hands-on approach. Excellent written and verbal communication skills. Ability to work independently and as part of a team. Proven ability to handle multiple projects simultaneously and meet deadlines. Strong ethics, with an ability to manage confidential data. Demonstrated ability to improve processes and increase efficiency. Join our team and contribute to our mission while advancing your career in finance. We offer a competitive salary and benefits package, and a supportive and inclusive work environment. We are committed to professional development and offer opportunities for advancement. If you're a dedicated, ambitious professional who is eager to make a difference, we want to hear from you. Interested in hearing more? Easy Apply now by clicking the ""Easy Apply"" button. Want to learn more about this role and Jobot? Click our Jobot logo and follow our LinkedIn page!","She has 25 years experience as a paralegal, and over 29 years experience in the legal field in general. Her experience includes personal injury, civil defense litigation, workers' compensation, and employment law."
p099,Revenue Recognition Accountant 4,"Overview The Revenue Recognition Accountant 4 is responsible for assisting with the review and analysis of sales contracts and the identification and communication of appropriate revenue recognition criteria in accordance with generally accepted accounting principles (GAAP). This new is instrumental in supporting the growing, global revenue function while also helping to build and maintain scalable processes What You Will Be Doing Review complex contracts to determine proper revenue treatment to ensure revenue is recognized in accordance with ASC 606Review contract obligation documentation and entries prepared by team members for acquired companiesCollaborate with revenue operations and other cross-functional teams to coordinate and resolve revenue accounting mattersIdentify, lead and ensure efforts to improve existing processes and controls related to the revenue recognition cycle based upon industry trends, authoritative literature and business objectivesDraft new and update existing revenue related policies and procedures; review and recommend changes to documentation prepared by team membersReview and interpret the impact of accounting proposals and pronouncements issued by the Financial Accounting Standards Board (FASB), the Securities and Exchange Commission (SEC), the American Institute of Certified Public Accountants (AICPA), the Emerging Issues Task Force (EITF) and other financial organizations on the company’s financial position and financial statements. Makes technical accounting recommendations based upon interpretationParticipate in external audits by responding to the most complex ad-hoc requests by the audtitorsAssist with the month-end close process, including account reconciliations, fluctuation analysis, and review of key reportsProvide responses to complex revenue recognition related questions and training to senior managementProvide expert guidance and advice to leadership in the form of recommendations based on significant quantitative and qualitative analysis and revenue recognition rulesLead integration and revenue recognition of acquired companies and new productsMentor, coach and train other team membersCommunicate complex and difficult issues to management in a timely mannerComply with all corporate and departmental privacy and data security policies and practices, including but not limited to, Hyland’s Information Systems Security Policy What Will Make You Successful Bachelor's Degree in AccountingSignificant experience in public accounting or corporate accountingMicrosoft Windows and Office proficientExperience with Workday and Salesforce and Zuora RevProDemonstrated ability to apply US GAAP to specific business situationsSoftware industry experience requiredCapable of identifying and completing tasks independently with a sense of urgency and ownershipExcellent critical thinking and problem solving skillsAbility to work in a fast paced environment and be a change agent for implementing new ideas and process improvements in an increasingly complex environmentExcellent oral and written communications skills that demonstrate a professional demeanor and the ability to interact with others with discretion and tactExcellent interpersonal skills; able to maintain solid rapport with team members as well as maintain professionalism with those outside of departmentExperience providing guidance and support to developing team membersOr an equivalent combination of education and experience sufficient to successfully perform the principal duties of the jobUp to 10% travel time requiredBased on individual states’ employment laws, the following details are to comply with the relevant salary posting requirements: base salary range of $99,000-$115,000 and eligible for bonus and benefits What You Can Expect Next Hyland Recruiters thoroughly review every application and will contact you within 1 to 2 weeks regarding next steps. Be sure to add Hyland to your contacts list and check your spam folder so you never miss a message from us!Any follow up questions? Email your Recruiter directly at Careers@Hyland.com . Benefits 401(k) Retirement Savings. Flexible Schedule. Paid Time Off. Medical, Dental, Vision. Volunteer Paid Time Off. Wellness Reimbursement. Paid Parental Leave. Sabbatical Program. Find out more by going to https://www.hyland.com/en/resources/articles/why-work-at-hyland . Welcome to #HylandLife Since 1991, it has been Hyland’s mission to help our employees, customers and partners exceed their potential with our industry-leading content services platform . Our employees exude a contagious energy and are passionate about what they do – whether it’s helping customers succeed, raising up their fellow Hylanders, or engaging in the communities where they live and work. The #HylandLife hashtag encompasses our employee-centric culture. Our employees live our culture day in and day out by bringing their best self to work. Hyland supports them to do just that through career development resources, wellbeing programs and innovation practices. We thrive on diverse viewpoints and new ideas and believe that a positive, inclusive workplace is imperative to sustainable success. As we’ve grown to a company of nearly 4,000 strong, we have the opportunity to make a significant impact on our communities . We strongly support employee initiatives and align our giving campaigns and programs to organizations that are important to them. We are committed to a policy of Equal Employment Opportunity and will not discriminate against an applicant or employee on the basis of race, color, religion, creed, national origin or ancestry, sex, age, physical or mental disability, veteran or military status, genetic information, sexual orientation, marital status, or any other legally recognized protected basis under federal, state or local laws, regulations or ordinances. The information collected by this application is solely to determine suitability for employment, verify identity and maintain employment statistics on applicants.","He assists the Firm’s attorneys with preparing and managing materials for legal matters including, but not limited to, employment, discrimination, wage and hour, and civil rights laws. Mr. Matson initially attended the University of Connecticut where he participated on the school’s football team for one year. Mr. Matson then transferred to West Virginia University and graduated with a B.S. in Biology. Mr. Matson plans to pursue a legal career, with the intent to enroll in law school the fall of 2017. Samantha Hudler"
p100,Remote Registered Dietitian,"About Nutrisense We are a HealthTech startup with a mission to help anyone discover and reach their health potential. The Nutrisense mobile app leverages continuous glucose monitoring (CGM) with access to virtual support from best-in-class dietitians so that everyone, not just individuals with diabetes, can learn about their unique food responses, understand their metabolism, and reach health goals that lead to an optimized life. Our customers range from the ultra-healthy trying to take their lives to new levels to individuals with diabetes and multiple health conditions. Our platform focuses on bringing individualized, real-time data about your metabolic health to the palm of your hand. Role DescriptionAs a Nutrisense dietitian, you will directly engage with our customers, addressing diverse needs like diabetes management, weight loss, PCOS, performance training, and digestive issues through personalized insurance-based video consultations. Your day includes 90-minute initial consults and 60-minute follow-up calls, offering comprehensive support to our customers. Our dietitians have flexibility in booking consults based on your preference and availability. Our platform focuses on bringing customized solutions for health concerns in the palm of your hands. You will also use your creativity and expertise to help build and develop a rapidly growing start-up. Our dietitians do not follow the status quo and recommend outdated advice such as MyPlate, but instead, stay up-to-date on the latest research for health optimization. Who you are:Passionate educator: You are a natural teacher and educator, and excel in explaining complex concepts in a language thats appropriate to the member.Truth-seeker: You think independently. You love battle-testing ideas and listening to feedback. You're honest with yourself and willingly update your beliefs when you encounter new information.Excellent communicator: You communicate openly, directly, and efficiently. You first work to understand by taking the time to listen and ask questions. You speak your opinions and offer constructive feedback. You're not afraid of difficult conversations.Creative problem-solver: You come up with innovative ideas to solve complex problems. When faced with obstacles, you are resourceful. You work quickly, learn, and iterate. You prefer progress to perfection and prioritize action over analysis.Adaptive contributor: You are flexible and expect changes to happen quickly and often. You participate in and contribute to changes and effectively provide feedback for the collective good.Compassionate supporter: You are empathetic and provide the support that your members need, from tough love to educator to cheerleader. You go above and beyond to ensure they have an excellent experience. Required qualifications:Registered Dietitian Nutritionist (RDN) with a minimum of 1 year of relevant work experienceRequired minimum of at least 10 hours/week of availability, with flexibility for unlimited hours based on individual preferencePrevious work experience with Telehealth is preferredPrevious work experience in functional nutrition is preferred Total Compensation Package For This Role Includes:How our compensation works:You will be paid $10 per 15-minute billable unit for each video call session. This session rate compensation is a high hourly rate in order to compensate for any administrative time spent outside of a session as well. This flat rate per billable unit can look like this:85-minute sessions: compensation of $6055-minute sessions: compensation of $40You will also be paid $25/hour for any required meetings outside of patient video session work.You will be paid an initial flat fee to compensate for onboarding and training time.100% Remote environment - No strings attached. We encourage our employees to travel and experience life as they see fit.Flexible scheduleNutrisense discountsCareer growth opportunities REQUIRED NEXT STEPS:Please complete the mandatory questionnaire here https://nutrisense.typeform.com/to/ieahnsmS and follow the instructions to complete the application. Applications without completing the questionnaire will not be reviewed. If you are a Registered Dietitian Nutritionist with experience and are interested in joining a mission-driven startup that is disrupting the health industry and cares about creating a dynamic environment for its employees, apply today!Nutrisense has an organization-wide commitment to diversity, equity, and inclusion. We strive to create a work environment where everyone has a sense of belonging. Individuals from historically underrepresented or underserved communities are strongly encouraged to apply. Hear from our team directly why you should join us![ttps://www.youtube.com/playlistlist=PL3NrSl1QzCXsLVvihilZJV2Wm7EdDNUsz]","He has over 22 years of experience as a Dentist. He is a BDS . He is currently practising at Shree Sai Dental Care Vvpuram in V S Dental & Hospital, Bangalore. Book an appointment online with Dr. S Vinutha Ramesh Reddy and consult privately on Lybrate.com."
p101,Multimedia Journalist,"Calling All News Ninjas! The Sentinel-Record Wants YOU! Tired of the same old desk job? Ditch the spreadsheets and grab your notebook, because The Sentinel-Record is searching for a star reporter to join our dynamic team! You’ll be on the front lines, reporting everything from local politics to heartwarming events. No two days are the same! Your schedule will be flexible, but expect some nights and weekends to chase that breaking news story.We're based in Hot Springs, Arkansas. This position is not eligible for remote work. You are…A demonstrated wordsmith extraordinarie with a knack for crafting informative and engaging stories. A news nerd, keeping up with the latest topics to generate leads and develop compelling stories. A multitasking master who can juggle breaking news, local events and everything in between. A team player who enjoys collaborating with passionate professionals.A tech-savvy go-getter open to exploring new media formats. What you’ll do:Produce new articles daily for The Sentinel-Record’s array of products (hotsr.com, digital editions, newsletters, social media)Develop your own story ideas from happenings in our local community. Work closely with other members of our newsroom to create engaging content for our readers. What you’ll need:BS/BA in journalism, communications, English or related discipline, or 1 year of writing experience. A valid driver’s license. This is a Safety-Sensitive position pursuant to Act 593 of the Arkansas Medical Marijuana Amendment Please submit resume and writing samples of your work to breed@hotsr.com. Job Type: Full-timePay: $15.00 per hour Benefits:401(k)401(k) matchingDental insuranceEmployee discountFlexible scheduleFlexible spending accountHealth insuranceHealth savings accountLife insurancePaid time offProfessional development assistanceRetirement planVision insurance Schedule:8 hour shiftWeekends as needed Experience:Writing: 1 year (Required) Work Location: In person","Tricia has been developing solutions and managing IT projects for over 25 years, and has extensive experience helping Non-profit and government organizations get the most out of their IT investments. Tricia enjoys building data warehouses and cubes, and delivering reporting and performance management solutions for her clients. In her rare leisure time, she assists with fundraising events for Challenger Little League and Special Olympics, and enjoys time with her husband of 25 years and two teen-age sons."
p102,California Licensed Litigation Attorney (Completely Remote),"Are you a California licensed attorney living in United States with at least three years of experience handling civil litigation matters? Would you enjoy doing contract work remotely for a law firm on your own schedule (either part-time or full-time)? Do you have experience handling commercial, personal injury, construction and/or labor & employment litigation matters? Have you assisted with or handled written discovery, motion work, depositions, hearings, and/or trial preparation in civil litigation cases? If so, this contract litigation position may be for you. Minimum Qualifications of the California Licensed Litigation Attorney:3+ years of legal experience in litigationExcellent communication skillsCapability and experience to work independently as well as part of a teamLicensed in CaliforniaExcellent academic credentialsOutstanding references Position Details of the California Licensed Litigation Attorney:Type of role: EngagementSchedule: Full-time or Part-timeLocation: Anywhere in the United States (but must be California licensed) CompensationThe annualized compensation for this position ranges from $170,000 to $200,000 or more. Pay is based on numerous factors including but not limited to work experience, qualifications, credentials and location. In addition to salary, Latitude Engaged Professionals are W2 employees of Latitude and are eligible for full benefits when working in roles for 20 hours per week, including a Qualified 401k plan. Benefits-eligible Latitude employees receive complimentary Group Life, LTD and AD&D and professional liability insurance. Latitude Attorneys also receive a CLE and Professional Expense stipend. ConfidentialityLatitude will not disclose your identity or propose you to prospective clients without your prior consent. Candidates selected for further consideration will be contacted. Only qualified applicants should apply. About LatitudeLatitude is a full-service national legal services company that specializes in providing high-end, flexible contract engagements and permanent positions to outstanding attorneys, paralegals, compliance officers and legal operations professionals. We work closely with our candidates to understand their career goals and match them with the substantive engagements they want with our clients, who range from Fortune 500 corporations to small companies and Global 50 law firms to boutiques. With offices coast-to-coast, we employ legal professionals across the country. Latitude’s client service leaders and recruiters are all former practicing attorneys and understand the demands faced by those we serve. Latitude EngagementsGreat attorneys and other legal professionals who are seeking contract engagements or consulting roles choose to work with Latitude because of our competitive compensation and benefits, sophisticated and engaging work, a chance to work with great clients and peers, and a refreshing blend of freedom with self-designed boundaries. Our own experience as practicing attorneys and our client relationships enable us to effectively tailor our candidate proposals to the specific practice strengths and interpersonal attributes that matter most to our clients and to match our candidates with the opportunities that will be most fulfilling to them. Latitude engaged professionals have the level of skill, experience, and judgment as would be expected of a permanent member of our client’s corporate legal department or law firm and the versatility to step into challenging environments and hit the ground running. If you have the right skills, personality and experience, Latitude helps you do what you are good at in a more rewarding way. Latitude engaged professionals serve on a full- or part-time engagement basis, and work remotely or on-site at the client office. While we are able to work only with a select few of the most outstanding candidates, our customized approach results in a high success rate for those candidates we recommend. For more information about Latitude, please visit us at https://latitudelegal.com. Latitude is an Equal Opportunity Employer LATSF 5290","He has a Bachelor’s degree in Business Management with a focus in Computer Information Systems from Texas State University in San Marcos, Texas, and is currently focused on OpenStack operations and support within the Rackspace Private Cloud team. James is the author of the Learning OpenStack Networking, first and second editions, as well as OpenStack Networking Essentials. James can be found on Twitter at @jimmdenton and on Freenode (IRC) as jamesdenton."
p103,"2024-2025 K-12 Social/Emotional Teaching and Reinforcement Teacher- MANCH, J.E. ES","https://www.ccsd.net/employees/resources/pdf/desc/lp/special_education_generalist_self_contained.pdf Please ensure that you have uploaded your license and/or transcript documentation and completed the required employment history, including any gaps in employment, on the application Primary Location LAS VEGAS-MANCH, J.E. ES Work Locations MANCH, J.E. ES Job SPED Teacher Organization Region One Job Level Day Job Job Posting Apr 11, 2024, 6:52:15 PM Unposting Date Ongoing Location Title Tier Year 0314-2024-2025-Title I ES-Tier I-Manch J.E. ES","He studied at Conservatorio de Superior de Música ""Manuel de Falla"" '15. He is Martina older brother and the son of Mariana Stoessel and Alejandro Stoessel. His grandparents are Christopher Stoessel and Filliena Stoessel."
p104,Principal Architect,"The Client Executive will interact regularly with senior representatives of current and prospective clients. The Client Executive will oversee all client relations, including project team performance and overall client satisfaction. The Client Executive will have extremely strong inter-personal skills with an aggressive, yet personable, demeanor. It is essential that the candidate be very articulate with exceptional presentation skills. They report to the Principal Architect on tasks and deliverables and work directly with him/her to ensure the facilitation of a project’s completion on-time, on/underbudget, and meeting PBK’s quality and client service standards. Your Impact The Client Executive will be a key contributor to further defining and implementing the strategic plan and initiatives throughout the region including the growth of the Firm’s consulting groups. The Client Executive will ultimately be responsible for the delivery of services, maintaining / supporting the culture and working as part of the management team to follow the established policies and procedures within the office. The Client Executive will oversee client relations, including project team performance and overall client satisfaction. Ensure that the project conforms to contractual agreement with the client; meeting the project program requirements, all set budgets, goals, and work assignments for their project team that clearly defines project expectations. Supervise and manage the various staff assigned to their teams to produce quality sets of documents that comply with the deliverable requirements for all phases of the project. Organize and direct the building envelope consulting and/or sub-consulting teams to execute the work in an orderly, timely, and coordinated manner. The Client Executive shall be familiar with all aspects and roles of the Consultants on a particular project. The ability to establish and develop relationships with potential clients is essential. The Client Executive will work closely with the firm’s Marketing & BD departments to develop new opportunities and build relationships. Responsible for maintaining positive client relationships throughout project. Keeps client apprised of project progress on regular basis. Initiates and maintains contact with other key project individuals for clarification, coordination, and negotiation of critical issues. The Client Executive will promote a support structure to further develop the abilities of the staff. The Client Executive will also be responsible for overseeing the recruitment of new staff to supplement an already very talented team. Ability to professionally communicate both verbally and in writing to give assignments to office support staff, consultants, and vendors (always being respectful). The CE will have experience in leading and facilitating meetings and presentations for the Client or Clients. Willingness to make decisions; exhibit sound and accurate judgment; support and explain reasoning for decisions; include appropriate people in decision-making process; make timely decisions. Directs, organizes, and mentors junior staff with responsibility oversight of their assignments. The Client executive will be familiar with construction administration in the region and have a firm understanding of project costs, procurement / project delivery, and project phasing. He / She will be able to guide the project team and Client with regards to scheduling phased projects. Provides leadership, resources, and technical advice for the generation of construction documents including detailing and finish application, ensuring adherence to design intent, client standards, and follow through. Occasional travel required. The Client Executive will participate in professional organizations that are important to our Clients. The Client Executive will be known as a leader in the field of Educational Architecture. Here’s What You’ll Need Bachelor’s Degree in Architecture required, Master’s degree preferred. And/or Master’s Degree in Professional Engineering (Civil or Structural preferred) Must have a minimum of 15 years of experience in the architectural/engineering profession with no less than 5 years of experience in the building enclosure consulting and managing project teams and processes. LEED familiarity strongly preferred. Must have prior K-12 and/or Higher Education experience to be considered. Must be a Registered Architect or Professional Engineer","She is author of an autobiographical account of her first 10 years in Israel — “Witness to History, Ten Years as a Woman Journalist in Israel.” She and her husband live in Jerusalem, where she also works as a food writer, leads English-language walks in Jerusalem’s Jewish produce market, Machaneh Yeudah, and writes kosher restaurant features for the local website, Janglo.net."
p105,Registered Dietitian,"Company Description Chef Crafted Nutrition is a company that specializes in behavior-based changes. Our programs focus on customized client driven changes. We believe each dietitian brings a unique perspective to their clients which is evident when peiple book followup sessions! Besides nutimrition counseling our group offers a range of services, including menu consulting, personalized nutrition appointments, presentations, cooking demos, group programs with personalized support, health fairs, special events, and more. Role Description This is a part-time remote role for a Registered Dietitian. Ideal candidates would be open to addin hours in the future and very infrequently coming in to the office as needed. You will responsible for providing nutritional counseling, conducting medical nutrition therapy, and offering weight management services. The role will involve creating personalized nutrition plans, conducting assessments, providing guidance and support to clients, and collaborating with the team to develop and implement programs. Qualifications Strong background in dietetics and nutritionExperience in providing nutritional counseling and medical nutrition therapyExpertise in weight management and womens healthAbility to create personalized nutrition plansStrong interpersonal and communication skillsAbility to work independently and remotelyExperience in corporate wellness or worksite wellness is a plusBachelor's or Master's degree in Dietetics, Nutrition, or related fieldregistered dietitianTexas dietitian licemse CDCES or CEDS preferredBillingual spanish, preferred Pay $40-60/hr (based on lead generation source) dor billable hours.",He’s motivated and has led people to reach their goals since the beginning of his fitness journey. His effective workouts and nutrition plans have helped many to accomplish their health and fitness goals. Through his dedication and work ethic he’s displayed his devotion for fitness and his passion for the community in the fitness world.
p106,School Psychologist,"We're seeking School Psychologists for the 2024-2025 school year! In this role, you will be responsible for helping students and teachers stay on task and mentally healthy. They utilize their expertise in mental health, behavior modification, and learning abilities to ensure that everyone's mental well-being is adequately cared for and taken into consideration. New Grads Welcome! Quantum is a leading provider of healthcare and education staffing services across the US. We are focused on what’s important - improving students’ lives and feeling fulfilled in the education industry. Join our team - Apply today! Requirements:Arizona School Psychologist licensure; or eligibility for licensure We Offer:Up to $3,500 sign on bonusGenerous compensation structure!Ask about our sign on bonuses and relocation assistance.Flexible scheduling - both Full-time and Part-time opportunities available!Comprehensive benefits package!Medical InsuranceDental InsuranceVision Insurance401KLife InsuranceGreat work environment - dynamic and supportive team!Enjoy real work/life balanceCEU reimbursement funds are available for obtaining and maintaining licensure, taking courses, and buying materials to benefit your practice.Apply today!","When his congregation decided to take on the ministry, he said, members decided it needed to be focused on building relationships. It’s about learning people’s names and getting to know their hearts, not about fishing for converts, he said."
p107,Legal Assistant,"Dearborn based immigration law practice is seeking an immigration legal assistant. As a boutique immigration law firm with over 40 years of experience in immigration law, we handle, employment-based and family-based immigration cases as well as removal defense, asylum, and naturalization cases. Job responsibilities include: Preparing immigration packages for immigration related filings with USCIS, USDOS, USICE, USCBP, USDOL and the Immigration Court. Organizing computer and paper files, answering phones, scheduling, tracking deadlines, typing with accuracy, copying, filing, faxing, scanning, billing, e-filing.Communicating with a variety of courts and government agencies.Communicating with clients by in person, by phone and by email. Imputing client data and updating our case management system to properly track client applications. Organizing the office, ordering, and tracking office supplies. What we are looking for:We are seeking candidates with 1-3 years of experience working in the immigration field including experience preparing immigration applications. Employment-based immigration experience is a plus. You should bring with you the ability to: You should be able to precisely prepare forms and assembly indexed packages for filing with USCIS, USDOS and the Immigration Court. (We will provide training)You should have a positive, pleasant attitude.You should have excellent communication and organization skills.You should have excellent computer skills including experience in organizing computer files and using Microsoft Word, Excel, Microsoft office, Power Point, and Adobe Acrobat/PDF.You should have excellent writing skills (including proofreading, spelling, typing, and writing).You should have the ability to prioritize and manage a busy caseload in an efficient manner and consistent with numerous inflexible legal deadlines.You should have the ability to collaborate professionally and effectively with team members.You should have a high level of attention to detail. You should possess a high level of emotional intelligence and empathy.You should take pride in delivering highly responsive and proactive client service. You should have a passion for the immigration field.Arabic or Spanish language skills preferred.To apply, please provide a cover letter, resume, writing samples, and list of references.Contact: Renee Dagher: rdagher@dkimmigrationlaw.com","He is also a member of the Gangster Disciples gang from the set known as Ada Block (Skeeze World/Skeezy Gang). King Yella is affiliated with rappers and gang members from FBG, (Clout Boyz), Bricksquad, and STL among others. Some of King Yella’s most popular songs include “Hot N*gga Remix,” “Ain’t With That Glo,” and “Clout” among others."
p108,Personal Trainer,"PLEASE READ THE ENTIRE JOB DESCRIPTION AND EXPECTATIONS BEFORE CONTINUING Personal TrainerJob Description 10 Fitness Personal Trainers are expected to uphold and deliver the 10 Fitness member experience while conducting personal training sessions with clients during one-on-one and/or group sessions. 10 Fitness Personal Trainers should be committed individuals who are patient and resilient. They should be honest, enthusiastic about helping others and have a strong desire to make a difference. All team members will contribute to running a clean, friendly and well-maintained club, execute the team member basics of being on time and complying with company policies. The team member will strive to ensure a safe, fun, and interactive environment in a positive and professional manner. Member Experience:Demonstrate the proper and safe use of strength training and cardiovascular equipmentEnsure that all members are following the member rules while in the clubAssist management with performing 30-minute training assessments for new membersComplete PT goal assessment/Par-Q prior to training new clientsHand off to Management after training with a recommended training programHelp clients meet fitness objectives by coaching and encouraging them through personal training sessionsEncourage and schedule clients to participate in Level 10Create individual programming for clients that cannot participate in Level 10Support clients’ nutritional needs to encourage success Generate client progress reports with accurate measurements and fitness testing (completed every four to six weeks)Establish and maintain a positive and professional working relationship with members and clientsHelp non-PT clients with their workouts and build relationships with them via walking the floor during time outside of training clients and offer members a fitness assessmentHelp assist the front desk in assisting members by checking members in, selling retail items at the POS, setting massage chairs and tanning beds, and answering the phoneMaintain a respectful and professional attitude with all company employees Club Cleanliness and Safety:Ensure the training area is clean and well-organized during shiftPerform routine safety checks during assigned shift; follow up with management if there are any concernsRe-rack equipment and weights and clean equipment as needed Personal Training Expectations:75% of a trainer’s time should be spent training clients or prospects by 90-day mark of employment All personal training clients should be participating in at least 1 Level 10 per weekClient weigh ins and measurements should be taken and recorded every 4 to 6 weeks30% of fitness assessment prospects should purchase personal training100% of non-training time should be spent developing relationships to increase clientele, creating programming for clients that cannot participate in Level 10, helping the front desk with customer service, cleaning, and re-racking weightsTrainers should be on time and ready for all training sessions 100% of the timeTrainers should learn and practice all 10 Fitness core values by 90-day mark of employment Personal Training Certifications / Experience:10 Fitness approved personal training certification requiredCPR/AED certification requiredCourse work in physical education, nutrition, physiology, and exercise science is preferredCertified in MX4-Level 10 Personal Training Educational Level:High School Diploma or GED requiredCollege degree in Kinesiology, or related field is highly preferred Personal Training Physical Requirements:This job duty often requires the employee to regularly stand for up to 8 hours, walk, kneel, reach with hands and arms, and effectively communicateEmployee must occasionally lift and/or move up to 50 pounds Personal Training Work Environment:Employee may be regularly exposed to moving mechanical parts while performing duties of this jobEmployee may be exposed to higher volume levels of noise while in this environment Personal Training Compensation:Personal Trainers are paid per training session in addition to being paid hourly. Starting pay rates are determined by personal training experience and related education background. Listed below are the pay ranges for time worked while actively training clients (“training pay”) and time worked while not training clients.Training pay range: $16.00-$32.00 /hourNon-training pay range: $11.00-$16.00 /hour This job description intends to describe the general nature and level of work being performed by the people assigned to this job. It is not intended to include all duties and responsibilities. The order in which duties and responsibilities are listed is not significant. PLEASE READ THE ENTIRE JOB DESCRIPTION AND EXPECTATIONS BEFORE CONTINUING Expectations of our entire team at 10 Fitness: Stay true to your WHYWe stay true to our WHY and know it will drive us to success every day. Others give up asking for a sale 1 or 2 times, we care so much we will ask up to 7 times to help each human being transform their life. We do not let our prospects and members down. We embrace expansive beliefs for helping others regardless of how long it takes. Everyone CleansEveryone is required to clean the club; this means everyone on our team. EVERYONE CLEANS! PreFrameThe most successful people see, hear, and feel success before it happens. Before your Tour or Onboarding PT Session, see success. Hear the member excited to get started. Feel the result of changing someone’s life. Always RESET before your next interaction. Be the Best SalespersonTo be the best, you must train! Role play, read sales books, and when you lose a sale, recap where you went wrong. Go through the Tour audit and Onboarding PT Session audit. Find out what you missed. Go through both dig in to understand what question you didn’t ask to help someone today. DO Rapport/ Ask Questions / ListenThe best rapport builders (Rapport is a DOING process, never label another human being) and qualifiers are the best closers – Mirroring and Matching is a must! Build Rapport and ask the right questions and hear their response. Practice active listening all the time. Be a listener not a talker. Ask questions to dig in and help them become their best self. Leadership10 Fitness expects every member of this team to strive to be a self-authorized Leader. Think beyond yourself, respond instead of react, and become better at what you do. You will make choices that benefit you, 10 Fitness, members, and our clients. As a leader, expect to be held accountable for your work and to hold others accountable as well. Positive ProfessionalismPassionate people can disagree and disagree vehemently. Remember to disagree with opinions; don’t attack the people who hold them. Stay professional and respectful in all communication. Be positive. And if your passion should get out of hand, apologize. FlexibilitySales, Leadership, and Business require a lot of flexibility. Be flexible enough to mirror and match during the sale process. Be flexible enough to consider other peoples’ input. Be flexible enough to consistently grow mentally, and physically. GrowthYou are responsible for growing and learning, and for bringing 10 Fitness with you. Use your passion to convince 10 Fitness to try new trainings, delivery methods, certifications, etc. Always work on your personal development plan so you are continuously growing. ResponsibilityAll actions—even the lack of them—have consequences. Think before you act. Embrace both disciplined thought and disciplined action. Most importantly, embrace disciplined action and do what you say you will do and what 10 Fitness needs you to do. Uphold your commitments. Disciplined ThoughtHow you feel is based upon what you think about. Your thoughts are entirely within your control; be deliberate and positive in where you place your attentions, and you will improve the experience for everyone at 10 Fitness as well as our prospects, guests, members, and clients. Communicate / Have Difficult ConversationsOpen communication is valued, and our team is a forum for constructive communication where we listen to multiple opinions. We must take the initiative to communicate directly and be active listeners to get things done, get to goal, improve procedures, and solve problems. We embrace tough conversations and go into each interaction with an open heart and complete honesty. PLEASE READ THE ENTIRE JOB DESCRIPTION AND EXPECTATIONS BEFORE CONTINUING Morning shift Compensation details: 12.5-18 Hourly Wage","She graduated with honors in 2004. Having more than 12 years of diverse experiences, especially in NURSE PRACTITIONER, Diana S King affiliates with no hospital, and cooperates with other doctors and specialists in medical group Baptist Health Medical Group Inc. Call Diana S King on phone number (606) 408-3712 for more information and advises or to book an appointment."
p109,Principal Architect,"The Client Executive will interact regularly with senior representatives of current and prospective clients. The Client Executive will oversee all client relations, including project team performance and overall client satisfaction. The Client Executive will have extremely strong inter-personal skills with an aggressive, yet personable, demeanor. It is essential that the candidate be very articulate with exceptional presentation skills. They report to the Principal Architect on tasks and deliverables and work directly with him/her to ensure the facilitation of a project’s completion on-time, on/underbudget, and meeting PBK’s quality and client service standards. Your Impact The Client Executive will be a key contributor to further defining and implementing the strategic plan and initiatives throughout the region including the growth of the Firm’s consulting groups. The Client Executive will ultimately be responsible for the delivery of services, maintaining / supporting the culture and working as part of the management team to follow the established policies and procedures within the office. The Client Executive will oversee client relations, including project team performance and overall client satisfaction. Ensure that the project conforms to contractual agreement with the client; meeting the project program requirements, all set budgets, goals, and work assignments for their project team that clearly defines project expectations. Supervise and manage the various staff assigned to their teams to produce quality sets of documents that comply with the deliverable requirements for all phases of the project. Organize and direct the building envelope consulting and/or sub-consulting teams to execute the work in an orderly, timely, and coordinated manner. The Client Executive shall be familiar with all aspects and roles of the Consultants on a particular project. The ability to establish and develop relationships with potential clients is essential. The Client Executive will work closely with the firm’s Marketing & BD departments to develop new opportunities and build relationships. Responsible for maintaining positive client relationships throughout project. Keeps client apprised of project progress on regular basis. Initiates and maintains contact with other key project individuals for clarification, coordination, and negotiation of critical issues. The Client Executive will promote a support structure to further develop the abilities of the staff. The Client Executive will also be responsible for overseeing the recruitment of new staff to supplement an already very talented team. Ability to professionally communicate both verbally and in writing to give assignments to office support staff, consultants, and vendors (always being respectful). The CE will have experience in leading and facilitating meetings and presentations for the Client or Clients. Willingness to make decisions; exhibit sound and accurate judgment; support and explain reasoning for decisions; include appropriate people in decision-making process; make timely decisions. Directs, organizes, and mentors junior staff with responsibility oversight of their assignments. The Client executive will be familiar with construction administration in the region and have a firm understanding of project costs, procurement / project delivery, and project phasing. He / She will be able to guide the project team and Client with regards to scheduling phased projects. Provides leadership, resources, and technical advice for the generation of construction documents including detailing and finish application, ensuring adherence to design intent, client standards, and follow through. Occasional travel required. The Client Executive will participate in professional organizations that are important to our Clients. The Client Executive will be known as a leader in the field of Educational Architecture. Here’s What You’ll Need Bachelor’s Degree in Architecture required, Master’s degree preferred. And/or Master’s Degree in Professional Engineering (Civil or Structural preferred) Must have a minimum of 15 years of experience in the architectural/engineering profession with no less than 5 years of experience in the building enclosure consulting and managing project teams and processes. LEED familiarity strongly preferred. Must have prior K-12 and/or Higher Education experience to be considered. Must be a Registered Architect or Professional Engineer","When she’s not enriching young minds, she can be found fanning her love affair with Excel spreadsheets, reading juvenile fiction and theological texts. Many see creativity as a requirement for artists and designers,..."
p110,Orthopaedic Surgeon - Full Time,"Monadnock Community Hospital, located in the beautiful Monadnock region of southern New Hampshire, is searching for a full-time community based Orthopedic Surgeon to join a small but vibrant multispecialty group on the hospitals main campus. The Surgeon would join two established Orthopedic Surgeon teams, non-surgical Physiatry and Chronic Pain Management Specialists. The Surgeon will partner with colleagues trained at prestigious institutions with subspecialty fellowships, all highly regarded in the region. The Surgeon would be responsible for collaborating and coordinating treatment with multiple Monadnock Community Hospital departments for the delivery of appropriate orthopedic health care services, providing care in a professional, efficient, and ethical manner. This will be done in accordance with the standards and recommendations of CMS, applicable laws and regulations outlined by the state of New Hampshire and the philosophy of Monadnock Community Hospital. Board Certification is required. We are a family of dedicated professionals committed to making a difference in the lives of those we serve by providing high quality patient centered care. Your esteemed expertise in orthopedic surgery will align seamlessly with our mission to provide cutting-edge medical care. At MCH we offer a collaborative work environment paired with the technological equipment needed to foster an environment where your skills can truly flourish. Monadnock Orthopaedic Associates is a dynamic practice, comprised of a highly respected and skilled team of orthopedic professionals. Our practice offers high quality orthopedic care to our community and beyond with services ranging from sports medicine and general community orthopedics, physiatry, pain management, joint replacement, pediatric orthopedics, deformity correction, and spine surgery. We invite you to learn more about our practice and expert team by visiting MonadnockOrtho.org. Join us in our mission to provide high-quality care to elevate the health and wellbeing of our community. This full-time position comes with competitive compensation and a generous benefits package. Highlights: Critical access hospital committed to elevating the health and wellbeing of our communityHighly organized practice with partners committed to collaborative care and supporting one anotherClose proximity to Boston and New Hampshire beaches and the White MountainsCommunity boasts a wide variety of activities which support a work/life balanceExcellent school systems; multiple private school options Quick Facts: MCH network consists of primary care services including Internal Medicine, Pediatrics, Family Practice; on campus Behavioral Health Services, a large Physical Therapy center and specialty practices including Cardiology, Gastroenterology; General Surgery; Pulmonary Function Testing & Stress Testing; Wound Healing Center & Vascular ServicesNo state income tax or sales tax in New Hampshire Benefits:Competitive compensation package based on experience, with a generous benefits package; Robust Retirement PlanHealth Insurance; Dental Insurance; Life Insurance; Short/Long Term DisabilityContinuing Medical Education (CME) up to $5000Flexible Time Off (FTO) - flexible time giving you autonomy over how to schedule and use your time offCoverage of all Licensing and fees; Malpractice insurance coverage; Tail CoveragePaid access to Fitness Center and Wellness Programs ResponsibilitiesPatient Assessment:Conducts comprehensive patient assessments, including interviews, physical examinations, and systems reviewsReviews and interprets clinical data to formulate differential diagnoses and develop treatment plans incorporating diagnostic testing, interventions, and educationNotifies patients of results and follows their progress, adjusting treatment plans as necessary Treatment Planning:Make appropriate referrals and adhere to established standards of care and hospital policiesImplement and regularly update individualized treatment plansCoordinate care within a multidisciplinary team Inpatient/Emergency Department Services:Participate in call 1:3 24-hour call coverage, including weekendsManage patient care in office, and throughout all hospital associated departmentsPerforms evaluations, consultations and inpatient responsibilities Documentation of Services:Maintains thorough and timely patient documentation using Electronic Medical Record; completes all documentation within 24 hours of service, locks all notes within 72 hoursAdheres to coding and documentation standards Liaison Functions:Represents the practice in community activitiesParticipates in marketing and educational events to enhance public imageServes on relevant committees Quality Improvement Participation:Engages in Quality Improvement and Assurance projectsFocuses on enhancing and maintaining patient satisfaction Patient Satisfaction:Demonstrates courtesy, respect, and caring in patient interactionsUtilize patient survey feedback for continuous improvement Office Functions/Billing:Works collaboratively and respectfully with support staff to maximize efficient practice operationsAdheres to established policies, procedures, and standardsParticipates in staff meetings and collaborative care planning Collaboration:Works with healthcare team members in crafting and following care policies and standardsEnsures protection of patient rights and adherence to HIPAA regulations Education:Participates in developing and evaluating educational programs and services Scheduling:Manages work hours to fulfill patient care and committee participation dutiesMeets specific clinical patient contact hour requirements Credentialing:Submits timely credentialing and re-credentialing information Location of Services:Provides services at the assigned practice on MCH campus in Peterborough, NH Policies and Procedures:Follows all relevant policies, including safety and infection control Secondary Functions:Attends physician and management meetingsMaintains State licensure and Board certifications Knowledge, Skills, and Abilities:Delivers age appropriate patient care within scope of practiceMeets physical requirements for the rolePossesses effective communication skillsVisual and auditory acuity for professional responsibilitiesApplies extensive knowledge and judgment in field-related tasks","Byrne is a member of the American Society of Interior Designers and the Interior Design Educators Council. He received a master’s in interior design from the Pratt Institute, NY. He also holds a doctorate of law from the John Marshall Law School, Chicago."
p111,Assistant Professor - Biomedical Engineering Notice of Filing,"Job Summary: The Department of Biomedical Engineering at the University of Wisconsin-Madison seeks to fill a tenure-track Assistant Professor position in cellular engineering or tissue engineering. Additionally, a candidate whose research in this field complements the department existing strengths in Neuroengineering, Biomechanics, Biomedical imaging and optics, and Medical Micro technologies would be of particular interest. The candidate's research should have clear implications for improving human health. The ideal candidate will be interested in collaborative work with existing centers and faculty in the Department of Biomedical Engineering and throughout campus. The Department of Biomedical Engineering advances the mission of the College of Engineering to foster a respectful, diverse, equitable and inclusive environment. Responsibilities: Developing an innovative research program in cellular engineering or tissue engineering; teaching and developing undergraduate and graduate courses in Biomedical Engineering, mentoring graduate students, and supervising their research; participating in departmental and university faculty governance; participating in outreach and service in industry and government; and contributing to professional and public service. Institutional Statement on Diversity: Diversity is a source of strength, creativity, and innovation for UW-Madison. We value the contributions of each person and respect the profound ways their identity, culture, background, experience, status, abilities, and opinion enrich the university community. We commit ourselves to the pursuit of excellence in teaching, research, outreach, and diversity as inextricably linked goals. The University of Wisconsin-Madison fulfills its public mission by creating a welcoming and inclusive community for people from every background - people who as students, faculty, and staff serve Wisconsin and the world. For more information on diversity and inclusion on campus, please visit: Diversity and Inclusion Qualifications: Candidates will have a demonstrated record of academic achievement such as peer-reviewed publications and grant awards appropriate for early career, exceptional potential in establishing a world-class research program in cellular engineering and tissue engineering, and a commitment to high-quality undergraduate and graduate instructions. Work Type: Full Time: 100% Appointment Type, Duration: Ongoing/Renewable Anticipated Begin Date: AUGUST 19, 2024 Salary: Negotiable ACADEMIC (9 months) Additional Information: The Department of Biomedical Engineering in the College of Engineering at UW-Madison enrolls approximately 600 undergraduate students and 100 MS and PhD graduate students from all over the world. The Department has 22 Primary Faculty, 55 Affiliate Faculty, 3 Emeritus Faculty, 30 Academic Staff, and 3 Classified Staff, with state expenditures exceeding 2 million annually and research expenditures exceeding 10 million annually. The University of Wisconsin-Madison has a long history of interdisciplinary collaboration between departments and colleges as well as a strong commitment to promoting diversity and engaging in inclusive practices. A faculty member recruited in this specialty area will have the opportunity to closely collaborate with clinical and basic science faculty in the College, the School of Medicine, and Public Health, as well as from multiple research centers at UW-Madison, including the Carbone Cancer Center, Stem Cell and Regenerative Medicine Center, Cardiovascular Research Center, and McPherson Eye Research Institute. A competitive recruitment and selection process was conducted for this employment opportunity and a U.S. worker was not selected. An application for Alien Employment Certification is being filed on behalf of an alien to fill the employment opportunity. Anyone with documentary evidence relative to the application, or available workers, wages and/or working conditions, may contact the Regional Certifying Office of the Department of Labor at the following address: U.S Department of Labor Employment and Training Administration Office of Foreign Labor Certification 200 Constitution Avenue, NW Room N-5311 Washington, DC 20210 How to Apply: The position has been filled. This posting is mandatory to meet a United States Department of Labor requirement. See the job posting for more details. Please apply directly to the website by clicking on ""Apply Now"". Upload a SINGLE PDF document containing a cover letter, a detailed curriculum vitae (CV) including a complete list of publications, and the names and contact information for three references. Applicants should also include a maximum three-page research statement and a one-page teaching statement describing how the applicant's research and teaching goals fit the solicitation described above. The deadline for assuring full consideration is November 27, 2023. However, this position will remain open, and applications may be considered until this position is filled. Employment will require an institutional reference check regarding any misconduct. To be considered, applicants must upload a signed 'Authorization to Release Information' form as part of the application. The authorization form and a definition of 'misconduct' can be found here: https://hr.wisc.edu/institutional-reference-check/ Contact: Mondira Saha-Muldowney mondira.sahamuldowney@wisc.edu 608-265-2385 Relay Access (WTRS): 7-1-1. See RELAY_SERVICE for further information. Official Title: Assistant Professor(FA040) Department(s): A19-COLLEGE OF ENGINEERING/BIOMEDICAL ENGR Employment Class: Faculty Job Number: 291647-FA The University of Wisconsin-Madison is an Equal Opportunity and Affirmative Action Employer. Qualified applicants will receive consideration for employment without regard to, including but not limited to, race, color, religion, sex, sexual orientation, gender identity, national origin, age, pregnancy, disability, or status as a protected veteran and other bases as defined by federal regulations and UW System policies. We promote excellence through diversity and encourage all qualified individuals to apply. If you need to request an accommodation because of a disability, you can find information about how to make a request at the following website: https://employeedisabilities.wisc.edu/disability-accommodation-information-for-applicants/ Employment will require a criminal background check. It will also require you and your references to answer questions regarding sexual violence and sexual harassment. The University of Wisconsin System will not reveal the identities of applicants who request confidentiality in writing, except that the identity of the successful candidate will be released. See Wis. Stat. sec. 19.36(7). The Annual Security and Fire Safety Report contains current campus safety and disciplinary policies, crime statistics for the previous 3 calendar years, and on-campus student housing fire safety policies and fire statistics for the previous 3 calendar years. UW-Madison will provide a paper copy upon request; please contact the University of Wisconsin Police Department .","She graduated from Logan College of Chiropractic located in St. Louis in December 2013 where she received her Doctor of Chiropractic degree. She is proficient in Diversified, Activator, Thompson, and Graston techniques. Dr. Horsley received her undergraduate Bachelors of Science degree at Morehead State University where she graduated in May 2010. In her free time she enjoys spending time with her friends and family as well as her wiener dog Cooper."
p112,Interior Design Intern,"Interior Design Intern– Onsite: Arcadia, WI What Will You Do? Our vision is to keep our brand at the forefront of all other furniture brands through design innovation and continuous improvement. We want to be the best home furnishings retailer! Our primary mission is to design and remodel Ashley retail locations, inspire our customers with visual displays, and create and maintain design standards for the Ashley brand. The team accomplishes this large mission through creating full sets of construction and merchandise documents, project management, budget valuation, construction site visits, procurement and on-site visual accessorizing/display creation. We collaborate with many internal and external teams, determine process and design improvements, and implement measures to grow the Ashley brand for all retail project types. Job Responsibilities Drawing new stores into CADSpace PlanningConstruction DocumentsMerchandise DocumentsSpecial projects as needed What Do You Need? Desired Degree Programs: Interior Design, Interior Architecture or similar field (College Senior preferred)AutoCAD experience preferred, not requiredPositive can-do attitudeSelf-starter with hunger to learnStrong analytical skillsKnowledge or desire to learn interior designStrong problem-solving skillsKnowledge of design, merchandise and space planning Experiences/Opportunities That Will Be Acquired By The Intern Correcting redlinesCreating a verified planConstruction and/or merchandise documents assistanceFaçade assistanceAshley store and/or market and event setupHost Employee Engagement team eventLibrary/sample organizationNew concept ideation and/or special projectProject site visitsDesign trips Shadowing Opportunities Within Ashley Construction/Real EstateFacility DesignFurniture DesignMarket DesignMerchandise DesignVisual MerchandisingVirtual Interior Design ServicesSocial Media Design Who Are We? At Ashley, we’re more than a business…we’re family. As the largest manufacturer of home furnishings in the world, we know what it takes to build incredible furniture and future leaders. We’re problem solvers with the grit to persevere during challenging times and innovators who won't coast when times are good. We create solutions, not excuses. And never settle for status quo. It’s the reason we’re always searching for better ways to delivering an exceptional customer experience. That's why Ashley Furniture is #1 in our industry. Ready to grow? You’ve come to the right place. Ashley Furniture has a “Growth Mindset”, and once you join our team, you’ll learn from the best in the business. Apply today and find your home at Ashley! Our Core Values Honesty & IntegrityPassion, Drive, DisciplineContinuous Improvement/Operational ExcellenceDirty FingernailGrowth Focused About To learn more about Ashley Furniture, our community engagement programs, environmental stewardship, and our core values, please visit our Corporate Social Responsibility information page: Corporate Social Responsibility https://www.ashleyfurniture.com/about-us/corporate-social-responsibility/report/ We are an equal opportunity employer and provide a drug-free working environment. While Ashley appreciates the interest of all candidates only those meeting specific position requirements may be contacted. Principals Only. Search Firm Representatives Please Read Carefully Ashley Furniture Industries, LLC, is not accepting unsolicited assistance from search firms for this employment opportunity unless an agreement is in place. Please, no phone calls or emails. All resumes submitted by search firms to any employee at Ashley Furniture via email, the Internet or in any form and/or method without a valid search agreement in place for this position will be deemed the sole property of Ashley Furniture. No fee will be paid in the event the candidate is hired by Ashley Furniture as a result of the referral or through other means. This company values its diversity and is proud to be an equal opportunity employer. All employment decisions are made on the basis of an individual’s skills, qualifications, merit, and business need.","In this body of work, she captures the subtle moments of spaces that occupy her day; quietude mixed with the staccatos of activity. The effect is a visual conversation, punctuated with her intrigue of line and form, light and shadow. She explores a thick paint modality as she weaves the story between two forces. A longing for contemplative breathing space, while balancing the active moments, is what inspires her work."
p113,Physician Anesthesiology,"This position is 40 miles from Atlanta in a charming town with friendly people. The temperature and climate are mild all year, the cost of living is low, and nearby lakes and national forests offer plenty of outdoor enjoyment. As industry leaders and Joint Commission Certified, CompHealth applies over 40 years of tenured experience to your unique situation, preferences, and goals. Contact Darline Morris darline.morris@comphealth.com (203) 663-9385. Join group of 4 MDs and 2 CRNAs, splitting time between two area locationsCompetitive salary plus production bonusesLight call onlyComprehensive benefits with retirement plan, health coverage, and disability insuranceEnjoy 3 weeks of paid vacation plus 5 days of CME timeMalpractice paid and relocation allowance availableLoan repayment assistanceLive and work near scenic trails, farmer's markets, outlet shopping, and art galleriesOur services are free for youWe help negotiate your salary and contractWe coordinate interviews and help with licensesSpecialized recruiters match your career preferencesExperienced support teams take care of every detail","He has worked in a number of specialty areas including NICU, pediatric trauma centers and the PACU. Kevin was an educator for vascular Access for MSH in Toronto. He has spent the last 14 years in various clinical roles in Supply Chain Management with an emphasis on processes, policies and procedures as they relate to standardization and Value Analysis Teams. Kevin is presently a Clinical Resource Specialist with Mohawk Supply Chain Service in Burlington, Ontario, Canada. Top."
p114,Architect,"Overview Merrick & Company is seeking an experienced Registered Architect to lead projects in our Greenwood Village, CO, Albuquerque, NM, Chamblee, GA and Merritt Island, FL offices. Client projects for this position require U.S. Citizenship. Candidates that have a desire for personal and professional growth, a well-defined understanding of design and construction document processes, and adaptability for short term and long term projects in an environment that requires a blend of creativity and high technical skills. Successful candidates must be self-starting, motivated, innovative, articulate, self-disciplined, and confident in a demanding, exciting and fast-paced environment. This position requires a competent professional architect who will be responsible for all phases of architectural production and BIM for a variety of Federal work ranging from programming through construction administration. This includes interpreting, organizing, executing and coordinating the design and production effort for one or more large or complex projects. Typical salary range for this position is $80,000 - $100,000. The pay range listed in this posting indicates the position’s eligibility to work in the state of Colorado and is consistent with our offices there; however, base pay offered may vary depending on job-related knowledge, skills, and experience. What You'll Do Work in an exciting and fast paced environment.Understand the importance of Business Development and project management for E-A firms, must be able to manage projects and demonstrate skills in a multi-disciplinary team environment.Provide Architectural design for Department of Defense (DoD), Department of Energy (DOE) governmental Facilities and NASA to help support the Space Launch System (SLS).Work in a design team environment, including directing and mentoring the work of junior architects and designers, and delegating work as required as well as provide management of the local team.Design tasks including Conceptual Studies, Program Requirements, Design Analyses, Calculations, Specification writing, and Construction Document preparation and redlines.Ensure internal communication and coordination of design efforts occurs.Coordinate all support activities required to complete all design efforts and quality assurance processes.Work with other disciplines to ensure accuracy of the package, meet schedule, and budget commitments and meet expectations for attendance and punctuality.Meet with clients to prepare and/or validate proposed scope of work.Prepare fee proposals for Architectural design work. Manage and provide leadership to local arthitectural and design staff mentoring junior staff while overseeing and guiding their professional development.Attend client meetings and make presentations to clients.Perform code reviews, redline projects, create and manage schedule and budgets for projects. Qualifications Required Qualifications: Five (5) years minimum experience with two (2) years as a Registered Architect.Professional Bachelors or Master’s degree in Architecture.Experience in all phases of design, with track record of completed, successful projects.Proficiency in Revit, AutoCAD, 3D modeling programs (Sketch Up & Revit preferred) and Adobe Creative Suite.Skilled in MS Office, Adobe Acrobat, and PowerPoint.Willingness to travel to client sites and other Merrick offices as needed.Client projects for this position require U.S. Citizenship Desired Qualifications LEED Accredited Professional preferred.Candidates local to the offices listed above are strongly preferred.Military and Government project experience. Perks Employee Owned - all eligible U.S. employees have an Employee Stock Ownership Account.Robust Employee Referral Program.Annual performance reviews and merit increases.Professional Training and Development.Employee Recognition Awards.Peer Mentor ProgramAnd Much More! Physical Requirements Requires the ability to sit for extended periods at a computer workstation.Be able to work in an environment with open discussions and visitors without getting distracted.May be required to lift up to 20 lbs.Reasonable accommodations may be made to enable individuals with disabilities to perform the essential functions.Meets expectations for attendance and punctuality.The physical demands described here are representative of those that must be met by an employee to successfully perform the essential functions of this job. Additional Information Apply online only. No e-mail, hard copy or third-party resumes accepted.Merrick & Company offers a competitive compensation and benefits package which includes health insurance, dental and vision coverage, employee stock ownership plan (ESOP) opportunity, 401(k) options, and paid time off (PTO). This position is also eligible for annual performance and spot bonuses.We recognize the importance of developing top talent from within, our employees have access to a wide range of internal and external training as well as coaching and peer mentoring programs.An Equal Opportunity Employer, including disability/vets.Employment with Merrick is contingent upon successful completion of a pre-employment background check and drug screen.","He holds a Bachelor’s degree and 20 years of continuous service as a full time personal trainer in health clubs, private studios, and corporate fitness centers. Along with personal training, Jay has provided chiropractic rehabilitation, corporate wellness programming, and has presented for NEITA as a national personal training certification specialist."
p115,"Assistant Consultant, Architect","Job Description This Opportunity Be involved in projects with our Federal Programs Team and be a part of a growing organization that meets our client’s objectives and solves their challenges. At WSP, we are driven by inspiring the right people to be part of our future-focused business objectives. Our devotion to teamwork has allowed us to build communities and expand our skylines. Here at WSP, anything is within our reach and yours as a WSP employee. Come join us and help shape the future! WSP is currently initiating a search for an Assistant Consultant, Architect for our Washington, D.C. office, with the potential to work on projects to include Department of Defense projects locally and around the world. Your Impact Assist experienced Architects in broader Architectural activitiesPerform routine Architectural functions, such as developing construction documents and feasibility studies.Prepare sketches and drawings using various types of BIM/CADD design softwareAssist with field work and document field investigationResearch Building CodesAssisting in preparing contract documents Who You Are Required Qualifications Bachelor’s Degree in Architecture, or closely related discipline.0 to 1 years of relevant post education experience.Experience working on Department of Defense new work and renovation projectsExperience with AutoCAD, REVIT, SketchUp, InDesign, Adobe Photoshop, Adobe Illustrator and knowledge of reading drawingsAbility to obtain a security clearance Exercise responsible and ethical decision-making regarding company funds, resources and conduct and adhere to WSP’s Code of Conduct and related policies and procedures Proven track record of upholding workplace safety and ability to abide by WSP’s health, safety and drug/alcohol and harassment policies Occasional travel may be required depending on project-specific requirements. Preferred Qualifications Prior internship related to the degree of study and the specific discipline.Master's degree in ArchitectureActive Secret security clearanceA member of and/or actively participate in local professional practice organizations. About Us About WSP WSP USA is the U.S. operating company of WSP, one of the world's leading engineering and professional services firms. Dedicated to serving local communities, we are engineers, planners, technical experts, strategic advisors and construction management professionals. WSP USA designs lasting solutions in the buildings, transportation, energy, water and environment markets. With more than 15,000 employees in over 300 offices across the U.S., we partner with our clients to help communities prosper. www.wsp.com WSP provides a flexible and agile workplace model while meeting client needs. Employees are also afforded a comprehensive suite of benefits including medical, dental, vision, disability, life, and retirement savings focused on providing health and financial stability throughout the employee’s career. At WSP, we want to give our employees the challenges they seek to grow their careers and knowledge base. Your daily contributions to your team will be essential in meeting client objectives, goals and challenges. Are you ready to get started? WSP USA (and all of its U.S. companies) is an Equal Opportunity Employer Race/Age/Color/Religion/Sex/Sexual Orientation/Gender Identity/National Origin/Disability or Protected Veteran Status. The selected candidate must be authorized to work in the United States. Notice To Third Party Agencies WSP does not accept unsolicited resumes from recruiters, employment agencies, or other staffing services. Unsolicited resumes include any resume or hiring document sent to WSP in the absence of a signed Service Agreement where WSP has expressly requested recruitment/staffing services specific to the position at hand. Any unsolicited resumes, including those submitted to hiring managers or other business leaders, will become the property of WSP and WSP will have the right to hire that candidate without reservation – no fee or other compensation will be owed or paid to the recruiter, employment agency, or other staffing service.","Ms. Porter practices medicine in Lugoff, SC and specializes in Internal Medicine. Ms. Porter is affiliated with KershawHealth. Ms. Porter speaks English and Spanish."
p116,Lecturer/Assistant Professor of Instruction in Psychology,"Job Summary The Department of Psychology in the College of Science at The University of Texas at Arlington invites applications for a non-tenure-track ( NTT ) faculty position to begin Fall 2024. The NTT faculty position is a full-time position at the rank of Lecturer for M.S. or M.A. candidates and Assistant Professor of Instruction rank for Ph.D. candidates. This is a nine-month renewable contract position that will support the degree programs offered in our department in the areas of Psychological Sciences, Health/Neuroscience and Industrial and Organizational Psychology. In accordance with USCIS regulations, successful applicants must be legally able to accept work in the United States. We are unable to sponsor or take over sponsorship of an employment Visa at this time. Required Qualifications Qualified applicants will have a minimum of a master’s degree in psychology, or a closely related field, experience teaching large classes, enthusiasm for working with undergraduates, and demonstrated excellence in teaching at the college level utilizing active learning and innovative pedagogies. In addition to teaching, candidates will be expected to contribute to the quality and growth of the department by meeting service expectations of the department, college, and university to promote our undergraduate programs and enhance our students’ educational experience. Preferred Qualifications Preference will be given to candidates having a Ph.D. in psychology, or a closely related field, and at least two years of experience teaching university-level psychology courses. Familiarity with the Canvas learning management system is also preferred. Essential Duties And Responsibilities We seek candidates whose teaching interests complement and strengthen our existing departmental fields of study. Candidates specializing in all sub-disciplines of psychology are welcome to apply; however, preference will be given to candidates with demonstrated teaching excellence in general psychology and/or statistics. NTT instructors are expected to teach four courses each fall and spring semester at the undergraduate level, primarily using a face-to-face teaching modality. Successful candidates should be strongly committed to inclusive teaching practices, undergraduate mentorship, and student success. Salary will be competitive and commensurate with qualifications and experience.","She was born on October 22, 1965. She is listed on FreeOnes since 2012 and is currently ranked 15741th place. She currently has 4 gallery links in her own FreeOnes section."
p117,"Project Architect (Commercial Office, Corporate Office, Testing, Research & Development Sites)","About the role As a CBRE Project Architect, you will be responsible for project management for a variety of small to medium sized projects and teams. This job is part of the Design function. They are responsible for having an understanding of building systems and requirements applicable to a variety of building types within Ford Motor Company's portfolio (i.e.: commercial office, corporate office, testing, research & development). Candidate shall have a strong understanding of building codes, construction methodology, design process and regulatory requirements for building systems. Project Architects will be tasked with overseeing several concurrent projects at various phases of the design and construction process. The day-to-day responsibilities will vary but may include initial ideation and concept review, drawing review and markups, project specification review and RFI’s, contract administration, site walks, and overall strategy development. The Project Architect will be responsible for coordination of drawing milestone reviews and facilitate integration of the various SME’s at our clients throughout the various gateways of design development and construction administration. They will interface directly with project management, engineering, and the contracted Architect of Record (AOR), Contractor, internal/external customers and regulatory authorities (Building and Planning departments of the cities and states where Ford Motor Company operations are located). What you’ll do * Direct the efforts of external engineering consultants on facility evaluations, design alternatives analysis, feasibility studies, estimating and construction delivery systems. * Review construction drawings, specifications, and contract documents * Coordinate preliminary architectural studies and code reviews for major construction and renovations across the portfolio. * Advise and direct our project management team in the implementation of a diverse array of technical engineering projects. * Work closely with our Ford Land engineering team and other critical skill team SME’s * Strengthen Company programs to ensure implementation of sustainability initiatives in commercial, corporate, research, and test facilities. * Drive the use of new technology, construction methods, and materials to improve capital investment efficiency and sustainability in all corporate programs. Provide engineering analysis and recommendations on Capital Investment. * Support and maintain positive relationships with government authorities, municipalities, and communities in which we operate to enhance long term working relationship with community officials. Ensure that our facilities align with local codes, laws and recommended practices.","He is also, however, an award-winning scriptwriter, author, television presenter and actor whose style makes him an imminent host for awards ceremonies and functions."
p118,Orthopedic Surgeon,"Job Description & Requirements Orthopedic Surgeon StartDate: ASAP Pay Rate: $680000.00 - $680000.00 One of the largest orthopedic groups in the Twin Cities is seeking a board-eligible or board-certified Orthopedic Surgeon to join its team of experienced surgeons. While performing general cases, you’ll have the assistance of an exceptional support staff and large network or providers. Opportunity Highlights$680,000 salary guaranteeAffiliated with TRIA Orthopedics brand and large networkExcellent support staff, including a dedicated PA$50,00 sign-on and up to $12,000 for relocation Community Information Located just 60 miles away from the Twin Cities, our community is a unique and vibrant place that offers a perfect blend of history, culture, and natural beauty. Our downtown area has been listed on the National Register of Historic Places and boasts beautiful historic buildings, shops, restaurants, and galleries. You can enjoy an abundance of outdoor recreation options at our 51 parks, bike trails, and chain of lakes. The Crow River runs through our community, providing opportunities for activities such as fishing, canoeing, and kayaking.Our community boasts a strong educational system with numerous public schools, private schools, and higher education institutions.Medscape ranks Minnesota #3 in “Best Places to Practice” for 2023. Required Qualifications The ideal candidate will be a board-eligible or board-certified Orthopedic Surgeon comfortable performing general orthopedics. MD or DO candidates will be considered. Board-certified or board-eligible candidates required Job Benefits About the Company At AMN Healthcare, we strive to be recognized as the most trusted, innovative, and influential force in helping healthcare organizations provide quality patient care that continually evolves to make healthcare more human, more effective, and more achievable. Orthopedic Surgery, Orthopaedic Surgery, Os, Orthopedic Surgeon, Orthopaedic Surgeon, Orthopedic Physician, Orthopaedic Physician, Orthopedics, Orthopaedics, Physician, Healthcare, Health Care, Patient Care, Hospital, Medical, Doctor, Md, Foot And Ankle Surgery, Foot/Ankle Surgery, Foot, Ankle","Mr. Wood’s previous law experience includes commercial litigation, divorce and family law, bankruptcy, workman’s comp, personal injury and criminal defense. Before practicing law, Mr. Wood worked for a Chicago-based hedge fund for a time and co-founded a micro-loan organization financing small business enterprises in Central America."
p119,Sr Accountant,"We are looking for an exceptional Senior Accountant who is recognized as a knowledgeable, enthusiastic and exceptional member of the MKS global accounting team. This position will be based in our Beaverton, OR office. Perform monthly System revenue analysis;Prepare and post revenue deferral/recognition journal entries; ASC 606 calculation and adjustment entries. Provide relevant various revenue reporting to the management team and business partners. Drive strong internal controls to ensure compliance of financial reporting requirements and maintain proper SOX documentation. Perform as a key contributor to the monthly and quarterly closing process. Prepare EMEA journal entries, VAT filing, audit, payroll coordination, GL reporting and BS reconciliationsPrepare for and assist in internal control reviews and financial statement audits with both internal and external auditors What will you bring to the team, along with your curiosity: 4+ year relevant professional experience in accounting BA/BS or equivalent educational background, or an equivalent combination of relevant education and experience. Extensive SAP experience highly preferred. Skilled use of advanced Excel functions including Vlookup and pivot tables is a plus. Willingness to dig into detail right down to the transaction level, if necessary, in order to problem solve. Ability to self-direct and prioritize responsibilities as appropriate. Accuracy and attention to detailExperience with general ledger functions and the month-end/year-end close process. Globally, our policy is to recruit individuals from wide and diverse backgrounds. However, for positions requiring access to export-controlled goods and technical data that are subject to the International Traffic in Arms Regulations (ITAR) or Export Administration Regulations (EAR), MKS Instruments. Inc. may have to obtain an export license from the U.S. Government. As such, applicants for these positions, except “U.S. persons” (generally defined as U.S. citizens, noncitizen nationals (holder of a US Passport), lawful permanent residents (or, green card holders), individuals granted asylum, and individuals admitted as refugees), may be subject to an export license review process. Employment is contingent upon issuance of the license.","Formally trained in Shorinjin Ryu Saito Ninjitsu family arts, Mark continued to train and teach the family arts while living in the San Francisco Bay area in Mountain View and Palo Alto, and in Honolulu, Hawaii. One of those arts was an advanced form of Lomilomi massage that was taught to him by his father and also through the AJJF and the Seifujistsu DZR Restorative Massage. While training at his Dojo in Mountain View, he often had Uncle David Nuuhiwa come through to teach and share his knowledge of Martial Arts, Lua and Lomilomi."
p120,Personal Trainer,"Rain City Fitness is a private personal training and group fitness studio located in Arlington off highway 9 next door to Trio Salon across from Safeway. In addition to offering private personal training, we offer 9 group classes a week and would like to add more. These include Strength Training, TRX, Spin, Core and Abs, HIIT Cardio and more. Our primary clientele is female with a high percentage being moms of all ages and teachers. We offer a space free of judgment. Our main priority is to teach our clients how to be comfortable in a gym/ studio setting. We modify all workouts to meet clients current fitness needs and offer some of the best instruction around. We keep class sizes small allowing very focused instruction for each client. Currently we are in search for new instructors who are either: Group Fitness Certified (preferred) orHave a specialty certification in Spin, Barre, and/or TRXCertified personal trainers to assist in continuously building our private clientele training base.Nutritional certifications of any variety. Looking specifically for a Nutritional Therapist, Nutritionist, or Dietician specialty.Qualifications:All trainers/instructors will be hired as independent contractors. Must hold a certification in group fitness, or specialty listed above or be a certified personal trainerUpon hire, must obtain own professional insurance and business license to meet state requirements of Independent ContractorMust be open to adapting our current studio model as established by Rain City Fitness Owner.Pay and benefits:Pay is per class or per client and decided based on experience with minimum pay starting at $25 per group class and $36 per hour for personal training.Free group fitness classes for all instructors/trainersWhen applying please include qualifications and certification details, employment history, current contact information, and at least two professional references. Job Types: Full-time, Part-time Pay: $25.00 - $36.00 per hour Benefits: Employee discountFlexible scheduleFree fitness classesGym membershipOn-site gymSchedule: 4 hour shift8 hour shiftDay shiftEvening shiftEvery weekendWork Location: In person License/Certification: Certified Group Fitness Instructor (Preferred)Certified Personal Trainer (Preferred)Nutritional Specialty (Preferred)Spin or Barre (Preferred)Shift availability:","The clinic is visited by doctors like Dr. Kalpana Gupta Shekhawat. The timings of Freedom Diet Studio are: Mon to Sat: 10:00 AM-7:00 PM. Some of the services provided by the clinic are: Diet Therapy, Wellness, Choronic He more.."
p121,Interior Designer,"Interior Designer Salary: $80,000 - $100,000 + PTO + 401(k) + Career Progression Are you an interior designer passionate about creating incredible designs, looking for an opportunity to join a growing and award-winning firm? On offer is a chance to be part of a firm that values creativity and innovation, providing sophisticated and exciting designs across various projects. With us, you'll contribute to a family-oriented team atmosphere while handling all aspects of the design and build process. This company is renowned for its rich history of excellence in architecture and interior design. they pride themselves on creating a supportive, social environment. The firm is on an exciting growth trajectory, aiming to expand their team and bring fresh, innovative ideas to life. You will be integral in collaborating with senior staff on the design and production of documents, preparing and reviewing construction drawings, and ensuring projects meet quality and time expectations. This role offers the opportunity to engage in all aspects of building code applications, perform field surveys, and coordinate with various professional disciplines, all while contributing to a culture of excellence and innovation. This role would suit an ambitious interior designer eager to leave a mark on the industry through creative design, collaboration, and a dedication to quality. Don't miss this chance to step into a role where your contributions are valued and your growth is guaranteed. The Role:Collaborate on design and production of documents with senior staff.Prepare and complete design projects to client satisfaction.Engage in all aspects of the building code and regulatory compliance.Opportunity for initial training and progression to a more senior role. The Candidate:3+ years proven experience as an interior designer in hospitality or commercial projects with a portfolio of completed work.Proficiency in AutoCAD and Revit.Proficiency in Microsoft Office Suite.Degree qualified in design or related field. To apply for this role or to be considered for further roles, please click ""Apply Now"" or contact Jack Scott at Rise Technical Recruitment. Rise Technical Recruitment Ltd acts as an employment agency for permanent roles and an employment business for temporary roles. The salary advertised is the bracket available for this position. The actual salary paid will be dependent on your level of experience, qualifications, and skill set. We are an equal opportunities employer and welcome applications from all suitable candidates.","She has also appeared on BBC2’s ‘Oil on Canvas’ series, exhibited in major commercial galleries and internationally at many art fairs. She lives and works in London."
p122,Full Stack Engineer,"Job description We are seeking a skilled and experienced developer to build out our web-based software platform. The developer will be responsible for implementing the front-end and back-end infrastructure, ensuring optimal performance, and scalability. This role requires strong knowledge and experience in web development, as well as expertise in the following: Front-end development using HTML, CSS, and Vue.JSAs one of the earliest engineering hires, you’ll take on a lead role with vast ownership across one of our stacks. We are tackling challenging and important problems, and need engineers who can operate well in ambiguity and come to a great solution.As an engineering team, we believe strongly that empathy improves our solutions. Seeing people use the product is a priority and the way we get to the right answer. Engineers will have the opportunity to work closely with our team onsite to understand the variety of use-cases that Care Predictor serves. We value strong ownership on our team, while also being highly collaborative and always seeking input and feedback.As a Senior Full Stack Engineer, you’ll use a variety of programming languages and technologies to scale our platform to handle terabytes of data being ingested across a variety of data sources. You will own projects from pixels to database queries.About You8+ years’ experience building, testing, and managing web-based applications.Bachelor's degree, preferably in Computer Sciences, Information Technology, Computer Engineering, or related IT discipline; or equivalent experience.Comfortable navigating large codebases and building multi-tenant systems.Back-end development with languages such as Python, PHP, or Typescript.Database management and integration.API design and integration.Experience with developing, deploying, and maintaining systems on AWS.Experience with Agile/Scrum.Experience with GIT and pull request procedures.Experience with JIRA Project ManagementShipped and iterated production-grade software components in your professional career and/or the open-source community.Write robust, well tested, documented, and well-designed code that frequently gets deployed to users.What We Look ForReside in CaliforniaStrong understanding of architecture and scaling large software systemsStrong best practices in modern software development such as deployments, CI/CD, data management, and distributed systems.Excellent technical vision with the ability to synthesize product requests into strong and reliable software components.Passion for crafting and shipping software solutions that delight users.Driven and self-disciplined with the ability to own projects from start to finish. Job Type: Full-timePay: $120,000.00 - $145,000.00 per year Benefits:401(k)401(k) matchingDental insuranceHealth insurance Experience level: 8 years Schedule: 8 hour shiftMonday to Friday Application Question(s): This position will be remote, with occasional in-office visits at Dana Point. Please confirm this works for you. Education: Bachelor's (Preferred) Experience: building, testing, and managing web-based applications: 8 years (Preferred) Ability to Relocate: Dana Point, CA 92629: Relocate before starting work (Required) Work Location: Hybrid remote in Dana Point, CA 92629","He has led the development of several cyber tools in the areas cyber operations, cryptography, data integrity, and authentication. He has also conducted vulnerability analysis and reverse engineering on multiple systems. He has a B.S. degree in Computer Engineering from University of Arkansas and a M.S. degree in Computer Networking from NC State University."
p123,Primary Teacher – Auburndale Elementary School (2024-2025) - Start Time 8:00,"24-25 Teacher Transfer Instructions: Current JCPS teachers who wish to transfer into this position must click HERE to be considered for this transfer. Transfer requests for this position WILL NOT be considered after 4/24/2024. For more information regarding the JCTA Teacher Transfer Process, please refer to Article 16 from the JCTA contract. If you are not a current JCPS certified employee, you are not eligible to apply for this position. Job Description: (Attached) Salary Schedule: III (Attached) Days/Hours: 187days/7 hours Salary Range: 47,096.47 - 86,228.13 As per board approved salary placement rules Scope of Responsibilites: Plans, organizes and delivers the program of instruction based on approved curriculum; monitors, evaluates, and communicates student progress;maintains records and makes reports; enforces Board policies, regulations, and rules; supervises students, and secures and maintains school property and materials. Minimum Qualifications: Kentucky certification appropriate to the grade level and curricular assignment (K-5) Experience and preparation required by the BoardInformation you enter in the Experience section of the online application will be used to verify your qualification for this position. Information should be entered accurately and completely Falsification of an employment application is grounds for exclusion from consideration and/or termination**","Previous roles include Financial Controller for a £350m turnover manufacturing business leading mergers, acquisitions and change management. Currently she is the Finance & HR Director for a M.A.T, a Teaching School and a Childcare Charity within the North West."
p124,Staff Accountant/Auditor,"Want to learn more about this role and Jobot? Click our Jobot logo and follow our LinkedIn page! Job details Seeking Audit Staff Accountant for a growing CPA Firm This Jobot Job is hosted by Tim Sargious Are you a fit? Easy Apply now by clicking the ""Easy Apply"" button and sending us your resume. Salary $75,000 - $80,000 per year A Bit About Us Since 1918, the relationships we’ve developed and maintained have helped us to become a leading independent regional certified public accounting and consulting firm and a Top 200 CPA firm in the United States. We serve clients in California, Oregon, Washington, Idaho, Arizona, New Mexico and throughout the United States. Our Company provides accounting, audit, tax, consulting, and asset accumulation and preservation services to dairies, farmers, businesses, organizations, and individuals (U.S. and foreign-based), doing business domestically and internationally. We’ve built a team of highly qualified CPAs and management consultants who share one goal—to achieve outstanding results for you. Why join us? Competitive SalaryGreat Benefits (Medical, Dental and Vision) 100% covered by the employer401k Match Generous paid time offTrainingCareer AdvancementFun, energetic working environment Job Details Job Details Our company is seeking a detail-oriented, experienced Staff Accountant/Auditor to join our dynamic finance team. This is a permanent position that offers the opportunity to work in a fast-paced, high-volume environment where you will play a crucial role in maintaining and improving our financial health. As a Staff Accountant/Auditor, you will be responsible for preparing financial reports, performing account reconciliations, maintaining the general ledger, preparing tax returns, assisting with audit preparations, and performing other accounting duties as assigned. This role is ideal for a finance professional who thrives in a challenging and rewarding environment and is eager to make a significant impact on our company's financial operations. Responsibilities Prepare financial statements and reports to ensure accurate and timely financial reporting. Conduct monthly and quarterly account reconciliations to ensure accurate reporting and ledger maintenance. Assist in the preparation of annual budgets and forecasts. Coordinate with the tax department to ensure accurate and timely tax return preparation. Assist with audit preparations and respond to auditor requests for support documentation. Analyze financial reports for discrepancies and other issues that should be brought to the CFO's attention. Review and recommend modifications to accounting systems and procedures. Develop and document business processes to maintain and strengthen internal controls. Participate in financial standards setting and in the forecast process. Qualifications Bachelor's degree in Accounting, Finance, or a related field. A minimum of 2 years of experience in accounting or a related field. CPA or CMA certification is preferred. Proficient in Microsoft Office Suite, with advanced knowledge of Excel. Experience with accounting software, such as QuickBooks or Sage. Strong understanding of Generally Accepted Accounting Principles (GAAP). Excellent analytical skills with an attention to detail. Strong problem-solving skills with a hands-on approach. Excellent written and verbal communication skills. Ability to work independently and as part of a team. Proven ability to handle multiple projects simultaneously and meet deadlines. Strong ethics, with an ability to manage confidential data. Demonstrated ability to improve processes and increase efficiency. Join our team and contribute to our mission while advancing your career in finance. We offer a competitive salary and benefits package, and a supportive and inclusive work environment. We are committed to professional development and offer opportunities for advancement. If you're a dedicated, ambitious professional who is eager to make a difference, we want to hear from you. Interested in hearing more? Easy Apply now by clicking the ""Easy Apply"" button. Want to learn more about this role and Jobot? Click our Jobot logo and follow our LinkedIn page!",She is currently part of the MBT (Mentalization Based Theory) team at the Maudsley NHS Foundation Trust working with borderline personality disorder patients. She is a supervisor at the Wimbledon Guild.
p125,Business Immigration Paralegal,"We are excited to represent our client in Denver as they expand their Legal Department and seek a skilled Business Immigration Paralegal to join their team. With a focus on immigration case management, document preparation, and client communication, the Business Immigration Paralegal will play a vital role in supporting the firm's immigration practice. This role offers a hybrid work model, with 3 days in the office and 2 days remote. Required Skills:Assist attorneys in preparing and filing employment-based immigration petitions and applications, including H-1B, L-1, TN, E-2, and O-1 visas.Coordinate with clients, foreign nationals, and government agencies throughout the immigration process.Maintain accurate and up-to-date case files and databases.Provide administrative support to attorneys, including scheduling appointments, managing calendars, and corresponding with clients.Monitor case deadlines and ensure timely completion of tasks and submissions.Conduct legal research on immigration laws, regulations, and procedures.Prepare and file responses to requests for evidence (RFEs) and other government inquiries.Assist with PERM labor certification applications and audits. Preferred Qualifications:Bachelor’s Degree; major in legal studies is a plus but not required.3+ years of experience as a Business Immigration Paralegal.Strong proficiency in case management software and Microsoft Office SuiteStrong understanding of employment-based immigration processes and regulations.Excellent written and verbal communication skills.Ability to prioritize tasks and manage multiple deadlines in a fast-paced environment.Commitment to providing exceptional client service.Paralegal Certification is a plus. Compensation: $55,000-75,000 + Medical Benefits, Paid Sick Leave, 401k, Transit & Parking BenefitsSalary range is determined based on factors such as relevant experience, expertise, qualifications, and other job-related considerations. For immediate consideration please apply to the job posting on our career portal (https://www.soniresources.com/careers/#/) and send your resume to denverjobs@soniresources.com! When sending your resume to our mailbox, please use the following subject line template: “Soni Denver – Business Immigration Paralegal – Immediate Consideration”. PLEASE NOTE: We are only recruiting for positions in the immediate Denver metropolitan area - Candidates residing outside of the Denver metropolitan area cannot be considered at this time.","Born in Curitiba, Conka is one of the most prominent female rappers in Brazil today. Her music is a blend of modern hip-hop and rap with sounds from Brazilian pop and traditional music. In 2013, she won Multishow's Best New Artist award and released her debut album, Batuk Freak. Her song, Boa Noite, is featured in the EA Sports video game, FIFA 14."
p126,Interior Designer - Kitchen and Bath,"Studio 1220 is seeking an experienced interior designer specializing in kitchen and bath to join our team. You will be responsible for guiding clients from the initial planning phase through construction and the final completion of projects. To succeed in this role, you must have design experience, a combination of creativity, technical skills, and superb interpersonal skills. ResponsibilitiesClient consultationsJob-site visits to assess space, measure, and gather essential information.Creating functional layouts & renderings in 2020 Design. If you have no experience in this software, please include what software you have experience with, in your resume.Present design concepts considering functionality, aesthetics, and product specifications.Selecting materials with the client to fit their aesthetic taste and budget.Detailed cost estimates for materials & labor for each project.Project management, including detailed drawings packages, materials lists, and item specifications for contractors to follow.Managing your own schedule and multitasking between design and sales tasks.Stay informed about the latest trends, materials, and technologies in kitchen and bath design.Assisting with visual merchandizing in the showroom QualificationsBachelor’s degree, Interior Design program preferred2 years of Bathroom and Kitchen design experienceProven successful experience as a salespersonOutstanding graphic presentation skills and the ability to communicate design ideas quickly.Passion for design and entrepreneurial spirit","He presently resides in Dar es Salam, where life around him forms his main source of inspiration for his paintings. Haji Chilonga is best known for his bold use of colours and his remarkable and unique style. Additional Information"
p127,Registered Nurse (RN) CVICU,"Job Description Come join the CVICU Team at Inova Fairfax! We are seeking a full time Registered Nurse for the CVICU at Inova Fairfax Medical Campus. D/N rotation (3 x 12-hour shifts. $10K - $20K Sign on Bonus! Relocation Bonus for those relocating to the area. The Cardiovascular Intensive Care Unit (CVICU) is a 24-bed unit in Schar Inova Heart and Vascular, located on the Inova Fairfax Medical Campus in Falls Church, Virginia. Patients admitted to the CVICU include, but are not limited to, post cardiac surgery, post vascular surgery, heart failure requiring invasive cardiac monitoring, and other medical or surgical diagnosis requiring intense and continuous monitoring. The CVICU is a highly specialized unit providing the latest in clinical and patient care techniques. The unit prides itself in maintaining a culture of psychological safety where all disciplines are treated with respect and encouraged to participate in all aspects of patient care. Support for all team members is of the utmost importance as evidenced by the following: Charge RN that remains out of staffing; each shift has a Resource Nurse who is a fully device trained RN to provide support and education for staff, covers nurses for lunch and admits patients if staffing calls for it; the unit also staffs for 2 clinical technicians each shift as well as a mid-shifter to accommodate the surgical cases throughout the day. In addition, CVICU has a dedicated Unit Educator to support the growth and progression on each team member from the beginning of their orientation and throughout their CVICU career. The unit and its leadership team understand that to care for the high acuity of this patient population, the nursing team needs the support and resources to be able to critically think, allow for work-life harmony and foster an environment where growth, learning and achievement is encouraged and celebrated. Requirements At least 1 year of RN clinical experience in a Critical Care setting or completion of a Critical Care fellowship.2 Years of Critical Care/Cardiovascular RN experience strongly preferred.Education: BSN from an accredited school of nursing. If RN has Associates Degree (ADN); must complete BSN within 24 months of start date. BLS for Healthcare Provider Certification required and ACLS strongly preferred (must obtain within first 3 months)RN licensed, or eligible to practice in the Commonwealth of Virginia as a RNProficient in English, strong verbal and written communication skillsExceptional interpersonal skill and the ability to display a caring demeanor towards othersProficient computer skills required About Us We are Inova, Northern Virginia’s leading nonprofit healthcare provider. Every day, our 24,000+ team members provide world-class healthcare to the communities we serve. Our people are the reason we're a national leader in healthcare safety, quality and patient experience. And from best-in-class facilities to professional development opportunities, we support them at every step. At Inova, we're constantly striving to be ever better — to shape a more compassionate future for healthcare. Inova Health System is an Equal Opportunity/Affirmative Action employer. All qualified applicants will receive consideration for employment without regard to age, color, disability, gender identity or expression, marital status, national or ethnic origin, political affiliation, pregnancy (including childbirth, pregnancy-related conditions and lactation), race, religion, sex, sexual orientation, veteran status, genetic information, or any other characteristics protected by law.","He graduated with honors from University Of Florida College Of Medicine in 2002. Having more than 14 years of diverse experiences, especially in NURSE PRACTITIONER, Glenn Molloy affiliates with North Florida Regional Medical Center, Inc., and cooperates with other doctors and specialists without joining any medical groups. Call Glenn Molloy on phone number (352) 392-4541 for more information and advises or to book an appointment."
p128,Reporter,"About BroadcastMedBroadcastMed is the leading healthcare marketplace that provides trusted clinical content, powerful engagement and industry insights to healthcare professionals, medical institutions and manufacturers, service providers and pharmaceutical companies. The company’s integrated platform of digital, event, and publication solutions helps drive better dialogue, connectivity, and outcomes for the healthcare community. ReporterJob Description:We are looking for a skilled healthcare reporter to join our news team. The ideal candidate is a passionate and detail-oriented journalist with a keen interest in covering relevant and compelling stories. The reporter will be responsible for researching, writing, and presenting news content across various platforms, contributing to our organization's commitment to delivering accurate and timely healthcare information. Candidates will be responsible for daily content creation, delivering conference coverage, reporting breaking news, and staying abreast of trending topics within specific specialties on a day-to-day basis. Responsibilities:Conduct thorough research on assigned topics and stay informed about current events.Write clear, concise, and engaging news stories for print, online, or broadcast.Conduct interviews and gather information from reliable sources.Adhere to journalistic ethics and standards in reporting.Collaborate with editors and other team members to ensure timely delivery of news content.Provide coverage of major medical meetings - both remote and in-person, as needed. Qualifications:Bachelor's degree in journalism, communications, English, or a related field.3-5 years experience as a reporter or in a similar role.Strong writing and storytelling skills.Ability to work under tight deadlines and adapt to breaking news situations.Excellent interpersonal and communication skills. Location: Tampa OR Remote Equal Employment Opportunity PolicyBroadcastMed provides equal employment opportunities to all employees and applicants for employment and prohibits discrimination and harassment of any type without regard to race, color, religion, age, sex, national origin, disability status, genetics, protected veteran status, sexual orientation, gender identity or expression, or any other characteristic protected by federal, state or local laws. This policy applies to all terms and conditions of employment, including recruiting, hiring, placement, promotion, termination, layoff, recall, transfer, leaves of absence, compensation and training.","He's also a fire fighter in the London Fire Brigade, an excellent Boxing and Kettle bell instructor, who dedicates time to passing on his knowledge of fitness training and nutrition to others. Tim runs flexible fitness retreats and boot camps at Buccament Bay in the Caribbean. After completing his gruelling commando training, Tim went on to give sterling service of 8 years in the Royal Marines. In addition to his war fighting role he has also took part in various sporting activities and competitions, as well as taking circuits for recruits and trained soldiers."
p129,"Assistant Professor/Team Leader, Oral Health Promotion","Assistant Professor/Team Leader of General Dentistry, Oral Health Promotion Creighton University is a Catholic and Jesuit comprehensive university committed to excellence in undergraduate, graduate, and professional programs.The School of Dentistry provides an exceptional education in an unrivaled clinical learning environment and is an integral component of Creighton University, a dynamic and growing institution located in Omaha Nebraska, and a proud member of the Big East Conference. Creighton University School of Dentistry is seeking a motivated individual as a Team Leader for the School's Group Practice Model. The successful candidate for the 12-month, Assistant/Associate Professors, non-tenure, Clinician Educator track primary appointment will be in the Department of Oral Health Promotion, Division of Diagnostic Sciences. Position responsibilities include: Directing and serving as a Team Practice leader and patient advocate in the school’s comprehensive team-based practice model Supporting the delivery of the curriculum in preclinical courses and labs. Administrative management of students within your team and their patient families as they matriculate toward graduation. Qualifications: Must have a DDS or DMD degree or an equivalent degree from an international program Completion of an ADA accredited clinical specialty program Successful completion of Part I and Part II of the National Board Dental Examination, prior to the date of hire Must be licensed or eligible for licensure in the state of Nebraska and acquire credentialing from applicable third-party payer systems. Candidates must also possess strong organizational and communication skills with a demonstrated ability to work collaboratively in a collegial, interdisciplinary environment. Private Practice experience is preferred but not mandatory. Participation in scholarly activity and service is encouraged. Change the World From Here AAP/EEO Statement Creighton University is committed to providing a safe and non-discriminatory educational and employment environment. The University admits qualified students, hires qualified employees and accepts patients for treatment without regard to race, color, religion, sex, marital status, national origin, age, disability, citizenship, sexual orientation, gender identity, gender expression, veteran status, or other status protected by law. Its education and employment policies, scholarship and loan programs, and other programs and activities, are administered without unlawful discrimination. Disclosure Statement This description describes the general nature of work to be performed and does not include an exhaustive list of all duties, skills, or abilities required. Regular, reliable attendance is an essential function and all employees are required to follow any other job-related instructions and to perform any other job-related duties as requested by their supervisor. Employees may also be required to work in excess of normal working hours as workloads and seasonal activities necessitate. A complete description is available in the Human Resource office located at 3006 Webster Street Omaha, NE. Creighton University reserves the right to modify duties, responsibilities and activities at any time with or without notice.","She has devoted countless hours to certifications such as NASM and Zumba. Her drive and passion radiate through all of her clients and staff on a day to day basis. Krista’s style of training involves functional exercises, full body toning and core training. Krista is someone who is motivated and dedicated in everything she does. Along with a full career and a family under her belt, Krista is continuing her education in health and fitness by studying for her Corrective Exercise Specialist (CES) as well as many others."
p130,Sr EDI Software Engineer I (Remote),"Employer Industry: Health Technology Why Consider This Job Opportunity Salary up to $140,000 Opportunity for career advancement and growth within the organization Remote work option with company-provided technology equipment Stable Internet connection required for remote work Chance to work with the latest Microsoft technologies in a large team environment What To Expect (Job Responsibilities) Expand knowledge of Company operations related to assigned projects Develop and maintain software applications using Microsoft technologies Perform routine programming assignments and troubleshoot software applications Partner with others to build and launch client-specific data projects Responsible for surfacing unexpected issues to Sr. Leadership What Is Required (Qualifications) Bachelor's degree in information systems or equivalent experience Minimum of 4 years of software development experience with object-oriented languages Working on an Agile/Scrum team with five or more contributors Advanced knowledge of the SDLC Minimum of 2 years working with .NET framework, C#, and MSSQL How To Stand Out (Preferred Qualifications) Experience with cloud provider technologies (AWS, Azure, Google, IBM Cloud) Building API's to support frontend libraries and frameworks (Angular | ReactJS) Working with Kubernetes and configuring containers #HealthTechnology #SoftwareEngineering #RemoteWork #CareerOpportunity #MicrosoftTechnologies At Talentify, we prioritize candidate privacy and champion equal-opportunity employment. Central to our mission is our partnership with companies that share this commitment. We aim to foster a fair, transparent, and secure hiring environment for all. If you encounter any employer not adhering to these principles, please bring it to our attention immediately. Talentify is not the EOR (Employer of Record) for this position. Our role in this specific opportunity is to connect outstanding candidates with a top-tier employer. Talentify helps candidates around the world to discover and stay focused on the jobs they want until they can complete a full application in the hiring company career page/ATS.","She graduated Magna Cum Laude from Cleveland Chiropractic College in 2002 and is Board Certified. She also obtained a Bachelor of Science degree in Exercise Physiology from the University of Utah in 1998. She has been practicing in the Woodland Hills/Calabasas area for the past 10 years. Her practice is mainly a family-based chiropractic practice working with patients ranging from toddlers to seniors. She does treat personal injury and work-related injury patients as well. Dr. Ben-Shah has a strong commitment to her community and the wellness of others. She has always enjoyed working with people and brings with her a sense of compassion as well as the experience of volunteering in an Emergency Room for 2 years, working as a Certified Nursing Assistant for 1 year, and did 2 years of service as an Americorps volunteer."
p131,Investment Accountant,"Investment AccountantOnsite in Miami, FL -Hybrid$80,000-105,000 Base + Large Bonus/Great benefits! COMPANY is a rapidly growing organization that owns and operates multiple insurance companies and ancillary insurance businesses and has over $10 billion of total invested assets. We are seeking a highly motivated and detail-oriented Investment Accountant to join our team. The successful candidate will be responsible for accurately recording and reporting on all investment activity for COMPANY's five insurance entities. This role requires a strong understanding of alternative asset classes, including structured securities, private credit investments, mortgage loans, and derivatives.Responsibilities include:Prepare and review investment schedules for monthly, quarterly, and annual financial statements including the annual audit, investment footnotes and other off quarter filingsPrepare monthly journal entries and reconciliations of balance sheet and income statement amountsAssist in the preparation of quarterly GAAP financial statements and annual statutory statements (“blue books”)Support the investment components of NAIC Risk Based Capital (“RBC”) reportingSupport the annual AM Best Supplemental Rating Questionnaire processCollaborate with the Middle Office to ensure accurate trade recordingAssist with interim and year-end auditsPrepare and review monthly collateral reports for reinsurance counterpartiesOther duties and responsibilities as assignedQualifications:Bachelor's degree in accounting or related field with 4+ years of relevant work experienceProficiency in Microsoft Office, especially ExcelStrong understanding of statutory and GAAP accountingExcellent time management skills and attention to detailAbility to build relationships with diverse team membersStrong communication skills, both verbal and writtenComfort with a steep learning curve and motivation to work in a dynamic environment","She graduated with honors in 2013. Having more than 3 years of diverse experiences, especially in NURSE PRACTITIONER, Delicia C Bawl affiliates with no hospital, and cooperates with other doctors and specialists in many medical groups including Via Christi Clinic Pa, Cardiovascular Care, P.a., Medexpress Urgent Care Kansas Pa. Call Delicia C Bawl on phone number (785) 827-3551 for more information and advises or to book an appointment."
p132,Legal Assistant,"Job Description Solo Personal Injury (Auto Accidents) Attorney is looking for a self motivated Assistant to ensure smooth running of the office and effective case management. You will provide a broad spectrum of legal services under the supervision of an attorney. RESPONSIBILITIES: Provide administrative support to lawyer and enhance office effectiveness+ Handle communication with clients, witnesses etc. Locate and develop case relevant informationType up and file basic legal documents and correspondenceAnswer and direct phone callsMaintain contact listsMonitor deadlines and juggle calendars REQUIREMENTS: Proven working experience as assistantSatisfactory knowledge of day-to-day operations of an officeComputer literacyProficiency in EnglishExcellent secretarial and organizational skillsAbility to juggle multiple activities and work under pressure Company Description Solo Personal Injury Lawyer Specializing in Auto Accidents Solo Personal Injury Lawyer Specializing in Auto Accidents","After receiving an Associate’s Degree in Secretarial Studies from Katherine Gibbs School in 1990, Mrs. Marino worked as an Executive Legal Assistant for large law Firms in Manhattan specializing in corporate law and real estate. With over 25 years of law Firm experience, Mrs. Marino brings to Johnson & Langworthy, P.C. her expertise in real estate transactions and experience in providing lawyers with direct assistance, such as helping to prepare the necessary documents for cases and submission of paperwork to courthouses."
p133,Interior Designer,"Interior Design Assistant Elms Interior Design is a vibrant high-end residential design firm located in the South End of Boston. We are looking for a Design Assistant position to join our amazing team! This role provides support to the Principal and Project Managers to increase productivity and help meet our client’s expectations. The right person for this role is someone who is highly motivated and thrives in a fast-paced creative environment. The role of Design Assistant entails being a quick learner while pivoting throughout the day on multiple projects. The ideal candidate must be a self-starter, take direction well, manage a fluid workload and be able to clearly communicate with the rest of the team. The Design Assistant will need to maintain a sense of urgency, follow direction and strive for excellence. A high level of attention to detail is required. The Design Assistant will also participate in all areas of the project process from vendor correspondence, construction drawings, updating schedules and order tracking. In addition to supporting the Project Managers, the Design Assistant will have other tasks from administrative work to sample library and office organization. A strong knowledge of Auto CAD, SketchUp, InDesign and Photoshop is required.","He's also an active contributor to the Anaconda installer itself and related projects.http://blog-vpodzime.rhcloud.com https://github.com/vpodzime Friday, February 5"
p134,Associate Chiropractor Relocation Assistance,"Are you ready to make an impact in the world of integrated healthcare? Complete Care is searching for an exceptional Chiropractic Physician to join our dynamic team. As our company expands, you will be at the forefront of our mission, providing top-notch chiropractic and physiotherapy care across multiple clinics and locations. If you are a dynamic Chiropractic Physician, get ready for an opportunity that is not just a job – but a journey of innovation. Benefits: Great competitive salary Paid vacation Great hours, flexible!6-week training course Opportunity for advancement Malpractice Insurance Paid Medical, Dental, and Vision Insurance available CEU paid 401k with matching Ongoing clinical and documentation training Requirements: Doctor of Chiropractic degree An active Florida Chiropractic Licensure (in the process of obtaining your license)Commitment to ethical and professional chiropractic practice. Proficiency in Microsoft Office is a must, demonstrating your ability to leverage modern tools for enhanced productivity. Excellent communication skills are non-negotiable. You must be able to communicate clearly and effectively, both verbally and in writing.Salesforce and E-Clinical Works Savvy: If you are well-versed in Salesforce and E-Clinical Works your experience in these platforms is a huge plus. Please see the link below for a video of testimonials from our current Chiropractic team: Complete Care Testimonial Video-Click Here! History- After witnessing a lack of proper assessment and support for patients that have been involved in an accident, we saw a dire need in the community for clinics and doctors who would provide excellent evaluation and treatment of their injuries and the support needed to guide them through the process. This is what led to the family of practices, that is Complete Care. Complete Care consists of Integrative Physical Medicine, Centers for Imaging, and Interventional Associates. Together they provide patients with immediate access to chiropractic care, physiotherapy, state of the art imaging, interventional pain management, and orthopedic specialists. Complete Care offers chiropractic care, physiotherapy, and comprehensive testing. In each clinic, there is an experienced and trained staff eager to help. Our Chiropractic Physicians evaluate, treat, and make appropriate referrals for each patient. We have designated Case Managers who provide support and answer any questions. Our trained doctors and Chiropractic Assistants help each patient with their prescribed therapies and medical equipment. Each administrative staff member provides excellent customer service and a welcoming atmosphere. About Complete Care: Complete Care is a preeminent fully integrated health system that provides exceptional care for the injured, which leverages top-tier talent and leading-edge technologies. Complete Care and its family of practices are characterized by core competencies of cultural, clinical, and operational excellence. We strive to meet every patient’s individual needs with skillfulness and professionalism. We deliver our healthcare services – affordably and to everyone close to where they live and work and we do so in a way that positions us for continued growth in Florida and in the future, nationally. At Complete Care, we take pride in providing equal employment opportunities to everyone regardless of their race, ethnicity, beliefs, religion, marital status, gender, gender identity, citizenship status, age, veteran status, or disability. PM20 Powered by JazzHR PI239313930","These areas are among his clinical interests: depression, education consultation, and phobias. Patients rated Dr. Smith highly, giving him an average of 4.5 stars out of 5. He honors Self-Pay/Uninsured and Medicare insurance. Dr. Smith's practice is open to new patients."
p135,Personal Trainer,"Are you tired of your 9-5? Are you good at sales and looking for an opportunity to enhance your sales skills in the fitness industry? Are you looking for someone who respects the hard work you are putting in and has a fun culture to work in? We want someone who is hungry and has a drive to be good at sales while being passionate about the gym industry and has a desire to better peoples life through fitness. There is a dire need out there for people who have the desire to be in the gym but are not sure what to do. Our goal is to help educate and better them! If you a right fit for what we are looking for you will get the opportunity to take over a book of business already built. You will also get the opportunity to grow and build a cliental on top of this.Responsibilities include:Conducts fitness consultations for new clients including pre-participationscreening, Medical History, Lifestyle questionnaire, and goal setting to assessand recommend personal training programs.Develop individualized exercise programs consistent with a member’s personalfitness and exercise goals.Deliver pre-designed workouts to groups of 1 – 15 members.Continually monitor and assist members to ensure proper form is used whenperforming exercises.Instructs clients during personal training sessions on the safe and effective use ofcardiovascular, flexibility and strength training equipment.Responsible for achieving monthly personal training revenue goal established bymanagement team.Attend weekly/monthly team meetings.Understands how to administer body scan technology and interpret results.Partners alongside member sales team to promote membership sales.Ensure facility cleanliness and tidiness.Remains current on certifications, continuing education and new trends in the industry.Benefits:Provide individuals with sales coaching through a vendor called KPSOFTWORKS giving you the right tools to be successfulGreat culture growing gymCommission Opportunities on top of Hourly PayProfessional GrowthRelaxed Culture","Broadway in Maryville, TN. Certified in Pilates, Yoga, and Group Exercise as well as in Clear’s Beginner’s Tai Chi, she has over 17 years’ experience instructing and personal training in the fitness industry. She specializes in restorative and conditioning coaching for injured athletes and seniors. After nearly 30 years living in Japan and China, Tai Chi is a natural fit for this baby boomer, who loves to teach and share Tai Chi’s energizing, health-building forms and technique with her students."
p136,Colorectal Surgeon,"Boone Health has been named one of America's 100 Best Hospitals! Position Specific Details: Surgeon would join a group of four-five established general surgeons.Option to take general surgery call or to be excluded from call schedule.Option to do general surgery work or to focus solely on colorectal cases.Within practice there is currently a busy colorectal surgeon. Each work closely with the hospital’s GI department and nearby cancer practice to provide comprehensive care to patients.Volume immediately available. Job ResponsibilitiesManages the medical care of assigned patients.Collaborates with patients, families, and members of the health care team to ensure excellent clinical outcomes.Performs and documents histories and physicals in the patient's medical record as required by hospital by-laws. Boone Health has determined this is a safety-sensitive position. The ability to work in a constant state of alertness and in a safe manner is an essential function of this job.Performs Other Responsibilities as Assigned. Minimum QualificationsDegree: DO or MDExperience: 2-5 YearsSupervisor Experience: No ExperienceLicense: Licensed Physician In addition to being a Top 100 Hospital overall, Boone ranked in the Top 100 for Joint Replacement in 2023 and 2024, and received the Patient Safety Excellence Award in 2023 and 2024.","Ms. Rothrock has been licensed to practice law by the Supreme Court of Texas since 1995 and the Supreme Court of Florida since 1999. In addition to maintaining a private practice, she has served as the lead attorney for the State of Florida Department of Children and Families in Naples, Florida, where she tried termination of parental rights cases involving children that were severely abused. In addition to immigration cases, she handles tax and bankruptcy law."
p137,Personal Trainer,"FULL-TIME Part-time LOCATION 17942 SW McEwan Road Tualatin OR 97224 Job Summary The Fitness Coach represents 24 Hour Fitness to members and clients by delivering a positive fitness experience and quality personal and small group training sessions leading to member retention and client acquisition. The Fitness Coach leverages experience and specialized education to deliver premium programming and consultation for clients in person. Essential Duties & Responsibilties Service and Train Clients Design and deliver comprehensive fitness programs based on clients' goals that include appropriate exercise selections, programs that include varied fitness offerings, general nutrition guidelines and teaching a fitness lifestyle.Inform clients of fitness tools available to assist them in achieving their goals.Set expectations and hold clients accountable to their comprehensive fitness programs through goal setting, follow up discussions and track progress.Demonstrate safe and proper exercise techniques to clients.Arrive on time, prepared and enthusiastic while being attentive for every training appointment and or group session.Meet minimum productivity expectations servicing clients and group sessions.Increase member group training sessions and attendance through strong teaching skills and ability to connect with and motivate others with a wide variety of fitness levels. Service Members and Administration Assist in member service activities such as fitness seminars, training days, and deliver a positive fitness experience to members and guests through complimentary fitness assessments.Build and generate a strong fitness business through new client acquisition and retention.Effective onboarding of new members and clients by providing professional recommendations to help acclimate to a fitness lifestyle.Coach members on proper use of equipment and exercise techniques.Start and finish sessions as scheduled.Handle member concerns or direct to appropriate club management.Deliver on the Service Promise of Clean, Friendly and Well-Maintained Club by racking weights, team cleans and assisting with maintaining a clean and organized club.Create, maintain, and regularly update progress for each personal training client, following company guidelines.Schedule personal training sessions, other appointments and administration of time four weeks in advance using company systems. ORGANIZATION RELATIONSHIPS Reports to the Fitness Manager and/or General Manager and will interact with all levels of club staff. Qualifications Knowledge, Skills & Abilities Understand principles of physical fitness and proper exercise technique.Ability to communicate clearly and concisely, both verbally and in writing.Ability to adjust and operate fitness equipment.Ability to perform a variety of exercise routines.Demonstrate excellent customer services skills. Minimum Educational Level/Certifications High School Diploma or GED required.Cardiopulmonary Resuscitation (CPR) and Automated External Defibrillator Certifications (AED) received through in person training required.Degree in a related field or current certification through at least one nationally accredited industry associations.Specialized fitness credentials preferred or equivalent work experience or education in specialized function. Minimum Work Experience And Qualifications 1+ years of experience as a Personal Trainer or Fitness Coach.Holistic fitness program design and consultation experience preferred, but not required. Physical Demands/ Environmental Conditions Must be able to lift 50 lbs.Physical effort required for daily duties include lifting weights, squatting, bending, reaching, spotting, jumping, kicking, and prolonged standing and walking. Working Environment While performing the duties of this job the team member is regularly exposed to moving mechanical parts.The noise level in the environment is occasionally loud.Extended workdays are a frequent occurrence, as are weekends and holidays as needed to support the business. DISCLAIMER : This job description is intended to describe the general job functions and requirements for this position. This is not intended to be an exhaustive list of all the qualifications, responsibilities, duties, and skills required. 24 Hour Fitness reserves the right to modify, add, or remove duties as necessary. FUNCTIONAL GROUP Fitness","He has been an author and lecturer for California Continuing Education of the Bar (CEB) for several years, including Chapter Author for CEB Publication, California Civil Discovery Practice, 4th Ed. (2006). He is a member of DRI (a national organization of attorneys in the civil trial defense bar) and a longstanding member of Northern California Association of Defense Counsel. Art has been teaching in the School of Management at San Jose State University for the past 10 years."
p138,Interior Designer,"We are looking for an experienced, dynamic, passionate and detail-oriented Interior Designer to join our wildly creative design team, and to seamlessly integrate into our company culture. Company DescriptionGeorgia Zikas Design is an interior design firm located in West Hartford, CT. Led by Georgia Zikas, a graduate of the New York School of Interior Design, the firm specializes in creating unique and beautiful spaces by combining a passion for antiques, architectural detail, and fine art with a trained understanding of craftsmanship, lifestyle, and composition. With decades of design experience, Georgia and her team of talented design professionals manage projects across the Northeast and beyond. Role DescriptionThis is a full-time on-site role for an Interior Designer located in West Hartford, CT. The Interior Designer will be responsible for space planning, architecture, construction drawings, interior design, and FF&E. The role involves collaborating with clients to bring their vision to life and transforming spaces with the right elements and style. QualificationsSkills in Space Planning, Architecture, and Construction DrawingsAutoCAD, Adobe SuiteStrong background in Interior DesignExperience with FF&E Excellent creativity and attention to detailKnowledge of current design trends and materialsStrong communication and presentation skillsAbility to work collaboratively and independentlyBachelor's degree in Interior Design, Architecture, or related field10+ years of experience in the industry is a plus GZD Company Culture, Core Values:· We provide our clients with Peace of Mind, and an Improved Lifestyle · We LISTEN well – to our clients and to each other · We are Service Driven – we take great care of our clients – we respect their investment · We strive for EXCELLENCE - in everything we do· We are OPTIMISTIC – we solve problems · We have a natural curiosity to learn, to do better, to be better – internally and externally· We uphold our PROFESSIONALISM at every turn – with each other, with clients, with vendors· We have FUN – we share HUMOR","He has over 20 years of experience in the EEG field and has developed innovations for multiple software platforms. In 2007 he founded NeuroField, Inc. and developed methods for using low intensity pEMF for the treatment of multiple psychiatric problems. Dr. Dogris currently runs a clinic treating patients in the Inyo and Mono county regions. He also is the CEO of NeuroField, Inc which continues to innovate and develop pEMF technology. Details"
p139,Psychologist-Pediatrics Feeding Program,"Job Summary Provides mental health assessment, diagnosis, treatment and crisis intervention services for adult and/or child members who present themselves from psychiatric evaluation with a broad range of mental health needs. Collaborates with treating physician, psychiatric and allied health professional team to plan and direct each individual members treatment program. Essential Responsibilities Develops, implements, coordinates, and evaluates clinical treatment programs for the diagnosis, treatment, and/or referral of Health Plan members with acute or chronic mental illness. Participates in staff conferences to select, plan, and evaluate treatment programs. Provides outpatient psychotherapy to individuals, couples, families and groups. Instructs and counsels patients and their families regarding compliance with prescribed therapeutic regimens and adherence to prescribed medication regimens, within the scope of practice. May administer specialized therapeutic procedures, as appropriate. Provides appropriate support to members family. May develop and conducts psychoeducational classes and groups. May conduct psychological assessments, including test administration, interpretation, and recommendations. Prepares intake summaries, treatment plans, and case summaries and maintains ongoing confidential records. Charts members treatment and progress in accord with state and NCQA regulations and in keeping with accepted community standards. May be required to participate in the department on-call rotation. Collaborates with physicians in screening and evaluating patients for psychotropic medications, within the scope of practice. Utilizes resources of public and private agencies and community organizations to meet the needs of the members treatment. May develop, implements, and evaluates behavioral medicine and health psychology programs in a variety of settings, including primary care. Provides consultation to other care providers and health educators on matters relating to mental health, health psychology and behavioral medicine. Provides clinical supervision to psychology doctoral interns, psychology postdoctoral residents, and other mental health trainees/fellows as necessary. May supervise Post Masters Fellows, Associate Clinical Social Workers, Associate Marriage Family Therapists or Associate Professional Clinical Counselors as needed if supervision course is completed. May provide appropriate support to members family, including explanation of treatment, instructions in how to support treatment and interventions to increase acceptance of and adherence to treatment, at members request. Utilizes resources of public and private agencies and community organizations to meet the needs of the members treatment to include referral of the member and/or members family to external resources, as appropriate. Participates in departmental program development, implementation and evaluation. Reports safety concerns to mandated reporting agencies Secondary Functions Mon-Fri; Days may vary. Pediatric experience preferred, feeding clinic experience preferred. BCBA required. Experience Basic Qualifications: N/A Education PhD/PsyD/EdD in Clinical Counseling, Health or School Psychology from an accredited college or university. License, Certification, Registration Psychologist License (California) within 6 months of hireNational Provider Identifier required at hire Additional Requirements Must be familiar with DSM-V as a means of diagnosis. Has experience in assessing, diagnosing and treating a broad range of psychiatric conditions. May be required to participate in the department on-call rotation. Knowledge of Evidence-Based Practice and psychotherapy research methods. Knowledge of the bio-psycho-social functions that contribute to mental health. Accuracy in diagnosing patients and developing effective treatment plans. Competence in individual, family and group psychotherapy. Professional maturity and ethical integrity necessary for assuming professional responsibilities. Commitment to quality of service, teamwork, and participation in a highly interactive multidisciplinary clinic. Ability to complete multiple tasks/objectives in a timely manner. Knowledge of social service agencies, state regulations and APA standards as it related to client treatment, patient rights and client/patient confidentiality. Previous clinical responsibilities to include psychological testing, diagnosis, crisis intervention, brief individual and group psychotherapy. Knowledge of psychological testing techniques, administration and interpretation. Excellent interpersonal and communication skills. If not licensed in CA at hire, must be licensed to practice in a state in the United States and able to practice under Business and Professional Code Section 2946 (maximum of 180 days subject to the specifics of the regulation). Must be able to work in a Labor/Management Partnership. Preferred Qualifications Previous clinical responsibility to include crisis intervention, individual and group psychotherapy. Demonstrated experience in psychological evaluations of adults, children, adolescents, & families, including administering & writing up psychological testing & assessment batteries preferred. Demonstrated professional maturity and ethical integrity necessary for assuming professional responsibilities, preferred. Demonstrated commitment to quality of service, teamwork, and participation in a highly interactive multidisciplinary clinic, preferred. Demonstrated ability to complete multiple tasks/objectives in a timely manner, preferredAccuracy in diagnosing patients and developing effective treatment plans, preferred. Competence in individual, family and group psychotherapy, preferred. Primary Location: California,Roseville,Roseville Eureka Medical Offices 2 Shift: Day Workdays: Mon, Tue, Wed, Thu, Fri; Days may vary. Working Hours Start: 08:30 AM Working Hours End: 05:00 PM Job Schedule: Part-time Job Type: Standard Employee Group/Union Affiliation: A05-IBHS|NUHW|NUHW Integ Behavioral Hlth Ser Job Level: Individual Contributor Department: Roseville Hospital - Pediatrics-Developmnt Assessmt - 0206","Silverstar’s president, Ron McCue, says he sees potential in Fluckiger, and thinks Leadership Wyoming is a good investment in his future with the company."
p140,Accounting Services Accountant - CPA Firm,"Job Title: Client Accounting Services Accountant Job Location: St. Louis, Missouri (hybrid) Salary: $55k - $75k Requirements: 1+ Year Public Accounting Exp. Are you currently working for a CPA firm doing client accounting services? If yes, then we'd love to connect with you! We are mid-sized CPA firm in St. Louis that is looking to bring on a Senior that has experience managing clients books A - Z. If this sounds like you then apply right now! Requirements 1+ Yr. Public Accounting Exp.Exp. Managing Clients Books A - ZBachelor's in Accounting Benefits Email Your Resume In Word To Looking forward to receiving your resume through our website and going over the position with you. Clicking apply is the best way to apply, but you may also: Gannon.Daynes@CyberCoders.com Please do NOT change the email subject line in any way. You must keep the JobID: linkedin : GD6-1795876 -- in the email subject line for your application to be considered.*** Gannon Daynes - Recruiting Manager - CyberCoders Applicants must be authorized to work in the U.S. CyberCoders is proud to be an Equal Opportunity Employer All qualified applicants will receive consideration for employment without regard to race, color, religion, sex, age, sexual orientation, gender identity or expression, national origin, ancestry, citizenship, genetic information, registered domestic partner status, marital status, status as a crime victim, disability, protected veteran status, or any other characteristic protected by law. CyberCoders will consider qualified applicants with criminal histories in a manner consistent with the requirements of applicable law. CyberCoders is committed to working with and providing reasonable accommodation to individuals with physical and mental disabilities. If you need special assistance or an accommodation while seeking employment, please contact a member of our Human Resources team to make arrangements.","Ms. Hanlon practices medicine in Indianapolis, IN and 1 other location and specializes in Hand Surgery. Ms. Hanlon is affiliated with Saint Vincent Carmel Hospital."
p141,Dentist - $600-$700/day,"Seeking Dentist in Hershey, PA - Great pay and benefits! We are looking for the right candidate for a Full Time Dentist position in a very busy general practice located in Hershey, Pennsylvania. We offer a family oriented environment and team oriented staff. EFDAs on staff to increase efficiency. Potential for growth is only limited by your ability. Position available for immediate start. In this role, you will be replacing the owner but they will still be available for mentorship if candidate wishes. Office is convieniently located to Harrisburg, Lebanon and Lancaster. Schedule: Full Time Compensation: Daily Minimum ($600-700) depending on experience is given for up to six monthsProduction percentage401K with matchHealth InsurancePaid Time OffReimbursement for DEA/ Dental License/ MalpracticeCE AllowancePotential for profit sharing once established Dentist Requirements and Qualifications: D.D.S. or D.M.D. from a school accredited by Commission on Dental Accreditation (CODA) and American Dental Association.Must have valid PA license.Certification in CPR.Good interpersonal skills and communication.Compassionate and caring of patients.Complies with all office, local, state, and American Dental Association regulations, protocols, and procedures.Apply today! Skills:General Practice Benefits:Medical401kPTO Compensation:$600-$700/day PandoLogic. Keywords: Dentist, Location: Hershey, PA - 17033","Join her each morning on Fresh Day Ahead's facebook page, https://www.facebook.com/DebbieWebbMcDaniel,for daily encouragement in living strong, free, hope-filled lives. Find her also at http://www.freshdayahead.comand http://twitter.com/debbmcdaniel."
p142,Municipal Attorney - Lateral,"Our Fresno office is currently looking for a municipal attorney, preferably with 2+ years of experience. The ideal candidate will have a strong interest in practicing public agency law and experience in city/municipal/governance. All candidates must have excellent academic credentials, strong research, writing, and analysis skills, a sense of humor, and a commitment to learning and teamwork. Must be highly organized, detail-oriented, and be positive, proactive, and professional. Experience A Culture Unlike Any OtherWe invite you to check out Lozano Smith, California’s premier public agency law firm. As a law firm, we have a rather unique culture. Simply put, we enjoy each other's company. We like to have fun together, in the office and in the field. We enjoy our work, and equally important, who we work for. We are committed to giving all employees the opportunity to experience meaningful, impactful work and the support needed to grow. Focus On The SpecificsNo Jerks RuleMentoring ProgramWellness ProgramProfessional Development OpportunitiesDiversity, Equity and Inclusion InitiativesChild-Friendly Business Award WinnerBlue Hat Project: Community Engagement ProgramCompetitive Salary, Benefits and Bonus Programs Foundations Of Lozano SmithLozano Smith’s core is based on relationships, and that has allowed us to remain California’s premier public agency law firm representing hundreds of school districts and municipalities. We are a team of more than 180 passionate and diverse attorneys, paralegals and support staff. Everyone who calls Lozano Smith home understands the importance of being there for each other and our clients when they need us most.Employment Type","She is of counsel to Loring & Associates. Through her time as a litigator, she gained extensive trial experience. Her experience ranges from immigration, bankruptcy, civil, estate planning and child dependency law. She discovered her fascination with domicile issues arguing jurisdiction and venue issues in court."
p143,LICENSED PRACTICAL NURSE - GOLDEN YEARS NURSING HOME,"Liberty Cares With Compassion ****$10,000 Sign on Bonus!**** At Liberty Healthcare and Rehabilitation Services, we promote a challenging, but rewarding opportunity in a caring environment. We are currently seeking an experienced: LICENSED PRACTICAL NURSE (LPN) Full Time, Evenings Join us for an On-Site Job Fair April 4th, from 1pm-3pm! Job Description: Assists in direction of nursing services for unit/hall, in accordance with the Nursing Practice Act, and under the supervision of a Registered Nurse. Delegates duties to professional nurses and non-professional nursing personnel and monitoring work performance under the supervision of a Registered Nurse. Observes patients for symptoms and/or reactions, including general physical and/or mental condition for signs, which may be indicative of adverse change. Assists with notifying attending physician of emergencies and death of patients in the unit. Implement changes in orders as instructed or ordered by physicians. Performs other duties as assigned. Job Requirements: High school graduate. Licensed Practical Nurse, graduated from an accredited School of Nursing. Current, valid license from the North Carolina Board of Nursing and submit proof of license renewal every other year. Willing to work as charge nurses, and work as needed during emergencies to assure adequate coverage. Ability to provide quality nursing care to patients, follow doctors’ orders, and have a genuine interest in geriatric nursing. CPR certified yearly. Attend in-service training and other staff meetings as required. Visit www.libertyhealthcareandrehab.com for more information. Background checks/drug-free workplace. EOE. #PM23 PI239309748","Her work, which is often layered with wit and dry humor references the fear, absurdity, insecurity and wonder of everyday life. Primarily concerning women, the underlying focus of her work draws attention to a cultural landscape fraught with stereotypes, misguided desires, seemingly harmless objects, and outdated cultural conventions."
p144,Locum | Physician Psychiatry,"When you're ready to expand your personal and professional horizons, pick up the phone and call us. Must have active state licenseBC or BE requiredWeekdays, Days, Call, Weekend call10 - 13 patients per dayCredentialing neededDEA neededCompetitive compensationPre-paid travel and housingPaid AAA-rated claims made malpracticeLicensing assistance and cost reimbursementMember of NALTO","She recently join the Gensler’s Washington, DC, office as a senior designer 2 years ago. Prior to joining Gensler, Christy shared a successful 15 year career with her father, esteemed architect Frank Schlesinger, where they produced a wide range of work in terms of both scale and building type spanning institutional, commercial and mixed use, and residential for luxury multi-family and single family homes. At Schlesinger Associates Architects, Christy honed the importance of the client-oriented “hands on” approach to architectural practice. She also gained her hospitality background at Adamstein + Demetriou (now Hapstak + Demetriou), producing multiple high end retail and restaurant experiences. She also worked for Michael Graves and Gwathmey Siegel in New York City."
p145,Accountability Reporter,"The Charlotte Observer is looking for an accountability reporter who is passionate about digging out local stories across a range of topics that will resonate in Charlotte and across the region’s fast-growing communities. Our accountability reporter will tell readers, with authoritative insight, how action (or inaction) by elected leaders affects its people and businesses, and will write with context on the power brokers — and aspiring power brokers — across the Charlotte area. This is a beat for a reporter who takes pride in source building, has insatiable curiosity and is not afraid to take on complex and challenging assignments. The reporter can find stories communities are talking about, quickly diagnose whether an item on a meeting agenda — policy, projects or zoning requests — might be story worthy and step back to provide quick-turn accountability reporting for our “Reality Check” brand showcasing content that holds leaders, institutions and influencers to account. To do this, you’ll stay tuned to local governments and politics in Mecklenburg and nearby counties, develop connections with community members, business leaders and key officials and develop an understanding of how a decision in one community might translate to another nearby. You’ll embrace experimentation, trying new methods to deliver news to communities the Observer hasn’t prioritized and tell stories with regional context. Being a great collaborator and team player is key in this job. You’ll join a team of reporters in Charlotte, help out as needed during major news events and contribute to statewide politics coverage with our sister newsroom in Raleigh. We expect reporters to work to understand what’s important to readers in Charlotte and North Carolina, and to use that knowledge, as well as digital metrics and social media, to break and report exclusive journalism that’s a must-read. We Want This Reporter To Break exclusive news that readers care about. Find compelling local stories that will resonate across the Charlotte region. Conceive and write in-depth accountability stories. Develop a broad range of sources. Be a master of social media – both as a news-gathering tool and as a way to get your journalism in front of readers. Understand audience metrics – which stories are resonating with readers? Working with your editor, regularly mine this data for takeaways about how we can build our audience. On tight deadlines, write stories that are fair, accurate and give readers important context. Work closely with our visual journalists to develop video and images for stories. Engage the public: Deliver news coverage and enterprise reporting in a way in which readers understand the need for action or involvement. What You'll Bring A competitive nature. Collaborative instincts and the ability to work well on a team. A deep understanding of how power, government and politics work. Communication skills to build strong source networks. The ability to report and write accurately and engagingly on tight deadlines. Creativity and independence in identifying stories that are exclusive to the Observer and relevant to readers. Ability to evaluate, analyze and interpret complex documents and records. Deep commitment to accurate, ethical journalism. Command of grammar, spelling, Observer and AP style, as well as the ability to write clearly and organize a story. Strong story-telling ability and excellent news judgment. Expert-level writing skills in multiple formats – short form, long form, narrative, hard news and features. Fluency in both the art and science of readership and engagement. Strong interpersonal skills, including empathy and the ability to take and give constructive criticism. Proficiency in utilizing AI tools and technologies is highly desired. Minimum Requirements College degree or equivalent required. Minimum Of Three Years Daily Journalism Experience Preferred. Background in video, online media and using social media to find and disseminate news preferred. What we’ll bring: As a journalist at McClatchy, you will join a supportive, flexible, collaborative team. McClatchy strives to be an employer of choice, and our benefits package is made with this goal in mind. With a focus on health, well-being, wealth and daily life, our package options include healthcare coverage for employees and their families, financial protection from expected and unexpected expenses, multiple no-cost wellness resources and even coverage for four-legged friends. Our overall benefits package also includes a 401(k) with employer match, competitive paid time off and corporate holidays, and a variety of mental health benefits. With an excellent support team and with focus on your well-being as a top corporate strategy, McClatchy provides benefits to support you and your family in achieving your health and wellness goals. For more information on McClatchy's benefit plan, please visit McClatchyLivewell.com To apply, include a persuasive cover letter, your resume and four to six examples of your best work when you apply. About McClatchy Our impact is growing every day. 30 growing markets. Over 65 million monthly readers. 57 Pulitzer Prizes. A strong portfolio of dynamic partnerships and smart investments. Our award-winning journalism, digital reach, and commitment to innovative growth have never been stronger. As a member of the McClatchy family, you are part of a flexible, empowering, and exciting culture dedicated to creating a work/life balance and consistent opportunities for growth—a place where you have a voice and the ability to impact our future. It’s an exciting time to be here. Our company is experiencing the most transformative period in its history. We’re growing rapidly in the digital space and delivering award-winning journalism in innovative ways.","Dr. Payal Jain practices at Denticos Multispeciality Dental And Implant Center in Sector 86, Faridabad. She completed BDS from Sudha Rustagi College of Dental Sciences Research,Faridabad in 2014. Some of the services provided by the doctor are: Scaling / Polishing,Dental X-Ray,Bad Breath (Halitosis) Treatment,Preparation for Dentures and Dental Examinations etc."
p146,Chiropractor,"Quality Care Starts At Clinicas!This is an excellent opportunity to work for an organization that truly makes a difference in the community. Clinicas Del Camino Real, Inc. offers a highly competitive salary; excellent benefit package including full medical, dental, vision, life and disability insurance; generous holiday, vacation and sick leave. ESSENTIAL FUNCTIONS AND RESPONSIBILITIES The Chiropractor position is responsible for performing the following duties:Provides chiropractic care to clinic patients.Examines patients to determine nature and extent of disorder; performs diagnostic procedures including physical, neurologic and orthopedic examinations, laboratory tests, and other procedures.Manipulates spinal column and other extremities to adjust, align or correct abnormalities caused by neurologic and kinetic articular dysfunction.Utilizes supplementary measures such as exercise, rest, water, light, heat and nutritional therapy. EDUCATION, EXPERIENCE AND QUALIFICATIONS Graduate of an accredited chiropractic school and licensed to practice chiropractic in the State of California by the California State Board of Chiropractic examiners. examiners. Bilingual (English/Spanish) preferred.Proven ability to achieve results.","His goal as a practitioner is to provide each of his patients with the highest quality of chiropractic care. Dr. Chen’s experience incorporates a variety of techniques and disciplines, including physiotherapy, acupuncture, kinesio tape, flexion and distraction, and soft tissue techniques."
p147,Remote Registered Dietitian,"About Nutrisense We are a HealthTech startup with a mission to help anyone discover and reach their health potential. The Nutrisense mobile app leverages continuous glucose monitoring (CGM) with access to virtual support from best-in-class dietitians so that everyone, not just individuals with diabetes, can learn about their unique food responses, understand their metabolism, and reach health goals that lead to an optimized life. Our customers range from the ultra-healthy trying to take their lives to new levels to individuals with diabetes and multiple health conditions. Our platform focuses on bringing individualized, real-time data about your metabolic health to the palm of your hand. Role DescriptionAs a Nutrisense dietitian, you will directly engage with our customers, addressing diverse needs like diabetes management, weight loss, PCOS, performance training, and digestive issues through personalized insurance-based video consultations. Your day includes 90-minute initial consults and 60-minute follow-up calls, offering comprehensive support to our customers. Our dietitians have flexibility in booking consults based on your preference and availability. Our platform focuses on bringing customized solutions for health concerns in the palm of your hands. You will also use your creativity and expertise to help build and develop a rapidly growing start-up. Our dietitians do not follow the status quo and recommend outdated advice such as MyPlate, but instead, stay up-to-date on the latest research for health optimization. Who you are:Passionate educator: You are a natural teacher and educator, and excel in explaining complex concepts in a language thats appropriate to the member.Truth-seeker: You think independently. You love battle-testing ideas and listening to feedback. You're honest with yourself and willingly update your beliefs when you encounter new information.Excellent communicator: You communicate openly, directly, and efficiently. You first work to understand by taking the time to listen and ask questions. You speak your opinions and offer constructive feedback. You're not afraid of difficult conversations.Creative problem-solver: You come up with innovative ideas to solve complex problems. When faced with obstacles, you are resourceful. You work quickly, learn, and iterate. You prefer progress to perfection and prioritize action over analysis.Adaptive contributor: You are flexible and expect changes to happen quickly and often. You participate in and contribute to changes and effectively provide feedback for the collective good.Compassionate supporter: You are empathetic and provide the support that your members need, from tough love to educator to cheerleader. You go above and beyond to ensure they have an excellent experience. Required qualifications:Registered Dietitian Nutritionist (RDN) with a minimum of 1 year of relevant work experienceRequired minimum of at least 10 hours/week of availability, with flexibility for unlimited hours based on individual preferencePrevious work experience with Telehealth is preferredPrevious work experience in functional nutrition is preferred Total Compensation Package For This Role Includes:How our compensation works:You will be paid $10 per 15-minute billable unit for each video call session. This session rate compensation is a high hourly rate in order to compensate for any administrative time spent outside of a session as well. This flat rate per billable unit can look like this:85-minute sessions: compensation of $6055-minute sessions: compensation of $40You will also be paid $25/hour for any required meetings outside of patient video session work.You will be paid an initial flat fee to compensate for onboarding and training time.100% Remote environment - No strings attached. We encourage our employees to travel and experience life as they see fit.Flexible scheduleNutrisense discountsCareer growth opportunities REQUIRED NEXT STEPS:Please complete the mandatory questionnaire here https://nutrisense.typeform.com/to/ieahnsmS and follow the instructions to complete the application. Applications without completing the questionnaire will not be reviewed. If you are a Registered Dietitian Nutritionist with experience and are interested in joining a mission-driven startup that is disrupting the health industry and cares about creating a dynamic environment for its employees, apply today!Nutrisense has an organization-wide commitment to diversity, equity, and inclusion. We strive to create a work environment where everyone has a sense of belonging. Individuals from historically underrepresented or underserved communities are strongly encouraged to apply. Hear from our team directly why you should join us![ttps://www.youtube.com/playlistlist=PL3NrSl1QzCXsLVvihilZJV2Wm7EdDNUsz]","She reports on economics, trade, security, and cultural issues. Kate holds a master's degree in international relations and economics from the Johns Hopkins University School of Advanced International Studies."
p148,Associate Attorney,"Marshall Dennehey, P.C., a leading Am Law 200 civil defense law firm with over sixty years of continued service to our corporate, insurance, and individual clients, is seeking an experienced Associate Attorney with four (4) or more years of litigation experience to join our Tampa, Florida team to assist in defending Rideshare Liability, Product Liability and a variety of General Liability cases. Marshall Dennehey seeks to hire attorneys who want to find their “forever home.” We welcome candidates who desire to advance within the firm while assisting others to do the same. To that end, we prefer a steady and consistent work history. In return, the firm offers a competitive salary including multiple financial bonus opportunities throughout the year, a comprehensive employee benefits package, a new firm funded Lifestyle Account beginning January 2023 entitled “Marshall Associate Advantage”, and a sound future. Marshall Dennehey supports and encourages workplace diversity and we are an Equal Opportunity Employer AA/M/F/D/V. The firm’s investment in this arena has been observed by numerous publications and we were honored with a 2022 “Tipping the Scales” recognition by the Diversity & Flexibility Alliance. All qualified applicants will receive consideration for employment without regard to race, color, religion, sex, national origin, age, disability, marital status, veteran status, sexual orientation, genetic information or any other protected characteristic under applicable law. Qualified applicants may submit their cover letter and resume to HRRecruiter@mdwcg.com for consideration. Marshall Dennehey does not accept unsolicited resumes from individual recruiters or third party recruiting agencies in response to job postings.","For a stylish and dramatic effect, she suggests leaning a large mirror against the wall, rather than hanging it: “Using a framed, full-size mirror placed on the floor and resting on the wall can become an incredible asset in many ways in a bedroom, living room and even at the end of a hallway.”"
p149,Staff Accountant/Auditor,"Want to learn more about this role and Jobot? Click our Jobot logo and follow our LinkedIn page! Job details Seeking Audit Staff Accountant for a growing CPA Firm This Jobot Job is hosted by Tim Sargious Are you a fit? Easy Apply now by clicking the ""Easy Apply"" button and sending us your resume. Salary $75,000 - $80,000 per year A Bit About Us Since 1918, the relationships we’ve developed and maintained have helped us to become a leading independent regional certified public accounting and consulting firm and a Top 200 CPA firm in the United States. We serve clients in California, Oregon, Washington, Idaho, Arizona, New Mexico and throughout the United States. Our Company provides accounting, audit, tax, consulting, and asset accumulation and preservation services to dairies, farmers, businesses, organizations, and individuals (U.S. and foreign-based), doing business domestically and internationally. We’ve built a team of highly qualified CPAs and management consultants who share one goal—to achieve outstanding results for you. Why join us? Competitive SalaryGreat Benefits (Medical, Dental and Vision) 100% covered by the employer401k Match Generous paid time offTrainingCareer AdvancementFun, energetic working environment Job Details Job Details Our company is seeking a detail-oriented, experienced Staff Accountant/Auditor to join our dynamic finance team. This is a permanent position that offers the opportunity to work in a fast-paced, high-volume environment where you will play a crucial role in maintaining and improving our financial health. As a Staff Accountant/Auditor, you will be responsible for preparing financial reports, performing account reconciliations, maintaining the general ledger, preparing tax returns, assisting with audit preparations, and performing other accounting duties as assigned. This role is ideal for a finance professional who thrives in a challenging and rewarding environment and is eager to make a significant impact on our company's financial operations. Responsibilities Prepare financial statements and reports to ensure accurate and timely financial reporting. Conduct monthly and quarterly account reconciliations to ensure accurate reporting and ledger maintenance. Assist in the preparation of annual budgets and forecasts. Coordinate with the tax department to ensure accurate and timely tax return preparation. Assist with audit preparations and respond to auditor requests for support documentation. Analyze financial reports for discrepancies and other issues that should be brought to the CFO's attention. Review and recommend modifications to accounting systems and procedures. Develop and document business processes to maintain and strengthen internal controls. Participate in financial standards setting and in the forecast process. Qualifications Bachelor's degree in Accounting, Finance, or a related field. A minimum of 2 years of experience in accounting or a related field. CPA or CMA certification is preferred. Proficient in Microsoft Office Suite, with advanced knowledge of Excel. Experience with accounting software, such as QuickBooks or Sage. Strong understanding of Generally Accepted Accounting Principles (GAAP). Excellent analytical skills with an attention to detail. Strong problem-solving skills with a hands-on approach. Excellent written and verbal communication skills. Ability to work independently and as part of a team. Proven ability to handle multiple projects simultaneously and meet deadlines. Strong ethics, with an ability to manage confidential data. Demonstrated ability to improve processes and increase efficiency. Join our team and contribute to our mission while advancing your career in finance. We offer a competitive salary and benefits package, and a supportive and inclusive work environment. We are committed to professional development and offer opportunities for advancement. If you're a dedicated, ambitious professional who is eager to make a difference, we want to hear from you. Interested in hearing more? Easy Apply now by clicking the ""Easy Apply"" button. Want to learn more about this role and Jobot? Click our Jobot logo and follow our LinkedIn page!","Brandon Wardell started doing stand-up comedy in DC at 17, did it for 4 years, then moved to LA in 2014. Brandon Wardell has appeared on Comedy Central’s “@midnight,” “The Meltdown with Jonah and Kumail,” “The High Court with Doug Benson,” and “Adam Devine’s House Party” and VICELAND’s “Flophouse"". Brandon Wardell hosts “Hot Takes with Brandon Wardell” on Comedy Central Digital. Brandon Wardell is a correspondent on MTV’s “Wonderland”. Brandon Wardell was featured as the Hot Comedian on Rolling Stone’s 2016 Hot List. Brandon Wardell throws a monthly party called Teen Party at Los Globos in Los Angeles, CA where he aux cord DJs. Brandon Wardell is featured on Bob Odenkirk’s stand-up comedy album, “Amateur Hour,” and the two later went on tour. Brandon Wardell also went on select tour dates on Bo Burnham’s Make Happy Tour."
p150,Interior Designer - Public Buildings Service,"Summary As an Interior Designer, is responsible for implementing the interior design program as part of the Region 10 Public Buildings Service's program for the space delivery process. Provides technical design advice to other GSA, PBS personnel such as architects, engineers, and consultants on space planning and design issues. Location of position: GSA, Public Buildings Service, Planning Division, Tacoma, WA. We are currently filling one vacancy, but additional vacancies may be filled as needed. Duties Serves as an interior designer/project integrator for the Planning Division while supporting PBS mission across multiple business lines. Provides guidance and technical assistance to project teams as well as personally executing a variety of space planning projects. Provides and monitors space planning and interior design services to client agencies, typically completing space requests up to an excess of 35,000 square feet.Performs a combination of long and short range planning, requirements programming, space design (workplace engagement or project specific task), and space utilization determinations involving a variety of projects throughout the Region. Represents GSA as a technical advisor in design practices. Remains current on trends in design and ways to improve agency performance through innovative design. Integrates project management expertise delivering a variety of services to our customers. These services include but are not limited to requirements development and furniture specifications. Analyzes the existing space for possible redesign to meet better utilization of space and functional lines. Provides general cost analyses related to the redesign of the existing space through comprehensive examination of client's needs and how it relates practically to the space.Develops block plans and stacking strategies; evaluates corrective and preventative situations for the new space occupancy; analyzes adjacencies on offered buildings; negotiates actions, budgets, schedules and concept drawings with client agencies often incorporating complex modifications of these actions, due to unforeseen building restraints or restraints in budgeting activities as it relates to the lease or reimbursable items; and preparing approval documents necessary to complete the occupancy actions.Produces quality conceptual design drawings that incorporate knowledge and acquired skills in drafting, design, and consider construction techniques and specifications, color theory, AutoCAD (computer aided design), and a variety of technical programs that aid in design, visualization, and documenting design projects. Develops procurement package for customer agency furniture procurement action to include typical workstation designs, block furniture floor plans, vendor information, project time schedule, and installation information. Requirements Conditions of Employment US Citizenship or National (Residents of American Samoa and Swains Island)Meet all eligibility criteria within 30 days of the closing dateMeet time-in-grade within 30 days of the closing date, if applicableRegister with Selective Service if you are a male born after 12/31/1959 If selected, you must meet the following conditions: Current or Former Political Appointees: The Office of Personnel Management (OPM) must authorize employment offers made to current or former political appointees. If you are currently, or have been within the last 5 years, a political Schedule A, Schedule C or NonCareer SES employee in the Executive Branch, you must disclose this information to the HR Office. Failure to disclose this information could result in disciplinary action including removal from Federal Service.Serve a one year probationary period, if required.Undergo and pass a background investigation (Tier 2 investigation level).Have your identity and work status eligibility verified if you are not a GSA employee. We will use the Department of Homeland Security’s e-Verify system for this. Any discrepancies must be resolved as a condition of continued employment. Qualifications For each job on your resume, provide: the exact dates you held each job (from month/year to month/year)number of hours per week you worked (if part time). If you have volunteered your service through a National Service program (e.g., Peace Corps, Americorps), we encourage you to apply and include this experience on your resume. For a brief video on creating a Federal resume, click here . The GS-12 salary range starts at $97,376 per year. If you are a new federal employee, your starting salary will likely be set at the Step 1 of the grade for which you are selected. To qualify, you must have at least one year of specialized experience equivalent to the GS-11 level or higher in the Federal service. Specialized experience is preparing hard-line drawings for required design intent documents e.g. demolition/renovation plans, furniture plans, etc.; surveying an agency's space, equipment, work flow, communication and organizational requirements; developing an agency's space and related requirements; specifying furniture and related furnishings; reading and interpreting basic architectural drawings; coordination and designing total interior finish schemes and materials. Undergraduate and Graduate Education: Major study - interior design or other field that included or was supplemented by at least 30 semester hours in interior design, interior architecture, or interior environmental design; or passage of the National Council for Interior Design Qualification (NCIDQ) examination. Additional Information Bargaining Unit Status: This position is eligible for the bargaining unit. Relocation-related expenses are not approved and will be your responsibility. On a case-by-case basis, the following incentives may be approved: Recruitment incentive if you are new to the federal government Relocation incentive if you are a current federal employee Credit toward vacation leave if you are new to the federal government Additional vacancies may be filled through this announcement in this or other GSA organizations within the same commuting area as needed; through other means; or not at all. We are also accepting applications from all U.S. Citizens and Nationals under Vacancy Announcement #10P-2024-0064. You must apply separately to each announcement to be considered for both. GSA is committed to diversity, equity, inclusion and accessibility that goes beyond our compliance with EEO regulations including: Valuing and embracing diversity, promoting equity, inclusion and accessibility, and expecting cultural competence; andFostering a work environment where all employees, customers and stakeholders feel respected and valued. Our commitment is: Reflected in our policies, procedures and work environment;Recognized by our employees, customers and stakeholders; andDrives our efforts to recruit, attract, retain and engage the diverse workforce needed to achieve our mission.","Dr. Lydia S. Rivera practices at Clinica Medical Y Dental De San Ignacio in Lower Bicutan, Taguig. She completed DMD - Doctor of Dental Medicine from De Ocampo Memorial College in 1982. She is a member of Philippine Dental Association and Pasig Pateros Taguig Dental Chapter. Some of the services provided by the doctor are: Cast Partial Denture,Conservative Dentistry,Crowns and Bridges Fixing,Acrylic Partial Denture and Impaction / Impacted Tooth Extraction etc."
p151,Paralegal,"Busy law firm, focusing on real estate. Company Description We suggest you enter details here. Role Description This is a full-time on-site role located in East Greenwich, RI. As a Paralegal at D'Ellena Law Office, your responsibilities will include conducting legal research, preparing legal documents, following up on files, assisting in client comminication, and providing general administrative support to attorneys. Qualifications Qualified candidates for the Paralegal position should have: A cerrificate or bachelor's degree in Paralegal Studies or a related fieldStrong knowledge of legal terminology and proceduresExceptional organizational and time management skillsExcellent written and verbal communication abilitiesProficiency in legal research and document preparation softwareAttention to detail and a high degree of accuracyAbility to work independently and as part of a team","She brings over 15 years of experience supporting attorneys in diverse environments, including in-house at a major automotive manufacturer, law firms, and law libraries. She assists with everything from legal research and document preparation to filings and correspondence."
p152,Colorectal Surgeon,"Boone Health has been named one of America's 100 Best Hospitals! Position Specific Details: Surgeon would join a group of four-five established general surgeons.Option to take general surgery call or to be excluded from call schedule.Option to do general surgery work or to focus solely on colorectal cases.Within practice there is currently a busy colorectal surgeon. Each work closely with the hospital’s GI department and nearby cancer practice to provide comprehensive care to patients.Volume immediately available. Job ResponsibilitiesManages the medical care of assigned patients.Collaborates with patients, families, and members of the health care team to ensure excellent clinical outcomes.Performs and documents histories and physicals in the patient's medical record as required by hospital by-laws. Boone Health has determined this is a safety-sensitive position. The ability to work in a constant state of alertness and in a safe manner is an essential function of this job.Performs Other Responsibilities as Assigned. Minimum QualificationsDegree: DO or MDExperience: 2-5 YearsSupervisor Experience: No ExperienceLicense: Licensed Physician In addition to being a Top 100 Hospital overall, Boone ranked in the Top 100 for Joint Replacement in 2023 and 2024, and received the Patient Safety Excellence Award in 2023 and 2024.","She graduated with honors from Tufts University School Of Medicine in 1995. Having more than 21 years of diverse experiences, especially in REGISTERED DIETITIAN OR NUTRITION PROFESSIONAL, Lauri A Jacobs affiliates with Eastern Maine Medical Center, and cooperates with other doctors and specialists in medical group Eastern Maine Medical Center. Call Lauri A Jacobs on phone number (207) 973-7334 for more information and advises or to book an appointment."
p153,Corporate Counsel - Bankruptcy & Litigation,Vaco Boston has partnered with our client who is seeking a Corporate Counsel to join their in-house legal team. They are looking for a highly motivated individual with litigation and bankruptcy experience. Key Responsibilities include:Handling lawsuits from filing through judgment.Collaborating with internal restructuring and accounting teams with respect to preparing matters for litigation.Assisting with prelitigation mattersEngaging and supervising external local counsel to handle out of state mattersAssisting with other legal matters including bankruptcy and insolvency.Managing out-of-state dockets.Advising and providing legal analysis to business executives Key Requirements/Qualifications:JD requiredLicensed attorney in Massachusetts.4+ years of commercial litigation experience.Corporate/transactional and/or bankruptcy experience a plus.Highly motivated with ability to manage simultaneous projects under deadline pressure in a dynamic and fluid environment.Superior written and verbal communication skills.Ability to work both independently and in a team setting.,"Ms. Craine practices medicine in Macon, GA and specializes in Internal Medicine. Ms. Craine is affiliated with Medical Center Of Central Georgia and Coliseum Medical Centers."
p154,Software Engineer,"Job Summary:As a Software Engineer II, you’ll work on our Automotive Marketing Platform (AMP) product that is changing the way dealers are marketing to customers through email, CRM tasks, text messaging, direct mail, and Facebook with more channels to come. Our applications are written in .NetCore and AWS. We use New Relic, Splunk, and PagerDuty to monitor and alert on our platform. We own and are responsible for our applications from design, development, testing, deployment, and support. Our infrastructure is a mix of on-prem and AWS, and we manage it using Terraform. We use CI/CD best practices to develop, test, and deploy our applications. We use a wide variety of AWS services, including but not limited to Elastic Beanstalk, Elastic Container Service, Lambdas, SQS, Dynamo DB, Terraform, and RDS to process a large volume of data, work with products and architects to learn, and apply those learnings to future product and technical development. Our engineering organization supports addressing technical debt. In addition to working with product owners to prioritize and fix defects as necessary, we reserve one sprint a quarter to work on things that are bugging us. This can include but is not limited to cleaning up noisy alerts, automating manual processes, and revisiting code if we think there’s a better way to do it using the tools we have available. We have an annual Hackathon with winners going on to compete at a higher level within our parent company. We have time reserved on the calendar annually to learn more about both internal and external products. If you want to work on highly performant software running at scale in the cloud, with the ability to both learn new technologies and have an impact on our ability to succeed as a team, organization, and company, this job is for you. Technologies: .NetCore, C#, SQL, AWS (including but not limited to Elastic Beanstalk, Elastic Container Service, Lambdas, SQS, Dynamo DB, Terraform, and RDS), Typescript, Snowflake, dbt, NewRelic, Splunk, K6, SpecFlow, GitHub, Octopus, Resharper Your Role:marketing solutions for expanding our Automotive Marketing Platformbuild, and support cloud-native applications that serve our digital marketing stakeholdersWork with senior-level engineers on the team to implement patterns for our organization that deliver our software products at scale with observability, performance, and securityMentor junior-level engineers on best practices and standardsand build service-oriented architecture solutions, constructing and managing services published to both internal and external consumers, and integrating with complex database and third-party componentswith your agile delivery team to build a culture of passion, trust, and creativityand leverage the automotive digital marketing domain to change the way the world buys, sells, and uses cars Qualifications Required Experience:degree in Computer Science or related field or relevant experience. Advanced technical degree and/or related training a plus.years of multi-threaded server-side web application development experience Compensation:Up to $100k/yr per year annual salary. Exact compensation may vary based on several factors, including skills, experience, and education. Benefit packages for this role include: Benefit packages for this role may include healthcare insurance offerings and paid leave as provided by applicable law.","He speaks Spanish. His areas of expertise include hemorrhoid banding, carotid artery disease, and laparoscopic gastric banding. Dr. Rehnke is professionally affiliated with St. Anthony's Hospital, Largo Medical Center - Indian Rocks Road Campus, and BayCare Physician Partners. He obtained his medical school training at St. George's University School of Medicine and performed his residency at New York Methodist Hospital. His average patient rating is 4.0 stars out of 5. Dr. Rehnke takes Blue Cross/Blue Shield, Coventry, and TRICARE, in addition to other insurance carriers."
p155,Paralegal,"Essential Functions, Responsibility & Duties:- Reviews bit license and LPTC application packages for completeness-Tracks and maintains virtual currency application status reports for use by senior management -Reviews division policies and procedures and monitors implementation -Responds to questions concerning policy or procedures and refers calls to appropriate staff member-Complies and reviews analyses, application memos, and field examination reports-Support the build-out of or enhancements to internal policies and procedures Knowledge, Skills and Abilities:-5+ years of experience as a Paralegal-Must have Paralegal certification -Proven strong analytical and problem-solving skills-Strong attention to detail and organizational skills-Proven communication skills-Ability to multi-task in a fast-paced environment-Must have computer proficiency in Microsoft Office Suite, including Outlook, Word & Excel.","She directed the short films Une femme pour Souleymane (01); J'ai deux amours (05); Ousmane (06); and Saint Louis Blues (09), which played at the Festival. Under the Starry Sky (13) is her feature film debut. 0"
p156,Accounting Services Accountant - CPA Firm,"Job Title: Client Accounting Services Accountant Job Location: St. Louis, Missouri (hybrid) Salary: $55k - $75k Requirements: 1+ Year Public Accounting Exp. Are you currently working for a CPA firm doing client accounting services? If yes, then we'd love to connect with you! We are mid-sized CPA firm in St. Louis that is looking to bring on a Senior that has experience managing clients books A - Z. If this sounds like you then apply right now! Requirements 1+ Yr. Public Accounting Exp.Exp. Managing Clients Books A - ZBachelor's in Accounting Benefits Email Your Resume In Word To Looking forward to receiving your resume through our website and going over the position with you. Clicking apply is the best way to apply, but you may also: Gannon.Daynes@CyberCoders.com Please do NOT change the email subject line in any way. You must keep the JobID: linkedin : GD6-1795876 -- in the email subject line for your application to be considered.*** Gannon Daynes - Recruiting Manager - CyberCoders Applicants must be authorized to work in the U.S. CyberCoders is proud to be an Equal Opportunity Employer All qualified applicants will receive consideration for employment without regard to race, color, religion, sex, age, sexual orientation, gender identity or expression, national origin, ancestry, citizenship, genetic information, registered domestic partner status, marital status, status as a crime victim, disability, protected veteran status, or any other characteristic protected by law. CyberCoders will consider qualified applicants with criminal histories in a manner consistent with the requirements of applicable law. CyberCoders is committed to working with and providing reasonable accommodation to individuals with physical and mental disabilities. If you need special assistance or an accommodation while seeking employment, please contact a member of our Human Resources team to make arrangements.","She is the Yoga Program Director/Partner for Yoga Pod Reno and also teaches out of The Studio Reno. She began teaching yoga in 2009, but has been practicing for more than 15 years. For more information, visit her website at www.om2yoga.com."
p157,Interior Designer,"We are looking for an experienced, dynamic, passionate and detail-oriented Interior Designer to join our wildly creative design team, and to seamlessly integrate into our company culture. Company DescriptionGeorgia Zikas Design is an interior design firm located in West Hartford, CT. Led by Georgia Zikas, a graduate of the New York School of Interior Design, the firm specializes in creating unique and beautiful spaces by combining a passion for antiques, architectural detail, and fine art with a trained understanding of craftsmanship, lifestyle, and composition. With decades of design experience, Georgia and her team of talented design professionals manage projects across the Northeast and beyond. Role DescriptionThis is a full-time on-site role for an Interior Designer located in West Hartford, CT. The Interior Designer will be responsible for space planning, architecture, construction drawings, interior design, and FF&E. The role involves collaborating with clients to bring their vision to life and transforming spaces with the right elements and style. QualificationsSkills in Space Planning, Architecture, and Construction DrawingsAutoCAD, Adobe SuiteStrong background in Interior DesignExperience with FF&E Excellent creativity and attention to detailKnowledge of current design trends and materialsStrong communication and presentation skillsAbility to work collaboratively and independentlyBachelor's degree in Interior Design, Architecture, or related field10+ years of experience in the industry is a plus GZD Company Culture, Core Values:· We provide our clients with Peace of Mind, and an Improved Lifestyle · We LISTEN well – to our clients and to each other · We are Service Driven – we take great care of our clients – we respect their investment · We strive for EXCELLENCE - in everything we do· We are OPTIMISTIC – we solve problems · We have a natural curiosity to learn, to do better, to be better – internally and externally· We uphold our PROFESSIONALISM at every turn – with each other, with clients, with vendors· We have FUN – we share HUMOR","With a firm belief that design should be simple, but never ordinary, David’s passion for interiors and keen eye for detail can be seen in every project he takes on."
p158,Litigation Paralegal,"Litigation Paralegal Prominent boutique Sacramento law firm seeks talented litigation paralegal to join its team. Lots of growth potential for the right candidate. Litigation Paralegal responsibilities include: Discovery including responding to discovery responses and propounding discoveryE-Discovery knowledge including responding to e-Discovery responsesDrafting motions and pleadingsKnowledge of state and federal court rulesTrial PreparationCivil litigation experience is strongly preferred Additional requirements of the Litigation Paralegal role include: 3+ years of experience as a litigation paralegalProficient with the Microsoft Office suite including Word, Excel and OutlookExcellent written, verbal and interpersonal communication skillsFor immediate and confidential consideration, please apply today by submitting a copy of your resume via email in MS Word format. Desired Skills and Experience * Discovery including responding to discovery responses and propounding discovery * E-Discovery knowledge including responding to e-Discovery responses * Drafting motions and pleadings * Knowledge of state and federal court rules * Trial Preparation * Civil litigation experience is strongly preferred All qualified applicants will receive consideration for employment without regard to race, color, national origin, age, ancestry, religion, sex, sexual orientation, gender identity, gender expression, marital status, disability, medical condition, genetic information, pregnancy, or military or veteran status. We consider all qualified applicants, including those with criminal histories, in a manner consistent with state and local laws, including the City of Los Angeles' Fair Chance Initiative for Hiring Ordinance.","She has over 25 years of experience involving residential and commercial sales and purchases, and commercial and residential mortgage security for institutional, business sales and purchases, and leases."
p159,Psychologist,"Pioneer Healthcare Services has an exciting opportunity for an ESY School Psychologist looking to pioneer their way into Travel healthcare. A school district in San Jose, CA is looking for a dedicated School Psychologist to join their team for the 2024 - 2025 Extended school year with the possibility to extend. School Psychologists who work for Pioneer Healthcare Services are dedicated professionals who interact amongst diverse populations and are enthusiastic about the difference they make in their students' lives through assessment and treatment. This can be a travel or a local position. Responsibilities Of a School Psychologist Conducts psychological assessments and develops case studies of individual students to determine educational needs, learning characteristics, and social behavior relevant to educational placement and instructional planning Evaluates the results of tests in relation to the cultural, environmental, and language backgrounds of students Participates in IEP meetings Counsels students individually and in groups to assist them in educational achievement and personal or social adjustment Assists with the organization of, and serves as a leader in, staff development activities in the field of psychological services New grads are encouraged to apply - We will support you through this transition Pioneer Healthcare Services is a San Diego-based staffing and travel recruitment firm that specializes in finding exceptional nursing and therapy positions for its clients across the US. Our experienced staff understands the needs of travelers and offers competitive pay packages to meet those needs, including offering benefits such as: medical, dental, and vision insurance, 401K, housing, meal allowance, incidentals allowance, and even relocation assistance. Professional liability and malpractice coverage, as well as weekly pay with direct deposit, are also provided to each traveler. Licensed Therapists That Pioneer Healthcare Accepts Referrals For Speech Language Pathologist SLP Speech Language Pathology Assistants SLPA ST Physical Therapist PT Physical Therapy Assistant PTA Occupational Therapist OT Certified Occupational Therapy Assistant COTA Psychologist Board Certified Behavior Analyst BCBA Licensed Marriage and Family Therapist LMFT","He graduated with honors in 2007. Having more than 10 years of diverse experiences, especially in NURSE PRACTITIONER, James A Till affiliates with many hospitals including St Tammany Parish Hospital, North Oaks Medical Center, L L C, Riverside Medical Center, and cooperates with other doctors and specialists in medical group Minuteclinic Diagnostic Of Louisiana, L.l.c.. Call James A Till on phone number (985) 892-6811 for more information and advises or to book an appointment."
p160,Physician Anesthesiology,"This position is 40 miles from Atlanta in a charming town with friendly people. The temperature and climate are mild all year, the cost of living is low, and nearby lakes and national forests offer plenty of outdoor enjoyment. As industry leaders and Joint Commission Certified, CompHealth applies over 40 years of tenured experience to your unique situation, preferences, and goals. Contact Darline Morris darline.morris@comphealth.com (203) 663-9385. Join group of 4 MDs and 2 CRNAs, splitting time between two area locationsCompetitive salary plus production bonusesLight call onlyComprehensive benefits with retirement plan, health coverage, and disability insuranceEnjoy 3 weeks of paid vacation plus 5 days of CME timeMalpractice paid and relocation allowance availableLoan repayment assistanceLive and work near scenic trails, farmer's markets, outlet shopping, and art galleriesOur services are free for youWe help negotiate your salary and contractWe coordinate interviews and help with licensesSpecialized recruiters match your career preferencesExperienced support teams take care of every detail","He has served as Literacy Intern at Open Books, Programming Intern at The Poetry Center of Chicago, and Executive Editor at Polyphony HS. His work is forthcoming or published in The Indianola Review and In Transit. Levi is also the Founder and Executive Director of Reacting Out Loud, an independent organization devoted to uplifting poetry and affirming community in Muncie, Indiana. He is dedicated to the craft of poetry and using it to embolden individuals and strengthen community ties."
p161,Assistant RN Manager- Stem Cell Transplant,"Job Summary:The Assistant Nurse Manager will partner with an assigned Nurse Manager to provide oversight for patient care and nursing services on their assigned unit and shift. This includes promotion of quality evidence-based care and patient satisfaction in a fiscally responsive manner. Shift: Night Shift, Assistant Nurse Managers will work 2 x 12-hour shifts as Charge RN, and 2 x 8-hour shifts in an administration role at the UT Health San Antonio Multispecialty & Research Hospital. Job Duties:Directly supervises and evaluates the provision of patient care by other personnel assigned to the unit.Makes daily patient rounds and completes random chart audits.Utilizes opportunities to teach and mentor other nursing and ancillary personnel.Manages staff to meet established productivity targets as appropriate. Reviews staffing/nursing assignments and revises as necessary to meet the specific needs of the patients on a shift-by-shift basis. Coordinates staffing with Central Staffing Office/House Supervisor. Makes ongoing changes to staffing as determined by fluctuations in census and patient acuity, to assure safe delivery of care. Role models pro-active problem solving by collaborating with staff to ensure effective resolution of identified issues.Utilizes chain of command for unresolved or escalating issues and advocates for patients and staff to provide for safe delivery of care and/or a safe environment of care.Demonstrates flexibility and willingness to provide coverage during shifts when staffing crisis/shortage occurs. Provides timely, confidential coaching and/or counseling of nursing personnel as appropriate and follows up with accurate reports to Unit Manager.Promotes and enthusiastically supports professional growth of staff by providing equal opportunities for participation in unit-based activities, patient care/unit decisions, hospital committees, and/or continuing education.Responsible for maintaining/improving/implementing plans for employee engagement scores.Assures first person reporting of events through Event Reporting System. Ensures all staff are competent in entering event reports and serves as a resource when necessary. Investigates facts of event reports. Facilitates timely receipt of these reports for follow-up by the Unit Manager and notifies Nurse Manager/Risk Manager immediately of high-risk situations.Actively participates in routine and special patient care conferences.Responsible for maintaining/improving/implementing plans for patient satisfaction survey scores.Works with Unit Manager, Care Management/Coordination, Physicians, Nurse Navigators, and other disciplines to streamline discharge of patients and achieve goals for discharge efficiency.Collects information and maintains records regarding performance and contributions on an ongoing basis throughout the fiscal year. Provides input and/or conducts annual performance reviews and orientation evaluation of personnel assigned to the unit.Coordinates self-scheduling to maintain appropriate coverage for unit needs. Maintains daily attendance records, monitoring for trends that require intervention i.e., late clock-ins, incremental overtime, missed punches, etc.Assumes delegated responsibility for inventory control of equipment and supplies to ensure safe and effective patient care. Facilitates timely return of rented or borrowed specialty equipment. Solicits staff input regarding equipment and supply needs for the unit.Assists with staff meetings, special projects and the development, implementation, and evaluation of performance improvement activities. Communicates data and solicits input from staff regarding performance and quality improvement i.e., patient safety, infection control.Actively participates on hospital work groups. Assists leadership in conducting accreditation readiness audits to assess compliance with standards.Supports shared leadership structure and works collaboratively to accomplish goals and positively influence and support team members.Performs all other duties as assigned.Qualifications:Bachelor’s degree or higher from an accredited School of NursingThree (3) years of RN experience with at least one (1) year experience in area of specialty and one (1) year in a charge nurse role.Current Texas BON (or Compact State) RN license or Temporary Texas RN License. Should receive permanent TX license within 90 daysAmerican Heart Association Basic Life Support (BLS) certification Specialty Certification preferred: certified Clinical Transplant Nurse (CCTN) or certified Clinical Transplant Coordinator (CCTC) or certified Transplant Preservationist (CTP) Benefits OverviewUT Health San Antonio offers an excellent benefits package for its employees. Employees who work at least 20 hours a week, with an appointment of at least 4.5 months, are eligible for benefits. Medical- UT SELECT Medical insurance is offered free for employees and administered by Blue Cross and Blue Shield of Texas. Family members can be added to the plan through payroll deduction. Employees and their dependents can also receive discounted copays and coinsurance when using UT Health Physicians, a network of 800 premier physicians including more than 100 specialists. Dental - Three dental insurance plan options are available for employees and their families through Delta Dental Insurance Company, two PPOs and one dental HMO plan. Both PPO plans allow employees to choose any licensed dentist. Vision- Fully insured Vision Care benefits are offered by Superior Vision Services. Two vision plan options that offer either standard or enhanced vision benefits. Life Employees receive $40,000 of group term life insurance and $40,000 of basic accidental death and dismemberment insurance for free, with options to purchase additional employee and dependent coverage for both at group rates. Retirement- Employees are eligible for either the Teacher Retirement System (TRS) or the Optional Retirement Plan (ORP). TRS is a defined benefit retirement plan which UT Health matches employee contributions. ORP is for eligible faculty staff employees. Voluntary retirement programs are also available to invest before- or after-tax dollars with the choice of five quality retirement plan providers. Time Off- A generous leave program offers multiple paid leave options: Front-loaded Paid Time Off: 128 to 208 hours (16 to 26 days) of Paid Time Off based on years of service, given at the start of each fiscal year. PTO may be prorated in year one based on date of hire. Extended Illness Bank: 8 hours (1 day) accrued per month which can be used for illness or injury after one day of Paid Time Off is taken. Paid Family Leave: Up to 240 hours (6 weeks) to care for a spouse, child, or parent after 6 months of consecutive employment. Holidays: 12 set paid holidays each year plus three floating holidays, which can be used anytime during the fiscal year. FSAs- Employees can enroll in flexible spending accounts (FSAs) to set aside money from earnings before taxes for qualifying dependent day care expenses or out-of-pocket health care expenses. Discounts- Employees enjoy a range of discounts on services, tickets, and gym membership. UT Health San Antonio is an equal employment opportunity and affirmative action employer. It is our policy to promote and ensure equal employment opportunity for all individuals without regard to race, color, religion, sex, gender identity, national origin, age, sexual orientation, disability, or veteran status.","He is also a PhD candidate at the Free University of Amsterdam studying 17th-century Particular Baptist Covenant Theology. Sam edited God without Passions: A Reader, he wrote God without Passions: A Primer, and he contributed to Confessing the Impassible God."
p162,Vascular Surgeon or Vascular Interventionalist,"Overview United Vein & Vascular Centers is a rapidly growing national healthcare organization specializing in state-of-the-art, minimally invasive surgical vein and vascular treatments. With numerous clinics across Florida, Georgia, Colorado, Arizona, and Illinois, we have positively impacted the lives of thousands of patients. Our team of dedicated physicians and staff work together to deliver exceptional care, utilizing the latest technology and cutting-edge techniques. Join our growing team as we continue to revolutionize the industry and transform lives! Responsibilities Are you an ambitious, Board-Certified General Surgeon, Vascular Surgeon, or Interventional Radiologist/Cardiologist seeking new opportunities? Look no further! United Vein & Vascular Centers (UVVC) is thrilled to announce our expansion, and we are actively seeking talented Physicians to join our dynamic team across the US. With current locations in Colorado, Illinois, Florida, Georiga and Arizona , we are expanding into new markets including six brand new clinics in Dallas and new locations in Houston! Why Choose UVVC? At UVVC, we take pride in offering comprehensive benefits that cater to your needs: Partnership Track: Join us on a path towards a rewarding partnership where you can benefit from the company's success. $50K Sign-On Bonus: Experienced vein/vascular Physicians will receive a generous sign-on bonus if they are licensed in the state to which they are hired. Competitive Compensation: Enjoy a salary guarantee with an uncapped productivity bonus structure. Employed Position: Benefit from a full-time, one Physician per clinic model, providing a supportive work environment. Full Back-Office Support: We've got your back with dedicated assistance in staffing, marketing, revenue cycle management, supply chain, and more! Peace of Mind: Rest easy with company-paid medical malpractice coverage. Comprehensive Health Benefits: Including medical, dental and vision coverage. Work-Life Balance: Enjoy 4 weeks of paid time off and 8 company-observed holidays. Secure Future: Plan for your retirement with a 401k plan and more! About The Practice Flexible Schedule: Monday to Friday, with no weekends, on-call, or major holidays. Outpatient Venous Surgery: Utilize your skills in a modern, state-of-the-art setting. Exciting Growth Opportunities As we continue to expand, we are proud to announce upcoming clinic locations in New York, New Jersey, and more. Join our team and be a part of this exciting journey! If you are a motivated, compassionate, and skilled General Surgeon, Vascular Surgeon, or Interventional Radiologist looking to make a meaningful impact on patients lives, we want to hear from you! For more information about these rewarding opportunities, please reach out to us at physiciancareers@unitedveincenters.com . Take the next step in your career with United Vein & Vascular Centers! Schedule Details Monday – Friday No call, nights or weekends No major holidays Sign-on bonus based on experienced and licensed professionals. Qualifications Must be board certified in Vascular Surgery, General Surgery, Interventional Cardiology or Interventional Radiology Must have an unrestricted medical license and DEA prior to start Vein or vascular experience required.","Dr. Sangeeta Patil practices at Dr. Sangeeta Patil Clinic in Anoop Nagar, Indore. She completed BDS from Government Dental College & Hospital, Mumbai in 1995."
p163,Project Architect,"SmithGroup is an award-winning, integrated design firm that blends research, data and technology with innovation and a creative spirit to deliver resilient, inclusive spaces that solve our clients' greatest challenges. Our teams create exceptional design solutions for healthcare, science and technology, workplace, mixed use, higher education, cultural, waterfront, parks and open spaces, and urban environments. We are looking for passionate problem solvers who want to elevate design, push boundaries and move us closer to a carbon-free future. Care to join us? The Boston office of SmithGroup is looking for a Project Architect with experience in the Science & Technology market to join our team. Working with us, you will: Lead a team of architects to complete technical documents for projects of complex nature (healthcare, science and technology, higher education, commercial).Prepare, coordinate, and complete construction documents packages.Lead day-to-day construction administration activities including coordination with the contractor, owner, and consultants to maintain project progress.Mentor, provide oversight, and monitor the work performed by junior staff.Establish and execute project work plan and staffing requirements.Develop trusted relationships with clients.Participate in recruiting and performance management of staff.Meet with owners and user groups to determine program and planning requirements. An ideal candidate has: A bachelor’s degree in Architecture or equivalent.Minimum 10 years of professional experience.LEED AP preferred. Architectural Registration required.Working knowledge of engineering systems; can successfully engage with professionals in a multi-disciplinary environment.Demonstrated ability to communicate with clients and build client relationships and trust.Strong mentoring, written and verbal communication and organizational skills.High proficiency with Revit, AutoCAD, SketchUp, Photoshop, Illustrator and InDesign.Experience leading other architects and project teams.Demonstrated understanding of code implementation and jurisdiction review.Demonstrated understanding of construction practices and methodologies. SmithGroup's competitive compensation and benefit package is designed to meet the needs of a diverse staff. It includes flexible scheduling, a hybrid work environment, 401(k), parental leave, wellbeing resources, PTO immediately available to new hires, plus 15 extra Fridays off - on top of holidays. Join us and see first-hand how these and other programs - like one-on-one career coaching and professional development opportunities - build culture, enhance collaboration and yield richer, more inclusive solutions. If you are not sure that you meet all of the suggested qualifications described above, please don't leave this page. Your talents and attributes could be just what we're looking for - and we strongly encourage you to apply. If you need additional accommodations to complete the application process, please contact careers@smithgroup.com","She has delivered concept, detail and technical design packages, and has experience in all aspects of exhibition design and delivery. She is a confident communicator and negotiator used to working within the team as well as presenting ideas at meetings with clients and end users."
p164,Staff Accountant,"Staff Accountant – This is a new opportunity within the accounting team! About The Company And Opportunity Work for a company that is one of the largest in their industryThis Staff Accountant position is a newly created role reporting to the Accounting ManagerFast-track opportunity for growthThe company is known for giving back to the communityDynamic and visionary company looking for a Staff Accountant who wants to growStrong compensation and benefitsHybrid work scheduleIf you want to be in a high-growth, fast-paced environment with an innovative company, this could be your Staff Accountant opportunity! Overview Of The Staff Accountant Role This Staff Accountant reports directly to the Accounting ManagerResponsible for full-cycle general accounting, bank reconciliations, month-end close for multiple entitiesMust feel comfortable in Excel Preferred Qualifications For The Staff Accountant Strong Accounting Professional1+ year experience in Accounting","He has to keep track of all the financial transactions and monetary flow going on in the hotel. It’s his duty to record and maintain all the incoming and outgoing money day by day in the hotel. He is responsible for Compiling, Analyzing, Monitoring and Preparing the Financial Accounts of the hotel."
p165,Dentist,"Overview PPO / Fee for service office - No Medicaid Modern large office with latest technology: cone beam, iTero, endo motors in all ops! Potential for salary of $200,000+ a year with consistent new patients! Hybrid schedule with flexibility! M 1-7, T 7-1, W 1-7, T 1-7, 1 Sat/month 2 dedicated assistants Mentorship opportunity alongside tenoured doctor who places implants and much more! Shamblott Family Dentistry welcomes patients of all ages, from children to seniors, at our convenient and comfortable Hopkins-area office. With multiple dentists on staff, we make it easy for patients to receive expert dental care whenever that may be! Amazing full-time opportunity for an experienced dentist to join our highly successful practices in Hopkins, MN! #wirkev Qualifications DDS/DMD from an accredited Dental School Active Dental License in the state of Minnesota DCA is proud to be an equal opportunity workplace. Equal opportunity and consideration are afforded to all qualified applicants and employees. We won't unlawfully discriminate on the basis of gender identity or expression, race, ethnicity, religion, national origin, age, sex, marital status, physical or mental disability, Veteran status, sexual orientation, and any other category protected by law.","He has directed several films the most recent of which, Ned’s Project, was selected as CineFilipino Film Festival’s Best Film. Lorca was trained at the Mowelfund Film Institute and his cinematic skills are characterized by a lack of pretense. His films focus on what is real and logical and strive to never give way to artistic excesses. Lorca attested that his humble upbringing in a small unassuming southern town has contributed to his unadulterated goals and visions. His ideology is clear: simple stories are more beautifully told when executed as purely as possible."
p166,Associate Chiropractor Relocation Assistance,"Are you ready to make an impact in the world of integrated healthcare? Complete Care is searching for an exceptional Chiropractic Physician to join our dynamic team. As our company expands, you will be at the forefront of our mission, providing top-notch chiropractic and physiotherapy care across multiple clinics and locations. If you are a dynamic Chiropractic Physician, get ready for an opportunity that is not just a job – but a journey of innovation. Benefits: Great competitive salary Paid vacation Great hours, flexible!6-week training course Opportunity for advancement Malpractice Insurance Paid Medical, Dental, and Vision Insurance available CEU paid 401k with matching Ongoing clinical and documentation training Requirements: Doctor of Chiropractic degree An active Florida Chiropractic Licensure (in the process of obtaining your license)Commitment to ethical and professional chiropractic practice. Proficiency in Microsoft Office is a must, demonstrating your ability to leverage modern tools for enhanced productivity. Excellent communication skills are non-negotiable. You must be able to communicate clearly and effectively, both verbally and in writing.Salesforce and E-Clinical Works Savvy: If you are well-versed in Salesforce and E-Clinical Works your experience in these platforms is a huge plus. Please see the link below for a video of testimonials from our current Chiropractic team: Complete Care Testimonial Video-Click Here! History- After witnessing a lack of proper assessment and support for patients that have been involved in an accident, we saw a dire need in the community for clinics and doctors who would provide excellent evaluation and treatment of their injuries and the support needed to guide them through the process. This is what led to the family of practices, that is Complete Care. Complete Care consists of Integrative Physical Medicine, Centers for Imaging, and Interventional Associates. Together they provide patients with immediate access to chiropractic care, physiotherapy, state of the art imaging, interventional pain management, and orthopedic specialists. Complete Care offers chiropractic care, physiotherapy, and comprehensive testing. In each clinic, there is an experienced and trained staff eager to help. Our Chiropractic Physicians evaluate, treat, and make appropriate referrals for each patient. We have designated Case Managers who provide support and answer any questions. Our trained doctors and Chiropractic Assistants help each patient with their prescribed therapies and medical equipment. Each administrative staff member provides excellent customer service and a welcoming atmosphere. About Complete Care: Complete Care is a preeminent fully integrated health system that provides exceptional care for the injured, which leverages top-tier talent and leading-edge technologies. Complete Care and its family of practices are characterized by core competencies of cultural, clinical, and operational excellence. We strive to meet every patient’s individual needs with skillfulness and professionalism. We deliver our healthcare services – affordably and to everyone close to where they live and work and we do so in a way that positions us for continued growth in Florida and in the future, nationally. At Complete Care, we take pride in providing equal employment opportunities to everyone regardless of their race, ethnicity, beliefs, religion, marital status, gender, gender identity, citizenship status, age, veteran status, or disability. PM20 Powered by JazzHR PI239313930","Dr.Renuka Girish Nagarale practices at Nagarale Dental Care in Kondhwa, Pune. She completed MDS in Community Dentistry- from SDM College of Dental Sciences, Dharwad in 2011 and BDS from D Y Patil Dental College, Pune in 2004."
p167,Locum | Physician Psychiatry,"When you're ready to expand your personal and professional horizons, pick up the phone and call us. Must have active state licenseBC or BE requiredWeekdays, Days, Call, Weekend call10 - 13 patients per dayCredentialing neededDEA neededCompetitive compensationPre-paid travel and housingPaid AAA-rated claims made malpracticeLicensing assistance and cost reimbursementMember of NALTO","His patients gave him an average rating of 5.0 out of 5 stars. Dr. Boone takes several insurance carriers, including Blue Cross/Blue Shield, Blue Cross Blue Shield Bronze, and Blue Cross Blue Shield HMO."
p168,Primary Teacher – Auburndale Elementary School (2024-2025) - Start Time 8:00,"24-25 Teacher Transfer Instructions: Current JCPS teachers who wish to transfer into this position must click HERE to be considered for this transfer. Transfer requests for this position WILL NOT be considered after 4/24/2024. For more information regarding the JCTA Teacher Transfer Process, please refer to Article 16 from the JCTA contract. If you are not a current JCPS certified employee, you are not eligible to apply for this position. Job Description: (Attached) Salary Schedule: III (Attached) Days/Hours: 187days/7 hours Salary Range: 47,096.47 - 86,228.13 As per board approved salary placement rules Scope of Responsibilites: Plans, organizes and delivers the program of instruction based on approved curriculum; monitors, evaluates, and communicates student progress;maintains records and makes reports; enforces Board policies, regulations, and rules; supervises students, and secures and maintains school property and materials. Minimum Qualifications: Kentucky certification appropriate to the grade level and curricular assignment (K-5) Experience and preparation required by the BoardInformation you enter in the Experience section of the online application will be used to verify your qualification for this position. Information should be entered accurately and completely Falsification of an employment application is grounds for exclusion from consideration and/or termination**","For many years, Jeff has photographed Weddings, Events, Children, Families and High school Yearbooks for private schools. His wide range of experience highlights his extensive skill-set and his passion for quality, customer-based photography. Jeff has pursued excellence in his craft as evidenced by a loyal client base."
p169,[2024-2025] Special Education Teacher - High School,"Company Description We want to meet you! Please join us for our Feb 7th, 2024 High School Career Fair: Sign Up HERE! About KIPP NYC: KIPP NYC Public Schools is a non-profit network of 18 free, public charter schools in the Bronx, Brooklyn and Manhattan. We partner with families and communities to create joyful and rigorous schools in pursuit of a more just world. In 1995 we started our first middle school, KIPP Academy, in the Bronx, with a vision that every child grows up free to create the future they want for themselves and their communities. Today, our network consists of eight elementary schools, nine middle schools, one high school, and KIPP Forward, a comprehensive program to support our students and alumni in choosing and preparing for the educational and career paths that fit their goals and sense of purpose. KIPP NYC currently serves more than 11,000 students and alumni, has a staff of more than 1,000 (11 % of whom are alumni), and continues to grow! Job Description Position Overview: KIPP NYC Special Education Teachers work closely both as a team and with General Education Teachers in order to plan targeted, high-leverage intervention for their students. Our Special Education Teachers seek first to diagnose student challenges and then to design individual programs and differentiated strategies in order to meet specific needs. The team serves students with IEPs and diagnosed disabilities, as well as with students who are identified as at-risk. Responsibilities: Teaching a rigorous college preparatory curriculum that combines the school’s standards and the New York State standardsTeaching students in a high-quality, exciting wayUsing data to drive decisionsCommitting to constant professional and personal growth through working closely as part of a team of teachersConstantly assessing student progress, and communicating results to families and colleaguesProviding individual or small group instruction for students who need additional assistanceModeling a “whatever it takes” spirit to ensure that each student is successfulModeling the school’s values in all communications with students, families, and staff Qualifications Strong interpersonal skills that contribute to a collegial working environment and a healthy measure of the character traits we value: zest, grit, hope, love, social intelligence, gratitude and a sense of humor.At least two years of teaching experience strongly preferredNew York State teacher certification in the appropriate content areaBachelor’s degree requiredA passion for being part of a team-oriented, mission-driven school cultureA strong desire to become a better teacher by joining the KIPP NYC team and familyDemonstrated success in raising the achievement levels of students within our KIPP NYC communities Additional Information Compensation and Benefits: KIPP NYC offers a competitive salary ranging from $69,440 - $142,270 per year. Salaries are determined using an equitable compensation scale that accounts for years of experience relevant to the role, NYS initial or professional certification, and longevity within the KIPP network. KIPP NYC will evaluate a candidate’s years of experience, certification, and longevity at point of hire to determine the step/level a new hire will be placed within our teacher salary scale. KIPP NYC offers a generous benefits package including, but not limited to, the following: Robust benefits that include medical, dental, and vision.Generous Time-Off including 5 school vacation weeks, sick and personal days, and an extended summer break.Up to 12 weeks 100% parental leave.Bright Horizon Back-up Child and Elder care.Employer paid Life Insurance and Short term/Long term disability.Employee incentives including 8 Weeks paid Sabbatical after 10 years, annual professional development funds, and tuition reimbursement. This description is intended to describe the type of work being performed by a person assigned to this position. It is not an exhaustive list of all duties and responsibilities required by the employee. This role is based in NYC and will require travel to our schools. If you relocate outside of a commutable distance or out of the state of NY, your employment will be subject to review, which may include separation from KIPP NYC. It is important that you notify HR if you move or have plans to relocate. KIPP NYC LLC does not offer visa sponsorship or work authorization. KIPP NYC LLC is an anti-racist organization that believes in the importance of being diverse, equitable, and inclusive. We are committed to creating a welcoming environment that includes employees with diverse backgrounds and experiences. We believe that enables us to better meet our mission and values while serving students and families throughout New York City. BIPOC, women, gender expansive, LGBTQIA+, veterans, and persons with disabilities are encouraged to apply. KIPP NYC LLC is an Equal Opportunity Employer. KIPP NYC LLC is committed to the principles of equal employment opportunity for all employees and applicants for employment. #HP2","After Jesus, his passions include his beautiful wife, Sharon, and their four children, as well as coffee and running. He writes at bryanstoudt.com and loves to connect with readers online through Twitter and Facebook."
p170,Special Education Teacher- Middle School,"Job Description Connected Health Care is seeking a collaborative and inclusive Special Education Teacher to join our client's inclusive and friendly Middle School team. This full-time special ed teaching role is based in Yorkana and offers an attractive $45-$50 hourly rate. You will be working in Kindergarten to 6th grade, targeting coping strategies to decrease behaviors. In a typical week, you will be working in these areas: Designing instruction through daily lessons Implementing effective individual and group strategies for students in the areas presented in the curriculum and aligned with the PA Core Standards and in accordance with student IEPs Providing classroom staff with a schedule of assigned duties and responsibilities in the classroom and making suggestions for them to further develop their skills. Education To apply for this Special Education Teacher role, you will need relevant experience in a similar position. You will also require the following: Exceptional attention to detail Exceptional communication and problem-solving skills The ability to work both independently and as part of a team To ability to work on your initiative. If you’re looking to make a positive impact and create change, you'll be rewarded with an excellent contract rate for your inclusive and committed approach. Please reach out to our team today to apply for this contract Special Education Teacher- Middle School position in Yorkana. We'd love to help you get your next role and enable you to fulfill your professional ambitions. Connected Health Care is a healthcare staffing agency specializing in educational staffing, travel nursing, travel allied health, and permanent placement. Our team of professional healthcare recruiters is focused on providing medical professionals with the most fulfilling career path, whether they’re traveling with us for a season or looking for a permanent place to call home. Navigating the world of recruiting is a complex task. Changes in people’s interests, the economy, and technology make every day different. What doesn’t change is our commitment to connecting inspired people with visionary companies.","Writing is something that has always been second nature for him, but it took Jim Morrison’s lines to make him realize poetry was the genre in which he was working. The Virgin Journals (ASD Publishing, 2012) & Still Journaling (e-book, 2013) are full-length volumes written by Travis."
p171,Legal Assistant,"Pay Rate: $25.00/hr on w2 Job Responsibilities • Maintain relationships with key asset managers to streamline documentation and onboarding processes • Liaise with IED Sales and Trading desks, as well as members of Firm’s Legal, IED Negotiation, Risk, Credit, Client Service and Onboarding teams. • Client base includes hedge funds, mutual funds, pensions, insurance companies, banks, corporates and money managers. • Act as primary point of contact with existing clients looking to launch new funds. • Work with outside counsel to perfect security interest for certain jurisdictions. • Monitoring risk reports. Qualifications • Strong verbal and written communication skills; attention to detail; ability to meet deadlines on multiple projects. • Ability and initiative to proactively communicate with senior business unit members as well as clients • Manage ad-hoc projects along with day to day tasks • Comfortable working in an open trading floor environment. • Bachelor’s Degree required. • Proficiency in Microsoft Office","Her areas of expertise include the following: crisis intervention, adoption issues, and depression. She accepts the following insurance: Self-Pay/Uninsured and Medicare. Dr. Lovette is professionally affiliated with Adventist Health System. She is open to new patients."
p172,Lead Python Software Engineer,"Python Software Engineer- Contract (possible conversion to PERM)Schedule: Monday-Friday (1/2 day) Location: Onsite, Downtown, Houston Client: Enterprise Products PartnersRate: $80-$85/hr C2CAcceptable Work Authorization: US Citizens/GC Holder/GC-EAD We are currently seeking an experienced Python Software Engineer to join the Big Data and Advanced Analytics department. The Python Software Engineer will work closely with Data Engineers and Data Scientists to solve real-world oil and gas midstream problems using advanced analytics and machine learning. Responsibilities include:• Work directly with subject matter experts to develop high quality, reliable, scalable, software products.• Design and implement frameworks and tools to streamline the machine learning process• Implement data manipulation and transformation logic to support various use cases.• Leverage software architecture and design patterns to develop fault tolerant microservices • Document code and architectural decisions to support maintainability.• Implement processes to ensure coding standards, code quality, documentation, and test coverage Qualifications• 10+ years of programming experience in Python• Expertise in developing and maintaining data pipelines• Experience in software engineering practices such as Design Principles and Patterns, Unit Testing, Refactoring, CI/CD, and version control• Expertise in Object-Oriented Design Principals and Functional Programming Principals• Experience with common Python Data Engineering packages including Pandas, Numpy, Pyarrow, Pytest, Scikit-Learn, and Boto3• Experience in implementing distributed computing systems• Experience in designing modular, reusable software components• Experience in developing API endpoints and microservices","Her career has spanned both academic and commercial worlds. These have included software systems for X-ray observatory missions, network management, marketing automation, and enterprise Web applications."
p173,Paralegal Assistant,"We are a Firm where people truly believe in what they do and strive to achieve the highest standards of performance and success. Description Provides assistance to paralegals and/or practice assistant teams with a broad range of clerical case-related supporting activities. This includes tasks such as: document numbering and organization, labeling folders, filing and other various projects that do not require advanced training or substantive knowledge of the transaction or litigation. Files, organizes and retrieves documents arranged systematically according to the firm’s system. Performs work under direct supervision. Handles basic issues and problems, and refers more complex issues to higher-level staff. In some practice areas, may have an annual billable requirement of 650 hours. Key Responsibilities Include Under the direction of a paralegal or attorney, applies knowledge to assist in providing support by gathering documents and information for assignments.Collaborates with team to conduct research and analyze documents to prepare reports of findings. (Applies knowledge to assist with proper filing of documents with regulatory authorities, courts, other tribunals, monitors status and distributes copies.Prepare materials (files and/or binders) for trial, arbitrations, mediations, closings, and other practice specific events/meetings.Compile documents in support of briefs and to organize document productions.May be responsible for UCC filings/renewals/lien searches.Maintain status report of open issues.Perform physical and electronic filing, indexing and active file maintenance.Performs special projects and other duties as assigned. This may include backup for other office support areas. Qualifications A minimum of 1 year in paralegal legal support or related experience.Knowledge of Microsoft Office tools.Excellent organizational skills and attention to detailPreferred experience with database and supporting a legal practice group.Accurate computer typing skills.Written communication skills.Ability to lift heavy boxes weighing 35 pounds. Minimum Education Bachelor’s degree in a related field or the equivalent combination in education and experience. Holland and Knight is committed to hiring and retaining a diverse workforce. We are proud to be an Equal Opportunity/Affirmative Action-Employer, making decisions without regard to race, color, religion, gender, gender identity or expression, sexual orientation, national origin, genetics, disability status, age, marital status, protected veteran or any other protected class Benefits: Our goal is to promote a work environment in which individuals have access to the resources they need to be at their best both professionally and personally, which includes resources that encourage individuals to focus on their health and well-being. Below is a list of just some of the benefits we offer: generous paid time off; eleven paid holidays per year; time off for bereavement or jury duty; paid leave for new parents; comprehensive medical (PPO and HDHPs), dental and vision plans including coverage for domestic partners; life and AD&D insurance; short and long term disability insurance; tax-advantaged accounts for health care expenses, including FSA or HSA; FSA for dependent care; supplemental AFLAC policies for medical care; excess liability coverage; health advocacy services; behavioral health and counseling resources for all family members; 401(k); profit sharing; pre-tax transit and parking program; backup care for children and adults; senior care planning support; and resources for individuals with development disabilities and their caregivers. Benefits may vary by position and office. Holland & Knight is committed to hiring and retaining a diverse workforce. We are proud to be an Equal Opportunity Employer, making decisions without regard to race, color, religion, gender, gender identity or expression, sexual orientation, national origin, genetics, disability status, age, marital status, protected veteran or any other protected class. Personal Information collected from applicants will be used for the purpose of processing the application throughout any recruitment or employment process, as well as inclusion in a personnel file. Categories of data collected may include name, address, phone numbers, email, Social Security Number, and signature. Holland & Knight may collect further information if you consent to a background check. This includes criminal background, employment, and certifications. Please visit Legal Information Portal for Holland & Knight LLP’s privacy policies.","Johann is a well-being consultant, and author of the Five Keys to Well-being (Book, CD and DVD). As musician and producer his musical influences include classical music, rock, a deep love of the blues, folk- and world music, easy jazz, ambient electronica, the ECM music series and the Buddha Bar/Cafe Del Mar styles."
p174,Associate Chiropractor Relocation Assistance,"Are you ready to make an impact in the world of integrated healthcare? Complete Care is searching for an exceptional Chiropractic Physician to join our dynamic team. As our company expands, you will be at the forefront of our mission, providing top-notch chiropractic and physiotherapy care across multiple clinics and locations. If you are a dynamic Chiropractic Physician, get ready for an opportunity that is not just a job – but a journey of innovation. Benefits: Great competitive salary Paid vacation Great hours, flexible!6-week training course Opportunity for advancement Malpractice Insurance Paid Medical, Dental, and Vision Insurance available CEU paid 401k with matching Ongoing clinical and documentation training Requirements: Doctor of Chiropractic degree An active Florida Chiropractic Licensure (in the process of obtaining your license)Commitment to ethical and professional chiropractic practice. Proficiency in Microsoft Office is a must, demonstrating your ability to leverage modern tools for enhanced productivity. Excellent communication skills are non-negotiable. You must be able to communicate clearly and effectively, both verbally and in writing.Salesforce and E-Clinical Works Savvy: If you are well-versed in Salesforce and E-Clinical Works your experience in these platforms is a huge plus. Please see the link below for a video of testimonials from our current Chiropractic team: Complete Care Testimonial Video-Click Here! History- After witnessing a lack of proper assessment and support for patients that have been involved in an accident, we saw a dire need in the community for clinics and doctors who would provide excellent evaluation and treatment of their injuries and the support needed to guide them through the process. This is what led to the family of practices, that is Complete Care. Complete Care consists of Integrative Physical Medicine, Centers for Imaging, and Interventional Associates. Together they provide patients with immediate access to chiropractic care, physiotherapy, state of the art imaging, interventional pain management, and orthopedic specialists. Complete Care offers chiropractic care, physiotherapy, and comprehensive testing. In each clinic, there is an experienced and trained staff eager to help. Our Chiropractic Physicians evaluate, treat, and make appropriate referrals for each patient. We have designated Case Managers who provide support and answer any questions. Our trained doctors and Chiropractic Assistants help each patient with their prescribed therapies and medical equipment. Each administrative staff member provides excellent customer service and a welcoming atmosphere. About Complete Care: Complete Care is a preeminent fully integrated health system that provides exceptional care for the injured, which leverages top-tier talent and leading-edge technologies. Complete Care and its family of practices are characterized by core competencies of cultural, clinical, and operational excellence. We strive to meet every patient’s individual needs with skillfulness and professionalism. We deliver our healthcare services – affordably and to everyone close to where they live and work and we do so in a way that positions us for continued growth in Florida and in the future, nationally. At Complete Care, we take pride in providing equal employment opportunities to everyone regardless of their race, ethnicity, beliefs, religion, marital status, gender, gender identity, citizenship status, age, veteran status, or disability. PM20 Powered by JazzHR PI239313930","Axford and the rest of CALA give all kinds of legal consultation to immigrants, but their specialty is political asylum. She said they've seen an increase in walk-in's under the age of 18. Kids who've ended up in New York because the government tries to settle them with family members while they await deportation proceedings."
p175,Dentist MCD,"This opening is a lead dentist role, Managing Clinical Director. At Aspen Dental, we put You 1st, offering the financial security and job stability that comes with working with a world-class Dental Service Organization (DSO). Our best-in-class learning and development training program, competitive compensation, and flexible scheduling will help you thrive in your dental career. Let us handle your business and administrative tasks, so you can focus on what you do best: providing exceptional patient care.    Job Type: Full-time Salary: $200000 – 300000 / Year Location-Specific Offers: Sign-On Bonus - $15000 At Aspen Dental, we put You 1st. We offer:  An income potential that’s twice as high as the average private practice* Full-time and flexible scheduling to suit your lifestyle and career goals** The opportunity to own your practice through the Practice Ownership Program Unlimited access to free continuing education (live and online) to keep your skills and knowledge up to date A cutting-edge surgical training center to expand your scope of practice A fun and supportive culture that encourages collaboration and innovation A generous benefits package that includes paid time off, health, vision, and 401(k) savings plan  Back-end support to allow you more time to focus on your patients: finance, IT, marketing, billing, HR, call center, learning and development, plus so much more Source: ADA Health Policy Institute 2017 Survey of Dental Practice. May vary by independently owned and operated Aspen Dental location.   You’ll achieve success by:  Leading a patient-centric team that respects your clinical judgment and leadership Assuming excellent quality of care for all patients while adhering to the highest standards of dental practice ethics and professionalism Conducting comprehensive full mouth exams and diagnosing dental conditions Offering treatment planning options and discussing them with patients Providing high-quality clinical treatments with excellence and efficiency Maintaining an awareness of the budget and working in conjunction with Operations team to attain financial objectives Mentoring and coaching new dentists and an entire team of dental professionals Keeping abreast of new developments in dentistry through continued education and professional development Networking with professional groups, dental associations, and dental societies to represent Aspen Dental-branded practices in the greater community    Qualifications:  Must be a DDS or DMD from an accredited school Aspen Dental-branded practices are independently owned and operated by licensed dentists. The practices receive non-clinical business support services from Aspen Dental Management, Inc., a dental support organization.  ADMI Corp., d/b/a TAG-The Aspen Group, its affiliates, related companies and independently owned supported clinical practices are proud to be Equal Opportunity Employers and welcome everyone to apply. All qualified applicants will receive consideration for employment without regard to race, color, religion, sex, gender identity, sexual orientation, national origin, or protected veteran status and will not be discriminated against on the basis of disability. R2024-007723","Dr. Tzemis earned his dental degree at the University of Toronto, Faculty of Dentistry. He graduated with the distinguished J.G. Bourassa Cup and the S.A. MacGregor Award. Dr. Tzemis is a past Clinical Instructor at the University of Toronto Faculty of Dentistry, past President of the Toronto Academy of Cosmetic Dentistry (2012-2014) and a Clinical Director for the Frontier Institute (formerly the California Center for Advanced Dental Studies). Through his extensive training at the Pacific Training Institute for Facial Aesthetics, the Pankey Continuum, the University of Toronto’s Faculty of Dentistry Implant program and the Frontier Institute, Dr. Tzemis has developed a diverse skill-set in the field of facial rejuvenation and cosmetic dentistry."
p176,Associate Chiropractor Relocation Assistance,"Are you ready to make an impact in the world of integrated healthcare? Complete Care is searching for an exceptional Chiropractic Physician to join our dynamic team. As our company expands, you will be at the forefront of our mission, providing top-notch chiropractic and physiotherapy care across multiple clinics and locations. If you are a dynamic Chiropractic Physician, get ready for an opportunity that is not just a job – but a journey of innovation. Benefits: Great competitive salary Paid vacation Great hours, flexible!6-week training course Opportunity for advancement Malpractice Insurance Paid Medical, Dental, and Vision Insurance available CEU paid 401k with matching Ongoing clinical and documentation training Requirements: Doctor of Chiropractic degree An active Florida Chiropractic Licensure (in the process of obtaining your license)Commitment to ethical and professional chiropractic practice. Proficiency in Microsoft Office is a must, demonstrating your ability to leverage modern tools for enhanced productivity. Excellent communication skills are non-negotiable. You must be able to communicate clearly and effectively, both verbally and in writing.Salesforce and E-Clinical Works Savvy: If you are well-versed in Salesforce and E-Clinical Works your experience in these platforms is a huge plus. Please see the link below for a video of testimonials from our current Chiropractic team: Complete Care Testimonial Video-Click Here! History- After witnessing a lack of proper assessment and support for patients that have been involved in an accident, we saw a dire need in the community for clinics and doctors who would provide excellent evaluation and treatment of their injuries and the support needed to guide them through the process. This is what led to the family of practices, that is Complete Care. Complete Care consists of Integrative Physical Medicine, Centers for Imaging, and Interventional Associates. Together they provide patients with immediate access to chiropractic care, physiotherapy, state of the art imaging, interventional pain management, and orthopedic specialists. Complete Care offers chiropractic care, physiotherapy, and comprehensive testing. In each clinic, there is an experienced and trained staff eager to help. Our Chiropractic Physicians evaluate, treat, and make appropriate referrals for each patient. We have designated Case Managers who provide support and answer any questions. Our trained doctors and Chiropractic Assistants help each patient with their prescribed therapies and medical equipment. Each administrative staff member provides excellent customer service and a welcoming atmosphere. About Complete Care: Complete Care is a preeminent fully integrated health system that provides exceptional care for the injured, which leverages top-tier talent and leading-edge technologies. Complete Care and its family of practices are characterized by core competencies of cultural, clinical, and operational excellence. We strive to meet every patient’s individual needs with skillfulness and professionalism. We deliver our healthcare services – affordably and to everyone close to where they live and work and we do so in a way that positions us for continued growth in Florida and in the future, nationally. At Complete Care, we take pride in providing equal employment opportunities to everyone regardless of their race, ethnicity, beliefs, religion, marital status, gender, gender identity, citizenship status, age, veteran status, or disability. PM20 Powered by JazzHR PI239201772","He obtained his PhD from the University of Illinois at Chicago and performed his postdoctoral research at the California Institute of Technology. During his postdoctoral work, Senthil identified the transcription factor Nrf1 as a mediator of the proteasome recovery/compensatory pathway that is activated in response to proteasome inhibition. Currently, Senthil’s research program is aimed at understanding the cellular protein degradation pathways with a specific focus on the Nrf1-proteasome axis. Apart from exploring the molecular mechanism behind these pathways, Senthil’s laboratory is also interested in translating these findings into therapies for various human pathologies including cancer, neurodegeneration, and NGLY1 disease."
p177,Associate Attorney,"Hiring Immediately!Nevada Licensed AttorneyAttorney/Associate Attorney Lic. in NV - (Insurance Defense and/or Construction Defects Exp. REQ)*Pay commensurate to experience. We are seeking an Associate Attorney for a remote position that pays up to $150K, DOE, with excellent benefits. An attorney who has experience in construction defects and/or insurance defense, to join the legal team of a successful multi-state firms LV location. The Associate Attorney will be responsible for providing legal support and assisting with various legal matters. The ideal candidate will have experience in legal drafting, research, and civil defense litigation. Responsibilities for Associate Attorney:- Draft and review legal documents, including contracts, pleadings, and briefs- Assist with case management and preparation for hearings and trials- Be able to handle a case from start to finish.- Communicate with clients, opposing counsel, and other parties.- Negotiate settlements and participate in mediation or arbitration proceedings- Attend court hearings and represent clients in litigation matters Experience - for Associate Attorney:- Juris Doctor (J.D.) degree from an accredited law school- Admitted to the Nevada state bar- Strong knowledge of legal principles and procedures- Ability to write clear and concise legal documents- Strong analytical and problem-solving abilities- Detail-oriented with exceptional organizational skills We offer a competitive salary commensurate with experience. Benefits package includes health insurance, retirement plan, paid time off, and professional development opportunities.If you are a motivated individual looking to grow your career in the legal field, we encourage you to apply for the position of Associate Attorney. Please submit your resume, cover letter, and writing sample for consideration. I can be reached directly at Robert@Elitesourcing.llcJob Type: Full-time Pay: Up to $140,000.00 per year Benefits:401(k)401(k) matchingDental insuranceHealth insuranceLife insurancePaid time offVision insuranceSchedule:8 hour shiftMonday to FridayExperience:Insurance Defense Lit. or Construction Defects: 3 years (Required)License/Certification:Nevada State Bar (Required)Ability to Relocate:Las Vegas, NV: Relocate before starting work (Required)","Phillip earned a bachelor’s degree in Political Science from the University of Colorado in 2002, and his Juris Doctorate from the University of Denver, Sturm College of Law in 2006. Since graduation, Phil has gained experience as a legal assistant and office administrator. Instead of practicing law, Phillip prefers the organizational, problem solving, and logistical management side of the law. Prior to joining Vicente Sederberg, Phillip worked for the Jefferson County Attorney’s Office as a paralegal assisting with matters of zoning violations and civil litigation. Phillip has been responsible for a wide range of tasks in his career, such as: planning continuing legal education events; analyzing research from mock trials and focus groups; assisting with complicated compliance issues; and assisting with litigation in civil lawsuits."
p178,Registered Dietitian,"About us:We are the world’s largest telenutrition and foodcare solution, backed by a national network of Registered Dietitians and designed to yield consistently healthier food choices, lasting behavior change and long-term results. Foodsmart’s highly personalized, digital platform guides members through a personalized journey to eating well while saving them time and money. Foodsmart seamlessly integrates dietary assessments and nutrition counseling with online food ordering and cost-effective meal planning for the whole family that makes the most of ingredients at home and on the go. With national and regional retail partners across the US now accepting SNAP/EBT, Foodsmart helps bring healthier food within reach to eligible members and can also assist with SNAP enrollment. Foodsmart has supported over 1.8 million members from over 700 health plan, employer and health system clients, with leading strategic and venture investors like Advocate Health, Intermountain Health, Memorial Hermann, Blue Cross Blue Shield of Massachusetts, Mayfield Fund and Founder Collective. Learn more at www.foodsmart.com About the role:Foodsmart is seeking Registered Dietitians (RDs) to support the comprehensive nutrition care mission of Foodsmart Nutrition Network, which is grounded in removing the financial barriers in accessing and affording healthy food. Our Foodsmart RDs leverage Foodsmart's digital platform to provide a broad range of nutrition and health-related consultations, ultimately helping our members stretch their food dollar, eat healthier, and reduce the risk of chronic disease. In this role, you'll have the ability to truly change the lives of the members we serve, many of whom are Medicaid members and from underserved communities. You will tackle the root causes of food and nutrition insecurity. This means that you will provide MNT in multiple capacities, including supporting your patient in accessing and using SNAP benefits, affording and buying groceries digitally on Foodsmart's marketplace, and building healthier eating and shopping habits for life. Foodsmart removes the barriers that prevent so many people from eating healthier--so that you, as an RD, can have a major impact on each and every member. Role ExpectationsYou find value in developing lasting relationships with your patients, as clinically appropriate, to support them towards sustainable behavior change and improved health outcomesYour patient satisfaction score, as measured by NPS, is high (>80)You're passionate about improving access to healthy and affordable food You will:Provide individualized medical nutrition therapy (MNT) via remote sessions to patients with a variety of health and lifestyle needsProvide digital shop-alongs to help patients use their grocery money on Foodsmart's digital platformSupport your patient in completing regular nutrition assessments via Foodsmart's proprietary nutrition quizDocument care in electronic medical record according to Nutrition Care ProcessManage a panel of clients/patients with a variety of chronic health conditions and backgroundsCommunicate effectively and empathetically with clients/patients through HIPAA-compliant video and audio calls and electronic messaging You are:Proactive and act as an advocate for your customersDriven by Foodsmart's mission: you get satisfaction from helping Medicaid populations that are regularly underservedWell-versed at nudging your patient from the ""pre-contemplation"" to ""contemplation"" stage and beyondExcited about working in a start-up environment, where your feedback and insights can help drive improvements to our workflowsA self-starter with an independent approach, adept at learning new technologiesSuccessful at motivating patients to continue their care journey with you, supported by a strong clinical background and experience in motivational interviewing You have:Active credentialing as a Registered Dietitian by the Commission on Dietetic Registration (CDR) and Licensed DietitianActive state licensure in OregonAbility to work in the U.S. Role: Registered DietitianLevel: 2+ years clinical experienceLocation: RemoteBase Salary Range: $50,000/yr + Bonus potential of up to $26,000 - $40,000 About our benefits and perks: Remote-First Company12 days PTO11 Company holidaysHealthcare Coverage (Medical, Dental, Vision)401k and Bonus potentialFlexible hoursGym reimbursement Foodsmart is an equal opportunity employer and values diversity. We do not discriminate on the basis of race, religion, color, national origin, gender, sexual orientation, age, marital status, veteran status, disability status, or any other protected class.",She works at the American Diabetes Association as the Associate Director of Evaluation and Outcomes Research. In this role she oversees the measurement and translation of data-driven outcomes of the Association’s initiatives to drive strategies and programmatic enhancements. She received her BS in Biological Sciences from Cornell University and her MSPH with a concentration in nutrition from Johns Hopkins Bloomberg School of Public Health. She completed her dietetic internship through Johns Hopkins’ coordinated program.
p179,Assistant Professor of Psychology,"RESPONSIBILITIES AND QUALIFICATIONS: The University of the Ozarks invites applications for a current opening as a tenure-track Assistant Professor of Psychology beginning August 2024. Preference will be given to those candidates that have earned a Ph.D. degree in Psychology by the time of employment, although ABD will be considered. The area of specialization is open, although applicants with expertise in I/O or Social Psychology are preferred. The desired applicant should have college teaching experience and demonstrate successful student-centered teaching outcomes. In addition, applicants should desire to working as a team to promote our growing and popular psychology program. The primary responsibilities of this position include the teaching of psychology courses in a range of content areas, including I/O, social psychology, related subfields and introductory courses. Additional opportunities to enhance the Psychology program’s curriculum with additional courses and research that incorporates student involvement are available. The University values personal attention and collegiality, and a familiarity with and understanding of a small residential campus are highly desirable. Candidates should demonstrate a strong interest in working with a culturally diverse student body. Excellent communication skills and strong support of the University's mission are also required. ABOUT THE UNIVERSITY OF THE OZARKS Ranked in the Top 10 of Southern regional comprehensive baccalaureate institutions by U. S. News & World Report, University of the Ozarks is a Presbyterian-related institution that blends the liberal arts and professional preparation in a student-centered environment emphasizing quality teaching and student learning. The University serves approximately 800 undergraduate students on a beautiful campus in Clarksville, Arkansas, located along Interstate-40 approximately 90 miles northwest of Little Rock, and nestled between the Arkansas River and the Ozark Mountains. The University serves students from diverse religious, cultural, educational and economic backgrounds and welcomes students from throughout the U.S. and from more than 20 countries around the world. Knowing that diversity contributes to academic excellence and rich and rewarding communities, Ozarks is committed to recruiting and retaining a diverse faculty, staff and student body. The University is especially interested in applicants with diverse backgrounds and experiences and those with a successful record of teaching and working with diverse students, including historically underrepresented minority students and other underserved populations. Recent fundraising campaigns have enhanced facilities, academic programs and other campus initiatives. For more information about University of the Ozarks, visit www.ozarks.edu.. APPLICATION PROCEDURESReview of applications will begin immediately and will continue until the search is completed. Please send:a letter of applicationvitastatement of teaching philosophythree current letters of reference, at least one of which addresses teaching abilityto: humanresources@ozarks.edu","He has over 35 years of experience in a variety of building types, including commercial, institutional, sports & entertainment, health care, facilities for the aging, large scale parking structures, master planning & urban design, and multi-family and high-end custom residential projects."
p180,Surgeon,"Veterinary Trauma Surgeon, Entrepreneur, and Visionary Needed! ***No Non-Compete!!!*** Emergency Veterinary Hospital & Specialty Center of Eugene/Springfield, Oregon – is looking for a board-certified Veterinary Surgeon that has an Entrepreneurial mindset! Are you interested in having the autonomy to build out your department with the equipment and team members necessary to provide legendary customer service and care for our community? If so, let’s make it happen! We are looking for someone that understands what it takes to create and lead a successful team, communicate effectively, decisive, can see failure as an opportunity to learn and grow, confident and resilient, and someone naturally curious that can take a risk – Always looking for new opportunities and ways to improve everything around you to include you as a surgeon! Someone committed to a servant leader-oriented approach, seeing and appreciating the genuine value of all team members. About Our Hospital and Team: The Emergency Veterinary Hospital & Specialty Center of Eugene-Springfield is a brand-new state-of-the-art facility, now expanded to over 12,000 square feet, boasting cutting-edge facilities and equipment, including a brand-new Toshiba 128 slice CT modality for advanced imaging. As a part of our legacy, we have been AAHA accredited practice since 2008, and we are committed to providing the best quality of medicine to our patients. At the Emergency Veterinary Hospital & Specialty Center, you will work closely with our long-time Medical Director and practice owner, Dr. Max Rinaldi, along with our experienced Hospital Administrator, Dave Berg. Dr. Rinaldi is a member of the Veterinary Emergency and Critical Care Society and the American Veterinary Medical Association, and he brings a wealth of experience and passion to our team. EVH also boasts a tenured team with a well-established in-house administration and leadership group that provides stability, support and an awesome culture of collaboration and professional growth that promotes personal and professional well-being. Partnering with the Lakefield Veterinary Group, we are building out our specialty offerings to enhance the level of care in our area, working directly with over 50+ referring general practice hospitals. As part of our legacy, for over 40 years we have been the longest tenured provider of emergency and critical care services in the South Willamette Valley, serving over 10,000 patients annually. For more information, please click on the link below to view our video: Join Our Team - Emergency Veterinary Hospital (emergencyvethosp.com) We OFFER: Very Competitive base salary!Monthly Production Bonus - (No Negative Accrual)!!NO NON-COMPETE!!!!Generous Sign-On Bonus/Relocation Assistance!Leadership Opportunity/Specialty Chief of Staff position availableMedical, Dental, Vision, Life insurance - with company contribution HSA accountGreat work schedule with generous PTO for optimal work-life balance and 6 Paid Holidays!!Practice freedom - no corporate protocols or mandatory formulary!Annual Continuing Education allowance401k with company match!DEA and State licensure reimbursementAVMA PLIT Professional Liability Insurance covered!Uniform Allowance and Team Member Discounts!National Parks Pass to explore the Beautiful PNW! Life in Eugene and Springfield: Located in the Eugene and Springfield area (the heart of Western Oregon), our hospital is surrounded by a plethora of opportunities for outdoor recreation, making it a dream destination for nature lovers. Eugene has been recognized as a Bicycle Friendly Community by the League of American Bicyclists, with over 50 miles of off-street biking and hiking trails, making it easy to stay active and healthy. Wine enthusiasts flock to the many world class vineyards located throughout the Willamette Valley. With the Cascade and Coastal Mountain ranges flanking the area, there are ample opportunities for hiking, cycling, boating and much more. Our hospital is just a short drive from pristine beaches found along the Oregon Coast and only an hour and a half south of Portland, a bustling metropolitan area. In Eugene and Springfield, you will find a diverse culture, a wide variety of restaurants, theaters, parks, and recreation, making it a perfect place to call home. If you are ready to make your vision come to life, please contact Dave Berg, Senior Hospital Administrator at: dave.berg@lakefieldvet.com","In addition to English, Dr. Baron speaks Spanish. Areas of expertise for Dr. Baron include eyelid surgery, breast reconstruction revision, and dermabrasion. She is affiliated with Wellstar Windy Hill Hospital. She obtained her medical school training at Meharry Medical College and Baylor College of Medicine and performed her residency at a hospital affiliated with Baylor College of Medicine. Dr. Baron has received a 5.0 out of 5 star rating by her patients. She takes several insurance carriers, including Humana HMO, Humana Bronze, and Humana Catastrophic. She has received professional recognition including the following: Professional Recognition: Cast of Atlanta Plastic, Lifetime."
p181,Graduate Nurse Rotational Program: UPMC Mercy – Trauma/Burn Track (Spring 2024 Graduates),"Are you graduating in Spring 2024 from nursing school and looking to launch your nursing career? Our Graduate Nurse Rotational Program may be the perfect fit! You will rotate through various units within the hospital to gain valuable and varied experience while working alongside an experienced nurse to help mentor and guide you in your learning. About UPMC Mercy: Located in downtown Pittsburgh, UPMC Mercy is the region’s only combined Level 1 Trauma Center and Comprehensive Burn Center. It is also the home and hub of the UPMC Rehabilitation Institute. As Pittsburgh’s only Catholic hospital, UPMC Mercy works to provide compassionate quality health care to all people. What is the Graduate Nurse Rotational Program (GNRP)? UPMC Mercy is pleased to announce we are NOW HIRING Graduate Nurses as full-time Professional Staff Nurses to support various hospital units as part of a special Rotational Program. The GNRP will begin in August 2024. Previous participants have had the opportunity to rotate through various units including 11E Ortho/Trauma Burn, Emergency Department, 7E Rehabilitation and Trauma Burn Center for 12 months. Why Join the Graduate Nurse Rotational Program? Opportunity to explore and find your right ‘home’ in nursing at UPMC Fantastic opportunity to learn from many talented nurses and receive a broad education in nursing Having a resource pool nurse as a mentor Having preceptors for each rotation What Can You Expect as a GNRP Professional Staff Nurse? The Professional Staff Nurse provides highly competent patient care and treatment while demonstrating empathy and a passion for learning. A role that requires independent judgment, fluent communication, and candid partnership, the Professional Staff Nurse establishes relationships with physicians, other care providers, patients, and patients’ families to achieve desired patient outcomes throughout the continuum of care. As a Professional Staff Nurse and a member of the care delivery team, you will set the standards for the level and quality of nursing care and possess authority and accountability for its provision. At all times, you will exemplify a commitment to the community and to the nursing profession. How Does UPMC Support our Nurses? UPMC is committed to investing in nurses like you –financially, personally, and professionally –starting on day one of your career. From tackling student loans to advancing your career later in life, UPMC is the partner you need to succeed and thrive in your nursing career. Here are a few examples of how we support our nurses: Generous Sign-On Bonus of up to $10,000* for Graduate Nurses (*Amount and eligibility based on type of nursing role and candidate experience) UPMC’s Monthly Loan Repayment program, for 2023 & 2024 nursing graduates, offering $20,000* in loan repayment paid over three years (*Eligible flex full-time RN roles to receive prorated amount) Up to five and a half weeks of Paid Time Off annually, plus seven paid holidays each year Dedicated career ladders allowing you to achieve your highest potential while rewarding you for your experience and advanced education Tuition reimbursement of up to $6,000 per academic year at any accredited institution, available to employees and their dependents (plus other educational discounts for UPMC employees, including no-cost RN-BSN/MSN options!) Top clinicians, leading researchers, and the most modern equipment and technology in health care today What Does Placement Look Like Post-GNRP? Upon completion of the Graduate Nurse Rotational Program, placements are determined by participant preference, Hiring Manager preference, and business need through a collaborative matching process at UPMC Mercy. Applicants will be placed in the appropriate job title and salary from the My Nursing Career Ladder based on their individual experience and education. Shift/Hours: Our RNs work a rotating 12-hour schedule to ensure 24/7 coverage on the floor. Typical shifts include 7am and 7pm shift times. GNs must be eligible for State Board Licensure and successfully pass the examination before beginning this role. BSN Preferred Completion of UPMC Student Nurse Internship Program or student clinical transitions course at UPMC preferred The individual must be able to demonstrate the knowledge and skills necessary to provide care and/or interact appropriately to the ages of the patients served by his/her assigned unit as specified below. They must also demonstrate knowledge of the principles of growth and development over the life span and possess the ability to assess data reflective of the patient’s status and interpret the appropriate information needed to identify each patients requirements relative to his/her age-specific needs and to provide the care needs as described in the department policy and procedures. Ability to establish and maintain positive, caring relationships with executives, managers, physicians, non-physician providers, ancillary and support staff, other departments, and patients/families. Ability to work productively and effectively within a complex environment, handle multiple/changing priorities and specialized equipment. Critical thinking, analytical and problem-solving abilities required as related to various aspects of patient care. Good clinical judgment. Critical thinking skills necessary to exercise and to lead others in application of the nursing process. Licensure, Certifications, and Clearances: Current Pennsylvania licensure as a Registered Professional Nurse required prior to program start date. CPR required based on AHA standards that include both a didactic and skills demonstration component within 30 days of hire Act 34 Criminal Clearance ACT 73 FBI Fingerprinting Clearance ACT 33 Child Abuse Clearance Basic Life Support UPMC Is An Equal Opportunity Employer. Minority/Females/Veterans/Individuals With Disabilities Annual","She is the author of “Agency Self-Insulation Under Presidential Review,” published in the Harvard Law Review, as well as a forthcoming paper on how agencies internalize cost-benefit analysis."
p182,Dentist - $600-$700/day,"Seeking Dentist in Hershey, PA - Great pay and benefits! We are looking for the right candidate for a Full Time Dentist position in a very busy general practice located in Hershey, Pennsylvania. We offer a family oriented environment and team oriented staff. EFDAs on staff to increase efficiency. Potential for growth is only limited by your ability. Position available for immediate start. In this role, you will be replacing the owner but they will still be available for mentorship if candidate wishes. Office is convieniently located to Harrisburg, Lebanon and Lancaster. Schedule: Full Time Compensation: Daily Minimum ($600-700) depending on experience is given for up to six monthsProduction percentage401K with matchHealth InsurancePaid Time OffReimbursement for DEA/ Dental License/ MalpracticeCE AllowancePotential for profit sharing once established Dentist Requirements and Qualifications: D.D.S. or D.M.D. from a school accredited by Commission on Dental Accreditation (CODA) and American Dental Association.Must have valid PA license.Certification in CPR.Good interpersonal skills and communication.Compassionate and caring of patients.Complies with all office, local, state, and American Dental Association regulations, protocols, and procedures.Apply today! Skills:General Practice Benefits:Medical401kPTO Compensation:$600-$700/day PandoLogic. Keywords: Dentist, Location: Hershey, PA - 17033","Dr. Vaishali Sharma practices at 32 Forever Advance Dental Centre in Malviya Nagar, Delhi. She completed BDS from NIMS Dental College in 2014. Some of the services provided by the doctor are: Cosmetic Filling,Smile Design and Dental screening and prophylaxis etc."
p183,Orthopedic Surgeon,"Job Description & Requirements Orthopedic Surgeon StartDate: ASAP Pay Rate: $680000.00 - $680000.00 One of the largest orthopedic groups in the Twin Cities is seeking a board-eligible or board-certified Orthopedic Surgeon to join its team of experienced surgeons. While performing general cases, you’ll have the assistance of an exceptional support staff and large network or providers. Opportunity Highlights$680,000 salary guaranteeAffiliated with TRIA Orthopedics brand and large networkExcellent support staff, including a dedicated PA$50,00 sign-on and up to $12,000 for relocation Community Information Located just 60 miles away from the Twin Cities, our community is a unique and vibrant place that offers a perfect blend of history, culture, and natural beauty. Our downtown area has been listed on the National Register of Historic Places and boasts beautiful historic buildings, shops, restaurants, and galleries. You can enjoy an abundance of outdoor recreation options at our 51 parks, bike trails, and chain of lakes. The Crow River runs through our community, providing opportunities for activities such as fishing, canoeing, and kayaking.Our community boasts a strong educational system with numerous public schools, private schools, and higher education institutions.Medscape ranks Minnesota #3 in “Best Places to Practice” for 2023. Required Qualifications The ideal candidate will be a board-eligible or board-certified Orthopedic Surgeon comfortable performing general orthopedics. MD or DO candidates will be considered. Board-certified or board-eligible candidates required Job Benefits About the Company At AMN Healthcare, we strive to be recognized as the most trusted, innovative, and influential force in helping healthcare organizations provide quality patient care that continually evolves to make healthcare more human, more effective, and more achievable. Orthopedic Surgery, Orthopaedic Surgery, Os, Orthopedic Surgeon, Orthopaedic Surgeon, Orthopedic Physician, Orthopaedic Physician, Orthopedics, Orthopaedics, Physician, Healthcare, Health Care, Patient Care, Hospital, Medical, Doctor, Md, Foot And Ankle Surgery, Foot/Ankle Surgery, Foot, Ankle","He graduated from National University Of Health Sciences / National College Of Chiropractic in 1998 and specializes in chiropractic, physical medicine & rehabilitation pain medicine, and more.Read his story"
p184,Interior Designer - Kitchen and Bath,"Studio 1220 is seeking an experienced interior designer specializing in kitchen and bath to join our team. You will be responsible for guiding clients from the initial planning phase through construction and the final completion of projects. To succeed in this role, you must have design experience, a combination of creativity, technical skills, and superb interpersonal skills. ResponsibilitiesClient consultationsJob-site visits to assess space, measure, and gather essential information.Creating functional layouts & renderings in 2020 Design. If you have no experience in this software, please include what software you have experience with, in your resume.Present design concepts considering functionality, aesthetics, and product specifications.Selecting materials with the client to fit their aesthetic taste and budget.Detailed cost estimates for materials & labor for each project.Project management, including detailed drawings packages, materials lists, and item specifications for contractors to follow.Managing your own schedule and multitasking between design and sales tasks.Stay informed about the latest trends, materials, and technologies in kitchen and bath design.Assisting with visual merchandizing in the showroom QualificationsBachelor’s degree, Interior Design program preferred2 years of Bathroom and Kitchen design experienceProven successful experience as a salespersonOutstanding graphic presentation skills and the ability to communicate design ideas quickly.Passion for design and entrepreneurial spirit","Previously practicing at a leading global financial institution, Mr. Bauer was tasked with operational risk assessments of collection and default law firms, which included evaluation of compliance with state and federal laws and regulations, as well as contractual client requirements. Mr. Bauer additionally completed three legal internships during his studies at The Ohio State University College of Law, including the Industrial Commission of Ohio, Franklin County Prosecutor’s Office, and the U.S. District Court for the Northern District of Ohio as an Extern to Judge David A. Katz."
p185,Accounting Services Accountant - CPA Firm,"Job Title: Client Accounting Services Accountant Job Location: St. Louis, Missouri (hybrid) Salary: $55k - $75k Requirements: 1+ Year Public Accounting Exp. Are you currently working for a CPA firm doing client accounting services? If yes, then we'd love to connect with you! We are mid-sized CPA firm in St. Louis that is looking to bring on a Senior that has experience managing clients books A - Z. If this sounds like you then apply right now! Requirements 1+ Yr. Public Accounting Exp.Exp. Managing Clients Books A - ZBachelor's in Accounting Benefits Email Your Resume In Word To Looking forward to receiving your resume through our website and going over the position with you. Clicking apply is the best way to apply, but you may also: Gannon.Daynes@CyberCoders.com Please do NOT change the email subject line in any way. You must keep the JobID: linkedin : GD6-1795876 -- in the email subject line for your application to be considered.*** Gannon Daynes - Recruiting Manager - CyberCoders Applicants must be authorized to work in the U.S. CyberCoders is proud to be an Equal Opportunity Employer All qualified applicants will receive consideration for employment without regard to race, color, religion, sex, age, sexual orientation, gender identity or expression, national origin, ancestry, citizenship, genetic information, registered domestic partner status, marital status, status as a crime victim, disability, protected veteran status, or any other characteristic protected by law. CyberCoders will consider qualified applicants with criminal histories in a manner consistent with the requirements of applicable law. CyberCoders is committed to working with and providing reasonable accommodation to individuals with physical and mental disabilities. If you need special assistance or an accommodation while seeking employment, please contact a member of our Human Resources team to make arrangements.","He started his modeling career when in 2005 and did many fashion shows in the same year. At that time, he also went to Kashmir for a fashion show where he got the chance to walk the ramp in front of the Chief Minister and Governor of Kashmir."
p186,Psychologist,"Pioneer Healthcare Services has an exciting opportunity for an ESY School Psychologist looking to pioneer their way into Travel healthcare. A school district in San Jose, CA is looking for a dedicated School Psychologist to join their team for the 2024 - 2025 Extended school year with the possibility to extend. School Psychologists who work for Pioneer Healthcare Services are dedicated professionals who interact amongst diverse populations and are enthusiastic about the difference they make in their students' lives through assessment and treatment. This can be a travel or a local position. Responsibilities Of a School Psychologist Conducts psychological assessments and develops case studies of individual students to determine educational needs, learning characteristics, and social behavior relevant to educational placement and instructional planning Evaluates the results of tests in relation to the cultural, environmental, and language backgrounds of students Participates in IEP meetings Counsels students individually and in groups to assist them in educational achievement and personal or social adjustment Assists with the organization of, and serves as a leader in, staff development activities in the field of psychological services New grads are encouraged to apply - We will support you through this transition Pioneer Healthcare Services is a San Diego-based staffing and travel recruitment firm that specializes in finding exceptional nursing and therapy positions for its clients across the US. Our experienced staff understands the needs of travelers and offers competitive pay packages to meet those needs, including offering benefits such as: medical, dental, and vision insurance, 401K, housing, meal allowance, incidentals allowance, and even relocation assistance. Professional liability and malpractice coverage, as well as weekly pay with direct deposit, are also provided to each traveler. Licensed Therapists That Pioneer Healthcare Accepts Referrals For Speech Language Pathologist SLP Speech Language Pathology Assistants SLPA ST Physical Therapist PT Physical Therapy Assistant PTA Occupational Therapist OT Certified Occupational Therapy Assistant COTA Psychologist Board Certified Behavior Analyst BCBA Licensed Marriage and Family Therapist LMFT","He graduated with honors in 1991. Having more than 26 years of diverse experiences, especially in CLINICAL PSYCHOLOGIST, David P Monson affiliates with no hospital, and cooperates with other doctors and specialists without joining any medical groups. Call David P Monson on phone number (360) 870-8744 for more information and advises or to book an appointment."
p187,Neuromuscular Neurologist,"At Dartmouth Health, we have forged ourselves into one, best-of-class, highly integrated, cohesive healthcare system grounded in outstanding medical expertise. We are currently seeking a neuromuscular neurologist to join our academic medical center in Lebanon, NH. Overview Mostly outpatient with some inpatient rotations10-14 patients per day60 minutes for new appointments; 30 minutes for follow-upsLow call requirements - 8-16 nights per yearEMG techs to help support providersCollaboration with neurosurgery, psychiatry, social work, nursing, radiology, and primary care8 hours of administrative time each weekAcademic appointment at the Geisel School of Medicine at Dartmouth College Requirements BE/BC in neurology with neuromuscular medicine subspecialty certification issued by AMBS, AOA, or College of Royal Canadian SurgeonsAbility to obtain/maintain NH medical license About Lebanon, NH Lebanon sits on the Connecticut River and possesses some of the most beautiful country in the world. Enjoy four seasons with mild, sunny summers and cold, snowy winters. Lebanon has a high quality of life, strong schools, and a close-knit community. In Norman Crampton’s book “100 Best Small Towns in America”, Lebanon was ranked #3. Hanover, NH is next door and is home to Dartmouth College and the Geisel School of Medicine. About Us Dartmouth Health is New Hampshire’s only academic medical center, Level I Trauma Center, and Level II Pediatric Trauma Center. Annually, we have more than 1.6 million outpatient visits, perform nearly 23,000 surgeries, discharge more than 28,000 patients, and care for 21,000 emergency visits in our Lebanon ED. We are building a sustainable health system to improve the lives of the people and communities we serve for generations to come. We are dedicated to creating a health system that is proactive - working to keep people healthy with innovative methods and models of care that provide value-based high-quality care. Deib At Dartmouth Health, we believe that the diversity of our patients, people, and community shows a strength we support and celebrate. We are committed to creating a welcoming and inclusive environment for everyone to thrive, honoring all within our organization and the communities we serve. Our belief is simple and actionable: Dartmouth Health is better when we embrace each other with open hearts and minds, confront our biases, and take a stand for equity and inclusion. To apply: Please submit CV to Heidi Krape, Provider Recruiter, directly at Heidi.N.Krape@ or call/text. Dartmouth Health is an equal opportunity employer and all qualified applicants will receive consideration for employment without regard to race, color, religion, sex, national origin, disability status, veteran status, gender identity or expression, or any other characteristic protected by law.","Ms. Swilley practices medicine in Athens, GA and specializes in Obstetrics & Gynecology. Ms. Swilley is affiliated with Athens Regional Medical Center."
p188,"Journalist (Segment Producer), BBC News - Washington","Job Introduction The BBC is the world’s leading public broadcaster and BBC News is at the heart of it. We provide trusted news and analysis output to a global audience of millions per week, making us the largest broadcast news operation in the world. It is an exciting time right now as we have expanded our teams in North America. We are looking to recruit a Journalist who will mainly act as segment producer for our new primetime evening and weekend news coverage. Based in our friendly bureau in Washington DC, you will bring the latest in international breaking news and headlines to worldwide audiences on our news channel. Main Responsibilities As a multiskilled Journalist you will act as a segment producer for several hours of daily live rolling news coverage. The position provides a variety of editorial and production support to the News Editor, Assistant Editor, and Senior Journalists, and is an integral part of a team that will redefine and reimagine the relationship between digital and linear news both on air and online. You will be responsible for pitching and producing nuanced, pertinent, live, or taped news segments involving researching, writing, editing video, creating graphics, and writing questions and talking points for Presenter led interviews with journalists, experts, and key players on the world’s top news stories. You will also be required to contribute to BBC digital video, text, live pages, and social media platforms as assigned. You will be expected to be on top of and have a thorough understanding of global events that define the editorial brand of the network and make full use of the breadth of the BBC newsroom and field resources around the world. Our journalists work primetime evenings on a schedule system including weekends (until midnight). Are you the right candidate? To be successful in this role candidates must be creative, curious, efficient, a problem solver, a team player, and demonstrate experience and understanding of live broadcasting and/or digital platforms. You are passionate about global news and the importance of impartiality. We are looking for somebody who will bring creativity and innovation to how we serve our audiences, on every platform, worldwide. The Successful Candidate Must Have Thorough knowledge of world affairs, current events, geopolitics, foreign policy, and history Strong editorial skills: Ability to recognize stories with high potential for provocative, compelling television Strong understanding of social media storytelling and news gathering Detail oriented and able to work under pressure and meet multiple daily deadlines both on-air and online Understanding of newsgathering and/or newsroom production Understanding of the fundamentals of news writing and video editing Ability to use technology as required, to gather material for broadcast. Understands how a team works effectively. Able to build and maintain effective working relationships with a range of people. Demonstrates a commitment to improving diversity in the BBC and understands how individual differences can benefit the BBC. Effective planning and organizational skills, ability to multi-task and deliver consistently to deadlines Positive attitude and ability to adapt to changes and evolving priorities. An understanding of health and safety procedures and how they apply to broadcasting. Ability to work primetime evenings (up to midnight) everyday including weekends. Flexibility to work on other tasks where needed due to output and rota needs Package Description Band: C Full-time, permanent (at will) staff job with benefits including healthcare, paid leave and a retirement savings plan. Local terms and conditions apply. Location: Washington DC, USA Any offer of employment with the BBC will be conditional upon you having the right to live and work in the US (US citizenship, permanent residency or work authorisation)","He currently works on a documentary film project dedicated to water management. The film will discuss how ideas debated in international forums (World Water Week, the World Economic Forum, the Arab Water Forum) translate in real life. The shooting will take place in Jordan, Egypt and maybe also in Morocco, Spain and Portugal."
p189,"Contract Food Photographer, Taste of Home","About Us TMB (Trusted Media Brands) is the world's leading community-driven entertainment company engaging more than 200 million consumers worldwide across streaming TV, social media, web and print. Our portfolio of brands including FailArmy, Family Handyman, People Are Awesome, Reader's Digest, Taste of Home, The Healthy, and The Pet Collective, is powered by content that's inspired and created by our fans. Together our community sparks curiosity, fuels laughter, and inspires people to live big, full, fantastic lives. Learn more about our brands, our data-driven marketing solutions, our award-winning licensing services, and much more at . About The Role As a contract Food Photographer for Taste of Home, you are key to our recipe publishing initiative: to infuse our recipe content with advice, images and expertise. Working closely with the Managing Editor, you use your polished photography and styling skills and culinary knowledge to create engaging, on-brand recipe images to help us reach our lofty production goals. You are clear, creative, organized and flexible. Contractors in this role will have the capacity to shoot at least 25 recipes per month. Applications are accepted on our site and contracts and payments will be managed through a third-party platform. About You A whip-smart photographer who thrives on deadlines, you use your culinary expertise and keen eye to shoot on-brand food imagery that captures the recipe steps and the finished dish. Organized, creative and quick, you see feedback as a growth opportunity. At home, you love to cook and track what is happening in the food world. Your Day-to-day You prepare and style Taste of Home recipes, then photograph hero images, ingredient stills, and step-by-step shots as outlined in each assignmentYou adhere to the lighting, propping, surface and composition best practices provided in the brand style guideYou shop for ingredients according to each recipe, ensuring that they are fresh and photogenicYou follow the method described in each recipe, using the appropriate tools and dishesYou edit, retouch, name and deliver high-resolution images following brand guidelines and meeting weekly deadlines You have: 3+ years of professional experience photographing and styling food; professional culinary experience a plusProven knowledge of a CMS (content management system) such as WordPress, a project database such as Airtable, and Adobe image products such as Photoshop and BridgeKeen organization skills, consistently meeting deadlines and catching all the detailsEffective communication skills: comfortable accepting and applying constructive feedbackSolid knowledge and understanding of the digital landscapeAbility to work independentlyA keen familiarity with, and interest in, the food and food-lifestyle space in general, and food photography trends TMB embraces inclusivity and values our diverse community. We are committed to building a team based on qualifications, merit and business need. We are proud to be an equal opportunity employer and do not discriminate on the basis of race, religion, color, national origin, gender, sexual orientation, age, marital status, veteran status, or disability status.","Her style is elliptical, drawing from personal experience. Sometimes confronting, always filtering towards the cracks. In her short time involved in the New Zealand literary community she has had work accepted both in print and online, won the 2013 University of Otago Poetry Competition and represented Otago at the 2013 National Slam."
p190,Personal Trainer,"Overview:Fitness Together in Dana Point, CA has been helping clients in the Dana Point area for over 20yrs. We are a highly reputable 1-to-1 personal training studio that is changing how degreed fitness professionals are employed: no more sales, split shifts, hourly pay, or trying to find your own clients. A note from our Owner:My mission is to create a family-like team atmosphere with the goal of achieving success for our clients, while also being rewarded for our efforts by having salaried positions. We are seeking a degreed personal trainer that wants to make fitness their career & has a passion for helping others but needs the stability of a consistent schedule and pay structure. Our Personal Trainers Earn:Target Total Pay with Benefits & Bonuses: $50,000 to $55,000/year (No Sales Required)Base Salary: starting from $42,500 to $47,500Benefits Package + Team Bonus Approx Value: $7,500/yearOpportunity for performance raises and growth into leadershipHealth insurance, 50% paid by company (up to $150/mo.)$700 CFSC Certification ($500/year towards continuing education thereafter)5 days paid vacation 6-8 days paid holiday Things You Will Need:Have a degree in Exercise Science, Kinesiology, etc.Two years of personal training experience is preferred but we will take you through an extensive onboarding and training process to set you up for success and provide continual professional development.Be available for a full-time training schedule:Afternoon/Evening Shift: Monday-Thursdays 12:30pm-9:00pm & Saturdays 6:45am-3:00pm As a Fitness Together Personal Trainer, you will: Design safe and effective fitness programs, accommodating the unique needs and goals of each clientEducate and empower clients with a clear understanding of their fitness program so that they are motivated to stay committed to their plan outside of the studioBring a positive attitude and show regular appreciation to clients and team members everydayCreate unique, memorable, and personal experiences for clients that make clients for lifeInteract with clients and team members without judgement, and express empathy for those around you. Foster a culture of teamwork and collaboration to meet the needs of those around youAlways maintain a space of cleanliness and ensure a safe and accident-free environmentRepresent yourself professionally through your appearance, language, and behaviorExpress patience, determination, and genuine care to hold clients accountable for reaching their goalsContinuously look for ways to improve your skills to grow as an expert in your field Our Ideal Candidate:We believe in hiring Personal Trainers and Fitness Specialists who strive for growth and want to learn on a daily basis.Fitness Experts who are eager to be a part of a winning team, communicate well, and appreciate processes to guide them.Exercise Specialists who want a long term career and take pride in creating customized science-based progressive training programs.We believe that team-work is the core of our success and to that, you’ll be guided by a lead-trainer with 1-on-1 meetings and quarterly development sessions with the Owner. Serious candidates are strongly encouraged to include a cover letter with your resume. This is your opportunity to distinguish yourself from high influx of applicants.","A Malibu, California native, she lights up the dance floor with her tropical house and easy-living vibes. Moving to NYC after attending Brown University, California is new to the New York nightlife scene, but has since established herself as a professional DJ. Igniting the dance floor with mashups of Bee Gee's ""Stayin Alive"" and Rihanna, her DJ sets include cross-genre hits of 70's Disco, Pop, Hip-Hop, House, Electronic Dance and Funk."
p191,Experienced Spanish II and III Teacher with 10am-6pm EST AVAILABILITY (Part-time),"Company DescriptionWhat Your Student Needs Ed., LLC. provides flexible education options for busy families, focusing on meeting the academic needs of each student. We are dedicated to helping students achieve academic success by tailoring our services to their unique requirements. Role DescriptionThis is a part-time remote contract role for an Experienced Spanish II and III Teacher. The teacher will be responsible for conducting Spanish lessons, creating lesson plans, developing curriculum, providing tutoring, and facilitating student learning. The teacher must be available from 10am to 6pm EST. This listing is for a PART-TIME 1099 job. QualificationsMUST HAVE- Experience teaching Spanish II and III Experience in lesson planning and curriculum developmentExcellent written and verbal communication skills in Spanish and EnglishAbility to work independently and remotelyClassroom teaching experience- experience in online teaching is a plusBachelor's degree in Education or related field10am-6pm EST availability is required Other information: Rate: $40/ hr This listing is for a PART-TIME 1099 job","She teaches corporate finance and financial accounting and has won multiple undergraduate and graduate teaching awards. She is also a faculty associate with Purdue's Center for the Management of Manufacturing Enterprises, where she conducts studies of cost management systems and capital budgeting practices for national and international manufacturing firms. She serves on the Board of Directors of the Federal Reserve Bank of Chicago, as well as on other association and agency boards. She is the author of numerous book chapters and journal articles on finance and is a frequent instructor in Krannert´s executive education programs."
p192,General Dentist,"Looking for a dentist to join our 23+ years established and fast-growing private practice (Non-DSO) in Myrtle Beach, SC. Full-time position Monday through Thursday (closed Fridays). Specializing in general, restorative and cosmetic dentistry. Molar endodontic and implant experience a plus. We are a 100% fee for service practice. Salary negotiable based on experience. Send resumes/CV to Kristen@DrRearden.com.","She is a contributor the the RevGalBlogPals book, There’s a Woman in the Pulpit. When not ministering in the community, she enjoys walking her three dogs with her wife, Liz; petting their four cats; trying to grow tomatoes and sampling craft beer."
p193,Research Psychologist,"Functional PurposeThe USPS is looking to fill a vacant Personnel Research Psychologist to develop, validate, and maintain selection and assessment systems, tools, processes, and procedures used to make personnel staffing decisions.DUTIES AND RESPONSIBILITIES1. Develops, validates and maintains components of personnel selection systems, training examinations, competency assessments, tools, processes, and procedures; participates in job analyses studies as a basis for ensuring valid, reliable, and legally defensible assessments and examinations.2. Develops, revises, and reviews selection and assessment items, scales, and instruments to ensure compliance with established test validation methodologies. Evaluates items; summarizes data trends and insights to identify discrepancies, develop resolutions, and make improvements.3. Coordinates administrative and logistic details to support team members and larger scale projects; collaborates with internal stakeholders to facilitate the flow of information and coordinate data collection.4.Develops sampling plans for projects by researching appropriate details, utilizing professional standards and internal requirements; collaborates with a team to ensure the feasibility effectiveness of sampling plans and implement plans accordingly.5. Conducts routine data analyses (e.g., means, correlations, t-tests, ANOVA, regression) to support selection and test-related projects using statistical analysis software (e.g., SPSS, SAS, R).6. Collaborates with project team members to develop, validate, and deploy selection and assessment tools and systems of larger scope, impact, content, and complexity. Ensures selection and evaluation systems align with professional standards, legal guidelines, and internal requirements.7. Creates technical reports, presentations, and other written materials summarizing results of projects (e.g., job analysis, validation, competency model analyses).","She began working for a mid-sized firm in Wichita, Kansas soon after graduation. After spending six years at that firm, she decided to open her own business in 1994. Since then, she and her team have focused on providing reliable accounting and bookkeeping services in the Derby and Wichita, KS areas."
p194,"Locums: Emergency Medicine Physician - Metropolitan Methodist Hospital - San Antonio, TX","Grow Your Career with HealthTrust Locum Tenens – Hospital-based At HealthTrust, we believe that healthcare is not defined by the four walls in which it is practiced. It’s defined by its people. We pride ourselves on crafting opportunities that expand skill sets, broaden career horizons, provide economic stability, and cultivate personal growth. We truly believe in a culture of care, and our clinicians have made HWS an industry leader for over 25 years. We are passionate about our mission that above all else, we are committed to the care and improvement of human life. What Your Responsibilities Will Be: Top-notch clinical care in Hospital-based setting Call Coverage Collaborate with clinical staff Maintain excellence in standard of care for patients Upon application submission, a recruiter will reach out to provide details on schedule requirements, day-to-day expectations, anticipated patients per day, and call coverage component. What We Require from You: Current state medical license or ability to get licensed DEA/CSR Requirements (based on state) Appropriate certifications as required for specific position Demonstrate code of conduct and compliance policies HealthTrust Workforce Solutions offers temporary and emergency credentialing privileges on a facility to facility basis. Why You Will Love Working for HealthTrust: Weekly pay via direct deposit Flexible scheduling to meet your needs Ability to earn up to $1000 for each referral At HealthTrust, we help open the door to a lifetime of career opportunities and paths that align with your goals. When you become part of the HCA family, you will have exclusive access to more opportunities than any other healthcare system in the nation. Career development for your lifestyle and location preference. As a wholly-owned subsidiary of HCA Healthcare, HWS is a preferred partner to thousands of top-performing hospitals, and we provide our healthcare professionals with first-priority access to more than 200,000 jobs nationwide. We are uniquely positioned to offer you exclusive and direct access to HCA Healthcare’s vast network of facilities. We are an equal opportunity employer and value diversity at our company. We do not discriminate on the basis of race, religion, color, national origin, gender, sexual orientation, age, marital status, veteran status, or disability status. ID: 816767 Job Board: EV IND_2 ReqID: 816767 Category: Physician Specialty: Locums Job Type: Full-Time Job Type: Position Type: Locums HWS Exclusives: HWS Only","She was born in Edison on January 1, 1986. She is listed on FreeOnes since 2011 and is currently ranked 41786th place. She currently has 2 gallery links in her own FreeOnes section."
p195,General Dentist,"Veterans Evaluation Services is seeking qualified Dentists (DDS / DMD) to join our provider network as an independent contractor to perform dental disability examinations for Veterans for the following locations: *Applicants must have their own office within 100 miles of the job location (Elmwood, IL) Opportunity Highlights 1) Service – Provide a meaningful service for the men and women who have worn the cloth of our nation.2) Ease of Use – User-friendly software, a dedicated provider support system, up front training, expert report guidance, and automatic payments make it easier than ever to join.3) Diversify Your Income – Whether you’re looking to grow your practice, pay down student debt or a mortgage, or add variety into your practice schedule, this is an opportunity to earn significant additional income.4) Low Risk – There is no treatment or prescription of medications Your Role as a Provider As a clinician, you are an expert in the assessment, evaluation, and diagnosis of health conditions for your patients. As an independent contractor with VES, you apply your expertise in the evaluation and diagnosis of dental conditions to support a Veteran’s disability claim. As a certified medical disability examiner, you gather and synthesize clinical evidence through medical and military record review, interviews with Veterans, and face-to-face examinations which may include panoramic x-rays. You develop a medical opinion of likelihood that the Veteran’s condition is related to their military service. The timely and expert examination assures that a Veteran’s claim is heard and dutifully processed by VBA. Here is a typical workflow for a provider:Exam Request Received > Testing and Exam Schedule > Provider Reviews Records > Veteran Exam Completion > Report Reviewed and Submitted NO INVOICING! NO INSURANCE CLAIMS! NO ADMNISTRATIVE DUTIES!! QualificationsDentists Doctorate Degree in Dental Medicine or Dental Surgery An active and unrestricted license in the state in which exams are performed. Contact InformationWeb: www.ves.com About Veterans Evaluations Services – A Maximus CompanyVES partners with the Department of Veterans Affairs to fulfill President Lincoln’s promise “To care for him who shall have borne the battle, and for his widow, and his orphan” by serving and honoring the men and women who are America’s veterans.” VES serves Veterans by conducting disability exams for conditions that are a direct result of or aggravated by their time in the military, allowing them to obtain hard-earned benefits in service to our country. VES supports 6,000 active providers serving more than 750,000 Veterans around the world every year.","She earned her bachelors, masters, and doctorate degrees at the University of Pennsylvania and has been teaching undergraduates, parents, teachers, and patients—couples and individuals—ever since. With post-doctoral training in couples and family therapy, her emphasis is on solutions rather than pathology, on optimism rather than blame. For the past ten years, she has written a biweekly column called ""Relationship Maps"" for The Capital, the newspaper for the greater Annapolis area. Perhaps her most important credential is her successful marriage of thirty-six years that has produced two amazing adult children."
p196,Sr. Project Manager/Architect,"WHY CHA? Finding a better way. At CHA, we believe in the power of clean water, resilient energy, safer roads, and structures that harmoniously blend with their surroundings. We create solutions. We help People. We improve our world. At CHA, we embed ourselves in our communities - and take pride in improving things where we live. At the foundation is a commitment to inclusion and diversity and choosing to treat everyone with dignity and respect. We also take accountability for making decisions that promote sustainability in our business and our designs. We are on a mission to reduce our environmental footprint and bring greener solutions to our clients. We are responsibly creating a more sustainable future in ways that we can all see and touch. Together. Every day. CHA Consulting, Inc. is currently seeking a Sr. Project Manager/Architect to join our Commercial & Institutional - Architectural & Structural Team at our office in Portland, ME. The professional in this role will support business development and project delivery in Maine and New Hampshire. Are you looking to bring your passion of creativity to work with you? We are looking for an inventive and innovative thinker to join our Architecture Team. If this sounds like you, apply now! YOUR IMPACT With a long history of public and private projects — schools, manufacturing and warehouses, sports venues, courthouses, multifamily housing and healthcare facilities — CHA has honed our approach to high-performance buildings, prioritizing energy conservation and promoting green building principles. From designing schools that inspire learning to repurposing manufacturing sites into vibrant cultural hubs, our team's adaptability shines through. The Sr. Project Manager/Architect has broad knowledge of fundamentals in specialty areas and knowledge of principles and practices in related specialties. The professional in this role plans, schedules, conducts, and coordinates detailed phases of complex projects. The Sr. Project Manager/Architect manages, coordinates, and mentors junior staff and project level employees. More specifically, the professional in this role is r esponsible for designing buildings, preparing bids and project proposals and completing projects from design through construction. The Sr. Project Manager/Architect d etermines project objectives and requirements, e nsures government regulations and zoning codes are followed, and d emonstrates creativity, foresight, and solid architectural judgement in solving problems. Additionally, this individual p repares 2D & 3D presentations and m anages all aspects of client relations including attending regular meetings. At CHA, you can build a career and find your passion across our diverse business lines and project teams. Being part of CHA means being part of a team of talented professionals, where you’ll find support for your career growth and the opportunity to impact our industry and our communities. Find your “why” at CHA! Requirements Bachelor's degree in Architecture; Master's degree preferred Minimum 15 years' related professional experience Experience with highed education clients required Registered Architect license required LEED accreditation preferred Proficient in Microsoft Office Suite, Revit and/or AutoCAD Knowledge of Photoshop and Sketchup preferred Exceptional verbal, written and graphic communication skills Ability to work and lead in a team environment Demonstrates good interpersonal and leadership skills Familiar with QA/QC procedures Strong organizational, time management and multi-tasking skills Understands business practices and laws related to architecture ""Seller-doer"" mindset Ability to travel as needed CULTURE/EEO STATEMENT At CHA, we work every day to create solutions, help people, and improve our world, committed to creating and fostering excellence in our diverse and highly talented teams. Our teams continually strive to find better ways – always searching, never settling – to achieve extraordinary results. Our values around hiring, training, and community engagement reflect a company culture that is inclusive and forward leaning, always pushing the limits of what is possible. We as an organization celebrate the values of inclusion and equality, and advocate for the full participation of all people in an environment free of discrimination. To support these values, we invite all qualified applicants to be considered for employment regardless of race, color, religion, sex, sexual orientation, gender identity, national origin, citizenship, age, disability, protected veteran status, or any other characteristic protected by law.","From that named school, he earned 3 years of experience till now. Here onwards he is going to spread his knowledge and experience with Rishikesh Yog Sansthan. He is excellent in making an enthusiastic environment in the class with extreme attention towards each student. He can mould the student’s ability and the show the difference in 4 weeks of teacher training. As part of advancement, he is going to make few more advanced techniques for 6 weeks programs soon and make a difference with basic level practices. He is good at traditional Hatha yoga and Ashtanga principles. Different style of yoga can be tasted with teacher Govind. He is also expert in Pranayama, Meditation, Bandha and Mudras. Till now he has been training nearly 700 westerns."
p197,Paralegal,"Essential Functions, Responsibility & Duties:- Reviews bit license and LPTC application packages for completeness-Tracks and maintains virtual currency application status reports for use by senior management -Reviews division policies and procedures and monitors implementation -Responds to questions concerning policy or procedures and refers calls to appropriate staff member-Complies and reviews analyses, application memos, and field examination reports-Support the build-out of or enhancements to internal policies and procedures Knowledge, Skills and Abilities:-5+ years of experience as a Paralegal-Must have Paralegal certification -Proven strong analytical and problem-solving skills-Strong attention to detail and organizational skills-Proven communication skills-Ability to multi-task in a fast-paced environment-Must have computer proficiency in Microsoft Office Suite, including Outlook, Word & Excel.","He continues to increase his knowledge of fitness by attending numerous seminars and continuing education events. He is actively involved in guiding each client toward their personal fitness goals, including not only exercise but proper nutrition and healthy supplementation. Read Less"
p198,Staff Accountant,"Role Overview: The Staff Accountant will play a crucial role within our finance team. Working closely with the Accounting Manager, this position will support various aspects of accounting and finance for the company. Additionally, the Staff Accountant will gain valuable experience collaborating with Airxchange’s sister companies, alongside the Accounting Manager and Controller, to support the larger accounting and finance operations through our business group. This group-level participation presents a unique opportunity for a candidate to grow their experience and be part of a growing international organization. Duties & Responsibilities:Prepare and maintain detailed general ledger reconciliations for balance sheet accounts that will be reconciled as part of each month-end close. These include, but are not limited to: cash, prepaids, fixed assets, and accruals.Assist in the preparation of monthly financial statements and supporting schedules for internal review, including providing timely analysis of certain expense accounts as assigned.Ensure that all month-end reconciliations are uploaded to Blackline and certified as complete.Manage fixed assets and capital expenditure (capex) projects in process schedules to ensure costs are accurately recorded and depreciation is accurately expensed.Book monthly journal entries for various expense accounts, including but not limited to payroll, intercompany, and warranties.Handle accounts payable and accounts receivable, including applying customer payments and proposing weekly vendor disbursements.Assist in preparing meeting materials for various monthly meetings with our parent company.Participate in the preparation of the annual plan and financial re-forecasts.Support sister company financial operations by assisting with tasks related to accounts receivable/payable, reconciliation, and other similar functions. Knowledge, Skills & Abilities:Bachelor’s degree in Accounting or a related field.0-3 years of relevant experience preferred.Must be a team player who is willing to learn in an evolving, high-paced environment.Ability to organize and prioritize various tasks and responsibilities.Excellent verbal and written communication skills.Critical thinker with problem-solving abilities.Understanding of and the ability to adhere to Generally Accepted Accounting Principles (GAAP).Experience with Microsoft Office Suite or similar software.Familiarity with accounting systems preferred; Acumatica and Blackline experience is a plus.","Dr. Sonam Singh practices at The Dental Inn in Andheri East, Mumbai. She completed BDS from Yerala Medical Trust Research Centres Dental College Hospital in 2009 and MBA - HealthCare Management from Sikkim Manipal University in 2011. She is a member of Andheri Medical Association. Some of the services provided by the doctor are: Crowns and Bridges Fixing,Cosmetic/ Aesthetic Dentistry,Presurgical Orthodontics,Conservative Dentistry and Gum Disease Treatment/ Surgery etc."
p199,Registered Nurse (RN) CVICU,"Job Description Come join the CVICU Team at Inova Fairfax! We are seeking a full time Registered Nurse for the CVICU at Inova Fairfax Medical Campus. D/N rotation (3 x 12-hour shifts. $10K - $20K Sign on Bonus! Relocation Bonus for those relocating to the area. The Cardiovascular Intensive Care Unit (CVICU) is a 24-bed unit in Schar Inova Heart and Vascular, located on the Inova Fairfax Medical Campus in Falls Church, Virginia. Patients admitted to the CVICU include, but are not limited to, post cardiac surgery, post vascular surgery, heart failure requiring invasive cardiac monitoring, and other medical or surgical diagnosis requiring intense and continuous monitoring. The CVICU is a highly specialized unit providing the latest in clinical and patient care techniques. The unit prides itself in maintaining a culture of psychological safety where all disciplines are treated with respect and encouraged to participate in all aspects of patient care. Support for all team members is of the utmost importance as evidenced by the following: Charge RN that remains out of staffing; each shift has a Resource Nurse who is a fully device trained RN to provide support and education for staff, covers nurses for lunch and admits patients if staffing calls for it; the unit also staffs for 2 clinical technicians each shift as well as a mid-shifter to accommodate the surgical cases throughout the day. In addition, CVICU has a dedicated Unit Educator to support the growth and progression on each team member from the beginning of their orientation and throughout their CVICU career. The unit and its leadership team understand that to care for the high acuity of this patient population, the nursing team needs the support and resources to be able to critically think, allow for work-life harmony and foster an environment where growth, learning and achievement is encouraged and celebrated. Requirements At least 1 year of RN clinical experience in a Critical Care setting or completion of a Critical Care fellowship.2 Years of Critical Care/Cardiovascular RN experience strongly preferred.Education: BSN from an accredited school of nursing. If RN has Associates Degree (ADN); must complete BSN within 24 months of start date. BLS for Healthcare Provider Certification required and ACLS strongly preferred (must obtain within first 3 months)RN licensed, or eligible to practice in the Commonwealth of Virginia as a RNProficient in English, strong verbal and written communication skillsExceptional interpersonal skill and the ability to display a caring demeanor towards othersProficient computer skills required About Us We are Inova, Northern Virginia’s leading nonprofit healthcare provider. Every day, our 24,000+ team members provide world-class healthcare to the communities we serve. Our people are the reason we're a national leader in healthcare safety, quality and patient experience. And from best-in-class facilities to professional development opportunities, we support them at every step. At Inova, we're constantly striving to be ever better — to shape a more compassionate future for healthcare. Inova Health System is an Equal Opportunity/Affirmative Action employer. All qualified applicants will receive consideration for employment without regard to age, color, disability, gender identity or expression, marital status, national or ethnic origin, political affiliation, pregnancy (including childbirth, pregnancy-related conditions and lactation), race, religion, sex, sexual orientation, veteran status, genetic information, or any other characteristics protected by law.","He’s vulgar and insensitive and doesn’t consider anything out of bounds. But at home, he’s different. He’s got a sweet, loving wife and two cute kids. He’s got two sisters that he visits on an almost daily basis when he’s not traveling. And to call him frugal would be an understatement. This totally engrossing documentary shows him at home and on the road, and it’s mostly hilarious in appropriate and inappropriate ways, but it’s also very personal and touching. It’s the kind of film that few people might want, but everyone will love."
p200,Nutritionist 2- Chatham,"Description Responsible for providing certifications, nutrition education, and food package changes to clients in person, over the phone, and virtually. Serves as a resource on nutrition and dietetics to nurses, health educators or other health care providers in the facility. Recommends nutritional care plans and documents plan and progress in records. Full time position-M-F work schedule-13 paid holidays and excellent benefit package All Coastal Health District, County Health Department employees are deemed essential employees in the event of an emergency. As such, you may be called on to participate in an event not limited to but including, staffing a shelter, a Specimen Point of Collection Site (SPOC) and/or Point of Dispensing site (POD). When you are called on to participate, you are expected and it will be a part of your job requirement to participate, whether the emergency occurs during or outside regular work hours. Job Responsibilities Advises clients and their families on nutritional principles, dietary plans and diet modifications, and food selection and preparation Assesses nutritional needs, diet restrictions and current health plans to develop and implement dietary-care plans and provide nutritional counseling Consults with physicians and health care personnel to determine nutritional needs and diet restrictions of client Counsels individuals and groups on basic rules of good nutrition, healthy eating habits, and nutrition monitoring to improve their quality of life Develops curriculum and prepares manuals, visual aids, course outlines, and other materials used in teaching Develops policies for food service or nutritional programs to assist in health promotion and disease control Plans, develops, implements and evaluates strategies for promoting and supporting breastfeeding Creates and maintains a high performance environment characterized by positive leadership and a strong team orientation. (Performed by some incumbents) Maintains responsibility for personal/professional continuing education to enable application of current professional practice (Performed by all incumbents) Minimum Qualifications Bachelor's degree in dietetics, human nutrition, foods and nutrition, nutrition education, food systems management or a closely related field from an accredited college or university AND Verification statement of completion of a didactic program accredited by The Academy of Nutrition & Dietetics AND Two years of experience providing nutrition care to groups and individuals. Preferred Qualifications Previous experience with GA WIC program. Knowledge of the current government dietary guidelines. 3 or more years experience in conducting nutrition education sessions and nutrition counseling. Licensed Dietician Additional Information For more information on the State of Georgia Benefits visit http://team.georgia.gov/ Benefits for Full Time Eligible Employees 13 Paid Holidays Generous Leave Package Employees Retirement System Health Insurance Dental Insurance Vision Insurance Health Care Spending Account Dependent Care Spending Account Life Insurance AD&D Insurance Disability Insurance Legal Insurance Long-Term Care Insurance Specified Illness Deferred Compensation (401K & 457 Plans) Additional Perks A supportive and rewarding work environment Physical Activity Breaks Employee Assistance Program To learn more about the Coastal Health District visit - https://coastalhealthdistrict.org Due to the volume of applications received, we are unable to provide information on application status by phone or email. All qualified applicants will be considered but may not necessarily receive an interview. Selected applicants will be contacted via email by the hiring agency for next steps in the selection process. Applicants who are not selected will not receive notification. This position is subject to close at any time once a satisfactory applicant pool has been identified. *Coastal Health District is an Equal Opportunity Employer* The State will not unlawfully consider an applicant's race, color, national origin, religion, age, disability, sex, genetic information, political affiliation, protected uniformed service, or other legally protected category when making selections. If you require accommodations under the American Disability Act (ADA), notify this agency of your request by the closing date of this announcement. Applicants chosen for employment will be subject to the following Criminal Background Check/Fingerprinting Reference Checks & Immunizations Required May be subject to pre-employment drug screen",He also holds an associates degree in Exercise and Movement Science. Cameron recently moved back from Oregon where he was a group exercise instructor and personal trainer at the University of Oregon (go ducks!). He believes that exercise is medicine and is on the constant journey to become the best version of himself everyday.
p201,Litigation Paralegal,"Litigation Paralegal Prominent boutique Sacramento law firm seeks talented litigation paralegal to join its team. Lots of growth potential for the right candidate. Litigation Paralegal responsibilities include: Discovery including responding to discovery responses and propounding discoveryE-Discovery knowledge including responding to e-Discovery responsesDrafting motions and pleadingsKnowledge of state and federal court rulesTrial PreparationCivil litigation experience is strongly preferred Additional requirements of the Litigation Paralegal role include: 3+ years of experience as a litigation paralegalProficient with the Microsoft Office suite including Word, Excel and OutlookExcellent written, verbal and interpersonal communication skillsFor immediate and confidential consideration, please apply today by submitting a copy of your resume via email in MS Word format. Desired Skills and Experience * Discovery including responding to discovery responses and propounding discovery * E-Discovery knowledge including responding to e-Discovery responses * Drafting motions and pleadings * Knowledge of state and federal court rules * Trial Preparation * Civil litigation experience is strongly preferred All qualified applicants will receive consideration for employment without regard to race, color, national origin, age, ancestry, religion, sex, sexual orientation, gender identity, gender expression, marital status, disability, medical condition, genetic information, pregnancy, or military or veteran status. We consider all qualified applicants, including those with criminal histories, in a manner consistent with state and local laws, including the City of Los Angeles' Fair Chance Initiative for Hiring Ordinance.","Her interests include cycling, kayaking, hiking, and camping, as well as sewing, repurposing furniture and building things. Her philosophy as a designer is to attempt understand the culture, values and intentions at play in each design problem she is faced with, in order to reach a more appropriate and meaningful solution. Griscel currently holds a B.Arch from the Boston Architectural college."
p202,Associate Attorney,"Marshall Dennehey, P.C., a leading Am Law 200 civil defense law firm with over sixty years of continued service to our corporate, insurance, and individual clients, is seeking an experienced Associate Attorney with four (4) or more years of litigation experience to join our Tampa, Florida team to assist in defending Rideshare Liability, Product Liability and a variety of General Liability cases. Marshall Dennehey seeks to hire attorneys who want to find their “forever home.” We welcome candidates who desire to advance within the firm while assisting others to do the same. To that end, we prefer a steady and consistent work history. In return, the firm offers a competitive salary including multiple financial bonus opportunities throughout the year, a comprehensive employee benefits package, a new firm funded Lifestyle Account beginning January 2023 entitled “Marshall Associate Advantage”, and a sound future. Marshall Dennehey supports and encourages workplace diversity and we are an Equal Opportunity Employer AA/M/F/D/V. The firm’s investment in this arena has been observed by numerous publications and we were honored with a 2022 “Tipping the Scales” recognition by the Diversity & Flexibility Alliance. All qualified applicants will receive consideration for employment without regard to race, color, religion, sex, national origin, age, disability, marital status, veteran status, sexual orientation, genetic information or any other protected characteristic under applicable law. Qualified applicants may submit their cover letter and resume to HRRecruiter@mdwcg.com for consideration. Marshall Dennehey does not accept unsolicited resumes from individual recruiters or third party recruiting agencies in response to job postings.","D. in Physical Education. He has to credit many research/Review papers published in national and international journals. He is received UGC, RGNF fellowship and life time member of many journals."
p203,Legal Assistant,"Pay Rate: $25.00/hr on w2 Job Responsibilities • Maintain relationships with key asset managers to streamline documentation and onboarding processes • Liaise with IED Sales and Trading desks, as well as members of Firm’s Legal, IED Negotiation, Risk, Credit, Client Service and Onboarding teams. • Client base includes hedge funds, mutual funds, pensions, insurance companies, banks, corporates and money managers. • Act as primary point of contact with existing clients looking to launch new funds. • Work with outside counsel to perfect security interest for certain jurisdictions. • Monitoring risk reports. Qualifications • Strong verbal and written communication skills; attention to detail; ability to meet deadlines on multiple projects. • Ability and initiative to proactively communicate with senior business unit members as well as clients • Manage ad-hoc projects along with day to day tasks • Comfortable working in an open trading floor environment. • Bachelor’s Degree required. • Proficiency in Microsoft Office","She has DJ'd at a number of venues throughout London including Tramp Members-Only Nightclub, the W Hotel, Rah Rah Rooms, Dirty Martini and Gilgamesh, and she is a resident DJ at Boxpark. Previous clients include movies The Intent and The Weekend, Nizz Cosmetics and Supa Dupa Fly.Fiona is booked to DJ internationally throughout Europe, Mexico, Dubai and also..."
p204,"Journalist (Segment Producer), BBC News - Washington","Job Introduction The BBC is the world’s leading public broadcaster and BBC News is at the heart of it. We provide trusted news and analysis output to a global audience of millions per week, making us the largest broadcast news operation in the world. It is an exciting time right now as we have expanded our teams in North America. We are looking to recruit a Journalist who will mainly act as segment producer for our new primetime evening and weekend news coverage. Based in our friendly bureau in Washington DC, you will bring the latest in international breaking news and headlines to worldwide audiences on our news channel. Main Responsibilities As a multiskilled Journalist you will act as a segment producer for several hours of daily live rolling news coverage. The position provides a variety of editorial and production support to the News Editor, Assistant Editor, and Senior Journalists, and is an integral part of a team that will redefine and reimagine the relationship between digital and linear news both on air and online. You will be responsible for pitching and producing nuanced, pertinent, live, or taped news segments involving researching, writing, editing video, creating graphics, and writing questions and talking points for Presenter led interviews with journalists, experts, and key players on the world’s top news stories. You will also be required to contribute to BBC digital video, text, live pages, and social media platforms as assigned. You will be expected to be on top of and have a thorough understanding of global events that define the editorial brand of the network and make full use of the breadth of the BBC newsroom and field resources around the world. Our journalists work primetime evenings on a schedule system including weekends (until midnight). Are you the right candidate? To be successful in this role candidates must be creative, curious, efficient, a problem solver, a team player, and demonstrate experience and understanding of live broadcasting and/or digital platforms. You are passionate about global news and the importance of impartiality. We are looking for somebody who will bring creativity and innovation to how we serve our audiences, on every platform, worldwide. The Successful Candidate Must Have Thorough knowledge of world affairs, current events, geopolitics, foreign policy, and history Strong editorial skills: Ability to recognize stories with high potential for provocative, compelling television Strong understanding of social media storytelling and news gathering Detail oriented and able to work under pressure and meet multiple daily deadlines both on-air and online Understanding of newsgathering and/or newsroom production Understanding of the fundamentals of news writing and video editing Ability to use technology as required, to gather material for broadcast. Understands how a team works effectively. Able to build and maintain effective working relationships with a range of people. Demonstrates a commitment to improving diversity in the BBC and understands how individual differences can benefit the BBC. Effective planning and organizational skills, ability to multi-task and deliver consistently to deadlines Positive attitude and ability to adapt to changes and evolving priorities. An understanding of health and safety procedures and how they apply to broadcasting. Ability to work primetime evenings (up to midnight) everyday including weekends. Flexibility to work on other tasks where needed due to output and rota needs Package Description Band: C Full-time, permanent (at will) staff job with benefits including healthcare, paid leave and a retirement savings plan. Local terms and conditions apply. Location: Washington DC, USA Any offer of employment with the BBC will be conditional upon you having the right to live and work in the US (US citizenship, permanent residency or work authorisation)","She is an integral team member on a growing number of notable BNIM projects, including the new Lewis Center for the Arts at Princeton University; the EPA Region 7 Headquarters in Lenexa, Kansas; and several highly sustainable projects at the Summit Bechtel Family National Scout Reserve in West Virginia. Sarah earned a Masters of Architecture with distinction from the University of Kansas."
p205,Dentist,"What You’ll Do… Elevate your career at our vibrant dental practice, where you'll deliver top-notch oral care to our diverse patient community. As a Dentist at GEDC, a pioneer in the oral health community, your responsibilities span examinations, diagnosis, treatment planning, and performing dental procedures. We are on the lookout for a committed Dentist with outstanding clinical skills and a patient-centric approach. Join us and be a part of a career that blends innovation and professionalism, where your contribution shapes the future of dental excellence. Pay information… Competitive daily rate versus a 30-35%+ of production based on skills and experience. About This Office... Office location: 13146 US-301, Riverview, FL 33578 11 Operatories, iTero in office, located next to Publix with high visibility Multiple provider office setting with in-house access to Endodontic, Pediatric, and Ortho specialties What You’ll Bring To The Team… Clinical Expertise: Diagnose and treat oral health issues using advanced dental procedures. Perform routine dental exams, cleanings, and restorative treatments. Treatment Planning: Develop comprehensive treatment plans based on patient needs and preferences.Educate patients on treatment options, ensuring informed decision-making. Patient Care: Provide compassionate and patient-centered care, addressing oral health concerns.Build positive relationships with patients and create a comfortable environment. Leadership and Collaboration: Collaborate with dental assistants, hygienists, and administrative staff to ensure smooth operations.Guide treatment plans, protocols, and best practices. Adherence to Protocols: Adhere to established clinical protocols, including infection control and safety measures.Implement and follow specialty referral guidelines when necessary. Perks of the job… Pathway to Partnership with an equity stake in the Company Medical and Prescription Coverage administered by Blue Cross Blue Shield Access to the Nation’s Best Employee Dental Program Vision Plan 401(k) (Traditional and Roth) administered by Fidelity Health Savings and Flexible Spending Accounts Malpractice insurance Regular chairside mentorship and development sessions with your Clinical Partner Basic Life (up to $50k at no cost) and AD&D Insurance Optional Short-Term Disability, Long-Term Disability, and Term Life Insurance Power of One Rewards and Recognition Employee Assistance Program Vacation and Holiday Time Off Company-paid CE Invisalign training and pay Company-paid uniforms Referral Bonuses ($500-$10,000 depending on role) Seamless access to a network of specialized providers including Endodontists, Pediatric Dentists, Periodontists, Orthodontists, and Oral Surgeons What We Require You Have… 2+ years of experience in a DSO or Private Practice setting. DMD or DDS degree from an accredited dental school. Active and unrestricted dental license. Proficiency in performing routine dental procedures, including examinations, cleanings, and restorative treatments. Experience with treatment planning, case presentations, and patient education. About GEDC… Since 1982, Great Expressions has been at the forefront of dental innovation, setting the standard for exceptional care and unforgettable patient experiences. Now, we're entering a new era of transformation, and we want you to be a part of it. Our recently appointed leadership team brings over a century of collective dental expertise and is backed by dynamic investment support to pave the way for groundbreaking changes. We're channeling our resources and energy into revolutionizing our technology platform, expanding service offerings, and creating a personalized patient experience that goes beyond the expected. At Great Expressions, we're not just transforming dentistry; we're investing in the growth and development of our team. #IND4 Apply Now","He is best known for his incidental music for science fiction series on BBC radio and television whilst working at the BBC Radiophonic Workshop. He joined the BBC as a tape editor before moving on to become a studio manager for BBC Radio 1. In 1970, he joined the Radiophonic Workshop where he remained until 1981. His initial work was mostly signature tunes for BBC radio and TV programmes before going on to record incidental music for programmes including The Changes, The Hitchhiker's Guide to the Galaxy, as well as several serials of Doctor Who. His work on Doctor Who included incidental music for the following serials (in order of transmission): Meglos Full Circle State of Decay Logopolis Castrovalva The Visitation Mawdryn Undead Frontios He also contributed much to three versions of The Hitchhiker's Guide to the Galaxy."
p206,Associate Chiropractor Relocation Assistance,"Are you ready to make an impact in the world of integrated healthcare? Complete Care is searching for an exceptional Chiropractic Physician to join our dynamic team. As our company expands, you will be at the forefront of our mission, providing top-notch chiropractic and physiotherapy care across multiple clinics and locations. If you are a dynamic Chiropractic Physician, get ready for an opportunity that is not just a job – but a journey of innovation. Benefits: Great competitive salary Paid vacation Great hours, flexible!6-week training course Opportunity for advancement Malpractice Insurance Paid Medical, Dental, and Vision Insurance available CEU paid 401k with matching Ongoing clinical and documentation training Requirements: Doctor of Chiropractic degree An active Florida Chiropractic Licensure (in the process of obtaining your license)Commitment to ethical and professional chiropractic practice. Proficiency in Microsoft Office is a must, demonstrating your ability to leverage modern tools for enhanced productivity. Excellent communication skills are non-negotiable. You must be able to communicate clearly and effectively, both verbally and in writing.Salesforce and E-Clinical Works Savvy: If you are well-versed in Salesforce and E-Clinical Works your experience in these platforms is a huge plus. Please see the link below for a video of testimonials from our current Chiropractic team: Complete Care Testimonial Video-Click Here! History- After witnessing a lack of proper assessment and support for patients that have been involved in an accident, we saw a dire need in the community for clinics and doctors who would provide excellent evaluation and treatment of their injuries and the support needed to guide them through the process. This is what led to the family of practices, that is Complete Care. Complete Care consists of Integrative Physical Medicine, Centers for Imaging, and Interventional Associates. Together they provide patients with immediate access to chiropractic care, physiotherapy, state of the art imaging, interventional pain management, and orthopedic specialists. Complete Care offers chiropractic care, physiotherapy, and comprehensive testing. In each clinic, there is an experienced and trained staff eager to help. Our Chiropractic Physicians evaluate, treat, and make appropriate referrals for each patient. We have designated Case Managers who provide support and answer any questions. Our trained doctors and Chiropractic Assistants help each patient with their prescribed therapies and medical equipment. Each administrative staff member provides excellent customer service and a welcoming atmosphere. About Complete Care: Complete Care is a preeminent fully integrated health system that provides exceptional care for the injured, which leverages top-tier talent and leading-edge technologies. Complete Care and its family of practices are characterized by core competencies of cultural, clinical, and operational excellence. We strive to meet every patient’s individual needs with skillfulness and professionalism. We deliver our healthcare services – affordably and to everyone close to where they live and work and we do so in a way that positions us for continued growth in Florida and in the future, nationally. At Complete Care, we take pride in providing equal employment opportunities to everyone regardless of their race, ethnicity, beliefs, religion, marital status, gender, gender identity, citizenship status, age, veteran status, or disability. PM20 Powered by JazzHR PI239201772","His father is one of the members of the group Run DMC. ... Diggy Simmons' brothers' names are Joseph ""JoJo"" Simmons Jr. and Russell ""Russy"" Simmons II. http://wiki.answers.com/Q/What_are_Diggy_Simmons'_ ..."
p207,Dietitian/Wellness Manager,"Description: Registered Dietitian/Wellness ManagerFull-Time Benefits EligibleHome/Hybrid Office-Based with 40% travel64K - 69K We are recruiting a full-time registered Dietitian/Wellness Manager to create, coordinate, and deliver nutritional information in our education and corporate facilities for various ages. Our ideal candidate will have a background in allergies, healthy eating and nutrition trends, and influence groups with nutritional knowledge and education. While this role is remote/home-based, the ideal candidate needs to reside in Eastern PA or surrounding markets for convenient East Coast travel. This position will require travel throughout the East Coast and may require overnight stays. This role will include administration/oversight of wellness programs, strategic leadership, and nutrition initiatives. This position will require strong leadership ability, clinical knowledge, and a desire to engage our customers in conversations around nutrition. The Successful Candidate WillProvide nutrition support for 50+ locations collaborating with operations, culinary, and marketing teams; this will require travel and sometimes overnight stays.Maintain operational standards as the expert on allergen training. Partner with the culinary team to develop and implement nutrition programs that support accounts varying in size.Work with the marketing team to produce communications that increase awareness of healthy offerings at each location and facilitate educational programs, including lunch and learn workshops and tabling events —heavily emphasizing K-12 educational programming. Research, develop, and write material for the bi-monthly and annual health and wellness publications, weekly blogs, and social media posts. Support business development efforts and participate in retention efforts of existing accounts.Serve as a preceptor for internship programs. Preferred Qualifications Credentialed as a Registered Dietitian by the Commission on Dietetic Registration (CDR) 3-5 years of dietitian experiencePrevious experience (1-2 years) in higher education, corporate settings, or K-12/school environmentCapable of developing health-conscious menusProven ability to engage, motivate, and influence others regarding nutritionHighly collaborative; able to partner cross-functionally and manage a diverse set of stakeholdersResilience in the face of challenges and energy and adaptability in a fast-changing environmentExcellent written and oral communication skillsExcellent problem-solving, influencing, organization, and time management skills.Demonstrated ability to independently manage multiple assignments/tasks concurrently with the ability to prioritize work and adapt to the changing needs of the roleStrong presentation, computer, management, and leadership skillsCommitted to continued education in the nutrition field and implementing new and innovative ideas.Ability to meet travel requirements associated with the position.Brock & Company, Inc. is the premier provider of contract food management to private and independent schools and corporations throughout the Mid-Atlantic and New England regions. We aim to deliver outstanding quality food services exceeding our clients' expectations every day. With an extensive array of clients, Brock has a formula for success that is simple. We focus on top quality products combined with people who have a passion for food and service. Brock provides a family-owned, corporate supported, financially sound organization that is committed to our clients and associates and is always striving for excellence. Competitive compensation & benefits program including company car(40% travel), computer and phoneEqual Opportunity Employer - M/F/D/VPlease respond with a resume or letter of intent PM21Requirements:","He has been a successful Dentist for the last 29 years. He has completed BDS . He is currently associated with Grover Dental Center in Rohini, Delhi. Book an appointment online with Dr. Sunil Kumar Grover and consult privately on Lybrate.com."
p208,"Locums: Emergency Medicine Physician - Methodist Texsan Hospital - San Antonio, TX","Grow Your Career with HealthTrust Locum Tenens – Hospital-based At HealthTrust, we believe that healthcare is not defined by the four walls in which it is practiced. It’s defined by its people. We pride ourselves on crafting opportunities that expand skill sets, broaden career horizons, provide economic stability, and cultivate personal growth. We truly believe in a culture of care, and our clinicians have made HWS an industry leader for over 25 years. We are passionate about our mission that above all else, we are committed to the care and improvement of human life. What Your Responsibilities Will Be: Top-notch clinical care in Hospital-based setting Call Coverage Collaborate with clinical staff Maintain excellence in standard of care for patients Upon application submission, a recruiter will reach out to provide details on schedule requirements, day-to-day expectations, anticipated patients per day, and call coverage component. What We Require from You: Current state medical license or ability to get licensed DEA/CSR Requirements (based on state) Appropriate certifications as required for specific position Demonstrate code of conduct and compliance policies HealthTrust Workforce Solutions offers temporary and emergency credentialing privileges on a facility to facility basis. Why You Will Love Working for HealthTrust: Weekly pay via direct deposit Flexible scheduling to meet your needs Ability to earn up to $1000 for each referral At HealthTrust, we help open the door to a lifetime of career opportunities and paths that align with your goals. When you become part of the HCA family, you will have exclusive access to more opportunities than any other healthcare system in the nation. Career development for your lifestyle and location preference. As a wholly-owned subsidiary of HCA Healthcare, HWS is a preferred partner to thousands of top-performing hospitals, and we provide our healthcare professionals with first-priority access to more than 200,000 jobs nationwide. We are uniquely positioned to offer you exclusive and direct access to HCA Healthcare’s vast network of facilities. We are an equal opportunity employer and value diversity at our company. We do not discriminate on the basis of race, religion, color, national origin, gender, sexual orientation, age, marital status, veteran status, or disability status. ID: 816766 Job Board: EV IND_2 ReqID: 816766 Category: Physician Specialty: Locums Job Type: Full-Time Job Type: Position Type: Locums HWS Exclusives: HWS Only","Dr. Sagar Joshi practices at Ora Care MultiSpeciality Dental Clinic in Dombivili East, Thane. He completed BDS from T.K Dental College, Kolhapur in 2008 and MDS from V.P Dental College, Sangli in 2013."
p209,Registered Nurse Clinic RN - Pain Management,"Job Summary Provides competent clinical nursing practice across the life-span, facilitates transitions across care settings, and coordinates care delivery with other disciplines for improving patient care quality outcomes as well as decreasing unnecessary utilization and associated costs across patient populations and health care settings. Daily ambulatory nursing practice performance primarily is focused on telephonic patient triage, patient education, direct care interventions, collaborative leadership and care coordination. #READ Qualifications Education Requirements Graduate of an accredited school of Nursing Experience Relevant Experience Certification and Licensure CPR CertificationPA Registered Nurse License Required Skills Analytical SkillsCollaborative SkillsExcellent Communication SkillsExcellent Communications SkillsExcellent Interpersonal SkillsExcellent Teamwork SkillsGeneral Clerical SkillsKeyboardingMultitaskingProblem Solving SkillsStrong Team Player Overview Tower Health, a regional healthcare system, serves communities across multiple counties in Pennsylvania. Its network includes Reading Hospital, Phoenixville Hospital, Pottstown Hospital, and St. Christopher's Hospital for Children (in partnership with Drexel University). Committed to academic medicine and training, Tower Health offers various programs, including residency and fellowship programs, the Drexel University College of Medicine at Tower Health, and the Reading Hospital School of Health Sciences. Additionally, the system provides a wide range of healthcare services, such as Reading Hospital Rehabilitation at Wyomissing, home healthcare via Tower Health at Home, TowerDirect ambulance and emergency response, Tower Health Medical Group, Tower Health Providers (a clinically integrated network), and Tower Health Urgent Care facilities across its service area.","Her family lives in Winnipeg, Manitoba, where she served as a Ladies President in Central Canadian District. Her great passion is to serve and live for God. Posted by"
p210,RN House Supervisor,"Position Details Shift: EveningStatus: Part-Time RN case manager - fulltime dayshift Join our mission to provide compassionate, professional, and caring service in order to enhance the quality of life for residents, clients, and co-workers. Welcome to Homewood at Martinsburg where making a positive impact is our daily goal. We're not just a team; we're a family dedicated to securing a bright future for our community. Homewood at Martinsburg is nestled amidst the picturesque beauty of Pennsylvania where we've grown to offer a range of senior living options. In our dynamic, forward-thinking environment, compassion and care shine brightly. We celebrate innovation and cherish creativity. What we love most? Our team's unwavering commitment to improving the quality of life of our residents. We nurture professional growth, empowering our employees to be changemakers each and every day! What’s in it for you? As a valued member of our team, you’ll enjoy these exceptional benefits & perks: Paid time off, with an opportunity to cash out each yearAssistance for new LPNs/RNs – we pay up to 50% of your student loansChristmas bonus totaling 1% of your annual earningsShift and weekend differentials But that’s not all! Our comprehensive benefits package also includes: Referral bonus of up to $600Tuition reimbursementHealth, dental, vision, and life insurance optionsRetirement contributionsProfessional licensure reimbursement Job Summary: Provides monitoring and supervision of all functions necessary to promote quality care to all residents on the shift. Essential Functions: Treats all information about residents, their condition, and family as well as personnel matters as confidential information.Complies with established Corporate and Departmental policies and procedures, and maintains established standards and practices.Responsible for appropriate staffing to provide proper care to residents; including replacement of call-offs while on duty or reappropriation of scheduled staff.Works with and assists the attending physicians in the delivery of care to residents, and oversees preparation of residents’ charts for physician visits.Observes, assesses, evaluates and monitors resident health problems. Communicates findings to the attending physician, and coordinates appropriate follow-up. This will especially be done on each shift where there is a resident who needs care that is in addition to normal routine care.Reviews clinical records for timeliness, completeness and accuracy. Accurately documents in the medical record observations, assessments and progress notes. Updates care plans as treatment plans change.Oversees orientation of new nursing personnel on assigned shift.Ensures proper communication to families on resident health conditions. Resolves resident and family concerns as needed. Consults with the Head Nurse as necessary.Acts as liaison between resident, resident’s families and the physician. Interprets doctor orders and treatment plans in providing education when needed.Prepares daily report and communicates significant information to the relieving supervisor.Provides direct care as necessary. Models work tasks in a manner consistent with Homewood’s policies and standards of nursing practices.Provides overall supervision to all nursing personnel and ensures proper chain of command is followed. Supervisors nursing staff for sound judgment, safety, resident care and customer service.Shares responsibility for the planning, implementation and evaluation of nursing care plans and nursing care. Exercises sound clinical judgment with resident care issues.Responsible for informing administration/management of severe issues, reportable events, resident/family concerns and alleged abuse and neglect in a timely manner. Seeks guidance when appropriate when reporting to outside agencies.Responsible to implement the emergency plan should an emergency or disaster occurs.Assumes the responsibility for “manger on duty” on the evening and night shifts.Performs other functions as directed by the supervisor Qualifications: Current and valid RN license in the state providing resident care.Two to four years’ experience in a supervisory position preferably in a geriatric long term care facility.Possesses compassion, understanding and empathy for older persons.Possesses management ability including skills in written and verbal communication, good judgment and reasoning and coaching.Understands management, delegation and motivational concepts.Ability to communicate to residents, family and staff at a level they can understand.Must be able to react quickly and decisively in emergencies and in unexpected behavior of residents.Standing and walking distances constantly throughout the campus would be required during the shift in evaluating residents and supporting line staff and (at applicable facilities) coordinates the response to emergency needs of the Retirement Community.Ability to lift 30 pounds in assisting co-workers with resident lifts, transfers, etc. several times throughout the shift.Demonstrates strong conflict resolutions skills in a manner that is respectful and dignified. Physical Requirements: This position includes responsibilities of leadership in nursing. Standing and walking distances constantly throughout the campus would be required during the shift in evaluating residents, supporting line staff, and responding to emergency needs of the Retirement Community. Ability to lift 30 pounds in assisting co-workers with resident lifts, transfers, etc. several times throughout the shift. Must be able to react quickly and decisively in emergencies and in unexpected behavior of residents.","She graduated with honors in 2008. Having more than 9 years of diverse experiences, especially in NURSE PRACTITIONER, Terri L Brown affiliates with many hospitals including Sullivan County Community Hospital, Greene County General Hospital, Good Samaritan Hospital, and cooperates with other doctors and specialists in many medical groups including Mso Clinics Inc, Union Associated Physicians Clinic LLC. Call Terri L Brown on phone number (812) 238-4470 for more information and advises or to book an appointment."
p211,Personal Trainer,"FULL-TIME Part-time LOCATION 17942 SW McEwan Road Tualatin OR 97224 Job Summary The Fitness Coach represents 24 Hour Fitness to members and clients by delivering a positive fitness experience and quality personal and small group training sessions leading to member retention and client acquisition. The Fitness Coach leverages experience and specialized education to deliver premium programming and consultation for clients in person. Essential Duties & Responsibilties Service and Train Clients Design and deliver comprehensive fitness programs based on clients' goals that include appropriate exercise selections, programs that include varied fitness offerings, general nutrition guidelines and teaching a fitness lifestyle.Inform clients of fitness tools available to assist them in achieving their goals.Set expectations and hold clients accountable to their comprehensive fitness programs through goal setting, follow up discussions and track progress.Demonstrate safe and proper exercise techniques to clients.Arrive on time, prepared and enthusiastic while being attentive for every training appointment and or group session.Meet minimum productivity expectations servicing clients and group sessions.Increase member group training sessions and attendance through strong teaching skills and ability to connect with and motivate others with a wide variety of fitness levels. Service Members and Administration Assist in member service activities such as fitness seminars, training days, and deliver a positive fitness experience to members and guests through complimentary fitness assessments.Build and generate a strong fitness business through new client acquisition and retention.Effective onboarding of new members and clients by providing professional recommendations to help acclimate to a fitness lifestyle.Coach members on proper use of equipment and exercise techniques.Start and finish sessions as scheduled.Handle member concerns or direct to appropriate club management.Deliver on the Service Promise of Clean, Friendly and Well-Maintained Club by racking weights, team cleans and assisting with maintaining a clean and organized club.Create, maintain, and regularly update progress for each personal training client, following company guidelines.Schedule personal training sessions, other appointments and administration of time four weeks in advance using company systems. ORGANIZATION RELATIONSHIPS Reports to the Fitness Manager and/or General Manager and will interact with all levels of club staff. Qualifications Knowledge, Skills & Abilities Understand principles of physical fitness and proper exercise technique.Ability to communicate clearly and concisely, both verbally and in writing.Ability to adjust and operate fitness equipment.Ability to perform a variety of exercise routines.Demonstrate excellent customer services skills. Minimum Educational Level/Certifications High School Diploma or GED required.Cardiopulmonary Resuscitation (CPR) and Automated External Defibrillator Certifications (AED) received through in person training required.Degree in a related field or current certification through at least one nationally accredited industry associations.Specialized fitness credentials preferred or equivalent work experience or education in specialized function. Minimum Work Experience And Qualifications 1+ years of experience as a Personal Trainer or Fitness Coach.Holistic fitness program design and consultation experience preferred, but not required. Physical Demands/ Environmental Conditions Must be able to lift 50 lbs.Physical effort required for daily duties include lifting weights, squatting, bending, reaching, spotting, jumping, kicking, and prolonged standing and walking. Working Environment While performing the duties of this job the team member is regularly exposed to moving mechanical parts.The noise level in the environment is occasionally loud.Extended workdays are a frequent occurrence, as are weekends and holidays as needed to support the business. DISCLAIMER : This job description is intended to describe the general job functions and requirements for this position. This is not intended to be an exhaustive list of all the qualifications, responsibilities, duties, and skills required. 24 Hour Fitness reserves the right to modify, add, or remove duties as necessary. FUNCTIONAL GROUP Fitness",She will be coming to WSU to perform for the students on September 5th at 8pm. Cost of admission will be free for students with their Cougar Cards and $5 for the general public.
p212,Staff Accountant,"Staff Accountant – This is a new opportunity within the accounting team! About The Company And Opportunity Work for a company that is one of the largest in their industryThis Staff Accountant position is a newly created role reporting to the Accounting ManagerFast-track opportunity for growthThe company is known for giving back to the communityDynamic and visionary company looking for a Staff Accountant who wants to growStrong compensation and benefitsHybrid work scheduleIf you want to be in a high-growth, fast-paced environment with an innovative company, this could be your Staff Accountant opportunity! Overview Of The Staff Accountant Role This Staff Accountant reports directly to the Accounting ManagerResponsible for full-cycle general accounting, bank reconciliations, month-end close for multiple entitiesMust feel comfortable in Excel Preferred Qualifications For The Staff Accountant Strong Accounting Professional1+ year experience in Accounting","Dr. Rattes's areas of expertise consist of arrhythmias (irregular heartbeats), holter monitoring, and nuclear cardiology. Patients gave him an average rating of 5.0 stars out of 5. He takes Blue Cross/Blue Shield, Blue Cross Blue Shield EPO, and Blue Cross Blue Shield Bronze, in addition to other insurance carriers. His education and training includes medical school at Federal University of Minas Gerais (UFMG) School of Medicine and residency at a hospital affiliated with the University of Ottawa. Dr. Rattes (or staff) speaks the following foreign languages: Spanish and Portuguese."
p213,Mid-Level Architect,"Job Type Full-time Description EwingCole is a nationally recognized architecture, engineering, interior design and planning firm with offices across the country. Our multi-disciplinary practice is built on the core values of professional excellence, design quality and collaboration. We are seeking a motivated Architect ll with 8 or more years of experience to join our Philadelphia office. As part of the Architecture Discipline, you will work independently in directing and supervising a small staff for project specific solutions for design, program and technical requirements for projects. As an Architect II you will develop small to medium scale projects and oversees a small staff of architects, technicians and interns. This position coordinates with other disciplines, in the production of drawings and construction documents which fulfill the design concept, meet the client's expectations and the firm's goals of design excellence, financial viability and quality service. You will receive technical, budgetary, managerial and design guidance on critical issues, new concepts, and policy requirements. Essential Functions Execute and enhance the design intent while preparing the construction documents.Supervise small and medium size teams of professional and technical support personnel in project situations.Manage and deliver the production of the construction documents for small and medium sized projects.Provide technical support to project team members.Assist market segment leaders and the marketing department in the preparation of design documents and presentation material.Schematic Design and Design DevelopmentWork with the project manager and the project designer in creating buildings which serve the client’s needs and responds to their desired image, space and aesthetic.Develop code compliant designs.Participate with design presentations to the client.Participate with the projects’ design review presentation.Direct project coordination meetings for small and medium sized projects.Work with the Project Manager and Project Designer in developing the building design by testing it in relation to program, budget, codes and other issues that emerge in the Design Development phase.Construction DocumentsWork with the project designer in articulating design principles that help govern the detailing phase of the project.Work with the engineering disciplines (inclusive of civil and landscape) and Interiors in order to ensure a consistent development of the project towards the design concepts established in earlier phases.Develop project specifications and other technical requirements of projects.Construction AdministrationParticipate in submittal responses, shop drawing reviews and construction site visits.Prepare site visit reports.Work with the technical team in preparing construction phase design directives.Mentor Architecture Interns.Perform other duties and responsibilities as required or requested. Requirements Bachelor or Master of ArchitectureRegistered Architect in at least one state with suitable credentials for registration in other statesSuperior graphic design and building design and conceptualization skillsProficiency with AutoCAD, Revit, etc.Proficiency with Microsoft Office Suite and Adobe SuiteExperience hand drawing and sketchingProficiency with Rhino, Grasshopper, 3D Max and Sketch-up Benefits Of Working At EwingCole Generous paid time off, 401(k) plan with company match, tuition reimbursement, flexible/hybrid work options, paid parental leave, excellent insurance offerings including medical, dental, vision, accident, critical illness, hospital indemnity, identity protection and more. EwingCole does not accept unsolicited resumes from recruiters or agencies. Any resume submitted by an agency without a prior written agreement will be deemed the property of EwingCole and no fee will be paid in the event the candidate is hired.","Clinical interests for Ms. McDougall include knee problems, joint reconstruction, and hip problems. She is professionally affiliated with The University of Vermont Medical Center. POMCO, Blue Cross/Blue Shield, and Empire BlueCross BlueShield are among the insurance carriers that Ms. McDougall accepts. For her residency, Ms. McDougall trained at Norwalk Hospital. Ms. McDougall is conversant in French."
p214,"Locums: Emergency Medicine Physician - Methodist Texsan Hospital - San Antonio, TX","Grow Your Career with HealthTrust Locum Tenens – Hospital-based At HealthTrust, we believe that healthcare is not defined by the four walls in which it is practiced. It’s defined by its people. We pride ourselves on crafting opportunities that expand skill sets, broaden career horizons, provide economic stability, and cultivate personal growth. We truly believe in a culture of care, and our clinicians have made HWS an industry leader for over 25 years. We are passionate about our mission that above all else, we are committed to the care and improvement of human life. What Your Responsibilities Will Be: Top-notch clinical care in Hospital-based setting Call Coverage Collaborate with clinical staff Maintain excellence in standard of care for patients Upon application submission, a recruiter will reach out to provide details on schedule requirements, day-to-day expectations, anticipated patients per day, and call coverage component. What We Require from You: Current state medical license or ability to get licensed DEA/CSR Requirements (based on state) Appropriate certifications as required for specific position Demonstrate code of conduct and compliance policies HealthTrust Workforce Solutions offers temporary and emergency credentialing privileges on a facility to facility basis. Why You Will Love Working for HealthTrust: Weekly pay via direct deposit Flexible scheduling to meet your needs Ability to earn up to $1000 for each referral At HealthTrust, we help open the door to a lifetime of career opportunities and paths that align with your goals. When you become part of the HCA family, you will have exclusive access to more opportunities than any other healthcare system in the nation. Career development for your lifestyle and location preference. As a wholly-owned subsidiary of HCA Healthcare, HWS is a preferred partner to thousands of top-performing hospitals, and we provide our healthcare professionals with first-priority access to more than 200,000 jobs nationwide. We are uniquely positioned to offer you exclusive and direct access to HCA Healthcare’s vast network of facilities. We are an equal opportunity employer and value diversity at our company. We do not discriminate on the basis of race, religion, color, national origin, gender, sexual orientation, age, marital status, veteran status, or disability status. ID: 816766 Job Board: EV IND_2 ReqID: 816766 Category: Physician Specialty: Locums Job Type: Full-Time Job Type: Position Type: Locums HWS Exclusives: HWS Only","She grew up in Canada and recently moved back there after pastoring a church in Wenatchee, Washington for 15 years. She is a graduate of Atlanta Bible College, and Clayton State University. She enjoys hiking, baking, reading, and often has pet goldfish. Merry has enjoyed being at FUEL as a camper and as part of the staff. Author grow16biblereadingPosted on December 4, 2016December 3, 2016Categories II ChroniclesTags Babylon, consequences, Cyrus king of Persia, goodness of God, Jeremiah, Josiah, mocked the messangers, passover, warningsLeave a comment on Hey, Listen Up!"
p215,Colorectal Surgeon,"Boone Health has been named one of America's 100 Best Hospitals! Position Specific Details: Surgeon would join a group of four-five established general surgeons.Option to take general surgery call or to be excluded from call schedule.Option to do general surgery work or to focus solely on colorectal cases.Within practice there is currently a busy colorectal surgeon. Each work closely with the hospital’s GI department and nearby cancer practice to provide comprehensive care to patients.Volume immediately available. Job ResponsibilitiesManages the medical care of assigned patients.Collaborates with patients, families, and members of the health care team to ensure excellent clinical outcomes.Performs and documents histories and physicals in the patient's medical record as required by hospital by-laws. Boone Health has determined this is a safety-sensitive position. The ability to work in a constant state of alertness and in a safe manner is an essential function of this job.Performs Other Responsibilities as Assigned. Minimum QualificationsDegree: DO or MDExperience: 2-5 YearsSupervisor Experience: No ExperienceLicense: Licensed Physician In addition to being a Top 100 Hospital overall, Boone ranked in the Top 100 for Joint Replacement in 2023 and 2024, and received the Patient Safety Excellence Award in 2023 and 2024.","He graduated with honors in 2009. Having more than 7 years of diverse experiences, especially in NURSE PRACTITIONER, Efrain Morales affiliates with no hospital, and cooperates with other doctors and specialists in medical group Daniel S. Kessel Md Pc. Call Efrain Morales on phone number (609) 890-2600 for more information and advises or to book an appointment."
p216,Associate Attorney (Workers’ Compensation),"Join a Team of Difference Makers Joining Quintairos, Prieto, Wood & Boyer, P.A. (QPWB) means becoming part of a team of difference-makers who are passionate about making a positive impact in the legal profession. Our commitment to excellence, diversity, and innovation extends to every aspect of the firm, including our Workers' Compensation Practice Group. As a national defense firm, we're seeking passionate attorneys licensed in Florida with experience in Workers' Compensation defense. This is an excellent opportunity for individuals with 3-10 years of experience who specialize in defending against all types of workers’ compensation claims, including cases involving The Jones Act and the Longshore and Harbor Workers’ Compensation Act. Our team is committed to effectively moving cases through the legal system while vigorously defending our clients’ interests in court. Through our strategic approach and dedication, we strive to achieve favorable outcomes for our clients while upholding the highest standards. Discover Your Role Workers’ Compensation Practice Group At QPWB, our Workers’ Compensation Practice Group is composed of seasoned attorneys dedicated to assisting a diverse range of clients, including employers, carriers, third-party administrators, and self-insureds, in the defense of workers’ compensation actions. From initial claims handling through mediation, arbitration, trial, and appeal, we provide comprehensive legal representation tailored to the unique needs of each client. As an Attorney specializing in Workers’ Compensation, your role will involve: and preparing summaries of medical records to effectively advocate for clients.motions and attending hearings to represent clients in court.clients for depositions and attending depositions as needed.initial reports, interim reports, pre-trial reports, trials, and appellate activity.to discovery requests and drafting discovery-related motions.attending court appearances to ensure the best possible outcomes for our clients.and defending depositions of fact witnesses and expert witnesses. A Comprehensive Package Becoming part of the largest woman and minority-owned law firm in the nation, where creativity, entrepreneurship, and career development are celebrated, means understanding what makes YOU different, and we’re here to treat you as such. You can look forward to enjoying: benefits, including a competitive 401(k) match, to support your financial well-being and future planning.growth and advancement opportunities, with access to training and mentoring programs designed to help you reach your full potential.competitive salary reflective of your skills, experience, and contributions to our firm. What You’ll Bring To excel in this role, you must meet the following requirements: to practice in the State of Florida.analytical and problem-solving skills to navigate complex legal issues effectively.excellent research abilities and strong written and oral communication skills.and respond to discovery-related motions.attend court appearances.and defend depositions of fact witnesses and expert witnesses.motions for summary judgments. We're looking for enthusiastic candidates who are passionate about Workers' Compensation law and eager to make a positive impact in our firm and the communities we serve. If you're ready to join a team of difference-makers and take your legal career to new heights, we invite you to apply today. Together, we can shape your future, fast-track your leadership, and create new opportunities for growth and success for all.","She runs Night Rain Poetry, publishes the Concrete Wolf Poetry Chapbook Series, and is Poetry Editor of Crab Creek Review. She has won several awards for her poetry collections, and has been published in many journals. Naseem Rakha"
p217,Primary Teacher – Auburndale Elementary School (2024-2025) - Start Time 8:00,"24-25 Teacher Transfer Instructions: Current JCPS teachers who wish to transfer into this position must click HERE to be considered for this transfer. Transfer requests for this position WILL NOT be considered after 4/24/2024. For more information regarding the JCTA Teacher Transfer Process, please refer to Article 16 from the JCTA contract. If you are not a current JCPS certified employee, you are not eligible to apply for this position. Job Description: (Attached) Salary Schedule: III (Attached) Days/Hours: 187days/7 hours Salary Range: 47,096.47 - 86,228.13 As per board approved salary placement rules Scope of Responsibilites: Plans, organizes and delivers the program of instruction based on approved curriculum; monitors, evaluates, and communicates student progress;maintains records and makes reports; enforces Board policies, regulations, and rules; supervises students, and secures and maintains school property and materials. Minimum Qualifications: Kentucky certification appropriate to the grade level and curricular assignment (K-5) Experience and preparation required by the BoardInformation you enter in the Experience section of the online application will be used to verify your qualification for this position. Information should be entered accurately and completely Falsification of an employment application is grounds for exclusion from consideration and/or termination**","Her publications include ""Beyond Left and Right: Helping Christians Make Sense of American Politics"" and ""Of Little Faith: The Politics of George W. Bush's Faith Based Initiatives"""
p218,Personal Trainer,"Rain City Fitness is a private personal training and group fitness studio located in Arlington off highway 9 next door to Trio Salon across from Safeway. In addition to offering private personal training, we offer 9 group classes a week and would like to add more. These include Strength Training, TRX, Spin, Core and Abs, HIIT Cardio and more. Our primary clientele is female with a high percentage being moms of all ages and teachers. We offer a space free of judgment. Our main priority is to teach our clients how to be comfortable in a gym/ studio setting. We modify all workouts to meet clients current fitness needs and offer some of the best instruction around. We keep class sizes small allowing very focused instruction for each client. Currently we are in search for new instructors who are either: Group Fitness Certified (preferred) orHave a specialty certification in Spin, Barre, and/or TRXCertified personal trainers to assist in continuously building our private clientele training base.Nutritional certifications of any variety. Looking specifically for a Nutritional Therapist, Nutritionist, or Dietician specialty.Qualifications:All trainers/instructors will be hired as independent contractors. Must hold a certification in group fitness, or specialty listed above or be a certified personal trainerUpon hire, must obtain own professional insurance and business license to meet state requirements of Independent ContractorMust be open to adapting our current studio model as established by Rain City Fitness Owner.Pay and benefits:Pay is per class or per client and decided based on experience with minimum pay starting at $25 per group class and $36 per hour for personal training.Free group fitness classes for all instructors/trainersWhen applying please include qualifications and certification details, employment history, current contact information, and at least two professional references. Job Types: Full-time, Part-time Pay: $25.00 - $36.00 per hour Benefits: Employee discountFlexible scheduleFree fitness classesGym membershipOn-site gymSchedule: 4 hour shift8 hour shiftDay shiftEvening shiftEvery weekendWork Location: In person License/Certification: Certified Group Fitness Instructor (Preferred)Certified Personal Trainer (Preferred)Nutritional Specialty (Preferred)Spin or Barre (Preferred)Shift availability:","He is an expert and frequent lecturer on Florida’s Public Records Act and Sunshine Law. Michael previously served two terms as Vice President of the ACLU of Florida and currently chairs the Legal Panel of the Sarasota Chapter of the ACLU of Florida. He is a life member of the Florida Association of Criminal Defense Lawyers and received the President’s Extra Mile award in 2008 for work related to indigent criminal defense. Michael is an Associate Member of the American Bar Association, Criminal Justice Section and the State and Local Government Section, serving on the Racial Justice & Diversity Committee, Electronic Communications Committee, and the Appellate & Habeas Practice Committee. Michael lives in Sarasota, Florida, and was recognized by Sarasota Magazine as one of the 25 most influential individuals in his community."
p219,Full Stack Engineer,"Job description We are seeking a skilled and experienced developer to build out our web-based software platform. The developer will be responsible for implementing the front-end and back-end infrastructure, ensuring optimal performance, and scalability. This role requires strong knowledge and experience in web development, as well as expertise in the following: Front-end development using HTML, CSS, and Vue.JSAs one of the earliest engineering hires, you’ll take on a lead role with vast ownership across one of our stacks. We are tackling challenging and important problems, and need engineers who can operate well in ambiguity and come to a great solution.As an engineering team, we believe strongly that empathy improves our solutions. Seeing people use the product is a priority and the way we get to the right answer. Engineers will have the opportunity to work closely with our team onsite to understand the variety of use-cases that Care Predictor serves. We value strong ownership on our team, while also being highly collaborative and always seeking input and feedback.As a Senior Full Stack Engineer, you’ll use a variety of programming languages and technologies to scale our platform to handle terabytes of data being ingested across a variety of data sources. You will own projects from pixels to database queries.About You8+ years’ experience building, testing, and managing web-based applications.Bachelor's degree, preferably in Computer Sciences, Information Technology, Computer Engineering, or related IT discipline; or equivalent experience.Comfortable navigating large codebases and building multi-tenant systems.Back-end development with languages such as Python, PHP, or Typescript.Database management and integration.API design and integration.Experience with developing, deploying, and maintaining systems on AWS.Experience with Agile/Scrum.Experience with GIT and pull request procedures.Experience with JIRA Project ManagementShipped and iterated production-grade software components in your professional career and/or the open-source community.Write robust, well tested, documented, and well-designed code that frequently gets deployed to users.What We Look ForReside in CaliforniaStrong understanding of architecture and scaling large software systemsStrong best practices in modern software development such as deployments, CI/CD, data management, and distributed systems.Excellent technical vision with the ability to synthesize product requests into strong and reliable software components.Passion for crafting and shipping software solutions that delight users.Driven and self-disciplined with the ability to own projects from start to finish. Job Type: Full-timePay: $120,000.00 - $145,000.00 per year Benefits:401(k)401(k) matchingDental insuranceHealth insurance Experience level: 8 years Schedule: 8 hour shiftMonday to Friday Application Question(s): This position will be remote, with occasional in-office visits at Dana Point. Please confirm this works for you. Education: Bachelor's (Preferred) Experience: building, testing, and managing web-based applications: 8 years (Preferred) Ability to Relocate: Dana Point, CA 92629: Relocate before starting work (Required) Work Location: Hybrid remote in Dana Point, CA 92629","Well, so says a voice on ESPN’s program Outside the Lines, which looked at the talented, driven, money-mad boxer ahead of his fight with Manny Pacquiao."
p220,Physician Internal Medicine,"CompHealth is a national leader in healthcare staffing, serving providers in more than 100 specialties. With available positions in all 50 states, we can help you find an opportunity in the area and type of facility that best fits your needs. Call Art Moran directly at 203.663.9358 or email arthur.moran@comphealth.com. Partnership track option after 1 yearPatient consensus up to the physician; doctors can work full time or part timeUnparalleled work-life balanceJoin 13 internists and specialists in this physician-owned MSGOutpatient clinic is open from 7 am - 5 pmBeautiful, well-respected patient-centered medical homeOn site labs, X-ray, ultrasound, and stress testsMedical benefits, dental insurance, LTD, 401(k), malpractice with tail, CME, and 120 hours of PTOOur services are free for youWe help negotiate your salary and contractWe coordinate interviews and help with licensesSpecialized recruiters match your career preferencesExperienced support teams take care of every detail","Over the past 3 years, she has combined her new found eye for photography with her existing resources of perspective, idea generation, writing & design to help her become an experimental artist and advocate of social issues. She began chronicling the emerging post-war explosion of arts & culture in the country in many leading publications & webzines. Her journey has lead her to her current position as The British Council’s new head of arts in Sri …"
p221,Photographer,"Company Description Mary Gillespie Photography is a family owned & operated photography studio located in Lodi, Ca. Role Description This is a contract remote role for a School Photographer. As a School Photographer, you will be responsible for capturing high-quality portraits of students and staff in various school settings. Your day-to-day tasks will include setting up equipment, posing individuals or groups, and ensuring a comfortable and positive experience for your subjects. This role requires strong attention to detail, excellent communication skills, and the ability to work independently while following guidelines and timelines. Locations of the schools are in Lodi, Stockton, Galt. Linden & Thornton. Qualifications Prior experience in photography, particularly in a school or portrait settingProficiency in using professional photography equipment and softwareStrong understanding of lighting techniques. Reliable transportationAbility to work independently and follow instructionsAttention to detail and strong organizational skillsAbility to adapt to different environments and subjectsFlexibility to work around school schedulesPortfolio demonstrating proficiency in portrait photography","She was born 25 years ago in a seaside city and has since then lived in three different continents for several years, which made her develop a bad case of almost permanent itchy feet. Eternal daydreamer and tree-hugger, she is inspired mostly by music and nature for capturing moments of beauty and emotion. She also enjoys sewing, painting and crafting."
p222,Chiropractor,"Quality Care Starts At Clinicas!This is an excellent opportunity to work for an organization that truly makes a difference in the community. Clinicas Del Camino Real, Inc. offers a highly competitive salary; excellent benefit package including full medical, dental, vision, life and disability insurance; generous holiday, vacation and sick leave. ESSENTIAL FUNCTIONS AND RESPONSIBILITIES The Chiropractor position is responsible for performing the following duties:Provides chiropractic care to clinic patients.Examines patients to determine nature and extent of disorder; performs diagnostic procedures including physical, neurologic and orthopedic examinations, laboratory tests, and other procedures.Manipulates spinal column and other extremities to adjust, align or correct abnormalities caused by neurologic and kinetic articular dysfunction.Utilizes supplementary measures such as exercise, rest, water, light, heat and nutritional therapy. EDUCATION, EXPERIENCE AND QUALIFICATIONS Graduate of an accredited chiropractic school and licensed to practice chiropractic in the State of California by the California State Board of Chiropractic examiners. examiners. Bilingual (English/Spanish) preferred.Proven ability to achieve results.","Although the source material for her paintings is often Rhodes’ own drawings and her own and found photographs, the final works cannot be seen as literal descriptions of an actual landscape. Rather, as Tom Lubbock has put it, they can be regarded as ‘fictional views or fictional topographies’."
p223,Personal Trainer,"Are you tired of your 9-5? Are you good at sales and looking for an opportunity to enhance your sales skills in the fitness industry? Are you looking for someone who respects the hard work you are putting in and has a fun culture to work in? We want someone who is hungry and has a drive to be good at sales while being passionate about the gym industry and has a desire to better peoples life through fitness. There is a dire need out there for people who have the desire to be in the gym but are not sure what to do. Our goal is to help educate and better them! If you a right fit for what we are looking for you will get the opportunity to take over a book of business already built. You will also get the opportunity to grow and build a cliental on top of this.Responsibilities include:Conducts fitness consultations for new clients including pre-participationscreening, Medical History, Lifestyle questionnaire, and goal setting to assessand recommend personal training programs.Develop individualized exercise programs consistent with a member’s personalfitness and exercise goals.Deliver pre-designed workouts to groups of 1 – 15 members.Continually monitor and assist members to ensure proper form is used whenperforming exercises.Instructs clients during personal training sessions on the safe and effective use ofcardiovascular, flexibility and strength training equipment.Responsible for achieving monthly personal training revenue goal established bymanagement team.Attend weekly/monthly team meetings.Understands how to administer body scan technology and interpret results.Partners alongside member sales team to promote membership sales.Ensure facility cleanliness and tidiness.Remains current on certifications, continuing education and new trends in the industry.Benefits:Provide individuals with sales coaching through a vendor called KPSOFTWORKS giving you the right tools to be successfulGreat culture growing gymCommission Opportunities on top of Hourly PayProfessional GrowthRelaxed Culture","Prior to joining OSU, Brian was a postdoctoral fellow at the National Institutes of Allergy and Infectious Diseases in Bethesda MD, where he began his studies on the cellular biology governing antigen presentation, the process by which the body's cells alert the adaptive immune system to the presence of intracellular pathogens. Brian received his Ph.D. from the University of Maryland Baltimore County in 2006 and his Bachelor of Science from Roger Williams University in 2000."
p224,Project Architect,"PGAV Destinations is seeking a self-motivated and highly creative individual with a good understanding of the technical aspects of architecture. The candidate must be able to learn quickly, be collaborative, have a strong work ethic, and be able to execute or work on multiple projects simultaneously. This team member would also be instrumental in the coordination of design-intensive, complex projects and should possess strong leadership qualities in order to guide less experienced teammates over the course of the projects. Project work will include all levels and phases of design from concept through construction documentation and construction administration. Education and ExperienceBachelor’s or Master’s of Architecture from an accredited college or university5-10 years of experience in an architectural firmSkillsGreat hand and digital sketching abilitiesProficiency in Revit, AutoCAD, and Microsoft Office SuiteProficiency in Adobe Creative SuiteProficiency in 3D modeling software such as Rhino, SketchUp, and/or 3ds Max is preferredExcellent verbal and written skillsKnowledge of Code and ADA with ability to perform code analysisIn depth understanding and expertise of architectural building systemsJob RequirementsAbility to travel as neededCommunicate thoughts and ideas with the project team and clientsStrong ability to coordinate detailed conditions with the consultant teamAbility to be self-directed and problem-solve without continued daily directionLicensure preferred but not requiredConstruction Administration / On-site or In-the-Field experience preferred but not required.Ability to lead small and large-scale projects from Concept Design thru Construction Administration in collaboration with a Project Manager or Senior Project Architect To apply, send your resume, portfolio, and one-page cover letter (maximum file size 9 MB) to venita.davidson@pgav.com","Like other artists trained in architecture or architectural rendering, Jasiewicz’s work is characterized by a foundation of solid draftsmanship that allows his to apply his colors freely without losing the sense of underlying geometric strength.… ... read more"
p225,Architect,"Overview Merrick & Company is seeking an experienced Registered Architect to lead projects in our Greenwood Village, CO, Albuquerque, NM, Chamblee, GA and Merritt Island, FL offices. Client projects for this position require U.S. Citizenship. Candidates that have a desire for personal and professional growth, a well-defined understanding of design and construction document processes, and adaptability for short term and long term projects in an environment that requires a blend of creativity and high technical skills. Successful candidates must be self-starting, motivated, innovative, articulate, self-disciplined, and confident in a demanding, exciting and fast-paced environment. This position requires a competent professional architect who will be responsible for all phases of architectural production and BIM for a variety of Federal work ranging from programming through construction administration. This includes interpreting, organizing, executing and coordinating the design and production effort for one or more large or complex projects. Typical salary range for this position is $80,000 - $100,000. The pay range listed in this posting indicates the position’s eligibility to work in the state of Colorado and is consistent with our offices there; however, base pay offered may vary depending on job-related knowledge, skills, and experience. What You'll Do Work in an exciting and fast paced environment.Understand the importance of Business Development and project management for E-A firms, must be able to manage projects and demonstrate skills in a multi-disciplinary team environment.Provide Architectural design for Department of Defense (DoD), Department of Energy (DOE) governmental Facilities and NASA to help support the Space Launch System (SLS).Work in a design team environment, including directing and mentoring the work of junior architects and designers, and delegating work as required as well as provide management of the local team.Design tasks including Conceptual Studies, Program Requirements, Design Analyses, Calculations, Specification writing, and Construction Document preparation and redlines.Ensure internal communication and coordination of design efforts occurs.Coordinate all support activities required to complete all design efforts and quality assurance processes.Work with other disciplines to ensure accuracy of the package, meet schedule, and budget commitments and meet expectations for attendance and punctuality.Meet with clients to prepare and/or validate proposed scope of work.Prepare fee proposals for Architectural design work. Manage and provide leadership to local arthitectural and design staff mentoring junior staff while overseeing and guiding their professional development.Attend client meetings and make presentations to clients.Perform code reviews, redline projects, create and manage schedule and budgets for projects. Qualifications Required Qualifications: Five (5) years minimum experience with two (2) years as a Registered Architect.Professional Bachelors or Master’s degree in Architecture.Experience in all phases of design, with track record of completed, successful projects.Proficiency in Revit, AutoCAD, 3D modeling programs (Sketch Up & Revit preferred) and Adobe Creative Suite.Skilled in MS Office, Adobe Acrobat, and PowerPoint.Willingness to travel to client sites and other Merrick offices as needed.Client projects for this position require U.S. Citizenship Desired Qualifications LEED Accredited Professional preferred.Candidates local to the offices listed above are strongly preferred.Military and Government project experience. Perks Employee Owned - all eligible U.S. employees have an Employee Stock Ownership Account.Robust Employee Referral Program.Annual performance reviews and merit increases.Professional Training and Development.Employee Recognition Awards.Peer Mentor ProgramAnd Much More! Physical Requirements Requires the ability to sit for extended periods at a computer workstation.Be able to work in an environment with open discussions and visitors without getting distracted.May be required to lift up to 20 lbs.Reasonable accommodations may be made to enable individuals with disabilities to perform the essential functions.Meets expectations for attendance and punctuality.The physical demands described here are representative of those that must be met by an employee to successfully perform the essential functions of this job. Additional Information Apply online only. No e-mail, hard copy or third-party resumes accepted.Merrick & Company offers a competitive compensation and benefits package which includes health insurance, dental and vision coverage, employee stock ownership plan (ESOP) opportunity, 401(k) options, and paid time off (PTO). This position is also eligible for annual performance and spot bonuses.We recognize the importance of developing top talent from within, our employees have access to a wide range of internal and external training as well as coaching and peer mentoring programs.An Equal Opportunity Employer, including disability/vets.Employment with Merrick is contingent upon successful completion of a pre-employment background check and drug screen.","He has spent over 25 years in software engineering focused on software development and tooling. At Raytheon, he was a member of the Zumwalt System Architecture team and the Principal Investigator for research projects on model-driven software development and domain-specific modelling languages. He is the Chief Engineer for Aspen, a jointly-funded, jointly-staffed applied research program with Microsoft bringing Software Factories to Raytheon. He has authored patents for the automated provisioning of devices in large-scale distributed networks, and for the design of a development environment for data-driven user interfaces for mass market services."
p226,Paralegal,"Essential Functions, Responsibility & Duties:- Reviews bit license and LPTC application packages for completeness-Tracks and maintains virtual currency application status reports for use by senior management -Reviews division policies and procedures and monitors implementation -Responds to questions concerning policy or procedures and refers calls to appropriate staff member-Complies and reviews analyses, application memos, and field examination reports-Support the build-out of or enhancements to internal policies and procedures Knowledge, Skills and Abilities:-5+ years of experience as a Paralegal-Must have Paralegal certification -Proven strong analytical and problem-solving skills-Strong attention to detail and organizational skills-Proven communication skills-Ability to multi-task in a fast-paced environment-Must have computer proficiency in Microsoft Office Suite, including Outlook, Word & Excel.","Having worked with many clients and patients at The Ottawa Hospital and the University of Ottawa Heart Institute, Simon understands how important nutrition is in the management of acute and chronic diseases. He strongly believes that building better eating habits early, as oppose to dieting, can contribute to lifelong success in leading a healthier, active lifestyle. Simon’s nutrition services are available at both ActiveCare locations."
p227,Freelance News Reporter,"Newsweek is the global media organization that has earned audience time and trust for more than 90 years. Newsweek reaches 100 million people each month with thought-provoking news, opinion, images, graphics, and video delivered across a dozen print and digital platforms. Headquartered in New York City, Newsweek also publishes international editions in EMEA and Asia. Newsweek is seeking a freelance news reporter to work with our New York bureau on a flexible basis.  You will have deep knowledge of a beat, topic or story arc, and/or you’ll be able to deliver fascinating angles on the biggest news of the day. You will write breaking and original news stories, conduct interviews and obtain exclusives.   You will possess a strong understanding of digital journalism and the needs of a fast-paced newsroom. You will also be adept at monitoring social media and Google trends to find and identify stories and topics of interest for a U.S. audience.   You will be responsible for ensuring high-quality coverage that is accurate, fair, and conforms to accepted standards of journalism. Services you will provide:  Pitch and write news stories relevant to Newsweek’s audience.   Research and write original stories and features.   Scour multiple social media for stories and emerging trends.  Check facts and sources and ensure content is of the highest possible standard.  Day rate: $300-400 Newsweek is an equal opportunity employer. We seek employees of diverse backgrounds and are committed to providing an inclusive, equitable and respectful workplace.","He writes for the Guardian, Newsweek and Slate, and edits the Backyard Briefing, a blog about Latin American news and politics.Prior to going freelance, he wrote and commissioned for Comment is free from London and Washington, DC."
p228,Litigation Attorney (Contract and Remote),"Are you a California licensed attorney with at least eight years of civil litigation experience? Would you enjoy doing contract work for a law firm on your own schedule (either part-time or full-time)? Do you like working remotely (anywhere in the United States)? Do you have experience with personal injury law, commercial/business litigation, labor and employment law, premises liability matters, environmental/toxic tort litigation, real estate law, or mass tort litigation? Have you assisted with or handled written discovery, motion work, depositions, hearings, or trial preparation in civil litigation cases? If so, a contract litigation position may be the perfect fit for you. Minimum Qualifications of the Litigation Attorney (Contract and Remote):8+ years of legal experience in litigationExcellent communication skillsCapability and experience to work independently and with a teamLicensed in CAExcellent academic credentialsOutstanding references Position Details of the Litigation Attorney (Contract and Remote):Type of role: EngagementSchedule: Full-time or Part-timeLocation: Remote (anywhere in United States but must be CA licensed) CompensationThe annualized compensation for this position ranges from $160,000 to $200,000 or more. Pay is based on numerous factors including but not limited to work experience, qualifications, credentials and location. In addition to salary, Latitude Engaged Professionals are W2 employees of Latitude and are eligible for full benefits when working in roles for 20 hours per week, including a Qualified 401k plan. Benefits-eligible Latitude employees receive complimentary Group Life, LTD and AD&D and professional liability insurance. Latitude Attorneys also receive a CLE and Professional Expense stipend. ConfidentialityLatitude will not disclose your identity or propose you to prospective clients without your prior consent. Candidates selected for further consideration will be contacted. Only qualified applicants should apply. About LatitudeLatitude is a full-service national legal services company that specializes in providing high-end, flexible contract engagements and permanent positions to outstanding attorneys, paralegals, compliance officers and legal operations professionals. We work closely with our candidates to understand their career goals and match them with the substantive engagements they want with our clients, who range from Fortune 500 corporations to small companies and Global 50 law firms to boutiques. With offices coast-to-coast, we employ legal professionals across the country. Latitude’s client service leaders and recruiters are all former practicing attorneys and understand the demands faced by those we serve. Latitude EngagementsGreat attorneys and other legal professionals who are seeking contract engagements or consulting roles choose to work with Latitude because of our competitive compensation and benefits, sophisticated and engaging work, a chance to work with great clients and peers, and a refreshing blend of freedom with self-designed boundaries. Our own experience as practicing attorneys and our client relationships enable us to effectively tailor our candidate proposals to the specific practice strengths and interpersonal attributes that matter most to our clients and to match our candidates with the opportunities that will be most fulfilling to them. Latitude engaged professionals have the level of skill, experience, and judgment as would be expected of a permanent member of our client’s corporate legal department or law firm and the versatility to step into challenging environments and hit the ground running. If you have the right skills, personality and experience, Latitude helps you do what you are good at in a more rewarding way. Latitude engaged professionals serve on a full- or part-time engagement basis, and work remotely or on-site at the client office. While we are able to work only with a select few of the most outstanding candidates, our customized approach results in a high success rate for those candidates we recommend. For more information about Latitude, please visit us at https://latitudelegal.com. Latitude is an Equal Opportunity Employer LATSF","He captured the progression and evolution of Printers Row while living and working in the community. John Paulett is an author, local historian, and active member of the Printers Row community.John Paulett is an author, local historian, and active member of the Printers Row community."
p229,School Psychologist - ST,"The School Psychologist works to support students through avariety of mental health and developmental issues and aid in qualifyingstudents for additional support services. The School Psychologist is responsible for providing on-sitepsychological services to students under the jurisdiction of the state anddistrict. Essential Duties and Responsibilities: Completes multi-factored evaluations (initial andre-evaluations) in compliance with state regulations within a designated timeframe Conducts pre-referral consultation/intervention. Monitors student’s response to curriculum modifications Serves as an instructional intervention specialist who plansintervention and individual education Performs Psycho-educational assessments Consults individually, or in groups, with students and/orparents or other personnel on matters relating to the education and mentalhealth of the students to ensure the development and provision of the mostappropriate education program Participates in on-going training/in-servicing related jobduties. Consults with teachers and other team members on an ongoingbasis Serves as a technical assistant for the support ofimplementation of RTI in the assigned schools (if applicable) Conducts an evaluation of each student assigned which shallinclude, but not limited to:Conducting pre-diagnostic meetings in order to determinescope and sequence of needed evaluationsInterviewing the student o Observing classroombehaviors Consulting the student’s parents and teacher(s) Reviewing the student’s academic history and currenteducational functioning Conducts psycho-educational evaluations of the child’slearning process and level of educational achievement Administers specialized evaluations specific to the natureof the child’s problems Conducts Functional Behavior Analysis for student, if required Helps create Behavior Intervention Plan for student, ifrequired (consultation with team members required) Attends pre-referral and screening team meetings inbuildings assigned Enters information regarding the psycho-educational evaluationon CRT at least 24 hours prior to the extended IEP team meeting (as applicableper client/state requirement) Participates in the extended IEP team meetings and othersuch procedures as necessary, including manifestation determination review meetings As part of the team, determines the nature of a child’sproblems through a full case study evaluation Attends PAEC meetings, completing psychological evaluationreports, and scheduling/chairing prediagnostic meetings (PDM’s) Participates in other duties based on the needs of studentsand programs. These may include teacher in-service, counseling, screening ofstudents (preschool, etc.), parent groups, supervision of interns, research ofongoing programs, and development of new programs Maintains client information in a secure and confidentialmanner consistent with client and local procedures, as well as guidelines setforth by the State and State Board of Psychology Minimum Requirements: Must maintain current State licensures and/or certificationsin state of assignment Experience in pediatric and adolescent population ispreferred Master’s degree in psychology preferred Complies with all relevant professional standards ofpractice Participation and completion of Amergis' Competency programwhen applicable Current CPR if applicable TB Questionnaire, PPD or chest x-ray if applicable Current Health certificate (per contract or stateregulation) Must meet all federal, state and local requirements Successful completion of new hire training as applicable tojob site Understand patient confidentiality and HIPAArequirements Ability to effectively elicit/provide information to andfrom appropriate individuals (including, but not limited to, supervisors,co-workers, clients) via strong communication skills; proficiency in theEnglish language is required Computer proficiency required Must be at least 18 years of age Benefits At Amergis, we firmly believe that our employees are the heartbeat of our organization and we are happy to offer the following benefits: Competitive pay & weekly paychecksHealth, dental, vision, and life insurance401(k) savings planAwards and recognition programs Benefit eligibility is dependent on employment status. About Amergis Amergis, formerly known as Maxim Healthcare Staffing, has served our clients and communities by connecting people to the work that matters since 1988. We provide meaningful opportunities to our extensive network of healthcare and school-based professionals, ready to work in any hospital, government facility, or school. Through partnership and innovation, Amergis creates unmatched staffing experiences to deliver the best workforce solutions. Amergis is an equal opportunity/affirmative action employer. All qualified applicants will receive consideration for employment without regard to sex, gender identity, sexual orientation, race, color, religion, national origin, disability, protected Veteran status, age, or any other characteristic protected by law. 770095","He graduated with honors in 1978. Having more than 39 years of diverse experiences, especially in CLINICAL PSYCHOLOGIST, Howard M Gooblar affiliates with no hospital, and cooperates with other doctors and specialists without joining any medical groups. Call Howard M Gooblar on phone number (973) 729-7628 for more information and advises or to book an appointment."
p230,Senior AI Programmer,"Join Constellation! Come join Bethesda Game Studios, the award-winning development team behind Starfield, The Elder Scrolls and Fallout. Bethesda Game Studios strives to offer its employees a well-balanced home and work life by providing competitive salaries, a generous benefits program, and offices located in some of North America’s best cities. With a goal of creating a culture as fun and diverse as our games and our players, we welcome applicants with unique skillsets, experience levels and backgrounds. If you are passionate about making a meaningful contribution to some of the most significant games in the industry, we’d love to hear from you! Your Daily Life at Bethesda Game StudiosAs Senior AI Programmer, you will…Partner with engineering, design and art teams to define, create and polish AI systems and behaviorsPartner with design and art teams to design, implement, and polish AI unit typesPartner with design team to define and create test mapsDevelop support for tools necessary to support advanced AI development What Makes You S.P.E.C.I.A.L.You have at least 5 years of experience in the games industryYou are proficient in C++You have at least one shipped title where credited as a programmerYou possess a solid background in low-level AI modules, navigation, collision, physics and performance with the ability to work on systems from conception to completionYou are knowledgeable of AI techniques such as FSM’s, path finding, animation, collision and physicsYou have experience bringing AI units from concept to completionYou are experienced in implementing AI-related contentYou have experience creating custom test maps and level scriptsYou have a strong commitment to code quality, documentation and sound testing proceduresYou possess excellent math skillsYou are an excellent team player with very strong work ethic and a collaborative/cooperative attitudeYou have a passion for game development and game technology Bonus SkillsYou have current-gen console experienceYou have a Bachelor's of Science in Computer Science or equivalent study in related fields Senior AI Programmer - The typical base pay range for this position at the start of employment is expected to be between $100,000 - $215,000 per year. ZeniMax has different base pay ranges for different work locations within the United States, which allows us to pay employees competitively and consistently in different geographic markets. The range above reflects the potential base pay across the U.S. for this role; the applicable base pay range will depend on what ultimately is determined to be the candidate’s primary work location. Individual base pay depends on various factors, in addition to primary work location, such as complexity and responsibility of role, job duties/requirements, and relevant experience and skills. Base pay ranges are reviewed and typically updated each year. Offers are made within the base pay range applicable at the time. At ZeniMax certain roles are eligible for additional rewards, such as merit increases and discretionary bonuses. These awards are allocated based on individual performance and are not guaranteed. Benefits/perks listed here may vary depending on the nature of employment with ZeniMax and the country work location. U.S.-based employees have access to healthcare benefits, a 401(k) plan and company match, short-term and long-term disability coverage, basic life insurance, wellbeing benefits, paid vacation time, paid sick and mental health time, and several paid holidays, among others. We embrace diversity, equity, and inclusion in everything we do – from recruiting for our studios, publishing and operations to fostering safe and respectful workplaces that encourage collaboration. Our culture is based on principles of respect, inclusion, and fair treatment and we welcome anyone into our family without regard to race, religion, gender identity, sexual orientation, or age. Our diversity fuels our innovation and inspires us to create game worlds that bring us closer to the global community of players we serve.","Dr. Vibha Varu practices at Dental Care Point in Pandri, Raipur. Dr. Vibha Varu is a Dentist in Pandri, Raipur and has an experience of 29 years in this field. Dr. Vibha Varu practices at Dental Care Point in Pandri, Raipur. She completed BDS from Govt. Dental College And Hospital-Aurangabad.(MS) in 1988."
p231,"Multimedia Journalist, KSBY","KSBY News is a leading news organization serving San Luis Obispo, California. We are dedicated to delivering high-quality journalism that informs, engages, and positively impacts our local community. As a Multimedia Journalist you will play a pivotal role in covering local stories, investigations, and solutions that matter to our viewers. You will research, write, capture visual content and edit stories for multiple platforms. WHAT YOU'LL DO: Receive assignment or evaluate news leads and news tips to develop story ideas.Gather and verify factual information regarding stories through interview, observation, and research.Organize material, determine slant or emphasis, and write story according to prescribed editorial style and format standards.Shoot video and still photos to illustrate stories.Edit, or assists in editing, videos for all multimedia platforms.Appear on television program when conducting taped interview or narrationGive live reports from site of event or mobile broadcast unit.Work cooperatively with photographer assigned to story, if one is assigned.Assist news producer in preparing newscast.Assist online staff in preparing for multi media stories. WHAT YOU'LL NEED: BS/BA in related discipline or equivalent years of experience preferredGenerally, 3+ years of experience in related field preferred WHAT YOU'LL BRING: Computer literacy required, including newsroom computer systemsVideography and non-linear editing experience preferredKnowledge of broadcast quality camera equipmentEdit video on Final Cut Pro editing systems, or similar equipmentStrong broadcast and AP style writing skillsProficient at posting content to various websitesSelf-motivated and able to work in a fast-paced deadline-driven environmentMust be able to lift up to 20 pounds.Valid driver's license, good driving record, and ability to provide proof of insurance with the company required insurance limits. COMPENSATION RANGE: Hourly: $25.97 - 30.77 Pursuant to state and local salary transparency laws, the salary range posted is specific to candidates who will perform this work in California. WHAT WE OFFER (ADDITIONAL BENEFITS): A career path to grow your professional experiencesFull medical, dental and vision benefits, as well as certain other health and wellness benefitsRetirement savings plan with company matchOther key company benefits include disability accident insurance, hospital indemnity, critical illness, life insurance, AD&D, ID protection, pet discount program, and employee assistance program. More details about timing and conditions of benefits eligibility and other plan terms and conditions will be provided upon hire. If you are a current Scripps employee, please do not apply on this site. Please access our internal career site at Worklife > My Info > View Open Positions at Scripps. SCRIPPS' COMMITMENT TO EQUITY, DIVERSITY AND INCLUSION: At Scripps, we are committed to a diverse and inclusive culture that reflects the communities we serve. We are intentional about creating an environment where employees, our audiences and other stakeholders feel valued and inspired to reach their full potential and make authentic connections. We foster a workplace culture that embraces each person’s diversity, including the extent to which they are similar or different. Scripps leaders believe that an equitable and inclusive culture is not only the right thing to do, it is a business imperative. Read more about our commitment to equity, diversity and inclusion at scripps.com. ABOUT SCRIPPS: The E.W. Scripps Company (NASDAQ: SSP) is a diversified media company focused on creating a better-informed world. As one of the nation’s largest local TV broadcasters, Scripps serves communities with quality, objective local journalism and operates a portfolio of more than 60 stations in 40+ markets. Scripps reaches households across the U.S. with national news outlets Scripps News and Court TV and popular entertainment brands ION, Bounce, Defy TV, Grit, ION Mystery and Laff. Scripps is the nation’s largest holder of broadcast spectrum. Scripps is the longtime steward of the Scripps National Spelling Bee. Founded in 1878, Scripps’ long-time motto is: “Give light and the people will find their own way.” As an equal employment opportunity employer, The E.W. Scripps Company and its affiliates do not discriminate in its employment decisions on the basis of race, sex, sexual orientation, transgender status, gender, color, religion, age, genetic information, medical condition, disability, marital status, citizenship or national origin, and military membership or veteran status, or on any other basis which would be in violation of any applicable federal, state or local law. Furthermore, the company will make reasonable accommodations for qualified individuals with known disabilities unless doing so would result in an undue hardship for the company.","Lauren received her training from Columbia University's School of Nursing in NYC and has worked at federally qualified health centers since she began her career. Lauren is passionate about women's health and breastfeeding medicine, she is also proficient in Spanish. She continues to grow a breastfeeding medicine program at NFP."
p232,Sr. Project Manager/Architect,"WHY CHA? Finding a better way. At CHA, we believe in the power of clean water, resilient energy, safer roads, and structures that harmoniously blend with their surroundings. We create solutions. We help People. We improve our world. At CHA, we embed ourselves in our communities - and take pride in improving things where we live. At the foundation is a commitment to inclusion and diversity and choosing to treat everyone with dignity and respect. We also take accountability for making decisions that promote sustainability in our business and our designs. We are on a mission to reduce our environmental footprint and bring greener solutions to our clients. We are responsibly creating a more sustainable future in ways that we can all see and touch. Together. Every day. CHA Consulting, Inc. is currently seeking a Sr. Project Manager/Architect to join our Commercial & Institutional - Architectural & Structural Team at our office in Portland, ME. The professional in this role will support business development and project delivery in Maine and New Hampshire. Are you looking to bring your passion of creativity to work with you? We are looking for an inventive and innovative thinker to join our Architecture Team. If this sounds like you, apply now! YOUR IMPACT With a long history of public and private projects — schools, manufacturing and warehouses, sports venues, courthouses, multifamily housing and healthcare facilities — CHA has honed our approach to high-performance buildings, prioritizing energy conservation and promoting green building principles. From designing schools that inspire learning to repurposing manufacturing sites into vibrant cultural hubs, our team's adaptability shines through. The Sr. Project Manager/Architect has broad knowledge of fundamentals in specialty areas and knowledge of principles and practices in related specialties. The professional in this role plans, schedules, conducts, and coordinates detailed phases of complex projects. The Sr. Project Manager/Architect manages, coordinates, and mentors junior staff and project level employees. More specifically, the professional in this role is r esponsible for designing buildings, preparing bids and project proposals and completing projects from design through construction. The Sr. Project Manager/Architect d etermines project objectives and requirements, e nsures government regulations and zoning codes are followed, and d emonstrates creativity, foresight, and solid architectural judgement in solving problems. Additionally, this individual p repares 2D & 3D presentations and m anages all aspects of client relations including attending regular meetings. At CHA, you can build a career and find your passion across our diverse business lines and project teams. Being part of CHA means being part of a team of talented professionals, where you’ll find support for your career growth and the opportunity to impact our industry and our communities. Find your “why” at CHA! Requirements Bachelor's degree in Architecture; Master's degree preferred Minimum 15 years' related professional experience Experience with highed education clients required Registered Architect license required LEED accreditation preferred Proficient in Microsoft Office Suite, Revit and/or AutoCAD Knowledge of Photoshop and Sketchup preferred Exceptional verbal, written and graphic communication skills Ability to work and lead in a team environment Demonstrates good interpersonal and leadership skills Familiar with QA/QC procedures Strong organizational, time management and multi-tasking skills Understands business practices and laws related to architecture ""Seller-doer"" mindset Ability to travel as needed CULTURE/EEO STATEMENT At CHA, we work every day to create solutions, help people, and improve our world, committed to creating and fostering excellence in our diverse and highly talented teams. Our teams continually strive to find better ways – always searching, never settling – to achieve extraordinary results. Our values around hiring, training, and community engagement reflect a company culture that is inclusive and forward leaning, always pushing the limits of what is possible. We as an organization celebrate the values of inclusion and equality, and advocate for the full participation of all people in an environment free of discrimination. To support these values, we invite all qualified applicants to be considered for employment regardless of race, color, religion, sex, sexual orientation, gender identity, national origin, citizenship, age, disability, protected veteran status, or any other characteristic protected by law.","His mixes were described as “life-changing” by the New York Times, and Time Magazine dubbed him “Man Of The Year” on two separate occasions for his “ground breaking, yet sexily accessible choice of tunes.”"
p233,"Multimedia Journalist, KSBY","KSBY News is a leading news organization serving San Luis Obispo, California. We are dedicated to delivering high-quality journalism that informs, engages, and positively impacts our local community. As a Multimedia Journalist you will play a pivotal role in covering local stories, investigations, and solutions that matter to our viewers. You will research, write, capture visual content and edit stories for multiple platforms. WHAT YOU'LL DO: Receive assignment or evaluate news leads and news tips to develop story ideas.Gather and verify factual information regarding stories through interview, observation, and research.Organize material, determine slant or emphasis, and write story according to prescribed editorial style and format standards.Shoot video and still photos to illustrate stories.Edit, or assists in editing, videos for all multimedia platforms.Appear on television program when conducting taped interview or narrationGive live reports from site of event or mobile broadcast unit.Work cooperatively with photographer assigned to story, if one is assigned.Assist news producer in preparing newscast.Assist online staff in preparing for multi media stories. WHAT YOU'LL NEED: BS/BA in related discipline or equivalent years of experience preferredGenerally, 3+ years of experience in related field preferred WHAT YOU'LL BRING: Computer literacy required, including newsroom computer systemsVideography and non-linear editing experience preferredKnowledge of broadcast quality camera equipmentEdit video on Final Cut Pro editing systems, or similar equipmentStrong broadcast and AP style writing skillsProficient at posting content to various websitesSelf-motivated and able to work in a fast-paced deadline-driven environmentMust be able to lift up to 20 pounds.Valid driver's license, good driving record, and ability to provide proof of insurance with the company required insurance limits. COMPENSATION RANGE: Hourly: $25.97 - 30.77 Pursuant to state and local salary transparency laws, the salary range posted is specific to candidates who will perform this work in California. WHAT WE OFFER (ADDITIONAL BENEFITS): A career path to grow your professional experiencesFull medical, dental and vision benefits, as well as certain other health and wellness benefitsRetirement savings plan with company matchOther key company benefits include disability accident insurance, hospital indemnity, critical illness, life insurance, AD&D, ID protection, pet discount program, and employee assistance program. More details about timing and conditions of benefits eligibility and other plan terms and conditions will be provided upon hire. If you are a current Scripps employee, please do not apply on this site. Please access our internal career site at Worklife > My Info > View Open Positions at Scripps. SCRIPPS' COMMITMENT TO EQUITY, DIVERSITY AND INCLUSION: At Scripps, we are committed to a diverse and inclusive culture that reflects the communities we serve. We are intentional about creating an environment where employees, our audiences and other stakeholders feel valued and inspired to reach their full potential and make authentic connections. We foster a workplace culture that embraces each person’s diversity, including the extent to which they are similar or different. Scripps leaders believe that an equitable and inclusive culture is not only the right thing to do, it is a business imperative. Read more about our commitment to equity, diversity and inclusion at scripps.com. ABOUT SCRIPPS: The E.W. Scripps Company (NASDAQ: SSP) is a diversified media company focused on creating a better-informed world. As one of the nation’s largest local TV broadcasters, Scripps serves communities with quality, objective local journalism and operates a portfolio of more than 60 stations in 40+ markets. Scripps reaches households across the U.S. with national news outlets Scripps News and Court TV and popular entertainment brands ION, Bounce, Defy TV, Grit, ION Mystery and Laff. Scripps is the nation’s largest holder of broadcast spectrum. Scripps is the longtime steward of the Scripps National Spelling Bee. Founded in 1878, Scripps’ long-time motto is: “Give light and the people will find their own way.” As an equal employment opportunity employer, The E.W. Scripps Company and its affiliates do not discriminate in its employment decisions on the basis of race, sex, sexual orientation, transgender status, gender, color, religion, age, genetic information, medical condition, disability, marital status, citizenship or national origin, and military membership or veteran status, or on any other basis which would be in violation of any applicable federal, state or local law. Furthermore, the company will make reasonable accommodations for qualified individuals with known disabilities unless doing so would result in an undue hardship for the company.","She is currently represented by Vision L.A. and was discovered at a shopping mall in Alabama. Since that time, she’s appeared in numerous editorial layouts in Teen Vogue, Numéro, V, Elle Italia and Marie Claire U.K., among others, in addition to walking the runways for designers such as Acne, DKNY, Vivienne Westwood and more. She has stated in numerous publications that she is shy, but it really doesn’t come off that way. When she was first approached about modeling she thought it was a scam. Her first time signing to an agency was in New York with DNA Model Management."
p234,Staff Accountant,"Staff Accountant (39148)Our client is an organization in the Madison area looking for a Staff Accountant on a permanent basis. Our client is looking for someone with related experience, who is detail-oriented, and has strong communication skills. This company offers a family feel environment work with great work-life balance and flexibility. This position offers one day of remote work. The salary range for this position is $55,000-67,000 dependent on experience. The Staff Accountant will be responsible for, but not limited to, the following: RESPONSIBILITIESAccurately create and post general ledger entries in a timely manner.Complete account reconciliations on assigned accounts.Research the General Ledger for errors or omissions as needed.Identify and problem solve issues that may arise in day-to-day operations.Generate suggestions for improving processes and workflows.Maintain fixed assets.Accurately complete monthly and quarterly vendor program compliance reporting.Communicate effectively with outside vendors.Accumulate and assemble required data and file sales and property tax returns.Assist with cash balances and address any account issues that may arise.Create and publish ad hoc reporting as needed.Ensure adequate level of internal controls over financial reporting.Assist in month-end and year-end closing processes. The Staff Accountant will possess the following: EXPERIENCE REQUIREDAssociates or Bachelor's degree strongly preferred. At least 3+ years of related experience required.Comfortable with Microsoft Excel. Strong attention to detail.Excellent organizational skills.Excellent written and verbal communication skills Equal Opportunity Employer","He boasts broad experience in the field, having honed his skills at international design consultancies in Boston, San Francisco, Milan and Zurich, as well as with Philips Design."
p235,Local Contract RN - Long Term Acute Care,"GHR Healthcare is seeking a local contract nurse RN Long Term Acute Care for a local contract nursing job in Knoxville, Tennessee. Job Description & Requirements Specialty: Long Term Acute CareDiscipline: RNStart Date: 04/19/2024Duration: 13 weeks36 hours per weekShift: 12 hours, days, nightsEmployment Type: Local Contract If you are interested in working a 13-week RN contract please call or text Mackenzie Becton at 484-567-948 About GHR Healthcare For over 30 years, GHR Healthcare has been the bridge between healthcare professionals and the facilities that need them nationwide. We're committed to uncovering your ideal fit, supported by GHR's dedication to competitive compensation, transparent communication, and a devoted team that genuinely cares about your career journey. You can trust us to stand by your side as your advocate, confidante, and partner in advancing your career. At GHR, care and consideration are at the heart of everything we do. Visit ghrhealthcare.com to learn more.","His projects have included work on the creation of a gaming control system for the country of Vietnam and review of the gaming regulatory structure of another overseas jurisdiction. Brin has also been appointed Associate Adjunct Professor and teaches water law with the Southern Nevada Water Authority CEO and General Counsel at the William S. Boyd School of Law at the University of Nevada, Las Vegas. He is assistant editor of the forthcoming Nevada Gaming Licensing Guidebook, edited by fellow Lionel Sawyer & Collins attorneys Robert Faiss and Mark Clayton."
p236,RN - OLGMC Labor and Delivery - Part Time Night,"We've made a lot of progress since opening the doors in 1942, but one thing has never changed - our commitment to serve, heal, lead, educate, and innovate. We believe that every award earned, every record broken and every patient helped is because of the dedicated employees who fill our hallways. At Ochsner, whether you work with patients every day or support those who do, you are making a difference and that matters. Come make a difference at Ochsner Health and discover your future today! This job acts as a leader in the provision of patient care using the nursing process within the framework of the Nurse Practice Act, ANA Code for Nurses and Scope & Standards of Practice. Effectively delegates, directs and assists licensed and ancillary team members; assumes accountability for quality patient outcomes; exhibits sensitivity to cultural, ethnic and religious diversity in all interactions; maintains involvement in activities aimed toward the achievement of unit and the department’s strategic goals and objectives and demonstrates professional responsibility and accountability for his/her own practice and supports the company's philosophy of nursing. Education Required - Registered nurse diploma. Work Experience Preferred - Associate or bachelor's degree in nursing. Required - None. Certifications Required - Current registered nurse (RN) license in state of practice. Current Basic Life Support (BLS) certification from the American Heart Association. Preferred - Certification In Clinical Specialty Area. Knowledge Skills and Abilities (KSAs) Proficiency in using computers, software, and web-based applications. Effective verbal and written communication skills and ability to present information clearly and professionally to varying levels of individuals throughout the patient care process. Excellent organizational and time management skills. Job Duties Effectively uses the nursing process in the delivery of patient care. Assesses learning needs and implements teaching strategies appropriate for the diverse needs of the patient, family and other groups or disciplines. Communicates, delegates, and manages nursing team resources (human and fiscal) properly and serves as a leader and partner on the interdisciplinary team. Uses data, information, and knowledge to evaluate and promote change in order to achieve optimal outcomes. Embraces concepts and behaviors that enhance customer satisfaction and employee morale and improvement in the profession of nursing. Adapts behavior to the specific patient population, including but not limited to respect for privacy, method of introduction to the patient, adapting explanation of services or procedures to be performed, requesting permissions and communication style. Performs other related duties as assigned. The above statements describe the general nature and level of work only. They are not an exhaustive list of all required responsibilities, duties, and skills. Other duties may be added, or this description amended at any time. This employer maintains and complies with its Compliance & Privacy Program and Standards of Conduct, including the immediate reporting of any known or suspected unethical or questionable behaviors or conduct; patient/employee safety, patient privacy, and/or other compliance-related concerns. The employer is an Equal Opportunity Employer. All qualified applicants will receive consideration for employment without regard to race, color, religion, sex, sexual orientation, gender identity, national origin, protected veteran status, or disability status. Physical and Environmental Demands The physical essential functions of this job include (but are not limited to) the following: Frequently exerting 10 to 20 pounds of force to move objects; occasionally exerting up to 100 pounds of force. Physical demand requirements are in excess of those for sedentary work. Reasonable accommodations may be made to enable individuals with disabilities to perform the essential functions Duties performed routinely require exposure to blood, body fluid and tissue. The incumbent works in a patient care area; works in an area where patients enter; works directly with patients; and/or works with specimens that could contain communicable diseases. The incumbent has an occupational risk for exposure to all communicable diseases. Because the incumbent works within a healthcare setting, there may be occupational risk for exposure to hazardous medications or hazardous waste within the environment through receipt, transport, storage, preparation, dispensing, administration, cleaning and/or disposal of contaminated waste. The risk level of exposure may increase depending on the essential job duties of the role. Are you ready to make a difference? Apply Today! Ochsner Health does not consider an individual an applicant until they have formally applied to the open position on this careers website. Individuals who reside in and will work from the following areas are not eligible for remote work position: Colorado, California, Washington, and New York. Ochsner Health endeavors to make our site accessible to all users. If you would like to contact us regarding the accessibility of our website, or if you need an accommodation to complete the application process, please contact our HR Employee Solution Center at 504-842-4748 (select option 1) or careers@ochsner.org. This contact information is for accommodation requests only and cannot be used to inquire about the status of applications. We are proud to be an Equal Employment Opportunity and Affirmative Action employer. We are committed to the principles of equal employment opportunity and providing a workplace that is free from discrimination based on race, color, creed, religion, pregnancy status, pregnancy-related conditions, national origin, ancestry, mental or physical disability, medical condition, age, veteran status, military status, citizenship status, marital status, familial status, sexual orientation, gender, gender identity or expression, genetic information, political affiliation, unemployment status, or any other characteristic protected under applicable federal, state or local law. These protections extend to applicants and all employment related decisions. View the EEO is the Law poster and its supplement, as well as the pay transparency policy for more information. Affirmative Action Policy Statement",She works with adults with both type 1 and type 2 diabetes and has worked extensively with patients with Cystic Fibrosis related diabetes. Michelle also has had type 1 diabetes since age 12 and has used an insulin pump for 10 years. Jump to a new section
p237,Fitness Coach,"We Work Hard so Others Can Live More! We’re hiring and currently seeking qualified elite coaches who can deliver a fantastic workout experience to our members, here’s what you need to know about working in a company that exudes positivity, passion, expertise, and growth. Job Summary: As an OTF Fitness Coach, you will be responsible for delivering scientifically pre-designed workouts for up to 24 members per session. The Fitness Coach position requires a strong ability to coach and manage time plus motivate multiple clients in a group setting. An OTF Coach must focus on a well-rounded theory of fitness, including endurance, strength, and power, using the tools given to optimize the client’s experience and results. YOU WILL HAVE THE ABILITY TO EARN UP TO $55/CLASS + AN HOURLY RATE! Essential Duties and Responsibilities: Ability to leading and motivate members through pre-defined workouts.Ability to helping members set and achieve goals.Ability to demonstrate all exercise movements, monitor the exercise form of our members and the ability to offer corrections if an individual is not using proper form.Understand and be able to communicate the science behind our workouts specifically, heart-rate focused training programs in general and being aware of what the competition is doing.Assist sales associates with OTF studio tours and sales.Ensure the safety of participants in regard to heart rate and exercise techniques.Build OTF attendance and retaining current members.Being a team player.Having a willingness to work nights, holidays and weekends. Job Qualifications: Bachelor's degree in an exercise-related field preferredCurrent AED/CPR certification, Required One year minimum experience as a Personal Trainer or teaching groups in the fitness industry, Required Current fitness certification by an OTF-approved organization such as one of the following, Required:National Strength & Conditioning Association (NSCA)American Council on Exercise (ACE)American College of Sports Medicine (ACSM)Aerobics & Fitness Association of America (AFAA)National Academy of Sports Medicine (NASM)Be able to be on your feet leading and instructing members for the duration of the workoutsIntermediate knowledge of physiology, exercise technique, and body mechanicsPositive, motivating and effective interpersonal communication skillsDesire and capacity to train all fitness levels Job Type: Full Time and Part Time Diversity Commitment Statement: ""The presence and influence of Diversity & Inclusion within Orangetheory Fitness Afterburn is not just a vital and ethical standard to maintain but a powerful confluence and mandatory action. We strive to create an atmosphere free of prejudice and discrimination where all voices can be heard and where diversity can be recognized as an asset rather than an obstacle. Our mission is to coach and train our team to be inclusive and accepting of our differences. We believe that in order to affect the change that we want to see in the world, it begins with how we, Orangetheory Fitness Afterburn, are committed to creating workplace equity and diversity while cultivating, fostering, and protecting a culture of inclusion and acceptance."" Benefits & Perks: Insurance: Medical, Dental, Vision, Life, Short & Long Term Disability (eligibility depends on Full-Time or Variable Part-Time status)401K plan including match eligibilityFlexible SchedulesWORKOUT FOR FREE!Fitness casual dress-codePassionate, collaborative work environment Disclaimers: This employment opportunity is with one of the largest independently owned and operated Orangetheory Fitness Franchise, Afterburn. Afterburn participates in the federal government's E-Verify Program E-Verify Participation Right to WorkAfterburn provides equal employment opportunities to all individuals regardless of their race, color, creed, religion, gender, age, sexual orientation, national origin, disability, veteran status, or any other characteristic protected by state, federal, or local law. Discrimination of any type will not be tolerated. EEO is the LawEEO is the Law supplement Afterburn is an Employment-at-Will EmployerAs an employer with more than 100 employees, we may be soon required to be in compliance with the Federal Emergency Temporary Standard issued by OSHA. If we are, we will be implementing a mandatory vaccination policy; the policy will require all employees to be vaccinated or have a valid medical or religious exemption from receiving a COVID-19 vaccine. Acknowledgement * I understand that I am applying for a position with an employer that is an independently owned and operated Orangetheory® Fitness franchisee, not the franchisor, OTF Franchisor, LLC or any of its affiliates (OTFF). With respect to any position with a franchisee, I understand and agree that any information I provide in this application will be submitted directly to the independent franchisee, who is solely responsible for all employment related matters in their studio. This means, among other things, that the independent franchisee is solely responsible for and unilaterally makes all decisions concerning my employment, including hiring, firing, discipline, supervision, staffing and scheduling. OTFF will not receive a copy of my application, will have no control over whether I receive an interview and/or am ultimately hired, does not control and is not responsible for the employment policies and practices of independent franchisees, and does not employ independent franchisee’s employees. If I am hired to work at an independent franchisee’s studio, the independent franchisee, and not OTFF, will be my employer. By submitting my application and resume, I am confirming that I am agreeing and consenting to the foregoing. Orangetheory values your privacy, so we want to keep you informed as to how your personal information is handled. With respect to the personal information you provided in this application, that information will be submitted directly to the independent franchisee, who is solely responsible for all privacy and data protection matters related to their studio. For any inquiries regarding how the independent franchisee may collect and process your personal information, please refer to that franchisee’s privacy policy or contact them directly. For all other information about how the franchisor, OTF Franchisor, LLC or any of its affiliates (OTFF), may collect and process personal information, please https://www.orangetheory.com/en-us/privacy-policy.","Brook breaks down the system she uses to help her clients automate, delegate, and eliminate tasks so their business run more efficiently and smoothly. MEET BROOK BORUP"
p238,Dietitian **5k Sign on Bonus!**,"624 Love Avenue, Tifton, Georgia, 317944406, United States of America As a Registered Dietitian at DaVita, you’ll be a part of a Team that values work-life balance and where your personal and professional growth is a top priority. DaVita has an open position for a Registered Dietitian who will be a vital member of each patient’s core care team. You will analyze lab-work results and educate patients-and their families-on what to eat accordingly. Your ability to influence and lead will be critical to helping them live better lives. If you love patient-centered health care and knowing patients on a personal level—now is your time to explore your next journey—at DaVita. What you can expect: Build meaningful and long-term relationships with patients and their families in an intimate outpatient setting.Be a part of a Team that appreciates, supports and relies on each other in a positive environment.Performance-based rewards based on stellar individual and team contributions. What we'll provide: DaVita is a clinical leader! We have the highest percentage of facilities meeting or exceeding CMS's standards in the government's two key performance programs. We expect our nurses to commit to improving patient health through clinical goal-setting and quality improvement initiatives. Comprehensive benefits: DaVita offers a competitive total rewards package to connect teammates to what matters most.We offer medical, dental, vision, 401k match, paid time off, PTO cash out, paid training and more.DaVita provides the opportunities for support for you and your family with family resources, EAP counseling sessions, access to Headspace®, backup child, elder care, maternity/paternity leave, pet insurance and so much more! Requirements: State licensure required if licensure is available in the state where the facility is locatedBachelor's degree in Nutrition, Dietetics, or similar area requiredAbility to work flexible schedules, possibly for multiple facilities and travel when neededAfter hire and training, successful completion of the Competency Assessment for Renal Dietitians (CARD) with a score of at least 80% requiredIntermediate computer skills and proficiency with MS Word, Excel, and Outlook required as well as functional proficiency with DaVita specific applications within 60 days Now is your time to join Team DaVita. Take the first step and apply now. At DaVita, we strive to be a community first and a company second. We want all teammates to experience DaVita as ""a place where I belong."" Our goal is to embed Diversity & Belonging into everything we do in our Village, so that it becomes part of who we are. We are proud to be an equal opportunity workplace and an affirmative action employer. As such, individuals are recruited, hired, assigned and promoted without regard to race, national origin, religion, age, color, sex, sexual orientation, gender identity, disability, protected veteran status, or any other protected characteristic. Applications are accepted on an ongoing basis. Salary/ Wage Range Compensation for the role will depend on a number of factors, including a candidate’s qualifications, skills, competencies and experience and may fall outside of the range shown. DaVita offers a competitive total rewards package, which includes a 401k match, healthcare coverage and a broad range of other benefits. Learn more at https://careers.davita.com/benefits","In June 2012, she talked about the seriousness of mental illness and that it is not a funny topic. She brings this up because everyday, so many people with mental disabilities are made fun of and laughed at because of their mental illness. She questions why diseases of the body earn sympathy but diseases of the mind do not. Both are very serious and should be treated as serious issues. She herself has clinical depression. She states that 1 in 4 people have some kind of mental illness."
p239,[2024-2025] Special Education Teacher - High School,"Company Description We want to meet you! Please join us for our Feb 7th, 2024 High School Career Fair: Sign Up HERE! About KIPP NYC: KIPP NYC Public Schools is a non-profit network of 18 free, public charter schools in the Bronx, Brooklyn and Manhattan. We partner with families and communities to create joyful and rigorous schools in pursuit of a more just world. In 1995 we started our first middle school, KIPP Academy, in the Bronx, with a vision that every child grows up free to create the future they want for themselves and their communities. Today, our network consists of eight elementary schools, nine middle schools, one high school, and KIPP Forward, a comprehensive program to support our students and alumni in choosing and preparing for the educational and career paths that fit their goals and sense of purpose. KIPP NYC currently serves more than 11,000 students and alumni, has a staff of more than 1,000 (11 % of whom are alumni), and continues to grow! Job Description Position Overview: KIPP NYC Special Education Teachers work closely both as a team and with General Education Teachers in order to plan targeted, high-leverage intervention for their students. Our Special Education Teachers seek first to diagnose student challenges and then to design individual programs and differentiated strategies in order to meet specific needs. The team serves students with IEPs and diagnosed disabilities, as well as with students who are identified as at-risk. Responsibilities: Teaching a rigorous college preparatory curriculum that combines the school’s standards and the New York State standardsTeaching students in a high-quality, exciting wayUsing data to drive decisionsCommitting to constant professional and personal growth through working closely as part of a team of teachersConstantly assessing student progress, and communicating results to families and colleaguesProviding individual or small group instruction for students who need additional assistanceModeling a “whatever it takes” spirit to ensure that each student is successfulModeling the school’s values in all communications with students, families, and staff Qualifications Strong interpersonal skills that contribute to a collegial working environment and a healthy measure of the character traits we value: zest, grit, hope, love, social intelligence, gratitude and a sense of humor.At least two years of teaching experience strongly preferredNew York State teacher certification in the appropriate content areaBachelor’s degree requiredA passion for being part of a team-oriented, mission-driven school cultureA strong desire to become a better teacher by joining the KIPP NYC team and familyDemonstrated success in raising the achievement levels of students within our KIPP NYC communities Additional Information Compensation and Benefits: KIPP NYC offers a competitive salary ranging from $69,440 - $142,270 per year. Salaries are determined using an equitable compensation scale that accounts for years of experience relevant to the role, NYS initial or professional certification, and longevity within the KIPP network. KIPP NYC will evaluate a candidate’s years of experience, certification, and longevity at point of hire to determine the step/level a new hire will be placed within our teacher salary scale. KIPP NYC offers a generous benefits package including, but not limited to, the following: Robust benefits that include medical, dental, and vision.Generous Time-Off including 5 school vacation weeks, sick and personal days, and an extended summer break.Up to 12 weeks 100% parental leave.Bright Horizon Back-up Child and Elder care.Employer paid Life Insurance and Short term/Long term disability.Employee incentives including 8 Weeks paid Sabbatical after 10 years, annual professional development funds, and tuition reimbursement. This description is intended to describe the type of work being performed by a person assigned to this position. It is not an exhaustive list of all duties and responsibilities required by the employee. This role is based in NYC and will require travel to our schools. If you relocate outside of a commutable distance or out of the state of NY, your employment will be subject to review, which may include separation from KIPP NYC. It is important that you notify HR if you move or have plans to relocate. KIPP NYC LLC does not offer visa sponsorship or work authorization. KIPP NYC LLC is an anti-racist organization that believes in the importance of being diverse, equitable, and inclusive. We are committed to creating a welcoming environment that includes employees with diverse backgrounds and experiences. We believe that enables us to better meet our mission and values while serving students and families throughout New York City. BIPOC, women, gender expansive, LGBTQIA+, veterans, and persons with disabilities are encouraged to apply. KIPP NYC LLC is an Equal Opportunity Employer. KIPP NYC LLC is committed to the principles of equal employment opportunity for all employees and applicants for employment. #HP2","He is pursuing his doctoral study on the policy issues of human resource for health. He has been part of the national and international clinical and public health research projects. Since a decade, he has engaged himself in building a team of nurses to address larger public health issues, rights around the professional and working conditions of nurses. He is the founder member of Innovative Alliance for Public Health (IAPH), which is co-owned by several emerging leaders from the nursing profession. IAPH publishes Nursing Movements, a periodical newsletter articulating the issues of nurses and the nursing profession. (http://nursingmovements.com)"
p240,Associate Attorney,"Hiring Immediately!Nevada Licensed AttorneyAttorney/Associate Attorney Lic. in NV - (Insurance Defense and/or Construction Defects Exp. REQ)*Pay commensurate to experience. We are seeking an Associate Attorney for a remote position that pays up to $150K, DOE, with excellent benefits. An attorney who has experience in construction defects and/or insurance defense, to join the legal team of a successful multi-state firms LV location. The Associate Attorney will be responsible for providing legal support and assisting with various legal matters. The ideal candidate will have experience in legal drafting, research, and civil defense litigation. Responsibilities for Associate Attorney:- Draft and review legal documents, including contracts, pleadings, and briefs- Assist with case management and preparation for hearings and trials- Be able to handle a case from start to finish.- Communicate with clients, opposing counsel, and other parties.- Negotiate settlements and participate in mediation or arbitration proceedings- Attend court hearings and represent clients in litigation matters Experience - for Associate Attorney:- Juris Doctor (J.D.) degree from an accredited law school- Admitted to the Nevada state bar- Strong knowledge of legal principles and procedures- Ability to write clear and concise legal documents- Strong analytical and problem-solving abilities- Detail-oriented with exceptional organizational skills We offer a competitive salary commensurate with experience. Benefits package includes health insurance, retirement plan, paid time off, and professional development opportunities.If you are a motivated individual looking to grow your career in the legal field, we encourage you to apply for the position of Associate Attorney. Please submit your resume, cover letter, and writing sample for consideration. I can be reached directly at Robert@Elitesourcing.llcJob Type: Full-time Pay: Up to $140,000.00 per year Benefits:401(k)401(k) matchingDental insuranceHealth insuranceLife insurancePaid time offVision insuranceSchedule:8 hour shiftMonday to FridayExperience:Insurance Defense Lit. or Construction Defects: 3 years (Required)License/Certification:Nevada State Bar (Required)Ability to Relocate:Las Vegas, NV: Relocate before starting work (Required)","Zeleke, CPA firm. She joined the firm since November, 2016 and she is responsible for assising in preparing tax returns for individuals, businesses, corporations and tax-exempt organizations with the firm's CPA. She also works closely with the firm’s CPA on various bookkeeping, accounting and auditing projects. She graduated from Lake Forest College with a Bachelor's degree in Finance. She was in Dean's list and received awards including Omicron Delta Epsilon Economics Honor Society and an Academic Excellence Certificate from Lake Forest College. Hella is currently taking her extended courses to be a CPA candidate."
p241,Emergency Room Registered Nurse,"Job Description Facility: WellSpan York Hospital Position: Registered Nurse, Emergency Room Location: York, PA Shift Details: Hours per Week: Shift Hours: 19:00 - 07:30Duration: 13 weeksOn Call: No Benefits Bluebird Features and Benefits : Competitive compensation & stipends Weekly pay Day 1 Health Benefits - Medical , Vision, Dental plan 401k plan with Vanguard Guaranteed Stipends on Hospital canceled shiftsDouble OT on 48-hour work weeksPaid orientation for onboarding requirementsPaid medical requirements by Bluebird Nurse Referral Bonus Program Extension bonusesNo off-shore recruiters Dedicated recruiter available 24/7 to assist with all of your travel contract needs Exclusive contract opportunitiesGovernment contract opportunities","His areas of expertise include sciatica, radiculopathy (nerve root disorder), and migraine. His average patient rating is 3.5 stars out of 5. Dr. Motiwala accepts Blue Cross/Blue Shield, Empire BlueCross BlueShield, and Viant, in addition to other insurance carriers. For his residency, Dr. Motiwala trained at a hospital affiliated with the University of Medicine and Dentistry of New Jersey (UMDNJ). He has received the following distinctions: New York Super Doctors; Lewis P. Rowland Teaching Award Residents, Dept. of Neurology; and Columbia University Medical Center Teaching excellence. Dr. Motiwala is affiliated with Mount Sinai Hospital. He has an open panel."
p242,Suicide Prevention Coordinator (Clinical Psychologist),"Summary This position serves as a Clinical Psychologist who will be considered the Suicide Prevention Coordinator for the Pine Ridge Service Unit in Pine Ridge, SD. The incumbent will develop, implement, monitor and evaluate suicide prevention activities through collaboration with tribal government, federal government and other community programs. The position reports to the Behavioral Health Director. Learn more about this agency Duties Coordinate and facilitate the development, implementation and evaluation of a Suicide Prevention Program. Provides clinical services including suicide risk assessments and screenings, emergency and crisis intervention. Monitor and evaluate suicide data for investigation, reports and quality assurance performance improvement projects/programs. Coordinate care for suicidal risk patients and collaborates with partner facilities and agencies to improve the coordination of care. Engage with tribal and community partners, schools, agencies and other service providers to meet patient needs. Participates in strategic planning to draft and coordinate interagency agreements. Requirements Conditions of Employment Selectee may be subject to a probationary period U.S. Citizenship is required Selective Service Registration is required for males born after 12/31/1959 This is a designated position covered by Public Law 101-630, requiring contact or control over Indian children. Due to this requirement, the agency must ensure that persons hired for these positions have not been found guilty of or pleaded nolo contendere or guilty to certain crimes. Measles and Rubella immunization required for selectees born after 1957 and seasonal influenza immunization is required for all staff working in Indian Health Service health care facilities. COVID-19 vaccination is required for all selectees prior to entrance on duty. The selected individual is required to obtain and maintain medical staff clinical privileges, including any licensure requirements. If privileges are not obtained or maintained during employment, the employee will be subject to adverse actions, up to and including removal from Federal service. The position is subject to on-call hours or standby duty, rotating shifts and nights/weekends/holiday hours. Successfully pass the E-Verify employment verification check. To learn more about E-Verify, including your rights and responsibilities, visit www.dhs.gov/E-Verify/ . Background Investigation: If you are selected for this vacancy, you must undergo a pre-employment fingerprint check and background investigation. Fingerprint results and background investigation documentation must be cleared prior to hire. After you begin your employment, your continued employment is contingent upon the outcome of a complete background investigation as determined by the sensitivity level of your position. The investigation must find that you are suitable for Federal employment in your position. If you are found not suitable, you will be terminated after you begin work. If you make a false statement in any part of your application, you may not be hired; you may be fired after you begin work; or subject to possible criminal charges. You may be subject to a credit check as a part of the background investigation process. Qualifications To qualify for this position, your resume must state sufficient experience and/or education, to perform the duties of the specific position for which you are applying. Experience refers to paid and unpaid experience, including volunteer work done through National Service programs (e.g., Peace Corps, AmeriCorps) and other organizations (e.g., professional; philanthropic; religious; spiritual; community; social). You will receive credit for all qualifying experience, including volunteer and part time experience. You must clearly identify the duties and responsibilities in each position held and the total number of hours per week. Basic Requirement(s) Degree: Doctoral degree directly related to full professional work in Clinical Psychology is required. In addition to the Basic Requirements, you must also meet the Minimum Qualifications stated below. Minimum Qualifications GS-13: Your resume must demonstrate at least one (1) year of specialized experience equivalent to the GS-12 in the Federal service obtained in either the private or public sector performing the following type of work and/or tasks: Plans, coordinates and evaluates a comprehensive suicide prevention program plan for a wide range and all phases of services, including preventative, institutional, outreach, rehabilitative, and community based services; plans programs and coordinates mental health care services in support of department goals; monitors compliance and identify area of need for improved efficiency, effectiveness and qualify of mental health services; makes recommendation for allocation of resources for provision of services for behavioral health issues; conducting quality assurance program for mental health care services. Selective Placement Factor Active, current, unrestricted state license as a Clinical Psychologist. You must meet all qualification requirements within 30 days of the cut-off date to be considered. Education This position has an education requirement. You are strongly encouraged to submit a copy of your transcripts or a list of your courses including titles, credit hours completed, and grades. Unofficial transcripts will be accepted in the application package. Official transcripts will be required from all selectees prior to receiving an official offer. Only attendance and/or degrees from schools accredited by accrediting institutions recognized by the U.S. Department of Education may be credited. Applicants can verify accreditation at the following website: https://www.ed.gov/accreditation . If you are using foreign education to meet qualification requirements, you must send a Certificate of Foreign Equivalency with your transcript in order to receive credit for that education. For further information, visit https://sites.ed.gov/international/recognition-of-foreign-qualifications/ . Additional Information Per IHS policy (SGM 21-04) IHS selectees to positions located in Federally operated hospitals, health centers, and clinics must be fully vaccinated for COVID-19 before entry on duty or have IHS approve a medical or religious exemption. If an exemption is approved then wearing a face mask and regular testing for COVID-19 will be required. Your Human Resources Specialist will provide a list of documents acceptable as vaccination proof and instructions on how to submit your vaccination documentation or how to request a medical or religious exemption, if needed. This position is eligible for workplace flexibilities which may include remote work or telework options, and/or flexible work scheduling. These flexibilities may be requested in accordance with the HHS Workplace Flexibilities policy. https://www.hhs.gov/about/agencies/asa/ohr/hr-library/990-1/index.html . Additional selection(s) of candidates may be possible within 240 days from the date the certificate of eligibles was issued for this announcement. Federal Employees earn annual leave at a rate (4, 6 or 8 hours per pay period) which is based on the number of years they have served as a Federal employee. IHS may offer newly-appointed Federal employees credit for their directly related previous non-federal experience or active duty uniformed military service. This credited service can be used in determining the rate at which they earn annual leave. This position is covered by a Bargaining Unit. Recruitment or relocation incentives may be authorized. At least a 6 month service agreement will be required. The Indian Health Service (IHS), National Health Service Corps (NHSC), And The Health Resources And Services Administration (HRSA) Have Student Loan Repayment Programs For Qualifying Health Disciplines. This Is a Competitive Process Separate From The Hiring Process. Opportunities For LRP Are Based On Agency Hiring Priorities And Availability Of Funds. For Additional Information Please Visit For IHS - https://www.ihs.gov/loanrepayment/ For NHSC - https://nhsc.hrsa.gov/loanrepayment/ For HRSA Nurse Corps - https://bhw.hrsa.gov/loansscholarships/nursecorps Read more Help A career with the U.S. government provides employees with a comprehensive benefits package. As a federal employee, you and your family will have access to a range of benefits that are designed to make your federal career very rewarding. Opens in a new window Learn more about federal benefits . Eligibility for benefits depends on the type of position you hold and whether your position is full-time, part-time or intermittent. Contact the hiring agency for more information on the specific benefits offered. How You Will Be Evaluated You will be evaluated for this job based on how well you meet the qualifications above. If you meet the minimum qualifications requirements for this position, your application will be evaluated and rated under Category Rating selection procedures. Once the application process is complete, a review of your qualifications will be conducted to determine if you are qualified for this job. Qualified candidates will be assigned to a quality category. The quality categories are: Best Qualified, Well Qualified, or Qualified. Within each of these categories, applicants eligible for veteran's preference will receive selection priority over non-preference eligibles. Please note that if, after reviewing your resume and or supporting documentation, a determination is made that you have inflated your qualifications and or experience, your category rating can and will be adjusted to more accurately reflect your abilities, or you may lose consideration for this position. Please follow all instructions carefully. Errors or omissions may affect your eligibility. To determine if you are qualified for this position, a review of your resume and supporting documentation will be made and compared against the qualifications as defined in the qualifications section of this vacancy announcement and your responses to the assessment questions. You will be rated based on the information provided in your resume (your resume must state specific duties that relate to this position) and your responses to the assessment questions will be evaluated against the duties you provided in your resume, along with your submitted documentation to determine your ability to demonstrate the following. Community Outreach Program ManagementCustomer Service (Clerical/Technical)Interpersonal SkillsTechnical CompetenceTherapy and CounselingWritten Communication The following links below provide information on how you may be eligible for various hiring authorities. If you are a Veteran, qualified CTAP and ICTAP eligible, or an individual with a disability, please refer to the following links below for additional guidance. CTAP and ICTAP candidates will be eligible for selection priority if it is determined that they have exceeded the minimum qualifications for the position by attaining at least a ""well qualified"" rating of 85 out of 100. Information about CTAP and ICTAP eligibility is on the Office of Personnel Management's Workforce Restructuring Career Transition website at: https://www.opm.gov/policy-data-oversight/workforce-restructuring/employee-guide-to-career-transition/ . CTAP/ICTAP documentation requirements are listed in the ""Required Documents"" section of this announcement. Veterans, i.e. (VEOA, VRA, and 30% or more disabled) - https://www.opm.gov/policy-data-oversight/veterans-services/vet-guide-for-hr-professionals/ Career Transition Assistance Program (CTAP) - http://www.ihs.gov/jobs/support-documents/ Interagency Transition Assistance Program (ICTAP) - https://www.opm.gov/policy-data-oversight/workforce-restructuring/employee-guide-to-career-transition/ Schedule A Appointments for the Disabled - https://www.opm.gov/policy-data-oversight/disability-employment/hiring/ Click here to view vacancy questions: https://apply.usastaffing.gov/ViewQuestionnaire/12391031 . All documents above MUST be received by 11:59 pm (Eastern Standard Time) of the cut-off date to be considered.","She graduated with honors in 2010. Having more than 6 years of diverse experiences, especially in NURSE PRACTITIONER, Carla M Duff affiliates with no hospital, and cooperates with other doctors and specialists in medical group University Medical Service Association Inc. Call Carla M Duff on phone number (727) 767-4150 for more information and advises or to book an appointment."
p243,"Assistant/Associate Professor of Anesthesiology near Miami, Florida","The Department of Anesthesiology, Perioperative Medicine, and Pain Management at the University of Miami Miller School of Medicine (UMMSOM) is experiencing a period of expansion and is seeking exceptional candidates for our new Sole Mia location opening Fall 2025. Essential Job Functions:Comfortable performing various cases, including orthopedics, GYN, community OB, abdominal, and general vascular cases. NOT required to perform cardiac cases or treat small children (under 2)Limited skills in regional and the ability to anesthetize older children are helpfulComfortable supervising trainees and CRNAsComfortable performing cases on their own, if requiredCall is expected to be 3-4 overnight calls per month (in some situations, call will be from home)Limited need for evening and weekend calls Desired Qualifications:Candidates for this position should have completed a US-approved residency in Anesthesiology or have obtained equivalent training and certificationBoard Eligibility or Certification in Anesthesiology is required for this position. (Equivalence to board certification can be determined on a case-by-case basis) Highlights:No state income taxTuition remissionSign-on bonusOnly academic center in South Florida The University of Miami is considered a top-tier institution of higher education in the U.S. for its academic excellence, superior medical care, and cutting-edge research. We are one of the largest private employers in Miami-Dade County, home to more than 16,000 faculty and staff worldwide.","He has always had a love for the outdoors, which included hunting and fishing. But today he only enjoys capturing everything that nature has to offer through his camera lens. He specializes in nature and wildlife although waterfowl is what truly catches his eye. He has had his work published in magazines, newspapers, calendars and advertising brochures."
p244,LICENSED PRACTICAL NURSE - GOLDEN YEARS NURSING HOME,"Liberty Cares With Compassion ****$10,000 Sign on Bonus!**** At Liberty Healthcare and Rehabilitation Services, we promote a challenging, but rewarding opportunity in a caring environment. We are currently seeking an experienced: LICENSED PRACTICAL NURSE (LPN) Full Time, Evenings Join us for an On-Site Job Fair April 4th, from 1pm-3pm! Job Description: Assists in direction of nursing services for unit/hall, in accordance with the Nursing Practice Act, and under the supervision of a Registered Nurse. Delegates duties to professional nurses and non-professional nursing personnel and monitoring work performance under the supervision of a Registered Nurse. Observes patients for symptoms and/or reactions, including general physical and/or mental condition for signs, which may be indicative of adverse change. Assists with notifying attending physician of emergencies and death of patients in the unit. Implement changes in orders as instructed or ordered by physicians. Performs other duties as assigned. Job Requirements: High school graduate. Licensed Practical Nurse, graduated from an accredited School of Nursing. Current, valid license from the North Carolina Board of Nursing and submit proof of license renewal every other year. Willing to work as charge nurses, and work as needed during emergencies to assure adequate coverage. Ability to provide quality nursing care to patients, follow doctors’ orders, and have a genuine interest in geriatric nursing. CPR certified yearly. Attend in-service training and other staff meetings as required. Visit www.libertyhealthcareandrehab.com for more information. Background checks/drug-free workplace. EOE. #PM23 PI239309748",She also has several years in hemodialysis hospital acute care and managed hemodialysis home program. Jodi has actively provided hemodialysis care treatments and implementations to in both chronic and acute settings. She is responsible for the oversight and integration of clinical unit heath team and patients care.
p245,Nutritionist 2- Chatham,"Description Responsible for providing certifications, nutrition education, and food package changes to clients in person, over the phone, and virtually. Serves as a resource on nutrition and dietetics to nurses, health educators or other health care providers in the facility. Recommends nutritional care plans and documents plan and progress in records. Full time position-M-F work schedule-13 paid holidays and excellent benefit package All Coastal Health District, County Health Department employees are deemed essential employees in the event of an emergency. As such, you may be called on to participate in an event not limited to but including, staffing a shelter, a Specimen Point of Collection Site (SPOC) and/or Point of Dispensing site (POD). When you are called on to participate, you are expected and it will be a part of your job requirement to participate, whether the emergency occurs during or outside regular work hours. Job Responsibilities Advises clients and their families on nutritional principles, dietary plans and diet modifications, and food selection and preparation Assesses nutritional needs, diet restrictions and current health plans to develop and implement dietary-care plans and provide nutritional counseling Consults with physicians and health care personnel to determine nutritional needs and diet restrictions of client Counsels individuals and groups on basic rules of good nutrition, healthy eating habits, and nutrition monitoring to improve their quality of life Develops curriculum and prepares manuals, visual aids, course outlines, and other materials used in teaching Develops policies for food service or nutritional programs to assist in health promotion and disease control Plans, develops, implements and evaluates strategies for promoting and supporting breastfeeding Creates and maintains a high performance environment characterized by positive leadership and a strong team orientation. (Performed by some incumbents) Maintains responsibility for personal/professional continuing education to enable application of current professional practice (Performed by all incumbents) Minimum Qualifications Bachelor's degree in dietetics, human nutrition, foods and nutrition, nutrition education, food systems management or a closely related field from an accredited college or university AND Verification statement of completion of a didactic program accredited by The Academy of Nutrition & Dietetics AND Two years of experience providing nutrition care to groups and individuals. Preferred Qualifications Previous experience with GA WIC program. Knowledge of the current government dietary guidelines. 3 or more years experience in conducting nutrition education sessions and nutrition counseling. Licensed Dietician Additional Information For more information on the State of Georgia Benefits visit http://team.georgia.gov/ Benefits for Full Time Eligible Employees 13 Paid Holidays Generous Leave Package Employees Retirement System Health Insurance Dental Insurance Vision Insurance Health Care Spending Account Dependent Care Spending Account Life Insurance AD&D Insurance Disability Insurance Legal Insurance Long-Term Care Insurance Specified Illness Deferred Compensation (401K & 457 Plans) Additional Perks A supportive and rewarding work environment Physical Activity Breaks Employee Assistance Program To learn more about the Coastal Health District visit - https://coastalhealthdistrict.org Due to the volume of applications received, we are unable to provide information on application status by phone or email. All qualified applicants will be considered but may not necessarily receive an interview. Selected applicants will be contacted via email by the hiring agency for next steps in the selection process. Applicants who are not selected will not receive notification. This position is subject to close at any time once a satisfactory applicant pool has been identified. *Coastal Health District is an Equal Opportunity Employer* The State will not unlawfully consider an applicant's race, color, national origin, religion, age, disability, sex, genetic information, political affiliation, protected uniformed service, or other legally protected category when making selections. If you require accommodations under the American Disability Act (ADA), notify this agency of your request by the closing date of this announcement. Applicants chosen for employment will be subject to the following Criminal Background Check/Fingerprinting Reference Checks & Immunizations Required May be subject to pre-employment drug screen","She has had extensive experience serving in Children’s Ministry for almost 40 years and was a CE director for more than 20 years, both in Brockton and at the Attleboro Foursquare Church."
p246,Dentist,"Description: Join a professional team at the Ute Mountain Indian Health Service Unit. Locum long term assignment. https://www.ihs.gov/albuquerque/healthcarefacilities/utemountainute/ Dentist: • Provide oral health service to the designated population in accordance with IHS policies and professional standards. • Provide diagnostic and preventive oral health services to patients by applying topical fluorides per best practices. • Studies results of examination and determines types of services required and develops a treatment plan for the patient. • Perform endodontic, prosthodontic, operative, periodontal, pedodontics, and oral surgery. • Administers local anesthesia. • Inform the patients about good dental health practices and participate in educational programs for the improvement of health conditions among service population. • Consult on a regular basis and as requested by the clinical director about patients' medical condition and progress. • Participate in the Southern Colorado Ute Service Unit's (SCUSU) continuous performance improvement activities as they relate to the scope of work. • Document findings in the electronic dental record (EDR) at the end of patient encounter according to SCUSU policy and procedures, AAAHC standards, and CMS regulations. • Maintain unrestricted Dental licensure in the region or state of practice. • Maintain credentialing and privileges at SCUSU. Dental Clinic service hours are 7:00 am to 3:30 pm, Monday, Wednesday, Thursday and Friday. Service hours are also 7:00am to 12:00pm on Tuesdays. PM21 Requirements: Must be a graduate of an accredited dental school and possess a D.D.S. or D.M.D. degree. Contractor must be a graduate of an accredited residency program in general dentistry. Must possess and maintain a current, active, full, and unrestricted license or registration to practice General Dentistry from a State, the District of Columbia, the Commonwealth of Puerto Rico, or a territory of the United States. Must be certified by the American Board of General Dentistry. Contractor must be credentialed and privileged to provide general dental services through the Southern Colorado Ute IHS Dental Clinic. Maintain credentialing and privileges at SCUSU. Have a valid driver's license Must be willing and able to pass federal security clearance PI239286337","Prior to his position with the City of Roseville, Dennis served the City of Sacramento’s Finance Department for over 16 years as Finance Operations Manager and Accounting Manager. Prior to joining the City of Sacramento, Dennis worked for a local CPA firm for five years specializing in audits of school districts and other local governments. Dennis holds a Bachelor’s degree in Business Administration, with concentrations in Accounting and Finance, and a Master’s degree in Public Policy and Administration from California State University, Sacramento. In addition to his CPA license, Dennis has earned recognition from GFOA as a Certified Public Finance Officer and from the Association of Government Accountants as a Certified Government Finance Manager. Dennis is active on committees for the GFOA, the California Society of Municipal Finance Officers, and the League of California Cities."
p247,Photographer,"Our client, a local New England retailer, is looking for a freelance Photographer to join their team for the next three months, starting ASAP! You'll work 3 days per week from their in house studio in Taunton, MA, for approx. 24 hours per week. Responsibilities for the Photography role include capturing high-quality product photos for their e-commerce division, using a Nikon camera. You will be working alongside a Digital Technician at the studio; no photo retouching or editing is required for this role. The ideal Photographer will have: - Previous experience working in a studio environment- Experience with furniture photography is a bonus, but not required - Ability to periodically move furniture on set with the help of the Digital Technician- Ability to consistently work three days per week onsite - Ability to work efficiently in a fast-paced environment","She is most interested in avian behavior and ecology in managed ecosystems. Alongside her research team, she combines theoretical and applied approaches to the study of the behavior and ecology of birds and the roles of birds in ecological functions and ecosystem services. She is particularly interested in how to make managed landscapes more hospitable for species that contribute significant ecosystem services."
p248,Staff Accountant,"Staff Accountant (39148)Our client is an organization in the Madison area looking for a Staff Accountant on a permanent basis. Our client is looking for someone with related experience, who is detail-oriented, and has strong communication skills. This company offers a family feel environment work with great work-life balance and flexibility. This position offers one day of remote work. The salary range for this position is $55,000-67,000 dependent on experience. The Staff Accountant will be responsible for, but not limited to, the following: RESPONSIBILITIESAccurately create and post general ledger entries in a timely manner.Complete account reconciliations on assigned accounts.Research the General Ledger for errors or omissions as needed.Identify and problem solve issues that may arise in day-to-day operations.Generate suggestions for improving processes and workflows.Maintain fixed assets.Accurately complete monthly and quarterly vendor program compliance reporting.Communicate effectively with outside vendors.Accumulate and assemble required data and file sales and property tax returns.Assist with cash balances and address any account issues that may arise.Create and publish ad hoc reporting as needed.Ensure adequate level of internal controls over financial reporting.Assist in month-end and year-end closing processes. The Staff Accountant will possess the following: EXPERIENCE REQUIREDAssociates or Bachelor's degree strongly preferred. At least 3+ years of related experience required.Comfortable with Microsoft Excel. Strong attention to detail.Excellent organizational skills.Excellent written and verbal communication skills Equal Opportunity Employer","She founded her New Vision CPA Group out of the frustration of working at an ""old school"" firm. Her ""why"" is to change the culture of traditional CPA practices. Jody has written two books to help accountants create a better experience for their customers and employees. Her first book is The Radical CPA, and the second is From Success to Significance. Email: jody@newvisioncpagroup.com Twitter: @jodypadarcpa 10-Minute … [Read more...]"
p249,Personal Trainer,"HealthFitness, a Trustmark company, is a proven leader in providing fitness solutions that engage and connect people both on-site and online, to create a strong community of health. Our work focuses on creating meaningful connections with each of our participants to help them move forward. We foster each individual’s journey by creating communities of health within the organizations we serve – so that everyone is supported. As an employee of HealthFitness you will enjoy a variety of health and financial benefits and receive competitive pay. We provide personal and professional support, training and development and flexible employment opportunities. Personal Trainer- Cincinnati, OH Our Personal Trainers are true professionals. Their sole responsibility is to design customized workout programs and train our members based on their needs. You will be responsible for conducting fitness testing and assessments, advising participants of results, providing one-on-one, buddy and group personal training to members participating in the program, and educating them about the fundamentals of strength and cardiovascular training, as well as the proper and safe use of applicable equipment. Schedule: Full-time, 40hpw, hours will vary What's Needed Current Personal Training certification from an industry recognized and HealthFitness approved provider and ideally 1+ year of personal training experience.Current Adult First Aid & CPR/AED certifications from American Heart Association, American Red Cross or American Safety & Health Institute required within 30 days of hire.Computer proficiency in MS Office including at minimum Word, Excel, and Outlook.Ability to navigate electronic onboarding and timecard systems required. Brand: HealthFitness Come join HealthFitness! Join a team that will not only utilize your current skills but will enhance them as well. We offer a comprehensive benefit package that includes Medical/Dental/Vision plans including HSA, PPO and FSA options, retirement/401(k) with employer matching program, fitness and wellness programs incentivized with medical plan discounts, certification reimbursement program, tuition reimbursement, paid new parent leave, paid Holidays and PTO (starting at 3 weeks for full-time associates), volunteer paid time off and much more. HealthFitness is committed to leveraging the talent of a diverse workforce to create great opportunities for our people and our business. EOE/AA. Race/Color/Gender/Sexual Orientation/Gender Identity/Religion/National Origin/Age/Disability/Veteran For the fourth consecutive year we were selected as a Top Workplace by the Chicago Tribune. The award is based exclusively on Trustmark associate responses to an anonymous survey. The survey measured 15 key drivers of engaged cultures that are critical to the success of an organization.","Her peppy and warm disposition allows her to connect with individuals of all ages. She is particularly enthusiastic about working with young girls to help form healthy habits that will allow them to transition into adolescence and adulthood with their best foot forward. Currently, Anna is a clinical dietitian for a sub-acute and skilled nursing unit in Queens, NY. She is also the founder and host of a health and wellness radio show, HealthFluential, set to go live in late 2014. Anna completed her dietetic internship through Long Island University, Post campus and is continuing to pursue her master’s degree in nutrition at Post."
